0,a01-030u-08-06
0,a05-058-04-02
0,a01-117u-09-02
0,a01-063u-01-00
0,a05-053-05-06
0,a03-073-03-04
0,a05-080-08-01
0,a01-053u-06-04
0,a05-025-07-03
0,a05-029-02-02
0,a05-048-10-01
0,a01-049x-01-02
0,a01-068u-00-02
0,a05-073-04-05
0,a01-049x-10-02
0,a05-099-01-07
0,a01-000u-02-02
0,a03-073-02-02
0,a01-087u-07-03
0,a05-073-01-05
0,a03-089-00-01
0,a01-026u-07-01
0,a05-025-08-01
0,a05-116-01-01
0,a01-003u-01-04
0,a05-104-08-06
0,a01-003u-10-03
0,a05-089-10-01
0,a01-102u-01-06
0,a05-121-03-07
0,a05-053-09-04
0,a01-132x-07-02
0,a05-084-02-03
0,a01-043u-03-05
0,a05-025-00-04
0,a01-091u-03-02
0,a01-003u-06-03
0,a05-089-03-00
0,a05-113-05-05
0,a05-099-07-01
0,a03-089-02-01
0,a03-080-00-02
0,a01-122u-00-01
0,a01-049x-01-01
0,a05-053-02-06
0,a01-082u-09-01
0,a03-071-00-08
0,a01-043u-05-01
0,a05-080-08-04
0,a05-104-02-04
0,a01-122u-01-05
0,a05-113-01-00
0,a01-091u-02-05
0,a05-000-02-04
0,a01-063u-07-05
0,a05-084-01-00
0,a01-122u-04-05
0,a05-099-08-03
0,a01-122u-03-04
0,a01-113u-08-05
0,a01-049u-07-07
0,a05-053-03-05
0,a01-020u-00-01
0,a01-072u-04-07
0,a03-071-01-06
0,a03-071-05-02
0,a01-072u-01-04
0,a05-084-09-00
0,a05-048-05-00
0,a01-122u-10-02
0,a05-039-03-04
0,a01-043u-06-06
0,a01-063u-05-03
0,a01-096u-05-01
0,a01-096u-02-05
0,a01-049x-04-01
0,a01-020u-01-01
0,a01-049u-01-05
0,a05-022-00-01
0,a03-073-08-08
0,a01-132u-03-04
0,a01-117u-10-06
0,a05-048-03-05
0,a05-104-00-01
0,a01-113u-06-02
0,a01-117u-10-08
0,a05-013-08-01
0,a05-039-08-00
0,a05-058-05-02
0,a01-077u-04-02
0,a01-049x-06-08
0,a05-089-04-02
0,a05-017-02-02
0,a01-096u-08-05
0,a05-048-05-07
0,a01-113u-01-03
0,a05-113-04-01
0,a05-104-05-09
0,a01-049x-09-02
0,a01-087u-03-03
0,a05-089-02-00
0,a01-003u-01-02
0,a05-108-00-01
0,a01-132u-09-03
0,a05-022-00-02
0,a03-071-03-05
0,a05-048-01-05
0,a05-048-07-03
0,a01-014u-05-00
0,a05-017-09-06
0,a01-043u-02-05
0,a01-113u-07-07
0,a01-020u-02-05
0,a01-049u-02-02
0,a05-125-02-00
0,a01-026u-00-07
0,a05-044-06-05
0,a01-003u-05-01
0,a05-094-05-06
0,a05-069-02-03
0,a05-017-06-06
0,a01-020u-01-04
0,a05-116-03-01
0,a05-048-03-01
0,a01-113u-04-02
0,a05-044-01-07
0,a01-026u-03-02
0,a05-094-06-01
0,a03-080-03-00
0,a01-026u-07-00
0,a01-049x-04-00
0,a01-049u-10-02
0,a01-117u-05-05
0,a01-082u-08-04
0,a05-025-01-03
0,a05-069-00-05
0,a05-084-00-07
0,a01-132u-07-01
0,a01-091u-05-00
0,a01-043u-03-02
0,a05-104-07-04
0,a01-091u-00-05
0,a01-128u-10-02
0,a01-049u-00-02
0,a05-053-00-07
0,a01-107u-07-02
0,a05-058-04-00
0,a01-132u-05-06
0,a03-071-00-01
0,a05-113-09-00
0,a01-011u-04-01
0,a01-043u-04-06
0,a01-087u-05-04
0,a05-104-05-02
0,a05-108-01-01
0,a01-096u-07-00
0,a01-072u-08-01
0,a01-030u-03-03
0,a03-050-03-04
0,a01-063u-07-03
0,a01-011u-05-05
0,a01-020u-08-05
0,a01-068u-05-04
0,a01-082u-05-01
0,a01-053u-01-04
0,a01-043u-06-00
0,a01-068u-00-00
0,a05-017-00-02
0,a05-053-04-09
0,a05-053-06-04
0,a05-080-07-06
0,a01-113u-03-06
0,a01-122u-05-03
0,a01-068u-07-06
0,a05-099-02-11
0,a03-073-03-06
0,a05-099-02-06
0,a01-122u-07-03
0,a01-122u-03-07
0,a01-107u-05-07
0,a01-007u-06-02
0,a03-080-01-07
0,a05-000-05-01
0,a05-044-00-00
0,a01-043u-01-04
0,a01-049u-05-04
0,a01-043u-06-09
0,a01-132u-05-04
0,a01-072u-08-03
0,a01-068u-05-03
0,a05-125-05-04
0,a05-113-07-01
0,a03-073-00-08
0,a05-108-05-00
0,a01-049x-05-02
0,a03-073-10-01
0,a01-000u-06-04
0,a01-096u-08-00
0,a01-132u-09-02
0,a05-000-02-03
0,a03-050-02-08
0,a05-104-07-03
0,a01-077u-08-03
0,a05-099-06-02
0,a03-071-02-04
0,a01-007u-03-07
0,a03-073-02-05
0,a01-096u-05-02
0,a03-073-06-07
0,a05-121-05-05
0,a01-096u-10-01
0,a01-026u-07-03
0,a01-128u-10-01
0,a01-128u-01-07
0,a05-116-06-04
0,a05-053-09-01
0,a05-108-01-07
0,a01-107u-02-06
0,a05-089-10-06
0,a03-080-01-01
0,a01-132u-04-01
0,a01-000u-06-03
0,a01-011u-02-00
0,a01-122u-10-01
0,a05-048-07-05
0,a05-125-04-04
0,a01-117u-02-04
0,a05-080-00-04
0,a01-014u-01-00
0,a03-071-02-02
0,a03-080-06-01
0,a01-026u-09-04
0,a05-094-01-01
0,a05-017-06-00
0,a01-072u-04-00
0,a05-048-07-00
0,a01-011u-03-02
0,a05-048-02-06
0,a03-071-07-06
0,a01-096u-04-01
0,a05-069-01-04
0,a01-102u-02-05
0,a01-068u-05-07
0,a01-107u-07-01
0,a01-132u-08-00
0,a05-025-01-05
0,a05-022-05-00
0,a01-030u-07-02
0,a05-094-08-07
0,a01-014u-03-02
0,a01-058u-04-05
0,a05-121-02-02
0,a01-082u-07-03
0,a05-084-03-03
0,a01-026u-09-06
0,a01-117u-04-02
0,a01-107u-04-04
0,a01-030u-00-05
0,a01-049u-05-05
0,a01-000u-06-02
0,a05-084-00-04
0,a05-099-00-05
0,a05-073-09-00
0,a01-128u-01-03
0,a05-094-06-02
0,a01-011u-07-03
0,a01-053u-07-03
0,a01-049u-10-00
0,a05-013-07-04
0,a05-113-07-06
0,a01-132x-03-04
0,a05-013-02-02
0,a01-063u-08-07
0,a03-071-02-01
0,a01-053u-04-04
0,a01-068u-06-01
0,a01-091u-02-03
0,a03-050-02-01
0,a01-058u-02-04
0,a01-026u-05-03
0,a05-053-02-00
0,a01-000u-04-02
0,a05-017-08-02
0,a01-030u-08-08
0,a01-102u-02-06
0,a05-084-04-02
0,a05-089-03-03
0,a05-013-07-00
0,a05-013-05-03
0,a03-073-00-07
0,a01-053u-08-00
0,a05-094-00-04
0,a01-072u-06-06
0,a01-011u-02-03
0,a01-049u-00-05
0,a01-096u-07-03
0,a01-096u-09-05
0,a05-017-02-05
0,a01-117u-10-04
0,a01-020u-07-02
0,a05-125-02-04
0,a05-108-06-01
0,a01-049u-01-00
0,a01-053u-02-06
0,a01-113u-01-01
0,a01-011u-04-03
0,a01-043u-06-07
0,a05-073-09-03
0,a01-077u-04-04
0,a01-014u-00-04
0,a05-029-02-01
0,a03-050-07-01
0,a01-082u-00-05
0,a05-022-04-04
0,a05-104-02-00
0,a01-122u-03-06
0,a01-007u-04-04
0,a05-113-06-00
0,a01-030u-07-04
0,a01-058u-02-01
0,a01-087u-03-00
0,a03-073-09-03
0,a05-039-02-07
0,a05-069-09-04
0,a05-017-09-01
0,a01-091u-02-00
0,a01-011u-02-07
0,a05-073-02-05
0,a01-020u-00-02
0,a05-013-01-00
0,a01-020u-06-02
0,a05-044-03-04
0,a01-117u-10-07
0,a05-058-03-05
0,a01-132x-00-01
0,a01-020u-06-04
0,a05-039-07-01
0,a01-128u-00-01
0,a01-068u-09-00
0,a01-011u-02-04
0,a01-072u-05-00
0,a01-087u-01-02
0,a01-068u-02-03
0,a01-049x-03-00
0,a05-089-06-01
0,a01-063u-03-04
0,a05-025-06-04
0,a05-080-00-01
0,a01-096u-06-00
0,a01-049u-07-04
0,a05-053-08-06
0,a01-020u-03-06
0,a05-048-01-04
0,a05-094-04-07
0,a05-048-00-02
0,a01-122u-00-06
0,a01-026u-10-04
0,a05-053-10-04
0,a05-017-08-05
0,a01-117u-02-09
0,a01-011u-01-02
0,a05-062-02-08
0,a01-014u-01-04
0,a05-000-00-00
0,a01-091u-01-03
0,a05-000-03-02
0,a05-044-00-06
0,a01-053u-04-01
0,a01-102u-05-05
0,a01-058u-06-06
0,a05-058-06-06
0,a05-073-06-03
0,a05-073-09-05
0,a01-117u-08-01
0,a01-068u-02-01
0,a05-022-05-06
0,a01-087u-04-04
0,a01-077u-06-06
0,a01-096u-07-05
0,a01-049u-02-00
0,a01-117u-00-07
0,a05-022-02-03
0,a05-099-03-02
0,a05-062-02-03
0,a01-096u-02-02
0,a05-116-04-08
0,a01-122u-02-01
0,a05-080-06-03
0,a05-084-02-00
0,a01-102u-06-04
0,a05-069-01-02
0,a03-080-07-01
0,a01-043u-04-02
0,a01-132x-01-04
0,a01-091u-06-00
0,a05-025-03-03
0,a05-108-01-05
0,a05-084-00-03
0,a01-030u-05-05
0,a01-122u-00-03
0,a05-069-08-04
0,a01-011u-05-02
0,a05-022-02-05
0,a05-029-02-03
0,a01-072u-05-04
0,a03-050-05-02
0,a01-011u-08-06
0,a05-073-04-08
0,a01-096u-02-06
0,a01-113u-05-08
0,a01-132x-08-02
0,a05-099-01-02
0,a05-017-10-00
0,a01-128u-02-05
0,a01-053u-06-05
0,a05-089-03-01
0,a05-116-00-00
0,a05-073-00-03
0,a05-044-03-02
0,a05-048-01-02
0,a05-084-02-01
0,a01-030u-00-02
0,a01-068u-04-01
0,a03-071-05-03
0,a05-108-01-02
0,a03-071-05-00
0,a01-058u-04-02
0,a01-096u-05-00
0,a05-080-03-06
0,a01-063u-05-08
0,a05-025-03-08
0,a01-113u-02-03
0,a01-049u-09-04
0,a01-007u-05-06
0,a01-091u-03-01
0,a01-096u-08-03
0,a05-108-05-02
0,a01-087u-00-00
0,a03-050-03-05
0,a05-099-05-01
0,a05-108-01-04
0,a01-122u-01-01
0,a05-044-08-03
0,a05-000-00-01
0,a01-063u-09-00
0,a01-132u-03-00
0,a05-029-01-08
0,a01-053u-05-01
0,a05-099-01-06
0,a01-132u-04-00
0,a05-053-00-04
0,a05-125-01-03
0,a01-026u-01-00
0,a03-071-05-01
0,a03-073-04-03
0,a01-122u-09-05
0,a05-022-07-03
0,a05-017-08-00
0,a05-121-04-00
0,a01-011u-06-00
0,a05-094-08-01
0,a05-089-05-03
0,a05-089-04-00
0,a05-039-07-04
0,a01-122u-04-03
0,a03-073-09-05
0,a05-121-03-00
0,a05-017-04-02
0,a01-026u-04-05
0,a01-122u-00-09
0,a01-011u-00-02
0,a01-053u-00-02
0,a01-049u-05-02
0,a05-025-03-02
0,a01-049x-01-03
0,a01-026u-10-02
0,a05-053-04-00
0,a01-000u-04-04
0,a01-058u-06-08
0,a01-026u-10-01
0,a03-073-04-00
0,a01-077u-05-00
0,a01-068u-03-06
0,a01-068u-01-01
0,a01-043u-02-02
0,a05-089-02-07
0,a01-122u-10-00
0,a03-089-02-05
0,a05-084-06-02
0,a05-044-04-00
0,a01-128u-09-02
0,a01-132u-00-04
0,a01-082u-04-00
0,a05-022-03-00
0,a05-000-05-03
0,a05-125-03-03
0,a05-084-01-02
0,a05-053-10-00
0,a05-121-09-01
0,a01-063u-04-06
0,a01-117u-03-02
0,a01-053u-01-03
0,a01-072u-06-07
0,a01-007u-04-01
0,a01-043u-09-01
0,a01-026u-05-02
0,a01-011u-02-05
0,a05-029-01-00
0,a05-039-10-02
0,a01-011u-04-04
0,a05-022-03-04
0,a05-069-02-06
0,a05-022-07-02
0,a01-043u-07-03
0,a05-053-05-05
0,a01-049x-03-04
0,a03-073-06-00
0,a01-026u-00-06
0,a01-058u-06-05
0,a05-084-06-00
0,a05-116-07-05
0,a05-116-06-08
0,a05-113-02-05
0,a01-107u-00-06
0,a03-071-06-02
0,a01-030u-08-01
0,a05-104-04-05
0,a05-099-01-03
0,a01-132u-02-00
0,a05-080-07-02
0,a01-113u-05-01
0,a01-049x-05-06
0,a01-003u-07-06
0,a01-091u-04-04
0,a05-121-06-02
0,a01-026u-10-06
0,a05-125-02-03
0,a01-043u-00-00
0,a05-099-02-03
0,a01-107u-03-06
0,a01-049u-03-03
0,a05-013-02-05
0,a05-069-10-00
0,a05-104-08-02
0,a01-122u-02-03
0,a01-026u-08-00
0,a01-107u-03-02
0,a01-117u-06-00
0,a01-068u-04-04
0,a05-099-04-03
0,a05-058-01-07
0,a05-104-09-01
0,a05-048-01-01
0,a05-029-00-04
0,a01-122u-06-02
0,a05-044-07-06
0,a01-000u-04-03
0,a01-117u-06-03
0,a01-011u-03-06
0,a01-043u-00-05
0,a05-116-02-05
0,a01-043u-02-06
0,a03-080-06-05
0,a01-030u-05-03
0,a05-029-04-06
0,a01-091u-01-07
0,a01-000u-04-01
0,a01-011u-09-06
0,a05-058-01-08
0,a05-058-08-00
0,a03-071-00-09
0,a05-044-10-00
0,a05-069-01-00
0,a03-073-03-01
0,a05-099-03-03
0,a03-080-01-04
0,a01-091u-09-02
0,a01-049x-02-01
0,a05-084-00-06
0,a05-017-04-03
0,a01-077u-01-06
0,a01-053u-03-05
0,a01-053u-06-06
0,a01-072u-00-04
0,a05-116-02-01
0,a05-058-06-05
0,a01-068u-01-05
0,a05-073-05-02
0,a01-082u-07-05
0,a01-113u-08-01
0,a01-030u-09-04
0,a03-071-01-01
0,a01-113u-08-00
0,a01-096u-04-02
0,a01-128u-01-01
0,a01-113u-08-03
0,a01-113u-06-01
0,a01-072u-06-08
0,a03-080-03-05
0,a01-117u-05-02
0,a05-062-06-09
0,a01-072u-03-00
0,a01-049u-03-02
0,a05-094-04-01
0,a05-000-00-05
0,a01-113u-04-00
0,a05-000-05-00
0,a03-050-04-05
0,a05-094-01-07
0,a01-087u-01-05
0,a05-089-01-06
0,a01-096u-10-00
0,a05-053-00-00
0,a03-080-05-05
0,a05-084-09-03
0,a01-020u-03-03
0,a05-089-02-01
0,a05-022-05-07
0,a05-058-00-02
0,a01-082u-09-04
0,a01-091u-06-05
0,a01-049u-07-00
0,a05-094-05-04
0,a01-077u-06-00
0,a01-003u-07-03
0,a05-048-00-06
0,a05-080-03-05
0,a05-080-07-05
0,a01-122u-04-02
0,a05-084-00-01
0,a05-113-07-03
0,a05-099-01-09
0,a01-117u-07-07
0,a05-039-06-00
0,a01-091u-07-02
0,a01-128u-00-04
0,a05-058-03-04
0,a01-096u-00-01
0,a01-072u-08-02
0,a01-132x-01-05
0,a01-011u-06-02
0,a05-069-02-01
0,a01-030u-09-01
0,a05-099-06-04
0,a05-022-01-03
0,a01-058u-01-00
0,a03-073-11-02
0,a05-044-03-01
0,a01-068u-01-00
0,a01-113u-01-05
0,a05-073-05-01
0,a05-099-04-04
0,a01-011u-04-07
0,a01-082u-08-03
0,a05-062-00-04
0,a01-049x-01-06
0,a05-125-04-01
0,a01-096u-04-05
0,a01-113u-04-03
0,a05-048-04-06
0,a01-020u-02-01
0,a05-039-07-03
0,a01-043u-07-07
0,a01-068u-03-05
0,a01-000u-02-06
0,a05-104-07-07
0,a01-049u-00-04
0,a05-017-02-01
0,a01-014u-04-04
0,a05-069-00-06
0,a01-091u-04-00
0,a01-030u-07-01
0,a01-117u-00-03
0,a05-017-02-03
0,a05-013-07-01
0,a01-102u-07-00
0,a05-062-05-05
0,a01-087u-08-05
0,a05-080-00-06
0,a05-022-00-04
0,a01-020u-03-02
0,a01-058u-03-02
0,a05-121-02-07
0,a01-122u-08-06
0,a01-077u-01-01
0,a05-113-09-01
0,a03-050-05-03
0,a01-096u-00-07
0,a01-049x-06-06
0,a05-121-04-03
0,a01-049u-05-03
0,a01-113u-10-00
0,a05-062-05-03
0,a05-053-05-01
0,a01-087u-05-00
0,a01-053u-05-05
0,a01-122u-05-01
0,a05-073-04-09
0,a05-084-08-01
0,a01-096u-08-01
0,a05-116-06-02
0,a03-050-05-01
0,a01-049u-10-05
0,a01-077u-07-01
0,a05-073-09-04
0,a05-000-03-00
0,a05-048-06-05
0,a01-117u-05-04
0,a05-025-03-06
0,a03-073-09-07
0,a01-014u-06-05
0,a01-003u-09-03
0,a05-084-01-01
0,a05-029-01-02
0,a01-087u-04-03
0,a05-104-06-07
0,a01-122u-08-02
0,a01-003u-09-06
0,a05-044-09-04
0,a01-049u-07-01
0,a05-069-07-03
0,a05-073-05-03
0,a01-122u-07-06
0,a05-039-08-02
0,a01-007u-01-06
0,a05-058-00-04
0,a05-013-01-03
0,a05-022-07-00
0,a05-084-05-05
0,a05-029-00-08
0,a05-053-06-06
0,a01-003u-06-02
0,a05-048-09-04
0,a05-104-00-04
0,a05-069-07-05
0,a05-121-01-03
0,a01-020u-05-01
0,a01-132x-04-01
0,a01-107u-04-07
0,a03-073-11-00
0,a01-122u-07-04
0,a01-072u-04-02
0,a01-091u-04-03
0,a01-049u-07-02
0,a05-022-02-02
0,a01-087u-05-03
0,a01-128u-02-00
0,a05-062-05-02
0,a01-007u-05-00
0,a05-029-04-02
0,a03-073-01-03
0,a01-113u-10-05
0,a05-113-00-08
0,a01-107u-07-07
0,a01-007u-07-06
0,a01-132x-04-02
0,a01-000u-01-01
0,a05-104-05-00
0,a03-080-07-00
0,a01-107u-06-02
0,a01-096u-04-07
0,a05-025-08-08
0,a05-113-06-02
0,a01-058u-00-03
0,a01-063u-09-03
0,a03-080-00-04
0,a01-132x-06-08
0,a01-030u-10-05
0,a01-014u-00-00
0,a01-128u-00-00
0,a01-007u-09-00
0,a01-082u-02-01
0,a05-069-00-02
0,a01-087u-07-05
0,a05-069-03-03
0,a05-113-05-01
0,a01-030u-10-00
0,a05-069-02-05
0,a03-073-09-08
0,a01-107u-07-06
0,a01-117u-05-06
0,a05-069-07-00
0,a01-082u-01-01
0,a01-058u-01-05
0,a01-058u-06-03
0,a01-122u-02-08
0,a01-077u-07-05
0,a05-125-03-02
0,a01-117u-01-05
0,a05-121-01-02
0,a01-049x-06-07
0,a01-058u-04-08
0,a05-084-08-06
0,a05-104-01-02
0,a01-049x-10-04
0,a01-091u-05-06
0,a01-020u-01-00
0,a01-102u-05-01
0,a03-050-06-01
0,a05-017-08-03
0,a01-007u-05-04
0,a01-063u-04-00
0,a05-048-10-10
0,a05-029-07-03
0,a05-022-04-01
0,a01-049u-04-00
0,a01-117u-02-00
0,a01-082u-02-04
0,a05-017-03-06
0,a05-044-03-00
0,a01-030u-06-03
0,a01-053u-03-02
0,a01-043u-05-06
0,a01-072u-07-03
0,a01-132u-09-01
0,a05-104-02-03
0,a05-048-10-04
0,a05-048-10-09
0,a05-069-02-04
0,a05-000-01-07
0,a01-030u-00-04
0,a01-072u-02-01
0,a01-063u-03-07
0,a03-073-05-02
0,a05-089-02-05
0,a05-058-03-07
0,a01-087u-00-02
0,a01-077u-01-05
0,a01-063u-08-06
0,a05-017-10-02
0,a05-125-06-01
0,a05-058-07-05
0,a05-013-05-04
0,a01-072u-04-04
0,a05-022-01-05
0,a01-102u-03-12
0,a01-117u-07-05
0,a05-121-02-04
0,a05-099-08-05
0,a05-017-01-05
0,a01-026u-10-07
0,a05-053-07-06
0,a01-128u-03-01
0,a01-072u-06-02
0,a05-062-00-00
0,a01-011u-00-04
0,a05-121-03-03
0,a01-102u-08-02
0,a01-082u-02-02
0,a05-089-03-05
0,a01-128u-01-05
0,a01-113u-08-04
0,a01-026u-09-03
0,a01-058u-06-04
0,a05-084-08-03
0,a05-116-02-04
0,a05-048-03-06
0,a01-091u-01-00
0,a01-030u-05-01
0,a03-071-01-00
0,a05-121-06-04
0,a01-113u-01-02
0,a01-026u-04-01
0,a01-077u-04-01
0,a01-122u-02-06
0,a03-080-05-01
0,a05-099-02-12
0,a05-062-06-01
0,a05-116-01-05
0,a05-029-05-03
0,a05-025-01-01
0,a01-026u-07-04
0,a05-104-05-01
0,a01-043u-02-01
0,a01-102u-01-03
0,a01-068u-00-06
0,a05-069-00-01
0,a01-003u-09-01
0,a05-125-05-05
0,a05-022-00-05
0,a03-080-03-03
0,a05-000-07-03
0,a05-104-07-05
0,a05-094-05-07
0,a01-068u-07-04
0,a01-053u-09-04
0,a05-022-02-04
0,a05-039-06-05
0,a01-020u-08-00
0,a05-039-05-00
0,a05-039-02-01
0,a01-043u-04-01
0,a01-087u-03-05
0,a05-121-05-00
0,a01-117u-00-05
0,a05-053-05-02
0,a01-030u-10-04
0,a01-087u-06-05
0,a05-094-03-00
0,a05-025-06-05
0,a05-113-01-03
0,a01-007u-06-01
0,a01-014u-06-00
0,a01-000u-01-04
0,a01-128u-00-03
0,a01-003u-04-06
0,a01-117u-09-03
0,a05-022-06-00
0,a05-044-06-06
0,a01-011u-06-05
0,a05-116-02-00
0,a01-113u-00-06
0,a01-020u-07-06
0,a05-053-10-05
0,a05-044-10-01
0,a05-099-08-02
0,a05-080-00-05
0,a05-094-09-02
0,a05-089-00-03
0,a05-069-10-01
0,a01-087u-02-06
0,a05-089-00-05
0,a03-050-05-05
0,a01-026u-10-05
0,a05-039-03-00
0,a03-071-03-06
0,a01-030u-04-04
0,a01-091u-01-02
0,a05-080-05-03
0,a05-080-07-00
0,a05-053-03-06
0,a01-132u-08-04
0,a01-113u-09-02
0,a01-091u-08-02
0,a05-029-04-00
0,a01-049u-03-06
0,a01-107u-00-03
0,a05-089-02-03
0,a01-026u-08-06
0,a05-073-00-04
0,a01-082u-08-00
0,a01-117u-02-05
0,a01-077u-04-00
0,a01-058u-04-07
0,a05-073-02-02
0,a05-039-02-03
0,a01-030u-03-06
0,a05-073-08-01
0,a01-096u-09-07
0,a05-013-01-04
0,a01-132u-01-00
0,a05-113-08-02
0,a01-096u-09-06
0,a05-116-03-02
0,a05-099-04-07
0,a05-125-00-05
0,a05-017-01-01
0,a05-084-05-04
0,a01-096u-00-04
0,a05-108-02-06
0,a01-087u-06-03
0,a05-084-07-01
0,a01-096u-05-07
0,a05-053-04-01
0,a01-049x-06-03
0,a01-132u-08-05
0,a01-014u-05-01
0,a01-007u-00-02
0,a01-043u-01-01
0,a03-073-01-05
0,a03-071-02-05
0,a05-044-09-01
0,a01-030u-04-06
0,a05-053-09-06
0,a01-003u-02-03
0,a05-058-03-00
0,a03-080-03-04
0,a05-058-07-03
0,a05-039-10-01
0,a01-132x-00-06
0,a01-128u-10-04
0,a01-091u-00-00
0,a05-113-04-02
0,a01-053u-06-01
0,a05-053-04-07
0,a05-084-03-00
0,a05-094-00-01
0,a05-069-05-07
0,a05-094-01-03
0,a01-096u-06-01
0,a01-122u-06-04
0,a01-132u-08-06
0,a01-128u-04-02
0,a05-029-01-04
0,a01-091u-05-04
0,a05-080-06-02
0,a03-050-07-05
0,a05-048-09-00
0,a05-094-00-06
0,a05-062-00-01
0,a01-058u-01-01
0,a03-080-09-04
0,a01-132u-02-07
0,a05-025-06-00
0,a03-071-07-01
0,a05-000-03-05
0,a05-017-03-04
0,a05-044-08-07
0,a05-022-01-04
0,a05-089-06-02
0,a01-122u-09-04
0,a03-073-00-03
0,a05-089-04-08
0,a01-091u-00-02
0,a01-058u-03-03
0,a05-053-03-04
0,a01-107u-06-03
0,a01-000u-02-00
0,a05-017-04-05
0,a05-025-05-01
0,a01-014u-04-02
0,a01-007u-09-03
0,a05-073-05-06
0,a05-069-05-04
0,a03-050-07-00
0,a01-091u-05-03
0,a01-014u-00-05
0,a01-043u-03-06
0,a05-017-02-04
0,a05-099-03-07
0,a05-099-02-04
0,a01-132u-00-03
0,a05-125-07-02
0,a05-080-05-01
0,a01-082u-06-03
0,a01-030u-01-03
0,a01-087u-00-04
0,a01-122u-00-02
0,a01-113u-07-04
0,a05-073-04-01
0,a01-091u-03-03
0,a01-132x-02-00
0,a01-113u-02-06
0,a01-053u-08-07
0,a01-128u-04-06
0,a05-104-08-01
0,a05-121-03-04
0,a01-077u-01-08
0,a05-069-08-00
0,a01-007u-06-03
0,a05-113-05-02
0,a01-077u-08-02
0,a01-020u-04-06
0,a05-080-07-03
0,a01-020u-09-02
0,a01-020u-08-03
0,a05-022-08-00
0,a05-080-05-04
0,a01-000u-02-08
0,a01-000u-06-06
0,a01-087u-08-02
0,a01-011u-05-03
0,a05-025-03-00
0,a01-122u-02-04
0,a01-107u-03-01
0,a05-089-05-00
0,a01-122u-08-05
0,a01-132x-03-07
0,a01-096u-05-04
0,a01-007u-04-05
0,a03-073-08-01
0,a03-073-03-00
0,a05-053-04-04
0,a01-058u-01-04
0,a01-072u-00-03
0,a05-017-02-07
0,a03-071-01-04
0,a05-039-07-06
0,a01-113u-08-02
0,a05-013-02-01
0,a01-043u-08-03
0,a05-108-07-04
0,a05-113-08-00
0,a01-107u-02-01
0,a03-071-03-03
0,a01-096u-09-04
0,a01-026u-09-00
0,a01-102u-04-05
0,a01-011u-03-00
0,a01-117u-01-07
0,a05-073-09-01
0,a01-102u-03-08
0,a01-049u-07-06
0,a01-030u-03-05
0,a01-113u-06-07
0,a05-053-09-05
0,a01-122u-02-00
0,a05-080-08-05
0,a05-084-03-06
0,a01-128u-09-03
0,a05-084-04-01
0,a05-025-07-06
0,a05-029-07-06
0,a01-068u-01-04
0,a01-096u-00-03
0,a03-073-00-04
0,a01-107u-05-02
0,a01-132x-07-07
0,a05-069-03-01
0,a03-073-06-01
0,a05-108-05-06
0,a03-073-06-06
0,a01-007u-02-00
0,a01-003u-07-04
0,a05-089-09-00
0,a05-084-03-02
0,a03-073-11-03
0,a01-102u-04-03
0,a01-007u-01-03
0,a05-017-05-02
0,a01-030u-01-00
0,a01-063u-06-04
0,a05-089-04-03
0,a01-077u-03-04
0,a01-117u-01-00
0,a05-029-05-00
0,a05-013-07-03
0,a01-082u-04-05
0,a05-000-03-08
0,a01-132u-01-03
0,a01-082u-02-00
0,a01-102u-06-08
0,a03-071-01-03
0,a01-026u-07-05
0,a01-102u-01-08
0,a01-091u-04-01
0,a01-058u-06-02
0,a05-113-01-02
0,a01-107u-07-03
0,a05-048-07-04
0,a05-116-01-00
0,a05-058-01-04
0,a01-077u-06-05
0,a01-102u-01-05
0,a01-082u-00-04
0,a05-029-03-05
0,a05-089-09-03
0,a05-025-04-02
0,a01-003u-04-03
0,a01-049x-06-02
0,a01-102u-06-07
0,a01-011u-06-01
0,a01-020u-02-08
0,a01-096u-02-01
0,a01-077u-03-01
0,a05-044-08-01
0,a01-007u-00-07
0,a05-084-08-02
0,a05-113-02-06
0,a01-020u-00-04
0,a05-022-06-05
0,a05-084-05-01
0,a01-132u-03-03
0,a05-017-00-04
0,a01-077u-05-05
0,a01-117u-04-05
0,a03-071-02-03
0,a01-049x-02-06
0,a01-087u-00-03
0,a01-122u-03-00
0,a01-077u-04-05
0,a01-087u-01-03
0,a05-099-00-01
0,a01-043u-01-00
0,a05-029-07-00
0,a05-099-08-01
0,a05-125-06-00
0,a05-048-00-00
0,a05-121-08-00
0,a01-020u-00-00
0,a05-121-08-02
0,a01-072u-03-04
0,a01-007u-01-02
0,a05-084-08-04
0,a01-026u-02-02
0,a05-089-07-00
0,a01-068u-06-03
0,a01-102u-06-05
0,a05-017-06-07
0,a01-091u-03-06
0,a01-122u-06-03
0,a05-084-01-04
0,a05-073-00-00
0,a01-077u-01-03
0,a05-104-04-01
0,a03-050-06-06
0,a05-013-06-03
0,a05-039-05-04
0,a05-022-04-03
0,a05-053-04-03
0,a01-007u-09-02
0,a01-053u-02-00
0,a01-132u-00-02
0,a01-102u-07-05
0,a01-000u-06-01
0,a01-049u-03-01
0,a05-080-01-00
0,a05-025-03-05
0,a05-108-06-00
0,a05-104-05-04
0,a05-000-05-02
0,a05-017-03-00
0,a05-029-04-07
0,a01-107u-02-07
0,a01-068u-00-04
0,a01-117u-07-03
0,a05-053-02-05
0,a01-053u-08-02
0,a05-048-08-01
0,a01-128u-09-04
0,a01-113u-07-03
0,a01-043u-07-01
0,a01-049x-09-00
0,a05-084-03-01
0,a01-003u-02-05
0,a01-072u-01-01
0,a05-121-02-05
0,a01-014u-01-05
0,a05-069-07-02
0,a01-096u-00-05
0,a03-080-03-02
0,a01-132u-06-03
0,a05-116-03-04
0,a05-094-10-06
0,a01-132x-03-02
0,a05-094-08-06
0,a05-099-02-02
0,a05-022-05-03
0,a05-044-09-00
0,a01-096u-08-04
0,a01-117u-01-01
0,a05-044-07-03
0,a01-132x-03-05
0,a01-007u-01-04
0,a01-049u-01-03
0,a01-122u-01-00
0,a01-030u-00-01
0,a05-000-05-06
0,a05-048-00-04
0,a05-080-06-01
0,a03-080-08-07
0,a05-089-09-05
0,a01-058u-04-06
0,a05-000-01-03
0,a05-022-03-08
0,a05-062-06-03
0,a01-117u-07-00
0,a05-017-09-03
0,a05-125-01-01
0,a05-044-01-02
0,a01-096u-04-04
0,a05-058-06-07
0,a01-043u-03-07
0,a05-025-00-01
0,a05-116-04-01
0,a01-007u-03-04
0,a05-073-01-06
0,a05-116-00-05
0,a05-116-06-09
0,a01-102u-07-03
0,a05-084-00-05
0,a01-072u-03-01
0,a01-058u-02-00
0,a05-104-08-00
0,a01-107u-02-05
0,a01-122u-00-04
0,a01-087u-01-06
0,a01-043u-03-03
0,a01-043u-01-02
0,a01-068u-09-03
0,a01-082u-08-01
0,a01-102u-03-02
0,a01-063u-05-02
0,a05-089-07-05
0,a05-053-09-02
0,a01-087u-08-03
0,a01-043u-03-01
0,a01-132u-02-03
0,a01-020u-07-05
0,a05-025-05-02
0,a05-017-05-04
0,a01-026u-10-00
0,a01-072u-04-08
0,a05-029-07-04
0,a05-062-02-04
0,a05-000-02-01
0,a01-007u-07-00
0,a01-020u-07-04
0,a05-062-02-05
0,a05-089-02-04
0,a05-048-02-01
0,a05-108-03-03
0,a05-058-04-05
0,a05-025-07-00
0,a05-089-02-02
0,a01-063u-01-01
0,a05-017-09-05
0,a01-122u-06-05
0,a05-058-08-02
0,a01-107u-07-05
0,a05-089-01-01
0,a05-094-04-05
0,a05-039-05-02
0,a05-099-05-05
0,a01-049x-03-03
0,a01-117u-01-02
0,a05-108-06-05
0,a01-049x-05-04
0,a01-030u-04-07
0,a05-044-04-06
0,a05-058-05-00
0,a03-071-01-05
0,a05-116-00-02
0,a01-043u-08-01
0,a05-125-06-03
0,a05-017-08-06
0,a01-011u-03-01
0,a01-096u-09-00
0,a05-108-00-02
0,a01-132u-03-06
0,a03-073-08-07
0,a05-073-07-05
0,a01-026u-07-02
0,a05-080-06-00
0,a01-096u-07-01
0,a01-117u-09-04
0,a05-058-02-06
0,a03-071-03-08
0,a01-058u-04-01
0,a05-121-01-00
0,a05-053-04-08
0,a01-102u-03-04
0,a01-132x-06-04
0,a01-072u-00-02
0,a01-102u-01-01
0,a01-072u-08-04
0,a01-113u-06-00
0,a05-099-07-06
0,a01-058u-04-04
0,a05-029-05-01
0,a05-116-06-01
0,a03-080-01-03
0,a01-087u-05-05
0,a05-108-06-03
0,a01-063u-06-06
0,a05-039-08-05
0,a01-091u-01-04
0,a05-022-02-00
0,a03-073-05-03
0,a05-069-05-03
0,a05-084-02-05
0,a01-007u-03-01
0,a05-094-01-04
0,a01-096u-04-06
0,a01-053u-04-03
0,a05-048-06-03
0,a01-003u-08-00
0,a01-132x-00-02
0,a01-068u-07-01
0,a05-089-09-04
0,a01-128u-02-03
0,a01-063u-04-05
0,a01-049u-02-05
0,a05-044-04-05
0,a01-026u-03-05
0,a05-053-06-00
0,a01-107u-05-05
0,a05-113-09-03
0,a05-058-06-00
0,a01-107u-06-06
0,a05-073-04-02
0,a01-026u-02-05
0,a01-053u-03-01
0,a05-044-09-02
0,a01-049u-06-03
0,a01-043u-00-02
0,a01-068u-00-01
0,a01-122u-02-07
0,a05-080-01-05
0,a05-069-04-02
0,a01-003u-05-03
0,a01-049u-06-05
0,a05-069-03-00
0,a05-069-04-06
0,a01-072u-00-00
0,a03-080-09-02
0,a01-082u-00-01
0,a01-049u-02-01
0,a01-030u-09-03
0,a05-113-07-05
0,a01-132x-06-01
0,a01-026u-06-02
0,a01-003u-01-01
0,a05-039-03-02
0,a01-043u-06-03
0,a05-084-04-04
0,a01-058u-05-05
0,a01-049x-10-03
0,a05-039-01-07
0,a05-017-01-03
0,a05-080-05-05
0,a05-022-02-01
0,a01-113u-03-01
0,a05-069-05-05
0,a01-043u-06-02
0,a01-030u-01-06
0,a05-069-09-05
0,a05-104-01-00
0,a03-071-03-09
0,a05-058-05-04
0,a01-102u-01-04
0,a01-030u-04-05
0,a01-132u-05-02
0,a01-128u-04-00
0,a01-117u-09-06
0,a01-132x-04-05
0,a01-082u-07-02
0,a05-022-07-04
0,a05-000-01-00
0,a01-063u-05-10
0,a05-084-00-00
0,a05-048-03-04
0,a01-063u-06-05
0,a01-122u-06-06
0,a05-084-07-05
0,a01-049x-02-00
0,a03-050-06-03
0,a05-048-03-02
0,a05-022-05-01
0,a01-082u-06-05
0,a01-007u-04-03
0,a01-082u-05-02
0,a01-122u-04-01
0,a05-121-07-01
0,a05-073-05-04
0,a01-082u-06-02
0,a05-104-02-02
0,a01-007u-07-04
0,a01-026u-05-00
0,a01-113u-00-00
0,a01-102u-05-04
0,a01-077u-01-04
0,a01-077u-04-06
0,a05-094-08-03
0,a01-102u-03-07
0,a05-073-07-07
0,a01-113u-05-05
0,a01-007u-08-01
0,a05-025-00-02
0,a05-104-06-00
0,a05-048-02-03
0,a01-113u-06-04
0,a05-099-04-02
0,a01-053u-00-05
0,a05-069-05-06
0,a01-128u-03-02
0,a01-000u-00-05
0,a01-113u-07-05
0,a01-102u-03-03
0,a01-132x-04-00
0,a01-053u-05-03
0,a01-063u-04-01
0,a05-029-03-01
0,a01-128u-01-00
0,a01-053u-05-02
0,a05-125-02-05
0,a01-063u-08-04
0,a01-072u-05-03
0,a01-003u-10-05
0,a01-003u-05-02
0,a05-058-03-03
0,a01-011u-07-05
0,a05-017-01-00
0,a05-084-06-03
0,a01-132x-07-04
0,a05-121-01-05
0,a01-117u-05-01
0,a01-113u-05-06
0,a05-025-04-04
0,a05-116-05-00
0,a01-132x-06-00
0,a05-053-05-00
0,a01-113u-09-03
0,a05-022-07-07
0,a05-025-09-06
0,a01-058u-00-06
0,a05-029-04-05
0,a01-077u-05-06
0,a01-113u-04-04
0,a01-077u-07-04
0,a05-099-06-00
0,a05-073-01-03
0,a01-049x-08-00
0,a01-096u-02-00
0,a03-089-00-06
0,a05-099-01-04
0,a05-048-01-06
0,a01-049x-04-02
0,a01-063u-01-03
0,a01-087u-06-06
0,a01-003u-09-04
0,a01-068u-02-05
0,a05-104-08-05
0,a01-030u-08-02
0,a01-068u-08-04
0,a05-022-01-01
0,a01-043u-04-05
0,a05-000-06-06
0,a03-071-06-03
0,a05-058-01-02
0,a05-073-07-06
0,a03-050-03-06
0,a01-014u-00-02
0,a05-073-00-02
0,a01-072u-04-01
0,a05-039-01-01
0,a05-022-06-03
0,a01-113u-05-07
0,a01-014u-03-01
0,a01-011u-09-01
0,a01-128u-03-00
0,a05-108-05-03
0,a05-044-00-03
0,a03-073-08-02
0,a05-029-08-00
0,a05-039-01-00
0,a01-003u-06-00
0,a01-063u-05-09
0,a05-108-02-05
0,a05-000-06-00
0,a05-000-07-02
0,a05-084-08-00
0,a01-132x-02-04
0,a01-000u-01-00
0,a01-053u-02-03
0,a01-132u-02-05
0,a05-053-03-02
0,a05-113-05-00
0,a01-049x-05-03
0,a05-094-05-03
0,a01-030u-00-06
0,a01-058u-04-03
0,a01-128u-04-04
0,a05-089-04-05
0,a01-068u-06-02
0,a01-096u-08-02
0,a01-102u-03-05
0,a05-058-05-03
0,a05-089-04-09
0,a05-029-08-05
0,a05-069-02-00
0,a05-029-08-02
0,a01-011u-00-01
0,a01-091u-05-02
0,a01-113u-02-04
0,a05-029-01-09
0,a01-043u-00-04
0,a01-003u-10-01
0,a01-030u-07-03
0,a01-117u-04-07
0,a05-044-08-05
0,a03-080-01-06
0,a01-049u-01-06
0,a01-058u-02-05
0,a05-069-01-05
0,a05-025-09-02
0,a05-099-01-08
0,a03-073-00-01
0,a01-077u-03-03
0,a03-080-06-02
0,a05-113-04-00
0,a05-121-01-04
0,a01-068u-08-03
0,a05-053-08-00
0,a05-104-01-03
0,a05-000-03-06
0,a03-073-10-02
0,a05-029-07-05
0,a01-053u-03-04
0,a01-102u-07-01
0,a05-029-09-01
0,a05-053-00-06
0,a05-053-06-07
0,a05-099-03-05
0,a01-049x-05-05
0,a01-014u-03-04
0,a01-132x-03-06
0,a01-082u-02-03
0,a01-058u-00-05
0,a01-007u-02-02
0,a05-116-02-06
0,a05-053-09-00
0,a01-107u-05-08
0,a01-122u-07-01
0,a05-058-07-01
0,a01-128u-04-01
0,a01-091u-00-07
0,a01-132x-08-03
0,a01-072u-06-03
0,a05-121-04-05
0,a01-026u-04-03
0,a05-073-06-05
0,a05-089-07-06
0,a01-117u-03-04
0,a05-039-10-03
0,a05-013-06-05
0,a01-117u-06-05
0,a05-025-03-01
0,a01-087u-02-05
0,a01-058u-04-09
0,a05-121-03-02
0,a01-049x-05-00
0,a05-080-08-00
0,a05-062-06-02
0,a01-020u-04-03
0,a01-087u-07-04
0,a05-108-05-08
0,a05-000-01-06
0,a01-122u-03-03
0,a05-000-01-05
0,a05-121-07-02
0,a01-007u-03-02
0,a05-025-08-00
0,a01-014u-03-06
0,a03-071-07-07
0,a05-044-04-02
0,a01-087u-06-04
0,a01-113u-04-05
0,a05-062-06-06
0,a05-104-02-01
0,a05-025-08-02
0,a01-043u-00-01
0,a05-029-03-03
0,a01-132u-06-08
0,a05-017-05-03
0,a01-077u-01-00
0,a05-099-07-02
0,a03-050-04-00
0,a05-022-00-07
0,a05-099-02-05
0,a01-043u-05-04
0,a01-122u-01-07
0,a01-049x-02-03
0,a01-049x-03-01
0,a01-132u-06-06
0,a05-058-07-04
0,a01-102u-05-00
0,a01-068u-07-00
0,a05-000-06-07
0,a03-073-04-06
0,a01-117u-05-03
0,a03-073-04-02
0,a01-003u-07-01
0,a01-107u-00-05
0,a03-071-06-00
0,a01-011u-05-06
0,a01-003u-04-02
0,a05-025-07-07
0,a05-058-00-06
0,a01-014u-03-03
0,a01-072u-06-01
0,a01-011u-09-02
0,a01-014u-04-06
0,a01-049u-05-06
0,a01-132x-05-04
0,a01-049u-10-01
0,a01-122u-02-05
0,a01-072u-00-01
0,a01-102u-06-01
0,a01-049x-08-07
0,a05-029-06-01
0,a05-116-02-03
0,a05-025-04-03
0,a05-048-00-03
0,a01-072u-06-04
0,a01-020u-09-01
0,a01-049x-04-03
0,a05-017-02-08
0,a01-072u-07-09
0,a01-102u-02-03
0,a05-080-07-01
0,a05-029-01-01
0,a01-117u-03-00
0,a01-082u-04-06
0,a01-068u-03-00
0,a01-082u-03-02
0,a01-107u-00-04
0,a01-053u-04-02
0,a01-053u-08-01
0,a01-063u-02-01
0,a05-113-02-01
0,a01-128u-01-06
0,a01-030u-08-05
0,a05-125-03-05
0,a01-030u-03-01
0,a05-053-05-04
0,a03-073-05-06
0,a01-107u-02-00
0,a01-063u-01-09
0,a05-044-06-04
0,a01-003u-06-06
0,a01-011u-00-03
0,a05-069-07-06
0,a01-068u-03-03
0,a05-017-08-01
0,a01-049u-00-06
0,a01-122u-00-08
0,a05-013-01-05
0,a01-068u-04-07
0,a01-128u-09-06
0,a01-007u-01-01
0,a01-053u-04-00
0,a01-058u-05-04
0,a01-107u-02-04
0,a01-091u-05-05
0,a01-049x-08-01
0,a01-122u-03-01
0,a03-080-09-05
0,a03-089-00-00
0,a01-030u-05-06
0,a05-080-02-03
0,a01-026u-02-00
0,a05-039-02-06
0,a01-077u-06-02
0,a01-091u-00-09
0,a05-084-03-04
0,a01-102u-06-00
0,a01-026u-00-02
0,a05-053-04-06
0,a05-029-05-04
0,a01-091u-03-05
0,a05-084-04-00
0,a05-094-05-01
0,a01-091u-08-00
0,a01-043u-04-04
0,a05-094-02-07
0,a01-102u-02-01
0,a01-102u-04-02
0,a05-125-05-06
0,a05-029-02-06
0,a01-049x-04-07
0,a01-068u-08-05
0,a01-117u-08-04
0,a01-049x-03-05
0,a05-073-02-03
0,a05-080-05-07
0,a05-108-05-05
0,a01-117u-02-06
0,a01-113u-05-02
0,a05-013-06-01
0,a05-053-06-02
0,a05-025-08-07
0,a05-053-00-02
0,a01-132x-02-05
0,a05-029-00-01
0,a01-102u-02-00
0,a05-044-09-05
0,a05-069-01-06
0,a01-053u-07-05
0,a05-116-07-03
0,a01-068u-04-06
0,a05-039-07-02
0,a05-025-09-05
0,a03-073-00-06
0,a05-080-00-02
0,a01-077u-01-07
0,a01-030u-08-07
0,a01-082u-00-00
0,a05-080-07-04
0,a05-044-02-02
0,a05-099-07-00
0,a01-132x-00-00
0,a01-063u-01-06
0,a01-107u-06-05
0,a05-022-07-06
0,a01-058u-08-05
0,a05-121-04-01
0,a05-048-02-02
0,a03-089-02-03
0,a05-099-02-00
0,a05-053-10-03
0,a05-025-04-01
0,a01-014u-01-03
0,a05-073-08-00
0,a01-053u-01-02
0,a05-000-07-00
0,a01-096u-06-03
0,a01-030u-03-00
0,a05-039-02-00
0,a05-029-03-00
0,a01-087u-04-02
0,a05-121-04-04
0,a05-094-04-03
0,a01-049x-08-05
0,a01-091u-05-08
0,a05-125-04-02
0,a05-025-06-03
0,a01-043u-06-04
0,a05-039-08-04
0,a05-073-07-02
0,a05-089-10-02
0,a01-043u-05-03
0,a01-058u-02-06
0,a01-107u-03-04
0,a01-082u-03-04
0,a01-122u-08-04
0,a05-025-08-06
0,a05-069-03-06
0,a01-082u-06-04
0,a01-000u-02-04
0,a01-096u-06-02
0,a01-091u-08-03
0,a05-121-06-03
0,a01-068u-05-05
0,a05-116-02-02
0,a01-049u-06-01
0,a01-128u-01-04
0,a05-025-04-05
0,a01-026u-00-01
0,a05-108-02-00
0,a01-058u-00-02
0,a03-080-07-04
0,a01-082u-07-00
0,a01-132x-08-04
0,a05-069-08-02
0,a01-128u-10-05
0,a05-044-06-03
0,a05-022-06-01
0,a01-020u-03-01
0,a05-069-08-01
0,a05-089-07-02
0,a01-014u-08-02
0,a05-039-10-04
0,a05-125-05-01
0,a01-043u-00-03
0,a05-053-06-05
0,a03-073-02-07
0,a01-003u-10-06
0,a05-062-05-00
0,a05-048-09-01
0,a05-099-05-06
0,a05-000-05-04
0,a05-113-02-04
0,a05-044-07-02
0,a01-132u-05-00
0,a01-053u-02-02
0,a01-072u-04-03
0,a03-080-08-03
0,a01-107u-07-09
0,a05-017-00-03
0,a05-039-03-05
0,a05-080-02-02
0,a01-007u-00-03
0,a05-053-07-04
0,a05-104-05-06
0,a05-048-06-04
0,a01-043u-03-00
0,a01-102u-01-00
0,a05-073-06-00
0,a01-102u-04-00
0,a01-132u-06-07
0,a05-000-00-04
0,a05-104-08-04
0,a01-082u-01-00
0,a01-128u-03-05
0,a01-072u-07-01
0,a01-077u-02-00
0,a05-104-07-01
0,a01-102u-05-03
0,a05-094-02-03
0,a01-087u-04-05
0,a01-087u-03-02
0,a01-132x-02-02
0,a05-029-03-07
0,a03-073-09-00
0,a01-020u-02-04
0,a05-108-07-01
0,a05-044-10-03
0,a05-089-09-06
0,a01-132x-00-03
0,a05-089-07-03
0,a05-108-01-03
0,a05-094-10-02
0,a01-049u-06-04
0,a01-063u-09-01
0,a01-128u-10-06
0,a03-080-05-07
0,a05-013-02-03
0,a01-063u-01-07
0,a01-117u-03-03
0,a05-108-07-03
0,a03-071-05-07
0,a05-099-05-00
0,a03-073-10-05
0,a05-084-05-08
0,a05-104-06-04
0,a01-063u-02-05
0,a05-039-03-03
0,a05-073-07-04
0,a05-058-07-02
0,a01-003u-07-05
0,a01-128u-08-07
0,a01-030u-08-04
0,a05-084-04-03
0,a01-043u-07-00
0,a01-091u-03-04
0,a01-003u-10-09
0,a05-069-07-04
0,a05-084-02-02
0,a05-121-09-00
0,a01-087u-00-06
0,a03-071-03-04
0,a05-104-07-06
0,a05-048-00-08
0,a01-113u-06-03
0,a05-094-08-00
0,a01-003u-08-03
0,a01-011u-08-05
0,a03-073-02-09
0,a03-089-02-02
0,a01-102u-06-02
0,a05-000-00-07
0,a01-082u-07-04
0,a05-104-07-00
0,a05-062-06-07
0,a05-069-02-02
0,a01-128u-10-00
0,a05-125-04-03
0,a01-122u-05-04
0,a01-007u-03-08
0,a01-030u-01-02
0,a01-091u-06-02
0,a05-062-06-00
0,a01-014u-03-08
0,a03-050-05-06
0,a05-125-02-02
0,a01-068u-05-06
0,a05-084-09-01
0,a01-063u-05-05
0,a01-072u-07-08
0,a01-003u-01-06
0,a01-026u-01-01
0,a01-049x-04-06
0,a05-089-10-04
0,a01-020u-06-01
0,a01-026u-01-02
0,a01-003u-05-05
0,a01-068u-01-06
0,a03-073-11-01
0,a01-072u-05-05
0,a01-049u-04-04
0,a01-072u-02-03
0,a01-082u-09-00
0,a05-025-07-02
0,a05-017-02-06
0,a03-073-05-04
0,a05-104-06-05
0,a01-000u-02-07
0,a05-094-06-03
0,a05-108-00-03
0,a03-071-03-07
0,a05-108-05-01
0,a01-011u-07-00
0,a05-048-08-03
0,a05-125-02-01
0,a01-058u-07-04
0,a01-102u-03-09
0,a01-053u-09-00
0,a01-072u-06-05
0,a01-113u-02-01
0,a01-096u-02-07
0,a01-117u-03-05
0,a01-068u-04-00
0,a01-113u-00-01
0,a05-080-05-00
0,a05-113-00-00
0,a05-000-06-02
0,a01-043u-08-04
0,a01-020u-05-04
0,a01-132x-07-00
0,a05-089-00-00
0,a03-050-02-06
0,a01-049u-01-02
0,a05-062-05-01
0,a01-132x-02-03
0,a01-011u-01-00
0,a01-020u-04-04
0,a05-073-00-06
0,a01-020u-03-05
0,a05-116-07-00
0,a01-117u-05-00
0,a05-053-03-03
0,a05-094-04-02
0,a05-073-02-01
0,a05-104-00-00
0,a05-121-07-04
0,a05-121-08-01
0,a05-017-06-04
0,a01-117u-04-00
0,a05-121-02-00
0,a05-044-06-01
0,a03-073-02-08
0,a05-099-05-08
0,a05-069-04-00
0,a05-073-08-08
0,a05-053-04-05
0,a01-113u-04-08
0,a05-104-05-03
0,a01-063u-04-04
0,a01-020u-05-00
0,a01-077u-07-06
0,a05-113-05-06
0,a05-013-06-04
0,a05-022-03-07
0,a05-099-02-07
0,a01-122u-06-01
0,a01-058u-08-04
0,a01-011u-01-01
0,a05-073-04-07
0,a03-073-08-05
0,a01-026u-01-04
0,a05-025-05-03
0,a01-014u-01-02
0,a03-071-00-04
0,a03-080-08-02
0,a01-003u-04-04
0,a05-084-08-07
0,a01-049u-09-06
0,a01-000u-01-02
0,a03-073-09-02
0,a01-117u-00-02
0,a01-113u-10-04
0,a05-113-00-02
0,a03-073-02-06
0,a05-108-06-02
0,a03-071-01-02
0,a01-128u-08-03
0,a05-025-05-04
0,a03-080-08-01
0,a01-011u-06-04
0,a05-058-01-05
0,a01-117u-02-01
0,a01-087u-07-06
0,a05-113-07-00
0,a01-053u-05-00
0,a01-049u-04-05
0,a01-014u-00-01
0,a03-050-08-03
0,a01-087u-01-01
0,a05-048-06-02
0,a05-069-00-03
0,a05-089-06-07
0,a01-003u-09-02
0,a05-069-00-00
0,a03-050-06-04
0,a05-073-01-00
0,a05-053-02-04
0,a05-029-01-05
0,a01-063u-08-01
0,a05-044-01-00
0,a05-017-00-05
0,a05-125-05-00
0,a01-026u-08-01
0,a01-007u-08-03
0,a03-089-00-03
0,a01-068u-06-00
0,a05-080-09-01
0,a01-063u-07-02
0,a05-029-00-03
0,a05-113-04-06
0,a05-099-02-08
0,a01-020u-04-05
0,a01-102u-08-05
0,a01-077u-02-03
0,a05-013-05-02
0,a01-011u-09-00
0,a01-068u-08-06
0,a01-128u-03-03
0,a05-022-00-06
0,a01-096u-07-02
0,a01-063u-06-00
0,a05-099-00-06
0,a01-122u-08-03
0,a01-030u-04-02
0,a05-084-06-04
0,a01-011u-01-03
0,a01-107u-04-06
0,a01-087u-07-07
0,a03-080-09-00
0,a05-089-07-01
0,a05-029-04-04
0,a01-132u-03-01
0,a01-007u-05-05
0,a05-099-07-03
0,a05-039-02-04
0,a01-122u-07-00
0,a01-053u-04-05
0,a05-017-00-00
0,a05-108-07-07
0,a01-132u-04-03
0,a05-089-01-07
0,a03-089-00-04
0,a01-122u-01-06
0,a01-011u-08-01
0,a01-030u-10-03
0,a05-099-07-07
0,a01-132x-02-01
0,a05-104-04-04
0,a01-122u-09-03
0,a01-068u-08-00
0,a01-082u-06-06
0,a01-020u-00-03
0,a01-117u-07-01
0,a05-058-03-01
0,a01-020u-06-03
0,a05-022-00-03
0,a01-026u-06-00
0,a01-058u-03-05
0,a01-058u-04-00
0,a01-117u-02-02
0,a05-022-07-01
0,a05-113-08-03
0,a05-069-00-04
0,a01-132u-04-06
0,a01-020u-07-00
0,a05-017-01-02
0,a01-132u-00-00
0,a01-096u-09-01
0,a05-069-09-07
0,a05-080-00-00
0,a01-011u-03-03
0,a05-099-07-04
0,a03-073-04-01
0,a05-113-05-07
0,a03-089-02-04
0,a01-003u-06-05
0,a01-049u-00-00
0,a05-053-00-08
0,a01-053u-00-03
0,a03-071-07-05
0,a01-043u-03-04
0,a01-003u-10-07
0,a01-053u-01-01
0,a01-102u-05-02
0,a05-094-08-05
0,a03-073-03-02
0,a05-094-09-00
0,a01-091u-06-01
0,a01-068u-07-02
0,a01-087u-04-06
0,a01-122u-00-05
0,a05-089-06-04
0,a01-030u-09-05
0,a05-048-04-04
0,a05-113-00-05
0,a01-049x-09-08
0,a05-084-07-03
0,a01-049u-04-02
0,a01-068u-04-03
0,a05-069-05-00
0,a05-108-07-00
0,a01-026u-09-01
0,a01-003u-00-05
0,a05-053-10-06
0,a01-000u-02-01
0,a01-049u-00-03
0,a05-029-01-03
0,a01-058u-07-05
0,a05-108-01-08
0,a05-025-04-06
0,a05-044-07-00
0,a05-044-04-04
0,a05-121-05-01
0,a05-044-01-01
0,a01-026u-09-02
0,a03-080-06-06
0,a01-096u-08-06
0,a01-132u-04-02
0,a01-030u-01-01
0,a05-069-04-04
0,a01-096u-05-06
0,a05-053-06-03
0,a01-049x-08-03
0,a05-048-03-03
0,a01-132x-06-07
0,a05-113-08-05
0,a05-121-04-02
0,a05-080-09-00
0,a05-094-02-06
0,a01-007u-02-05
0,a01-049x-09-05
0,a05-039-01-06
0,a05-029-06-02
0,a05-084-00-02
0,a01-091u-08-04
0,a03-089-03-00
0,a05-084-03-05
0,a01-102u-04-01
0,a03-050-04-03
0,a01-007u-06-04
0,a05-089-06-05
0,a01-096u-09-02
0,a05-058-01-09
0,a05-000-02-06
0,a01-003u-04-00
0,a01-058u-08-00
0,a01-049x-09-03
0,a01-007u-08-04
0,a01-128u-10-03
0,a01-063u-07-06
0,a01-058u-07-06
0,a01-014u-05-06
0,a01-068u-09-01
0,a05-116-07-06
0,a01-128u-09-05
0,a01-003u-10-02
0,a05-094-02-04
0,a01-049u-03-00
0,a01-043u-07-02
0,a05-069-00-07
0,a05-053-09-07
0,a01-122u-05-00
0,a05-048-04-03
0,a01-030u-06-04
0,a01-082u-03-00
0,a05-073-05-05
0,a05-048-02-00
0,a05-094-10-01
0,a01-000u-04-00
0,a01-026u-02-03
0,a05-094-10-07
0,a03-071-05-05
0,a01-122u-07-02
0,a01-128u-04-03
0,a05-099-03-06
0,a05-113-06-01
0,a01-132u-03-02
0,a05-113-02-02
0,a01-011u-07-02
0,a03-080-09-01
0,a01-049u-09-05
0,a03-050-06-05
0,a03-050-05-07
0,a01-096u-02-04
0,a01-096u-07-06
0,a01-107u-05-01
0,a01-102u-08-01
0,a03-071-07-00
0,a01-011u-05-00
0,a01-049u-09-01
0,a05-044-00-04
0,a01-043u-07-04
0,a03-071-07-03
0,a05-044-08-06
0,a01-091u-02-06
0,a05-073-08-07
0,a05-104-08-03
0,a01-102u-08-06
0,a01-063u-09-02
0,a05-029-00-06
0,a05-084-05-00
0,a01-026u-01-03
0,a05-125-00-00
0,a05-013-05-01
0,a05-099-01-00
0,a01-096u-00-06
0,a01-026u-04-02
0,a01-058u-03-01
0,a05-029-06-05
0,a05-094-10-03
0,a01-007u-02-04
0,a01-132u-07-00
0,a03-073-01-02
0,a01-082u-04-03
0,a05-104-07-02
0,a01-096u-06-05
0,a05-062-02-07
0,a01-043u-04-03
0,a01-132u-05-01
0,a01-113u-02-00
0,a01-063u-03-03
0,a01-082u-01-03
0,a01-072u-05-01
0,a01-132x-04-07
0,a01-058u-08-03
0,a05-062-02-02
0,a01-077u-07-03
0,a01-082u-02-05
0,a01-087u-01-04
0,a05-116-04-05
0,a01-020u-04-00
0,a01-117u-00-00
0,a05-069-04-07
0,a01-082u-09-02
0,a05-108-02-04
0,a01-049u-03-05
0,a01-132u-02-02
0,a01-072u-03-05
0,a01-007u-04-00
0,a01-011u-02-01
0,a05-013-07-06
0,a01-026u-05-07
0,a05-029-06-03
0,a05-058-04-01
0,a05-116-06-05
0,a03-071-06-06
0,a05-089-05-04
0,a01-132x-05-05
0,a01-026u-00-05
0,a01-026u-03-03
0,a05-080-02-01
0,a01-030u-07-05
0,a05-062-05-04
0,a05-000-04-04
0,a01-063u-07-00
0,a01-077u-07-02
0,a05-017-04-01
0,a01-043u-05-07
0,a05-104-06-06
0,a05-116-06-00
0,a01-003u-02-07
0,a05-029-04-03
0,a03-073-02-03
0,a01-122u-05-02
0,a05-062-02-00
0,a01-049u-05-00
0,a05-094-10-04
0,a01-068u-00-07
0,a01-091u-07-00
0,a05-113-06-04
0,a01-128u-00-02
0,a05-073-08-03
0,a01-113u-07-06
0,a01-063u-08-03
0,a05-069-07-01
0,a01-132u-07-05
0,a05-053-02-01
0,a05-121-05-04
0,a01-107u-03-03
0,a01-030u-00-08
0,a01-053u-00-04
0,a01-096u-06-06
0,a01-087u-06-01
0,a05-073-02-07
0,a05-058-02-03
0,a01-049x-01-05
0,a03-071-03-02
0,a05-048-05-02
0,a05-104-04-02
0,a01-096u-05-03
0,a01-053u-00-01
0,a01-077u-02-01
0,a01-007u-02-03
0,a05-062-06-08
0,a01-026u-01-05
0,a03-073-10-03
0,a01-003u-05-00
0,a05-073-01-04
0,a05-048-05-06
0,a01-082u-05-04
0,a05-044-02-03
0,a05-058-07-06
0,a05-000-04-01
0,a05-121-08-06
0,a05-025-03-04
0,a05-094-03-04
0,a01-132u-05-05
0,a05-058-01-01
0,a05-048-07-06
0,a05-094-04-09
0,a01-068u-08-02
0,a01-132x-05-02
0,a01-091u-06-03
0,a05-048-06-00
0,a01-043u-08-02
0,a01-072u-01-00
0,a01-014u-05-02
0,a01-003u-00-01
0,a05-080-08-03
0,a01-122u-00-00
0,a01-113u-09-01
0,a05-116-00-03
0,a05-048-08-05
0,a01-053u-00-00
0,a01-107u-06-07
0,a01-113u-06-06
0,a03-080-07-02
0,a05-058-00-07
0,a01-113u-03-00
0,a05-048-00-07
0,a05-044-09-03
0,a05-058-01-06
0,a05-053-02-02
0,a05-073-04-04
0,a01-030u-10-01
0,a01-043u-05-05
0,a01-077u-08-00
0,a05-058-04-03
0,a01-026u-08-03
0,a01-058u-00-00
0,a01-043u-02-04
0,a01-132u-03-05
0,a01-014u-05-04
0,a05-113-04-05
0,a05-099-01-01
0,a01-117u-02-03
0,a05-029-08-06
0,a01-072u-06-00
0,a01-026u-06-03
0,a05-094-09-01
0,a03-071-03-00
0,a05-039-06-01
0,a01-049u-06-00
0,a01-102u-03-00
0,a01-091u-06-04
0,a05-025-09-00
0,a05-048-05-05
0,a03-071-06-04
0,a01-132x-01-03
0,a01-053u-06-00
0,a05-125-05-02
0,a01-058u-03-04
0,a01-003u-01-03
0,a05-048-06-01
0,a01-117u-09-07
0,a05-069-09-03
0,a01-068u-07-05
0,a01-049u-04-03
0,a05-069-03-07
0,a05-000-02-02
0,a01-117u-06-01
0,a05-089-00-01
0,a05-000-03-03
0,a05-017-09-00
0,a01-091u-07-05
0,a05-000-00-02
0,a01-007u-06-00
0,a01-058u-01-06
0,a01-107u-04-00
0,a03-073-02-04
0,a05-048-00-05
0,a01-068u-03-04
0,a05-099-05-07
0,a05-121-08-05
0,a05-022-06-04
0,a05-044-06-02
0,a01-132u-05-03
0,a01-063u-05-07
0,a01-102u-07-02
0,a01-107u-05-04
0,a01-091u-00-06
0,a05-099-08-04
0,a05-017-06-02
0,a05-029-05-05
0,a05-044-06-00
0,a01-020u-09-03
0,a01-007u-07-03
0,a05-073-06-01
0,a03-080-07-05
0,a01-132u-01-04
0,a05-113-00-01
0,a01-107u-04-02
0,a05-025-00-03
0,a01-072u-05-02
0,a05-029-08-01
0,a03-050-02-00
0,a01-043u-02-03
0,a01-113u-09-05
0,a01-132x-06-02
0,a05-000-02-00
0,a01-026u-05-06
0,a05-044-07-04
0,a03-071-00-02
0,a05-039-05-03
0,a03-071-06-05
0,a05-058-00-00
0,a05-073-04-00
0,a01-132x-07-06
0,a01-043u-05-08
0,a05-113-08-06
0,a01-030u-06-00
0,a05-116-05-02
0,a05-039-01-02
0,a01-049x-01-04
0,a01-068u-05-01
0,a05-089-04-04
0,a05-048-10-05
0,a05-094-01-06
0,a05-069-08-03
0,a01-087u-02-00
0,a01-011u-05-01
0,a05-094-01-05
0,a05-094-02-00
0,a01-102u-06-10
0,a01-058u-06-07
0,a05-000-01-04
0,a05-089-10-03
0,a01-026u-06-06
0,a01-011u-04-05
0,a05-058-01-10
0,a05-048-07-02
0,a01-058u-03-00
0,a01-087u-05-01
0,a01-091u-08-01
0,a05-039-01-03
0,a05-073-01-01
0,a05-017-08-04
0,a05-108-03-02
0,a01-049x-10-00
0,a01-049x-03-02
0,a01-117u-00-04
0,a05-094-03-01
0,a01-000u-01-03
0,a01-113u-00-07
0,a05-108-03-06
0,a01-132x-05-01
0,a05-104-01-04
0,a01-058u-01-02
0,a05-116-04-04
0,a01-128u-01-08
0,a01-030u-10-02
0,a01-087u-02-01
0,a01-011u-03-04
0,a01-014u-08-00
0,a05-022-03-02
0,a05-113-01-04
0,a05-058-00-08
0,a01-043u-06-01
0,a05-029-01-07
0,a05-116-04-00
0,a01-072u-01-03
0,a01-014u-00-03
0,a01-087u-02-03
0,a05-044-03-06
0,a01-000u-02-03
0,a01-082u-01-04
0,a05-017-09-04
0,a01-132x-04-06
0,a01-000u-06-05
0,a05-094-01-00
0,a01-117u-08-03
0,a01-030u-03-02
0,a05-089-00-02
0,a05-025-07-01
0,a05-062-08-05
0,a01-058u-05-02
0,a01-003u-08-06
0,a01-087u-07-08
0,a01-068u-06-05
0,a03-073-08-06
0,a05-039-08-06
0,a01-063u-05-04
0,a01-030u-06-01
0,a01-117u-08-05
0,a05-044-02-01
0,a05-084-05-09
0,a01-082u-04-02
0,a05-080-03-00
0,a05-039-10-06
0,a03-050-07-02
0,a05-094-09-03
0,a05-121-08-04
0,a01-132u-08-03
0,a05-094-02-05
0,a05-116-04-03
0,a05-094-03-02
0,a01-030u-00-07
0,a01-091u-01-06
0,a01-049x-02-02
0,a05-121-05-03
0,a05-089-01-02
0,a05-025-10-03
0,a01-107u-04-03
0,a05-121-03-06
0,a01-058u-00-01
0,a05-053-07-05
0,a01-053u-08-03
0,a03-080-05-03
0,a05-104-00-02
0,a05-073-00-07
0,a01-091u-00-01
0,a05-116-07-01
0,a01-082u-05-03
0,a01-000u-04-06
0,a03-071-00-06
0,a01-003u-02-01
0,a01-128u-02-06
0,a05-104-09-02
0,a05-108-06-04
0,a01-020u-05-03
0,a05-062-06-04
0,a05-029-00-05
0,a01-049u-01-04
0,a01-122u-02-02
0,a01-007u-00-05
0,a01-068u-06-04
0,a05-089-10-05
0,a01-026u-03-01
0,a05-094-02-09
0,a01-117u-01-06
0,a01-068u-04-05
0,a01-020u-08-01
0,a01-132u-02-06
0,a01-117u-02-08
0,a05-013-01-02
0,a05-108-03-05
0,a01-003u-02-06
0,a05-089-00-04
0,a05-053-00-03
0,a05-099-06-05
0,a05-058-01-00
0,a05-094-03-07
0,a05-013-06-02
0,a05-048-04-00
0,a05-113-09-02
0,a01-122u-01-04
0,a01-077u-04-03
0,a05-121-08-03
0,a05-053-10-01
0,a01-049u-06-06
0,a05-025-01-04
0,a05-104-00-03
0,a05-062-08-03
0,a05-089-01-00
0,a05-073-02-04
0,a01-113u-10-03
0,a01-113u-09-00
0,a03-073-03-03
0,a01-003u-00-04
0,a01-117u-00-08
0,a01-087u-00-01
0,a01-117u-00-06
0,a05-000-04-02
0,a01-068u-04-02
0,a03-050-04-06
0,a03-050-08-01
0,a01-020u-03-04
0,a05-116-04-02
0,a05-013-05-05
0,a01-053u-05-06
0,a01-053u-07-04
0,a05-039-06-03
0,a01-107u-02-03
0,a05-048-10-06
0,a05-108-01-00
0,a05-073-09-06
0,a05-089-02-06
0,a05-113-00-07
0,a01-020u-06-00
0,a05-062-00-06
0,a01-014u-08-01
0,a05-094-06-00
0,a01-003u-06-04
0,a05-084-07-00
0,a01-053u-07-00
0,a01-113u-05-04
0,a05-073-07-03
0,a01-014u-03-00
0,a01-049x-04-04
0,a03-073-01-00
0,a05-099-00-04
0,a05-044-01-05
0,a01-020u-01-03
0,a01-020u-09-00
0,a01-014u-06-01
0,a01-063u-06-01
0,a01-082u-03-01
0,a01-077u-01-02
0,a01-003u-02-02
0,a03-071-02-07
0,a01-132x-05-07
0,a01-003u-10-08
0,a05-044-06-07
0,a03-050-03-01
0,a05-104-05-07
0,a01-117u-07-02
0,a01-020u-00-06
0,a01-030u-05-02
0,a01-011u-09-07
0,a01-007u-09-01
0,a05-073-02-00
0,a05-022-04-02
0,a01-113u-05-00
0,a05-099-06-01
0,a01-132u-06-02
0,a01-113u-03-05
0,a03-089-00-05
0,a01-014u-07-07
0,a05-104-01-05
0,a01-128u-08-05
0,a01-026u-09-05
0,a03-050-05-00
0,a03-050-07-03
0,a05-094-09-04
0,a01-087u-00-05
0,a01-087u-07-00
0,a01-087u-03-04
0,a01-128u-08-02
0,a01-053u-02-04
0,a01-043u-05-02
0,a01-102u-08-04
0,a03-050-04-04
0,a01-132u-00-05
0,a01-128u-08-06
0,a05-062-00-05
0,a05-025-09-01
0,a01-087u-08-04
0,a03-071-05-04
0,a05-058-02-02
0,a01-049x-09-04
0,a03-050-02-03
0,a05-017-05-05
0,a01-102u-08-03
0,a05-104-06-02
0,a05-039-10-05
0,a05-108-00-05
0,a01-122u-09-06
0,a01-082u-08-06
0,a05-039-08-01
0,a01-026u-05-04
0,a03-050-02-05
0,a01-107u-07-08
0,a01-128u-09-00
0,a01-077u-03-05
0,a05-058-05-05
0,a01-053u-07-06
0,a01-020u-07-03
0,a05-069-09-06
0,a05-108-05-04
0,a05-013-08-00
0,a01-063u-01-08
0,a01-072u-03-03
0,a03-050-03-00
0,a01-072u-02-02
0,a05-058-00-05
0,a01-058u-01-03
0,a01-122u-05-06
0,a05-048-03-07
0,a03-073-09-04
0,a05-094-04-06
0,a05-058-06-03
0,a01-053u-09-02
0,a01-007u-05-01
0,a01-068u-02-00
0,a01-128u-01-02
0,a05-053-08-02
0,a01-082u-00-03
0,a01-082u-00-02
0,a05-069-03-04
0,a01-077u-06-01
0,a01-053u-07-01
0,a05-013-08-02
0,a01-091u-04-02
0,a01-003u-09-00
0,a01-122u-04-07
0,a01-091u-09-01
0,a01-096u-05-09
0,a05-044-07-01
0,a05-044-01-04
0,a05-029-08-03
0,a01-091u-01-01
0,a05-000-06-05
0,a05-022-08-01
0,a01-043u-07-05
0,a01-014u-04-03
0,a03-073-11-04
0,a01-068u-01-02
0,a05-058-04-04
0,a03-050-07-04
0,a01-011u-00-00
0,a05-121-07-03
0,a05-044-08-04
0,a01-117u-09-01
0,a05-121-07-00
0,a05-029-04-01
0,a05-017-03-01
0,a05-099-03-01
0,a03-080-09-03
0,a05-062-08-02
0,a01-026u-00-00
0,a03-050-05-04
0,a01-020u-00-05
0,a01-117u-04-01
0,a05-069-04-01
0,a01-132u-01-02
0,a05-069-03-08
0,a01-007u-05-03
0,a01-053u-03-00
0,a05-121-01-01
0,a03-073-08-00
0,a03-080-01-05
0,a01-091u-07-01
0,a05-025-05-00
0,a01-003u-00-02
0,a05-080-03-02
0,a01-068u-07-07
0,a05-025-06-02
0,a01-000u-04-05
0,a01-072u-04-05
0,a05-029-00-00
0,a05-125-00-03
0,a05-025-07-05
0,a01-026u-03-00
0,a01-007u-00-06
0,a05-116-06-07
0,a05-000-07-01
0,a01-128u-08-04
0,a01-128u-00-06
0,a05-000-00-06
0,a05-104-05-08
0,a01-102u-06-06
0,a01-117u-03-06
0,a05-048-06-06
0,a01-053u-05-04
0,a01-014u-07-02
0,a05-058-00-03
0,a01-132x-03-00
0,a01-049u-00-01
0,a01-132u-01-05
0,a01-096u-00-00
0,a01-087u-06-00
0,a05-069-04-05
0,a01-122u-06-00
0,a05-125-01-04
0,a01-011u-06-03
0,a05-084-04-05
0,a01-091u-02-04
0,a01-003u-10-04
0,a01-082u-05-05
0,a01-132u-00-01
0,a05-053-07-02
0,a01-030u-06-02
0,a05-099-00-03
0,a01-063u-03-01
0,a01-007u-04-06
0,a05-048-01-03
0,a01-091u-05-01
0,a01-122u-03-02
0,a01-077u-05-02
0,a05-104-09-00
0,a01-049x-06-00
0,a01-091u-07-04
0,a01-058u-07-02
0,a05-048-08-00
0,a05-025-10-00
0,a01-014u-06-04
0,a05-048-10-08
0,a01-063u-05-01
0,a01-063u-07-01
0,a05-116-07-02
0,a05-121-06-01
0,a05-048-05-01
0,a05-094-10-00
0,a01-026u-08-02
0,a05-080-03-03
0,a01-007u-05-02
0,a05-053-07-01
0,a01-107u-05-03
0,a05-062-08-00
0,a03-080-05-06
0,a05-089-05-01
0,a03-073-03-05
0,a05-089-03-04
0,a05-048-10-00
0,a01-020u-01-05
0,a01-096u-05-08
0,a01-087u-03-01
0,a01-072u-07-00
0,a05-108-00-04
0,a03-050-02-02
0,a01-122u-03-08
0,a05-073-08-06
0,a01-007u-04-02
0,a01-049x-02-05
0,a05-062-08-04
0,a05-039-08-07
0,a01-122u-05-05
0,a05-013-01-01
0,a05-108-00-00
0,a01-011u-08-00
0,a05-053-05-07
0,a05-080-05-06
0,a05-022-05-05
0,a01-043u-01-05
0,a05-116-00-01
0,a05-099-04-06
0,a01-030u-01-04
0,a05-053-08-01
0,a05-058-06-04
0,a01-063u-05-00
0,a01-128u-02-04
0,a01-049u-04-01
0,a01-058u-06-09
0,a05-069-01-03
0,a05-099-06-03
0,a01-011u-05-07
0,a05-099-03-00
0,a05-029-06-00
0,a01-117u-10-00
0,a01-102u-01-07
0,a05-094-10-05
0,a05-062-08-06
0,a01-049x-09-06
0,a01-030u-06-06
0,a01-113u-09-07
0,a01-117u-03-01
0,a01-128u-08-01
0,a01-020u-05-05
0,a01-117u-04-06
0,a03-073-08-03
0,a05-017-04-00
0,a05-094-00-05
0,a01-087u-07-01
0,a05-113-04-03
0,a05-053-03-01
0,a03-089-02-00
0,a05-017-06-01
0,a01-096u-02-03
0,a01-072u-07-06
0,a01-007u-08-02
0,a03-073-06-02
0,a05-084-08-05
0,a01-053u-02-01
0,a01-058u-05-03
0,a05-025-00-00
0,a01-020u-01-02
0,a01-068u-02-04
0,a01-043u-04-00
0,a01-043u-06-08
0,a01-049u-10-04
0,a01-007u-02-01
0,a01-030u-04-00
0,a05-089-06-03
0,a05-013-07-05
0,a01-026u-03-04
0,a01-132x-08-01
0,a01-068u-05-00
0,a03-080-06-04
0,a05-094-09-05
0,a01-132x-01-00
0,a03-080-08-00
0,a01-049u-01-01
0,a05-025-06-01
0,a05-094-05-00
0,a01-117u-10-03
0,a01-128u-08-00
0,a01-107u-05-06
0,a05-044-02-04
0,a01-132x-06-06
0,a01-113u-02-05
0,a05-116-05-01
0,a05-029-02-00
0,a05-084-09-04
0,a01-063u-04-07
0,a01-132u-08-01
0,a01-030u-09-00
0,a05-025-01-02
0,a01-128u-02-02
0,a05-044-02-00
0,a01-077u-02-05
0,a01-107u-07-04
0,a05-044-03-05
0,a05-017-09-02
0,a01-132x-02-06
0,a05-022-04-00
0,a01-107u-03-07
0,a05-125-07-00
0,a05-099-04-05
0,a01-026u-02-01
0,a03-071-00-03
0,a05-099-08-00
0,a01-122u-00-07
0,a01-107u-06-01
0,a01-049x-10-01
0,a05-108-02-01
0,a05-044-00-05
0,a01-122u-01-03
0,a05-022-03-06
0,a05-048-10-07
0,a05-029-03-02
0,a01-132u-07-06
0,a01-132u-06-04
0,a05-089-07-04
0,a01-072u-00-07
0,a01-063u-01-05
0,a01-113u-09-08
0,a05-121-09-02
0,a03-073-01-06
0,a05-017-00-01
0,a03-080-00-03
0,a05-000-03-01
0,a01-058u-02-03
0,a05-069-09-00
0,a01-087u-04-00
0,a05-048-02-05
0,a05-108-03-00
0,a05-116-05-03
0,a05-121-02-06
0,a01-026u-06-05
0,a05-029-09-02
0,a05-089-05-05
0,a01-063u-01-02
0,a03-050-06-00
0,a01-030u-00-03
0,a05-073-01-02
0,a05-044-00-01
0,a01-113u-03-04
0,a03-073-09-06
0,a05-053-09-03
0,a01-132x-00-05
0,a01-082u-08-02
0,a01-132x-01-02
0,a01-026u-00-03
0,a01-049x-08-04
0,a05-013-02-04
0,a03-080-05-02
0,a05-089-04-01
0,a03-073-05-00
0,a05-125-00-04
0,a05-094-00-02
0,a03-073-09-01
0,a05-000-01-02
0,a05-089-01-04
0,a05-044-01-06
0,a05-116-01-02
0,a01-014u-07-00
0,a05-000-07-04
0,a01-102u-03-06
0,a05-025-03-07
0,a05-044-03-03
0,a01-049x-06-05
0,a05-048-03-00
0,a01-058u-05-01
0,a05-039-01-04
0,a01-122u-08-07
0,a01-132u-02-04
0,a05-048-08-04
0,a01-117u-00-01
0,a05-073-02-08
0,a05-073-00-05
0,a05-080-00-03
0,a05-125-04-05
0,a01-122u-01-02
0,a01-049x-03-07
0,a01-014u-06-03
0,a01-011u-07-04
0,a03-073-02-01
0,a05-094-03-03
0,a01-003u-00-00
0,a01-082u-01-05
0,a01-072u-02-00
0,a01-091u-04-06
0,a01-026u-04-00
0,a01-107u-02-02
0,a01-096u-05-05
0,a05-108-03-04
0,a01-026u-00-04
0,a01-117u-10-01
0,a01-020u-02-06
0,a01-053u-01-00
0,a01-091u-02-02
0,a03-073-02-00
0,a05-094-04-04
0,a05-094-01-08
0,a01-063u-08-00
0,a03-050-04-01
0,a03-080-06-00
0,a01-072u-03-02
0,a05-073-02-06
0,a01-132x-05-00
0,a03-073-05-01
0,a05-073-04-03
0,a01-053u-09-01
0,a01-128u-02-01
0,a01-020u-03-00
0,a03-071-07-04
0,a01-014u-05-05
0,a05-084-05-02
0,a05-022-01-00
0,a01-000u-00-02
0,a01-003u-05-04
0,a05-099-00-00
0,a01-063u-04-02
0,a01-014u-03-05
0,a05-108-01-06
0,a05-029-03-04
0,a05-084-02-04
0,a01-113u-07-02
0,a05-089-06-08
0,a01-026u-08-04
0,a01-113u-10-01
0,a01-053u-06-02
0,a05-094-02-01
0,a01-122u-06-07
0,a01-049u-03-04
0,a01-030u-03-07
0,a03-080-08-05
0,a01-030u-00-00
0,a05-017-02-00
0,a05-048-04-05
0,a03-073-01-01
0,a05-058-05-01
0,a05-058-01-03
0,a05-053-06-01
0,a01-096u-06-04
0,a05-069-05-02
0,a01-049x-01-00
0,a05-113-07-04
0,a05-022-03-03
0,a01-014u-03-07
0,a01-102u-07-04
0,a05-029-07-02
0,a05-116-06-03
0,a05-125-00-02
0,a05-104-00-05
0,a01-087u-02-04
0,a01-020u-03-07
0,a01-063u-03-00
0,a05-099-02-10
0,a05-058-02-00
0,a01-082u-07-01
0,a05-094-04-00
0,a03-080-00-01
0,a01-063u-01-04
0,a03-080-05-00
0,a05-013-02-00
0,a05-084-02-06
0,a05-113-02-03
0,a01-003u-08-04
0,a01-096u-00-02
0,a05-089-05-02
0,a05-022-07-05
0,a01-053u-08-05
0,a05-025-08-05
0,a05-044-00-02
0,a05-125-04-00
0,a05-121-02-03
0,a05-000-06-03
0,a05-084-07-02
0,a01-026u-07-06
0,a01-058u-07-01
0,a05-025-09-04
0,a01-117u-01-03
0,a05-073-06-06
0,a01-113u-01-04
0,a01-113u-00-02
0,a01-026u-06-01
0,a01-011u-04-00
0,a05-017-10-01
0,a01-082u-06-01
0,a01-117u-08-02
0,a03-071-00-10
0,a05-029-08-04
0,a01-132x-06-05
0,a05-053-08-05
0,a01-072u-05-07
0,a01-091u-00-04
0,a05-053-03-00
0,a05-017-06-03
0,a01-000u-06-00
0,a01-102u-02-04
0,a01-122u-09-00
0,a01-003u-07-02
0,a01-030u-06-05
0,a05-069-05-01
0,a01-014u-04-00
0,a01-072u-01-05
0,a05-013-07-02
0,a01-003u-01-00
0,a05-062-02-01
0,a05-089-01-05
0,a03-050-08-02
0,a01-132x-01-01
0,a01-053u-06-03
0,a01-107u-06-04
0,a01-117u-04-04
0,a05-017-03-05
0,a05-113-06-03
0,a01-132x-07-01
0,a05-029-00-07
0,a01-007u-07-01
0,a01-082u-04-01
0,a01-007u-00-04
0,a05-125-05-03
0,a01-003u-08-05
0,a01-030u-08-03
0,a05-022-01-02
0,a05-025-01-00
0,a01-091u-07-06
0,a01-058u-06-01
0,a05-094-00-00
0,a01-030u-05-00
0,a01-053u-09-05
0,a01-077u-07-00
0,a01-030u-03-04
0,a01-030u-07-00
0,a05-073-06-04
0,a01-026u-05-01
0,a05-039-06-04
0,a01-087u-08-00
0,a01-003u-06-01
0,a01-107u-00-02
0,a05-048-08-02
0,a05-099-04-00
0,a03-071-06-01
0,a05-113-05-04
0,a05-073-08-04
0,a01-077u-07-07
0,a05-125-03-00
0,a05-058-02-05
0,a05-099-05-02
0,a05-025-10-02
0,a05-022-04-05
0,a01-063u-03-02
0,a01-102u-08-00
0,a05-053-08-03
0,a01-132u-07-03
0,a01-091u-04-05
0,a01-068u-00-05
0,a05-113-01-01
0,a05-113-01-05
0,a05-099-05-03
0,a03-073-00-00
0,a05-069-09-01
0,a05-094-08-04
0,a01-000u-00-06
0,a05-080-05-02
0,a05-113-00-03
0,a05-089-06-06
0,a05-104-05-05
0,a01-091u-01-05
0,a05-099-02-09
0,a05-121-06-00
0,a05-094-05-02
0,a05-113-04-04
0,a01-049u-06-02
0,a01-117u-04-03
0,a01-107u-05-00
0,a01-007u-08-05
0,a01-077u-03-00
0,a01-122u-09-02
0,a05-094-03-06
0,a01-003u-07-00
0,a05-084-07-04
0,a01-113u-00-04
0,a05-108-02-02
0,a05-022-00-00
0,a05-084-01-03
0,a05-084-04-06
0,a05-058-06-01
0,a05-073-09-07
0,a01-058u-02-02
0,a01-072u-07-07
0,a05-084-05-03
0,a01-096u-04-03
0,a05-089-04-06
0,a01-117u-01-04
0,a05-039-01-05
0,a01-077u-02-02
0,a01-072u-02-04
0,a05-089-06-00
0,a01-122u-04-06
0,a05-069-04-03
0,a01-091u-02-01
0,a01-117u-06-04
0,a05-053-10-02
0,a01-128u-00-05
0,a05-073-07-00
0,a05-089-09-01
0,a01-000u-01-05
0,a05-025-09-03
0,a01-113u-09-04
0,a05-073-04-06
0,a01-107u-06-00
0,a05-000-00-03
0,a05-022-02-06
0,a01-014u-03-09
0,a03-080-08-04
0,a01-113u-07-00
0,a01-107u-03-00
0,a05-000-04-00
0,a01-132u-06-01
0,a01-132x-02-08
0,a05-022-06-02
0,a01-068u-01-03
0,a05-116-04-07
0,a01-068u-07-03
0,a01-077u-08-01
0,a01-053u-03-03
0,a01-014u-07-04
0,a03-071-02-06
0,a05-048-05-03
0,a01-058u-06-00
0,a03-071-07-02
0,a05-053-04-02
0,a01-030u-08-00
0,a05-000-03-04
0,a01-000u-00-01
0,a05-084-05-06
0,a01-068u-09-02
0,a01-091u-00-03
0,a01-102u-06-03
0,a01-026u-01-06
0,a01-003u-09-05
0,a03-073-00-02
0,a01-068u-02-02
0,a05-084-06-01
0,a05-029-02-05
0,a03-080-07-03
0,a05-125-06-02
0,a01-077u-02-04
0,a05-017-05-06
0,a05-125-00-01
0,a01-026u-04-04
0,a01-020u-02-02
0,a01-082u-06-00
0,a05-094-01-02
0,a01-030u-09-06
0,a01-077u-06-07
0,a05-025-07-04
0,a01-132x-04-03
0,a01-020u-06-05
0,a05-039-07-05
0,a05-017-03-03
0,a05-039-10-07
0,a01-087u-05-02
0,a01-058u-08-06
0,a01-049u-10-06
0,a01-077u-05-01
0,a01-003u-08-01
0,a05-125-03-04
0,a03-071-02-00
0,a01-049u-10-03
0,a03-050-02-07
0,a03-071-00-05
0,a05-094-02-02
0,a01-132u-08-02
0,a01-014u-07-06
0,a01-113u-00-05
0,a05-000-05-05
0,a01-122u-04-04
0,a01-014u-06-02
0,a05-073-08-02
0,a05-025-08-04
0,a05-108-07-05
0,a05-029-02-04
0,a01-030u-05-04
0,a05-048-00-01
0,a01-007u-00-01
0,a05-104-02-05
0,a01-113u-06-05
0,a01-011u-03-05
0,a01-107u-04-08
0,a01-117u-02-07
0,a05-116-03-00
0,a01-020u-08-02
0,a03-050-08-00
0,a01-132x-00-04
0,a01-020u-08-04
0,a05-013-06-00
0,a01-128u-09-01
0,a05-029-05-02
0,a05-080-03-04
0,a01-058u-08-02
0,a01-007u-03-06
0,a01-020u-04-02
0,a05-000-03-07
0,a01-053u-03-06
0,a05-125-02-06
0,a01-063u-05-06
0,a01-068u-02-06
0,a05-104-06-01
0,a05-108-02-03
0,a01-087u-07-02
0,a01-049u-02-04
0,a05-116-07-07
0,a01-014u-07-01
0,a01-007u-07-05
0,a01-128u-03-06
0,a03-080-09-06
0,a05-000-06-04
0,a01-113u-07-01
0,a05-113-08-04
0,a01-113u-03-03
0,a01-122u-04-00
0,a05-058-03-06
0,a01-113u-05-03
0,a01-091u-05-07
0,a05-048-07-01
0,a05-058-00-01
0,a01-117u-09-00
0,a05-116-00-06
0,a01-020u-04-07
0,a05-116-00-04
0,a05-039-02-02
0,a01-049x-08-06
0,a01-011u-04-06
0,a01-053u-02-05
0,a05-069-01-01
0,a01-007u-08-00
0,a05-099-01-05
0,a05-017-05-00
0,a05-073-00-01
0,a05-113-07-02
0,a05-113-00-06
0,a01-049u-07-03
0,a05-022-03-01
0,a05-044-04-01
0,a05-094-03-05
0,a05-017-05-01
0,a03-089-03-01
0,a03-073-05-05
0,a03-073-08-04
0,a01-077u-06-03
0,a01-058u-07-00
0,a01-113u-00-03
0,a01-113u-01-00
0,a05-039-06-02
0,a01-107u-04-05
0,a01-072u-00-05
0,a05-058-02-07
0,a05-084-05-07
0,a01-063u-06-03
0,a05-080-01-04
0,a01-117u-07-06
0,a05-125-07-01
0,a03-080-03-01
0,a01-072u-08-00
0,a05-048-04-07
0,a05-094-06-04
0,a05-017-01-04
0,a05-048-04-01
0,a05-125-06-04
0,a01-132x-08-00
0,a05-062-00-02
0,a01-132u-06-00
0,a01-113u-04-07
0,a05-073-05-00
0,a05-069-04-08
0,a01-000u-00-03
0,a05-039-07-00
0,a05-069-03-05
0,a01-102u-04-06
0,a05-022-08-02
0,a01-026u-08-05
0,a03-080-00-00
0,a01-117u-06-06
0,a05-058-08-01
0,a01-063u-08-05
0,a05-000-02-05
0,a05-113-05-03
0,a01-007u-03-03
0,a03-071-03-01
0,a05-125-01-00
0,a05-121-08-07
0,a05-044-10-02
0,a01-003u-02-00
0,a01-128u-03-04
0,a01-053u-04-06
0,a05-025-08-03
0,a05-025-04-00
0,a03-073-00-05
0,a01-007u-03-09
0,a05-094-06-05
0,a01-020u-07-01
0,a05-099-00-02
0,a01-132x-07-03
0,a05-080-01-03
0,a05-053-00-05
0,a01-020u-04-01
0,a01-011u-09-03
0,a01-053u-09-06
0,a05-029-09-00
0,a01-128u-04-05
0,a01-011u-02-06
0,a01-049x-09-07
0,a01-049u-02-03
0,a01-049u-09-07
0,a01-011u-08-02
0,a05-080-02-04
0,a05-039-03-01
0,a01-049x-06-04
0,a01-007u-08-06
0,a01-020u-05-02
0,a05-069-09-02
0,a01-107u-03-05
0,a01-072u-00-06
0,a01-020u-02-03
0,a01-091u-08-06
0,a01-087u-01-00
0,a03-050-03-07
0,a05-089-09-02
0,a05-017-03-02
0,a03-089-00-02
0,a05-048-02-04
0,a05-073-09-02
0,a05-053-07-00
0,a05-053-02-03
0,a01-087u-06-02
0,a01-082u-01-02
0,a01-087u-04-01
0,a05-062-06-05
0,a01-132x-03-03
0,a01-117u-08-00
0,a05-062-02-06
0,a01-132x-05-03
0,a01-107u-00-01
0,a01-068u-08-01
0,a05-039-06-06
0,a01-091u-08-05
0,a01-132x-06-03
0,a05-099-07-05
0,a05-048-09-03
0,a03-050-02-04
0,a05-058-02-01
0,a01-058u-05-00
0,a03-073-04-04
0,a05-116-03-03
0,a01-049x-03-06
0,a01-102u-03-01
0,a01-011u-05-04
0,a01-117u-06-02
0,a01-113u-02-07
0,a05-029-07-01
0,a01-058u-00-04
0,a01-011u-02-02
0,a01-102u-06-09
0,a01-043u-01-03
0,a05-089-04-07
0,a01-049u-07-05
0,a03-071-05-06
0,a01-072u-04-06
0,a01-113u-03-02
0,a05-099-08-06
0,a05-116-06-06
0,a05-044-08-02
0,a01-003u-02-04
0,a01-058u-08-01
0,a01-007u-07-02
0,a01-091u-09-00
0,a05-116-01-07
0,a05-080-06-05
0,a05-080-03-01
0,a01-049u-09-03
0,a05-121-03-05
0,a01-007u-00-00
0,a05-053-05-03
0,a05-017-04-04
0,a01-063u-07-04
0,a01-122u-07-05
0,a03-073-01-04
0,a01-132u-07-04
0,a05-080-01-02
0,a01-128u-03-07
0,a01-072u-07-05
0,a05-048-09-05
0,a01-077u-06-04
0,a05-029-03-06
0,a01-096u-09-03
0,a05-116-01-06
0,a05-113-05-08
0,a05-073-06-02
0,a01-132u-02-01
0,a05-084-01-05
0,a01-000u-00-00
0,a05-022-03-05
0,a01-011u-09-04
0,a03-073-06-03
0,a05-080-06-04
0,a01-053u-09-07
0,a05-108-05-07
0,a01-053u-07-02
0,a01-113u-02-02
0,a01-053u-09-03
0,a01-063u-06-02
0,a05-029-06-04
0,a05-022-04-06
0,a01-117u-09-05
0,a05-048-01-00
0,a01-113u-10-02
0,a01-102u-07-06
0,a01-049x-04-05
0,a03-050-03-03
0,a05-113-00-04
0,a05-029-00-02
0,a01-000u-02-05
0,a05-053-07-03
0,a01-049u-05-01
0,a05-104-04-00
0,a01-091u-07-03
0,a01-049u-09-00
0,a03-080-06-03
0,a05-121-04-06
0,a01-000u-00-04
0,a03-073-06-05
0,a01-014u-07-05
0,a01-082u-04-04
0,a01-132u-04-05
0,a05-099-05-04
0,a05-104-01-01
0,a01-043u-02-00
0,a03-073-10-04
0,a05-025-05-05
0,a05-108-03-01
0,a05-053-08-04
0,a05-000-01-01
0,a01-026u-05-05
0,a01-068u-05-02
0,a01-113u-04-01
0,a05-125-01-02
0,a01-102u-03-11
0,a01-026u-10-03
0,a01-077u-05-04
0,a01-063u-02-00
0,a01-132x-02-07
0,a05-017-06-05
0,a01-014u-07-03
0,a01-030u-09-02
0,a01-096u-04-00
0,a01-132u-01-06
0,a05-044-04-03
0,a05-121-05-02
0,a01-068u-03-02
0,a01-011u-09-05
0,a05-113-08-01
0,a01-014u-05-03
0,a01-132u-09-00
0,a01-068u-03-01
0,a05-058-07-00
0,a01-107u-00-00
0,a05-062-08-01
0,a01-117u-10-05
0,a01-063u-08-02
0,a03-080-08-06
0,a01-063u-03-05
0,a05-073-08-05
0,a05-116-05-04
0,a05-062-00-03
0,a05-099-03-04
0,a05-099-02-01
0,a01-014u-01-01
0,a03-050-04-02
0,a05-044-01-03
0,a01-068u-00-03
0,a01-077u-03-02
0,a01-082u-00-06
0,a05-080-01-01
0,a05-058-06-02
0,a01-087u-05-06
0,a01-113u-04-06
0,a01-011u-04-02
0,a01-014u-04-01
0,a05-113-02-00
0,a01-113u-09-06
0,a05-044-07-05
0,a01-132x-04-04
0,a01-063u-02-02
0,a01-063u-02-03
0,a05-044-08-00
0,a05-048-03-08
0,a03-073-04-05
0,a05-022-05-04
0,a05-125-03-01
0,a05-048-09-02
0,a01-011u-08-04
0,a01-030u-04-03
0,a01-091u-00-08
0,a01-063u-04-03
0,a05-048-05-04
0,a05-029-05-06
0,a05-000-06-01
0,a01-077u-01-09
0,a01-043u-09-00
0,a01-132u-00-06
0,a01-107u-07-00
0,a05-053-00-01
0,a01-087u-02-02
0,a05-121-03-01
0,a01-049x-08-02
0,a01-102u-02-02
0,a01-026u-02-04
0,a01-087u-08-01
0,a05-044-07-07
0,a01-049x-06-01
0,a01-096u-07-04
0,a01-072u-01-02
0,a05-094-08-02
0,a01-053u-08-04
0,a01-122u-03-05
0,a05-039-08-03
0,a01-003u-06-07
0,a01-087u-05-07
0,a03-073-06-04
0,a01-117u-07-04
0,a01-049x-05-01
0,a05-094-00-03
0,a01-063u-03-06
0,a01-020u-02-00
0,a05-108-07-02
0,a03-071-00-07
0,a01-063u-02-04
0,a01-132u-04-04
0,a05-039-05-01
0,a01-082u-05-00
0,a01-003u-08-02
0,a05-022-05-02
0,a05-073-07-08
0,a05-025-10-01
0,a01-049x-09-01
0,a01-043u-05-00
0,a05-108-07-06
0,a01-122u-08-01
0,a05-039-02-05
0,a05-013-06-06
0,a05-094-04-08
0,a05-058-03-02
0,a05-089-10-00
0,a01-102u-03-10
0,a01-043u-08-00
0,a05-039-10-00
0,a01-132u-06-05
0,a01-058u-07-03
0,a05-022-02-07
0,a01-020u-08-06
0,a01-007u-01-05
0,a01-102u-04-04
0,a01-132u-07-02
0,a05-025-01-06
0,a01-082u-08-05
0,a01-003u-10-00
0,a03-080-01-02
0,a05-104-06-03
0,a01-122u-08-00
0,a05-099-04-01
0,a01-117u-10-02
0,a01-003u-04-05
0,a05-080-02-00
0,a05-069-03-02
0,a05-116-04-06
0,a05-116-07-04
0,a05-089-03-02
0,a01-082u-09-03
0,a01-020u-02-07
0,a01-014u-04-05
0,a05-080-08-02
0,a01-132x-01-06
0,a05-094-02-08
0,a01-072u-07-04
0,a01-082u-03-03
0,a03-080-05-04
0,a01-007u-03-00
0,a01-072u-07-02
0,a01-026u-06-04
0,a01-049x-02-04
0,a05-073-07-01
0,a01-011u-07-06
0,a01-053u-08-06
0,a05-089-00-06
0,a05-013-05-00
1,a01-072x-02-04
1,a01-000x-03-03
1,a01-000x-03-08
1,a01-000x-02-07
1,a01-000x-01-04
1,a01-000x-01-03
1,a01-072x-00-02
1,a01-000x-05-00
1,a01-000x-01-06
1,a01-000x-05-03
1,a01-000x-01-09
1,a01-072x-03-06
1,a01-072x-02-02
1,a01-072x-04-03
1,a01-000x-04-00
1,a01-000x-05-04
1,a01-000x-04-05
1,a01-072x-02-06
1,a01-000x-02-02
1,a01-072x-04-01
1,a01-000x-03-00
1,a01-000x-01-02
1,a01-000x-04-08
1,a01-072x-07-02
1,a01-072x-07-01
1,a01-072x-01-01
1,a01-072x-03-01
1,a01-000x-01-05
1,a01-072x-03-05
1,a01-072x-00-01
1,a01-000x-02-00
1,a01-072x-00-03
1,a01-072x-04-04
1,a01-000x-00-00
1,a01-000x-03-01
1,a01-072x-01-04
1,a01-000x-01-01
1,a01-072x-01-02
1,a01-000x-00-04
1,a01-072x-03-08
1,a01-072x-01-05
1,a01-000x-01-07
1,a01-000x-02-04
1,a01-072x-03-02
1,a01-000x-03-04
1,a01-072x-02-03
1,a01-072x-00-04
1,a01-072x-03-07
1,a01-000x-04-02
1,a01-000x-04-04
1,a01-000x-04-10
1,a01-072x-01-00
1,a01-000x-04-03
1,a01-072x-02-00
1,a01-000x-04-07
1,a01-000x-03-06
1,a01-000x-01-00
1,a01-072x-00-05
1,a01-072x-01-07
1,a01-072x-04-06
1,a01-000x-01-08
1,a01-072x-04-07
1,a01-000x-02-03
1,a01-072x-00-08
1,a01-000x-04-01
1,a01-072x-03-09
1,a01-072x-00-00
1,a01-072x-01-03
1,a01-000x-00-06
1,a01-072x-02-01
1,a01-072x-03-03
1,a01-000x-04-09
1,a01-000x-00-02
1,a01-072x-04-08
1,a01-072x-04-02
1,a01-000x-05-01
1,a01-000x-03-02
1,a01-072x-04-00
1,a01-072x-04-09
1,a01-000x-02-01
1,a01-072x-07-00
1,a01-072x-04-05
1,a01-000x-00-03
1,a01-000x-00-07
1,a01-000x-04-06
1,a01-000x-03-07
1,a01-072x-03-04
1,a01-000x-02-06
1,a01-072x-00-07
1,a01-000x-05-02
1,a01-072x-03-00
1,a01-000x-01-10
1,a01-000x-03-05
1,a01-000x-00-01
1,a01-072x-00-06
1,a01-000x-02-05
1,a01-072x-01-06
2,a01-003-08-01
2,a01-003-06-06
2,a01-003-06-05
2,a01-003-10-01
2,a01-003-07-07
2,a01-003-02-03
2,a01-003-01-06
2,a01-003-00-05
2,a01-003-05-05
2,a01-003-03-07
2,a01-003-04-02
2,a01-003-07-05
2,a01-003-03-01
2,a01-003-03-00
2,a01-003-07-01
2,a01-003-08-03
2,a01-003-05-03
2,a01-003-10-00
2,a01-003-03-02
2,a01-003-05-06
2,a01-003-05-01
2,a01-003-08-06
2,a01-003-02-00
2,a01-003-03-06
2,a01-003-00-06
2,a01-003-03-04
2,a01-003-00-03
2,a01-003-02-01
2,a01-003-00-08
2,a01-003-08-00
2,a01-003-08-02
2,a01-003-04-01
2,a01-003-00-00
2,a01-003-04-05
2,a01-003-01-03
2,a01-003-05-04
2,a01-003-01-05
2,a01-003-01-02
2,a01-003-05-02
2,a01-003-02-04
2,a01-003-01-01
2,a01-003-01-04
2,a01-003-03-05
2,a01-003-04-00
2,a01-003-01-00
2,a01-003-07-00
2,a01-003-00-01
2,a01-003-00-02
2,a01-003-06-01
2,a01-003-03-03
2,a01-003-06-00
2,a01-003-08-05
2,a01-003-04-04
2,a01-003-06-03
2,a01-003-01-07
2,a01-003-00-04
2,a01-003-02-06
2,a01-003-07-02
2,a01-003-05-00
2,a01-003-07-03
2,a01-003-02-02
2,a01-003-08-07
2,a01-003-08-04
2,a01-003-04-03
2,a01-003-05-07
2,a01-003-06-04
2,a01-003-02-05
2,a01-003-07-04
2,a01-003-00-07
3,a01-007x-07-02
3,a01-003x-01-07
3,a01-007x-04-07
3,a01-007x-04-05
3,a01-007x-01-03
3,a01-003x-04-07
3,a01-007x-07-07
3,a01-007x-03-05
3,a01-007x-03-06
3,a01-007x-00-02
3,a01-007x-06-06
3,a01-003x-08-08
3,a01-007x-03-02
3,a01-007x-07-06
3,a01-003x-08-00
3,a01-003x-07-02
3,a01-003x-01-00
3,a01-007x-01-06
3,a01-007x-02-00
3,a01-003x-05-07
3,a01-007x-00-04
3,a01-007x-04-01
3,a01-003x-07-07
3,a01-003x-07-03
3,a01-003x-01-04
3,a01-007x-04-03
3,a01-007x-07-01
3,a01-003x-07-01
3,a01-007x-05-04
3,a01-003x-07-08
3,a01-003x-06-06
3,a01-003x-04-00
3,a01-003x-01-03
3,a01-003x-01-05
3,a01-007x-06-04
3,a01-003x-07-05
3,a01-007x-07-03
3,a01-007x-05-05
3,a01-003x-05-00
3,a01-003x-05-08
3,a01-007x-04-04
3,a01-003x-05-03
3,a01-007x-05-01
3,a01-007x-01-01
3,a01-007x-01-07
3,a01-003x-01-02
3,a01-007x-00-08
3,a01-003x-04-05
3,a01-007x-02-04
3,a01-007x-07-09
3,a01-003x-01-06
3,a01-003x-04-06
3,a01-007x-03-03
3,a01-007x-04-06
3,a01-007x-04-00
3,a01-003x-08-04
3,a01-007x-05-03
3,a01-003x-04-08
3,a01-003x-06-05
3,a01-003x-06-07
3,a01-003x-05-04
3,a01-007x-00-00
3,a01-007x-03-00
3,a01-007x-02-02
3,a01-007x-05-06
3,a01-007x-07-04
3,a01-007x-00-03
3,a01-003x-08-01
3,a01-007x-00-05
3,a01-007x-06-00
3,a01-007x-06-01
3,a01-007x-01-00
3,a01-007x-06-03
3,a01-007x-02-07
3,a01-007x-06-02
3,a01-003x-06-00
3,a01-003x-07-06
3,a01-003x-01-01
3,a01-007x-03-07
3,a01-007x-01-02
3,a01-003x-05-01
3,a01-003x-07-04
3,a01-003x-06-08
3,a01-007x-03-04
3,a01-003x-05-05
3,a01-007x-03-01
3,a01-003x-07-00
3,a01-007x-07-00
3,a01-007x-07-05
3,a01-003x-04-03
3,a01-007x-01-04
3,a01-003x-08-02
3,a01-003x-05-02
3,a01-007x-02-06
3,a01-003x-04-01
3,a01-003x-06-01
3,a01-007x-00-01
3,a01-007x-05-02
3,a01-007x-02-01
3,a01-003x-05-06
3,a01-003x-01-08
3,a01-007x-07-08
3,a01-007x-04-02
3,a01-003x-08-03
3,a01-007x-02-03
3,a01-007x-06-08
3,a01-007x-00-07
3,a01-003x-04-02
3,a01-003x-08-09
3,a01-003x-08-05
3,a01-003x-04-04
3,a01-007x-00-06
3,a01-007x-02-05
3,a01-003x-08-07
3,a01-007x-06-07
3,a01-007x-03-08
3,a01-007x-03-09
3,a01-007x-06-05
3,a01-003x-08-06
3,a01-003x-06-02
3,a01-003x-04-09
3,a01-007x-01-05
3,a01-003x-06-03
4,a01-007-01-01
4,a01-007-07-03
4,a01-007-03-08
4,a01-007-02-05
4,a01-007-04-00
4,a01-007-06-05
4,a01-007-08-04
4,a01-007-07-07
4,a01-007-05-03
4,a01-007-03-00
4,a01-007-03-07
4,a01-007-03-05
4,a01-007-05-05
4,a01-007-02-03
4,a01-007-01-03
4,a01-007-02-01
4,a01-007-07-02
4,a01-007-06-04
4,a01-007-07-06
4,a01-007-00-05
4,a01-007-08-00
4,a01-007-03-06
4,a01-007-05-01
4,a01-007-08-06
4,a01-007-06-03
4,a01-007-03-03
4,a01-007-02-06
4,a01-007-03-04
4,a01-007-01-02
4,a01-007-00-04
4,a01-007-03-09
4,a01-007-08-03
4,a01-007-07-05
4,a01-007-04-05
4,a01-007-04-02
4,a01-007-00-01
4,a01-007-07-01
4,a01-007-08-01
4,a01-007-08-02
4,a01-007-02-04
4,a01-007-04-01
4,a01-007-04-06
4,a01-007-00-00
4,a01-007-03-01
4,a01-007-07-00
4,a01-007-00-07
4,a01-007-02-02
4,a01-007-01-00
4,a01-007-03-02
4,a01-007-06-06
4,a01-007-05-04
4,a01-007-05-02
4,a01-007-04-04
4,a01-007-04-03
4,a01-007-01-06
4,a01-007-07-04
4,a01-007-06-02
4,a01-007-00-03
4,a01-007-05-00
4,a01-007-06-00
4,a01-007-08-05
4,a01-007-00-06
4,a01-007-02-00
4,a01-007-00-02
4,a01-007-01-04
4,a01-007-01-05
4,a01-007-04-07
4,a01-007-05-06
5,a01-011-06-07
5,a01-030-00-01
5,a01-011-05-05
5,a01-011-06-11
5,a01-030-00-05
5,a01-030-07-04
5,a01-030-06-01
5,a01-011-04-02
5,a01-030-06-07
5,a01-011-05-03
5,a01-030-06-11
5,a01-030-06-09
5,a01-011-00-07
5,a01-011-05-04
5,a01-011-00-06
5,a01-011-04-03
5,a01-011-00-00
5,a01-030-03-06
5,a01-011-02-09
5,a01-030-03-00
5,a01-011-04-04
5,a01-011-05-06
5,a01-011-03-04
5,a01-011-02-00
5,a01-011-06-00
5,a01-011-06-03
5,a01-030-00-03
5,a01-011-03-01
5,a01-011-02-03
5,a01-030-03-01
5,a01-011-00-03
5,a01-030-04-03
5,a01-011-03-05
5,a01-030-06-04
5,a01-030-03-09
5,a01-030-02-05
5,a01-030-00-08
5,a01-011-06-02
5,a01-011-04-01
5,a01-030-04-07
5,a01-030-04-05
5,a01-011-03-09
5,a01-030-02-12
5,a01-030-07-05
5,a01-030-02-02
5,a01-011-06-04
5,a01-030-02-01
5,a01-011-05-02
5,a01-030-07-06
5,a01-030-02-03
5,a01-030-03-02
5,a01-030-04-09
5,a01-030-02-10
5,a01-030-03-03
5,a01-011-02-04
5,a01-030-06-03
5,a01-030-04-02
5,a01-011-06-06
5,a01-030-00-02
5,a01-011-04-05
5,a01-011-03-08
5,a01-030-02-07
5,a01-030-06-06
5,a01-011-05-08
5,a01-011-04-00
5,a01-030-00-06
5,a01-030-03-08
5,a01-030-06-08
5,a01-030-03-07
5,a01-011-02-07
5,a01-011-06-05
5,a01-011-03-02
5,a01-011-03-10
5,a01-011-02-05
5,a01-011-06-08
5,a01-030-02-06
5,a01-030-07-01
5,a01-030-02-04
5,a01-011-06-10
5,a01-011-02-06
5,a01-030-04-00
5,a01-011-00-02
5,a01-030-03-05
5,a01-011-04-06
5,a01-030-04-06
5,a01-030-04-08
5,a01-011-00-04
5,a01-030-03-04
5,a01-011-04-07
5,a01-011-06-01
5,a01-011-02-02
5,a01-011-05-01
5,a01-030-04-04
5,a01-011-03-00
5,a01-030-06-00
5,a01-011-02-01
5,a01-030-06-02
5,a01-011-03-06
5,a01-030-07-07
5,a01-030-06-10
5,a01-030-02-09
5,a01-030-06-12
5,a01-030-02-00
5,a01-011-03-07
5,a01-030-00-00
5,a01-011-06-09
5,a01-030-06-05
5,a01-030-07-02
5,a01-011-05-00
5,a01-030-07-03
5,a01-030-07-00
5,a01-030-02-08
5,a01-011-03-03
5,a01-030-00-04
5,a01-030-00-07
5,a01-030-02-11
5,a01-011-05-07
5,a01-030-04-01
6,a01-011x-08-09
6,a01-011x-08-06
6,a01-011x-08-07
6,a01-011x-08-03
6,a01-011x-08-02
6,a01-011x-08-05
6,a01-011x-08-01
6,a01-011x-08-04
6,a01-011x-08-08
7,a01-038-00-00
7,a01-038-12-01
7,a01-014-02-04
7,a01-038-02-05
7,a01-014-03-07
7,a01-014-03-02
7,a01-014-01-01
7,a01-038-01-02
7,a01-014-00-04
7,a01-014-09-03
7,a01-038-09-07
7,a01-014-03-09
7,a01-038-03-04
7,a01-014-00-00
7,a01-014-05-03
7,a01-038-07-05
7,a01-014-08-03
7,a01-038-02-02
7,a01-038-11-01
7,a01-038-02-00
7,a01-014-05-05
7,a01-014-08-06
7,a01-038-05-06
7,a01-038-07-03
7,a01-014-04-07
7,a01-038-05-04
7,a01-014-08-01
7,a01-038-09-01
7,a01-038-08-01
7,a01-038-11-05
7,a01-014-03-08
7,a01-014-00-06
7,a01-038-10-04
7,a01-014-05-02
7,a01-014-00-01
7,a01-014-05-07
7,a01-038-09-08
7,a01-038-07-00
7,a01-014-05-06
7,a01-038-11-02
7,a01-014-00-05
7,a01-014-07-07
7,a01-038-01-04
7,a01-038-07-01
7,a01-038-11-03
7,a01-038-03-03
7,a01-014-01-03
7,a01-038-01-00
7,a01-014-01-00
7,a01-014-09-00
7,a01-038-02-01
7,a01-038-09-05
7,a01-014-02-05
7,a01-038-00-04
7,a01-038-02-04
7,a01-014-02-00
7,a01-014-08-05
7,a01-014-08-00
7,a01-038-06-04
7,a01-038-09-00
7,a01-014-07-00
7,a01-038-09-04
7,a01-038-09-06
7,a01-038-00-03
7,a01-038-06-00
7,a01-014-04-06
7,a01-014-02-01
7,a01-014-08-02
7,a01-038-05-00
7,a01-014-09-02
7,a01-038-01-03
7,a01-038-10-01
7,a01-014-04-01
7,a01-038-03-00
7,a01-014-04-04
7,a01-014-05-04
7,a01-038-03-01
7,a01-014-01-04
7,a01-038-11-00
7,a01-014-07-02
7,a01-014-02-07
7,a01-038-03-05
7,a01-038-07-02
7,a01-014-07-06
7,a01-014-03-06
7,a01-014-03-03
7,a01-014-08-04
7,a01-038-06-01
7,a01-038-07-04
7,a01-038-00-01
7,a01-038-06-02
7,a01-038-08-03
7,a01-014-04-03
7,a01-014-03-05
7,a01-014-08-07
7,a01-038-09-03
7,a01-038-03-02
7,a01-038-12-00
7,a01-014-07-04
7,a01-038-00-02
7,a01-014-02-06
7,a01-038-08-00
7,a01-038-02-03
7,a01-038-10-02
7,a01-038-01-01
7,a01-014-07-05
7,a01-038-05-02
7,a01-014-00-02
7,a01-038-10-00
7,a01-038-08-06
7,a01-014-05-00
7,a01-014-02-02
7,a01-038-08-02
7,a01-014-01-05
7,a01-014-09-04
7,a01-014-03-00
7,a01-014-03-01
7,a01-014-04-05
7,a01-014-09-01
7,a01-014-00-03
7,a01-014-02-03
7,a01-038-10-03
7,a01-014-07-01
7,a01-014-03-04
7,a01-014-07-03
7,a01-014-05-01
7,a01-038-05-05
7,a01-038-03-06
7,a01-014-04-00
7,a01-038-07-07
7,a01-038-05-01
7,a01-014-04-02
7,a01-038-01-05
7,a01-038-00-05
7,a01-014-01-02
7,a01-038-06-05
7,a01-038-08-04
7,a01-038-08-05
7,a01-038-07-06
7,a01-038-01-06
7,a01-038-06-03
7,a01-038-05-07
7,a01-038-09-02
7,a01-038-05-03
7,a01-038-11-04
8,a01-026x-00-03
8,a01-014x-08-04
8,a01-014x-08-03
8,a01-014x-07-04
8,a01-014x-04-00
8,a01-014x-09-01
8,a01-014x-06-01
8,a01-014x-04-03
8,a01-014x-06-06
8,a01-026x-03-03
8,a01-014x-03-00
8,a01-014x-02-07
8,a01-026x-09-07
8,a01-014x-01-00
8,a01-026x-07-01
8,a01-014x-03-01
8,a01-014x-05-00
8,a01-026x-09-03
8,a01-026x-09-01
8,a01-014x-05-06
8,a01-014x-04-02
8,a01-014x-06-03
8,a01-014x-00-01
8,a01-026x-08-05
8,a01-014x-04-01
8,a01-014x-05-05
8,a01-014x-01-04
8,a01-026x-07-06
8,a01-026x-09-05
8,a01-014x-09-03
8,a01-014x-05-04
8,a01-014x-02-04
8,a01-026x-07-07
8,a01-026x-00-00
8,a01-014x-02-01
8,a01-026x-06-04
8,a01-026x-06-05
8,a01-026x-01-07
8,a01-014x-09-00
8,a01-014x-03-09
8,a01-026x-06-02
8,a01-026x-09-02
8,a01-026x-03-06
8,a01-026x-09-08
8,a01-026x-03-05
8,a01-014x-04-05
8,a01-014x-06-02
8,a01-026x-03-04
8,a01-014x-00-02
8,a01-026x-07-04
8,a01-014x-00-00
8,a01-026x-00-05
8,a01-014x-03-03
8,a01-026x-06-00
8,a01-014x-07-03
8,a01-026x-08-01
8,a01-026x-06-03
8,a01-014x-01-02
8,a01-014x-02-02
8,a01-014x-01-01
8,a01-014x-00-03
8,a01-026x-07-03
8,a01-014x-08-05
8,a01-014x-05-02
8,a01-026x-08-03
8,a01-014x-06-04
8,a01-026x-07-08
8,a01-026x-07-05
8,a01-014x-02-05
8,a01-026x-01-01
8,a01-014x-06-05
8,a01-014x-04-06
8,a01-026x-01-05
8,a01-026x-06-01
8,a01-026x-02-01
8,a01-014x-08-02
8,a01-026x-01-00
8,a01-026x-02-06
8,a01-014x-06-07
8,a01-014x-04-04
8,a01-014x-00-05
8,a01-014x-08-07
8,a01-014x-08-08
8,a01-014x-07-01
8,a01-014x-07-06
8,a01-026x-08-00
8,a01-014x-07-05
8,a01-026x-03-00
8,a01-026x-09-06
8,a01-026x-00-08
8,a01-014x-03-04
8,a01-026x-03-02
8,a01-014x-02-06
8,a01-026x-06-06
8,a01-014x-03-08
8,a01-014x-02-00
8,a01-014x-06-00
8,a01-026x-00-07
8,a01-014x-01-05
8,a01-026x-07-02
8,a01-014x-05-03
8,a01-014x-05-08
8,a01-026x-00-04
8,a01-026x-00-01
8,a01-026x-01-02
8,a01-026x-01-06
8,a01-014x-07-07
8,a01-026x-01-04
8,a01-026x-02-05
8,a01-014x-03-06
8,a01-014x-07-00
8,a01-026x-02-02
8,a01-026x-02-00
8,a01-026x-01-03
8,a01-026x-09-04
8,a01-014x-08-01
8,a01-014x-01-03
8,a01-014x-05-07
8,a01-026x-07-00
8,a01-014x-00-04
8,a01-014x-00-06
8,a01-026x-09-00
8,a01-026x-00-02
8,a01-014x-03-07
8,a01-026x-00-06
8,a01-026x-02-03
8,a01-014x-03-02
8,a01-014x-08-00
8,a01-014x-02-03
8,a01-026x-03-01
8,a01-014x-05-01
8,a01-026x-08-06
8,a01-014x-07-02
8,a01-026x-08-02
8,a01-014x-09-02
8,a01-026x-08-04
8,a01-014x-08-06
8,a01-026x-02-04
9,a01-026-06-05
9,a01-026-00-01
9,a01-020-03-05
9,a01-020-01-06
9,a01-026-00-08
9,a01-020-00-03
9,a01-026-04-03
9,a01-020-02-07
9,a01-020-04-05
9,a01-020-06-00
9,a01-026-03-00
9,a01-026-08-04
9,a01-026-09-02
9,a01-020-05-00
9,a01-026-03-03
9,a01-020-01-01
9,a01-020-05-03
9,a01-020-07-06
9,a01-020-05-02
9,a01-020-03-03
9,a01-020-08-03
9,a01-026-01-06
9,a01-026-05-08
9,a01-020-04-01
9,a01-026-01-04
9,a01-020-05-01
9,a01-020-04-06
9,a01-026-04-05
9,a01-020-07-05
9,a01-026-05-06
9,a01-020-03-02
9,a01-020-04-07
9,a01-026-08-02
9,a01-020-06-03
9,a01-020-07-03
9,a01-020-02-03
9,a01-026-00-03
9,a01-020-07-00
9,a01-020-03-07
9,a01-026-01-02
9,a01-026-08-06
9,a01-026-00-02
9,a01-020-00-07
9,a01-020-06-05
9,a01-020-06-02
9,a01-020-02-04
9,a01-020-01-00
9,a01-026-01-07
9,a01-020-05-05
9,a01-020-00-05
9,a01-020-08-00
9,a01-020-06-06
9,a01-020-03-00
9,a01-026-09-01
9,a01-020-02-00
9,a01-020-03-04
9,a01-020-00-04
9,a01-020-00-06
9,a01-026-00-07
9,a01-026-00-06
9,a01-020-06-04
9,a01-026-05-02
9,a01-020-02-05
9,a01-020-02-08
9,a01-020-07-07
9,a01-020-01-02
9,a01-026-09-00
9,a01-026-06-02
9,a01-026-05-03
9,a01-026-00-05
9,a01-026-03-05
9,a01-026-04-04
9,a01-020-03-06
9,a01-026-05-04
9,a01-026-01-01
9,a01-026-05-05
9,a01-020-02-02
9,a01-026-01-03
9,a01-020-00-02
9,a01-020-08-02
9,a01-020-08-01
9,a01-026-01-00
9,a01-020-02-06
9,a01-026-06-07
9,a01-026-04-06
9,a01-020-00-00
9,a01-026-06-00
9,a01-026-08-05
9,a01-020-02-01
9,a01-020-06-01
9,a01-020-04-04
9,a01-020-00-01
9,a01-026-03-01
9,a01-020-03-01
9,a01-020-01-04
9,a01-026-05-07
9,a01-026-06-06
9,a01-020-04-02
9,a01-026-05-01
9,a01-020-04-03
9,a01-026-03-04
9,a01-026-04-01
9,a01-020-01-05
9,a01-026-03-06
9,a01-020-01-03
9,a01-026-04-02
9,a01-026-08-01
9,a01-020-07-01
9,a01-026-04-07
9,a01-026-08-00
9,a01-026-05-00
9,a01-020-02-09
9,a01-026-06-04
9,a01-026-06-03
9,a01-020-07-02
9,a01-026-04-08
9,a01-020-04-00
9,a01-026-03-02
9,a01-026-08-03
9,a01-026-06-01
9,a01-020-07-04
9,a01-020-08-04
9,a01-026-08-07
9,a01-026-01-05
9,a01-020-05-06
9,a01-026-04-00
9,a01-026-00-04
9,a01-026-01-08
10,a01-020x-01-04
10,a01-030x-00-05
10,a01-020x-00-05
10,a01-020x-02-02
10,a01-030x-00-03
10,a01-020x-01-00
10,a01-020x-05-04
10,a01-030x-07-08
10,a01-020x-01-02
10,a01-030x-03-07
10,a01-020x-05-00
10,a01-020x-03-01
10,a01-020x-06-04
10,a01-030x-08-03
10,a01-020x-07-00
10,a01-030x-01-01
10,a01-030x-00-04
10,a01-030x-04-00
10,a01-030x-06-04
10,a01-020x-03-06
10,a01-030x-06-06
10,a01-030x-02-02
10,a01-020x-02-00
10,a01-020x-08-01
10,a01-030x-07-06
10,a01-030x-07-03
10,a01-030x-07-02
10,a01-030x-02-07
10,a01-020x-03-00
10,a01-030x-01-05
10,a01-020x-06-01
10,a01-030x-00-02
10,a01-020x-02-01
10,a01-030x-06-07
10,a01-030x-00-01
10,a01-020x-00-07
10,a01-030x-01-04
10,a01-030x-02-05
10,a01-020x-00-00
10,a01-030x-06-01
10,a01-020x-03-04
10,a01-030x-07-01
10,a01-020x-00-04
10,a01-020x-07-05
10,a01-020x-04-07
10,a01-020x-07-07
10,a01-030x-01-07
10,a01-020x-02-03
10,a01-020x-06-07
10,a01-030x-08-01
10,a01-030x-03-05
10,a01-030x-06-05
10,a01-030x-08-06
10,a01-030x-02-08
10,a01-020x-02-04
10,a01-030x-00-06
10,a01-020x-00-06
10,a01-020x-04-06
10,a01-030x-06-02
10,a01-030x-03-08
10,a01-030x-04-06
10,a01-020x-05-02
10,a01-020x-02-08
10,a01-020x-04-03
10,a01-030x-06-00
10,a01-020x-04-05
10,a01-020x-06-00
10,a01-020x-01-01
10,a01-030x-03-02
10,a01-030x-01-08
10,a01-020x-03-02
10,a01-020x-05-03
10,a01-030x-01-03
10,a01-030x-07-05
10,a01-020x-07-06
10,a01-020x-00-01
10,a01-020x-04-00
10,a01-030x-02-06
10,a01-020x-02-09
10,a01-020x-07-04
10,a01-030x-00-00
10,a01-020x-05-05
10,a01-030x-08-02
10,a01-020x-01-06
10,a01-030x-01-06
10,a01-020x-00-03
10,a01-020x-04-01
10,a01-030x-04-05
10,a01-030x-02-03
10,a01-030x-08-05
10,a01-020x-07-03
10,a01-030x-08-04
10,a01-020x-04-04
10,a01-020x-04-02
10,a01-020x-03-03
10,a01-020x-02-06
10,a01-020x-06-06
10,a01-030x-04-03
10,a01-030x-04-01
10,a01-020x-03-07
10,a01-020x-05-06
10,a01-030x-07-07
10,a01-030x-03-01
10,a01-020x-07-02
10,a01-020x-07-01
10,a01-030x-03-06
10,a01-030x-07-00
10,a01-020x-00-02
10,a01-030x-04-04
10,a01-020x-03-05
10,a01-020x-04-08
10,a01-030x-03-03
10,a01-020x-02-07
10,a01-030x-03-00
10,a01-020x-02-05
10,a01-020x-06-02
10,a01-030x-08-00
10,a01-030x-02-04
10,a01-030x-02-00
10,a01-020x-08-00
10,a01-030x-04-02
10,a01-020x-06-03
10,a01-020x-06-05
10,a01-030x-01-02
10,a01-020x-01-03
10,a01-030x-01-00
10,a01-030x-07-04
10,a01-020x-01-05
10,a01-030x-03-04
10,a01-020x-05-01
10,a01-030x-06-03
10,a01-030x-02-09
10,a01-020x-05-07
10,a01-030x-02-01
10,a01-020x-08-02
11,a01-043x-06-08
11,a01-038x-04-08
11,a01-043x-06-03
11,a01-043x-03-02
11,a01-043x-07-00
11,a01-043x-04-06
11,a01-043x-02-04
11,a01-038x-00-06
11,a01-038x-08-09
11,a01-038x-02-05
11,a01-038x-02-04
11,a01-043x-03-03
11,a01-043x-04-00
11,a01-043x-05-00
11,a01-043x-04-01
11,a01-038x-04-06
11,a01-038x-04-07
11,a01-043x-03-07
11,a01-043x-07-02
11,a01-043x-05-07
11,a01-043x-06-00
11,a01-043x-04-08
11,a01-043x-02-09
11,a01-043x-05-04
11,a01-038x-00-02
11,a01-038x-00-05
11,a01-038x-08-01
11,a01-043x-02-01
11,a01-038x-04-05
11,a01-038x-08-02
11,a01-043x-07-06
11,a01-043x-01-03
11,a01-043x-05-01
11,a01-038x-01-00
11,a01-043x-04-02
11,a01-038x-08-06
11,a01-038x-00-03
11,a01-043x-00-00
11,a01-038x-04-01
11,a01-038x-08-07
11,a01-043x-00-03
11,a01-043x-00-05
11,a01-043x-01-02
11,a01-043x-05-05
11,a01-043x-00-06
11,a01-038x-01-01
11,a01-043x-01-00
11,a01-038x-08-03
11,a01-038x-04-03
11,a01-038x-08-04
11,a01-043x-03-05
11,a01-043x-04-03
11,a01-038x-00-04
11,a01-038x-01-06
11,a01-043x-04-09
11,a01-043x-04-04
11,a01-043x-06-02
11,a01-038x-00-01
11,a01-038x-01-03
11,a01-043x-06-04
11,a01-038x-02-02
11,a01-043x-06-06
11,a01-043x-00-01
11,a01-038x-04-02
11,a01-043x-02-00
11,a01-043x-05-03
11,a01-043x-03-00
11,a01-043x-05-06
11,a01-043x-02-02
11,a01-038x-01-07
11,a01-043x-06-07
11,a01-043x-02-08
11,a01-043x-00-04
11,a01-043x-02-03
11,a01-038x-00-00
11,a01-038x-04-00
11,a01-038x-08-08
11,a01-038x-02-06
11,a01-043x-00-02
11,a01-043x-03-04
11,a01-038x-08-05
11,a01-038x-01-02
11,a01-043x-01-05
11,a01-038x-01-08
11,a01-038x-02-03
11,a01-043x-06-05
11,a01-043x-05-08
11,a01-043x-05-09
11,a01-043x-01-01
11,a01-043x-02-07
11,a01-043x-01-04
11,a01-038x-08-00
11,a01-038x-02-00
11,a01-043x-06-01
11,a01-038x-02-01
11,a01-038x-01-05
11,a01-043x-02-05
11,a01-043x-04-07
11,a01-043x-07-05
11,a01-038x-01-04
11,a01-043x-07-04
11,a01-043x-03-01
11,a01-043x-04-05
11,a01-038x-04-04
11,a01-043x-07-01
11,a01-043x-02-06
11,a01-043x-03-06
11,a01-043x-05-02
11,a01-038x-02-07
12,a01-049-09-00
12,a01-043-07-09
12,a01-049-00-05
12,a01-043-02-03
12,a01-043-03-01
12,a01-043-07-03
12,a01-049-05-03
12,a01-043-04-00
12,a01-043-08-01
12,a01-049-03-02
12,a01-049-00-04
12,a01-043-04-01
12,a01-043-03-02
12,a01-049-02-04
12,a01-049-04-06
12,a01-049-03-00
12,a01-049-08-02
12,a01-043-07-02
12,a01-043-00-03
12,a01-043-07-08
12,a01-049-08-01
12,a01-049-04-04
12,a01-043-04-03
12,a01-043-03-05
12,a01-043-01-04
12,a01-049-03-05
12,a01-049-05-04
12,a01-049-08-05
12,a01-043-03-03
12,a01-049-01-05
12,a01-049-05-05
12,a01-049-04-00
12,a01-049-01-00
12,a01-049-00-03
12,a01-049-06-01
12,a01-049-05-00
12,a01-049-05-07
12,a01-049-04-01
12,a01-049-03-04
12,a01-049-06-07
12,a01-049-08-06
12,a01-043-03-00
12,a01-049-08-07
12,a01-049-04-03
12,a01-043-02-00
12,a01-043-02-04
12,a01-049-06-05
12,a01-049-02-03
12,a01-049-04-07
12,a01-043-07-07
12,a01-043-04-04
12,a01-043-04-02
12,a01-043-07-01
12,a01-043-01-00
12,a01-049-01-02
12,a01-043-07-00
12,a01-043-03-06
12,a01-049-02-01
12,a01-043-00-02
12,a01-043-00-00
12,a01-049-09-01
12,a01-043-09-04
12,a01-043-07-04
12,a01-043-08-00
12,a01-043-00-05
12,a01-043-03-04
12,a01-049-05-06
12,a01-043-09-00
12,a01-043-01-05
12,a01-049-02-00
12,a01-049-09-02
12,a01-049-03-06
12,a01-049-00-00
12,a01-043-02-06
12,a01-049-06-02
12,a01-049-02-07
12,a01-043-07-06
12,a01-043-01-01
12,a01-043-07-05
12,a01-049-08-00
12,a01-043-01-02
12,a01-049-06-03
12,a01-043-08-02
12,a01-049-01-03
12,a01-049-04-05
12,a01-049-06-00
12,a01-043-01-03
12,a01-049-09-06
12,a01-049-05-02
12,a01-043-02-01
12,a01-043-09-03
12,a01-043-02-05
12,a01-049-09-07
12,a01-043-09-01
12,a01-049-00-01
12,a01-049-09-05
12,a01-049-01-01
12,a01-049-03-03
12,a01-049-01-04
12,a01-043-00-04
12,a01-049-02-05
12,a01-043-08-03
12,a01-049-08-04
12,a01-049-04-02
12,a01-049-02-02
12,a01-049-02-06
12,a01-049-06-04
12,a01-049-09-03
12,a01-049-03-01
12,a01-049-06-06
12,a01-049-01-06
12,a01-049-00-02
12,a01-043-09-02
12,a01-049-08-03
12,a01-043-02-02
12,a01-049-05-01
12,a01-049-09-04
13,a01-058-07-07
13,a01-053-02-04
13,a01-063-03-01
13,a01-053-02-05
13,a01-053-07-03
13,a01-063-05-06
13,a01-053-10-04
13,a01-053-09-00
13,a01-058-01-00
13,a01-053-10-01
13,a01-063-07-01
13,a01-063-02-01
13,a01-053-06-01
13,a01-053-02-02
13,a01-053-03-01
13,a01-058-08-02
13,a01-058-08-03
13,a01-063-09-03
13,a01-058-07-02
13,a01-053-07-07
13,a01-063-04-02
13,a01-058-01-04
13,a01-053-10-02
13,a01-053-01-04
13,a01-053-09-04
13,a01-063-04-07
13,a01-053-06-02
13,a01-058-01-03
13,a01-058-03-02
13,a01-058-09-00
13,a01-058-01-01
13,a01-053-06-05
13,a01-063-03-03
13,a01-063-05-07
13,a01-063-05-03
13,a01-058-07-01
13,a01-063-07-03
13,a01-063-04-05
13,a01-063-08-02
13,a01-063-05-01
13,a01-053-01-03
13,a01-053-01-02
13,a01-063-07-02
13,a01-058-07-06
13,a01-058-04-05
13,a01-058-04-02
13,a01-053-02-03
13,a01-063-08-03
13,a01-058-07-05
13,a01-063-07-04
13,a01-063-03-04
13,a01-063-02-02
13,a01-063-00-07
13,a01-053-02-00
13,a01-063-03-05
13,a01-063-09-05
13,a01-058-09-05
13,a01-063-10-01
13,a01-063-02-05
13,a01-053-06-03
13,a01-063-10-00
13,a01-063-04-04
13,a01-058-08-04
13,a01-053-07-05
13,a01-063-00-03
13,a01-058-00-05
13,a01-063-00-04
13,a01-063-03-06
13,a01-053-03-06
13,a01-063-05-04
13,a01-053-02-01
13,a01-058-07-00
13,a01-053-10-03
13,a01-058-09-06
13,a01-063-03-02
13,a01-058-04-06
13,a01-053-03-03
13,a01-053-10-05
13,a01-053-09-01
13,a01-053-06-04
13,a01-058-08-00
13,a01-063-04-00
13,a01-058-01-06
13,a01-053-03-04
13,a01-058-03-03
13,a01-053-07-04
13,a01-063-08-04
13,a01-063-02-00
13,a01-058-00-06
13,a01-063-08-05
13,a01-063-02-03
13,a01-063-09-02
13,a01-053-03-02
13,a01-063-04-03
13,a01-053-10-00
13,a01-058-08-01
13,a01-063-04-06
13,a01-058-04-00
13,a01-058-03-00
13,a01-058-03-01
13,a01-063-03-00
13,a01-063-00-06
13,a01-058-03-05
13,a01-058-01-02
13,a01-053-07-02
13,a01-063-00-00
13,a01-063-00-02
13,a01-063-05-02
13,a01-063-02-04
13,a01-053-10-06
13,a01-053-06-00
13,a01-063-09-06
13,a01-063-00-05
13,a01-058-00-02
13,a01-058-01-05
13,a01-063-08-01
13,a01-053-03-00
13,a01-063-09-00
13,a01-063-07-07
13,a01-063-00-01
13,a01-063-05-00
13,a01-058-07-04
13,a01-058-04-03
13,a01-053-01-01
13,a01-063-09-04
13,a01-058-04-04
13,a01-053-09-02
13,a01-063-07-00
13,a01-053-07-01
13,a01-058-09-04
13,a01-063-08-00
13,a01-063-04-01
13,a01-058-09-02
13,a01-053-07-06
13,a01-058-00-00
13,a01-063-07-05
13,a01-058-09-01
13,a01-058-07-03
13,a01-053-09-03
13,a01-058-09-03
13,a01-053-09-05
13,a01-053-06-06
13,a01-058-00-04
13,a01-063-07-06
13,a01-053-07-00
13,a01-063-05-05
13,a01-058-04-01
13,a01-058-00-01
13,a01-063-09-01
13,a01-058-04-07
13,a01-058-03-04
13,a01-053-03-05
13,a01-058-00-03
14,a01-053x-05-00
14,a01-058x-07-03
14,a01-058x-04-07
14,a01-053x-04-07
14,a01-053x-08-05
14,a01-058x-05-04
14,a01-053x-04-00
14,a01-058x-09-01
14,a01-058x-08-00
14,a01-058x-05-03
14,a01-053x-02-07
14,a01-058x-06-03
14,a01-058x-05-02
14,a01-058x-04-03
14,a01-058x-03-04
14,a01-053x-06-04
14,a01-053x-04-01
14,a01-053x-06-02
14,a01-053x-03-01
14,a01-058x-01-02
14,a01-058x-00-02
14,a01-053x-04-03
14,a01-058x-07-02
14,a01-053x-04-04
14,a01-053x-08-06
14,a01-058x-03-05
14,a01-053x-02-03
14,a01-058x-06-01
14,a01-058x-08-02
14,a01-058x-05-06
14,a01-053x-02-01
14,a01-058x-00-05
14,a01-053x-07-04
14,a01-053x-09-00
14,a01-053x-05-05
14,a01-058x-07-00
14,a01-058x-04-04
14,a01-058x-06-02
14,a01-058x-04-08
14,a01-058x-00-01
14,a01-053x-02-06
14,a01-053x-06-01
14,a01-053x-06-06
14,a01-058x-05-00
14,a01-053x-07-00
14,a01-058x-09-02
14,a01-058x-00-00
14,a01-053x-04-06
14,a01-053x-06-07
14,a01-053x-09-01
14,a01-058x-02-03
14,a01-058x-02-05
14,a01-053x-03-00
14,a01-053x-04-02
14,a01-058x-01-04
14,a01-053x-05-03
14,a01-058x-04-01
14,a01-058x-08-04
14,a01-058x-01-05
14,a01-053x-07-05
14,a01-053x-07-02
14,a01-053x-05-02
14,a01-053x-03-03
14,a01-058x-07-01
14,a01-058x-01-01
14,a01-053x-02-00
14,a01-058x-07-07
14,a01-053x-07-03
14,a01-058x-06-04
14,a01-058x-04-02
14,a01-058x-02-00
14,a01-058x-04-00
14,a01-058x-03-02
14,a01-053x-08-02
14,a01-058x-05-01
14,a01-058x-08-01
14,a01-053x-06-05
14,a01-058x-00-04
14,a01-053x-05-01
14,a01-058x-08-05
14,a01-058x-00-03
14,a01-058x-06-06
14,a01-058x-07-06
14,a01-058x-01-03
14,a01-058x-07-05
14,a01-053x-08-00
14,a01-053x-08-07
14,a01-058x-08-06
14,a01-053x-02-04
14,a01-058x-06-00
14,a01-058x-02-04
14,a01-053x-03-04
14,a01-058x-08-03
14,a01-053x-05-06
14,a01-058x-07-04
14,a01-053x-08-04
14,a01-053x-05-04
14,a01-058x-03-00
14,a01-053x-08-01
14,a01-058x-05-05
14,a01-053x-04-05
14,a01-058x-02-02
14,a01-058x-02-01
14,a01-058x-04-05
14,a01-053x-02-05
14,a01-053x-06-03
14,a01-053x-03-05
14,a01-053x-03-06
14,a01-053x-02-02
14,a01-058x-03-01
14,a01-053x-09-02
14,a01-058x-09-00
14,a01-053x-07-01
14,a01-053x-03-02
14,a01-053x-08-03
14,a01-053x-06-00
14,a01-058x-01-00
15,a01-063x-00-03
15,a01-063x-05-05
15,a01-063x-05-07
15,a01-063x-01-05
15,a01-063x-04-07
15,a01-063x-01-03
15,a01-063x-01-08
15,a01-063x-01-00
15,a01-063x-00-06
15,a01-063x-00-01
15,a01-063x-00-00
15,a01-063x-07-06
15,a01-063x-05-06
15,a01-063x-01-02
15,a01-063x-06-01
15,a01-063x-06-00
15,a01-063x-01-01
15,a01-063x-04-01
15,a01-063x-07-05
15,a01-063x-01-06
15,a01-063x-05-03
15,a01-063x-04-03
15,a01-063x-01-04
15,a01-063x-04-02
15,a01-063x-06-05
15,a01-063x-06-02
15,a01-063x-00-02
15,a01-063x-07-07
15,a01-063x-07-03
15,a01-063x-04-04
15,a01-063x-06-03
15,a01-063x-01-09
15,a01-063x-05-02
15,a01-063x-01-07
15,a01-063x-06-07
15,a01-063x-06-04
15,a01-063x-04-05
15,a01-063x-07-02
15,a01-063x-00-05
15,a01-063x-05-00
15,a01-063x-05-01
15,a01-063x-07-04
15,a01-063x-07-00
15,a01-063x-00-07
15,a01-063x-07-01
15,a01-063x-04-00
15,a01-063x-05-04
15,a01-063x-00-04
15,a01-063x-06-06
16,a01-077-02-02
16,a01-091-06-03
16,a01-091-02-03
16,a01-102-01-02
16,a01-077-01-01
16,a01-102-05-06
16,a01-077-05-02
16,a01-091-05-00
16,a01-091-00-06
16,a01-091-04-02
16,a01-102-05-00
16,a01-077-02-03
16,a01-091-08-06
16,a01-077-08-07
16,a01-091-01-01
16,a01-077-01-06
16,a01-102-00-07
16,a01-091-07-04
16,a01-077-09-01
16,a01-091-06-05
16,a01-091-05-02
16,a01-077-05-04
16,a01-077-03-04
16,a01-077-00-08
16,a01-102-10-00
16,a01-102-05-04
16,a01-091-00-07
16,a01-091-04-00
16,a01-102-01-01
16,a01-077-09-02
16,a01-077-08-00
16,a01-077-08-01
16,a01-102-00-00
16,a01-091-09-05
16,a01-091-07-01
16,a01-102-07-05
16,a01-102-09-02
16,a01-102-10-02
16,a01-077-00-01
16,a01-091-04-03
16,a01-077-07-00
16,a01-091-02-07
16,a01-077-01-07
16,a01-091-01-03
16,a01-077-00-04
16,a01-091-01-02
16,a01-091-09-04
16,a01-102-00-03
16,a01-091-07-05
16,a01-077-02-05
16,a01-091-05-05
16,a01-077-05-00
16,a01-091-08-01
16,a01-102-07-02
16,a01-091-06-01
16,a01-102-09-03
16,a01-077-01-02
16,a01-077-02-06
16,a01-077-07-02
16,a01-077-07-05
16,a01-077-04-05
16,a01-091-05-01
16,a01-077-01-03
16,a01-091-09-06
16,a01-091-02-05
16,a01-091-00-00
16,a01-091-10-01
16,a01-091-03-01
16,a01-091-08-02
16,a01-077-06-01
16,a01-102-01-04
16,a01-102-07-00
16,a01-091-06-02
16,a01-077-06-02
16,a01-102-07-01
16,a01-102-00-02
16,a01-102-09-06
16,a01-102-08-00
16,a01-102-06-00
16,a01-077-06-03
16,a01-102-00-06
16,a01-077-06-05
16,a01-102-09-04
16,a01-102-01-05
16,a01-077-05-01
16,a01-102-07-04
16,a01-077-00-02
16,a01-091-00-04
16,a01-091-05-04
16,a01-091-01-04
16,a01-102-08-05
16,a01-091-02-00
16,a01-077-07-04
16,a01-102-08-04
16,a01-077-06-06
16,a01-077-00-07
16,a01-091-08-03
16,a01-077-09-00
16,a01-091-06-06
16,a01-077-08-03
16,a01-077-05-03
16,a01-102-05-03
16,a01-091-04-05
16,a01-091-06-00
16,a01-077-03-05
16,a01-077-04-00
16,a01-077-04-04
16,a01-091-08-05
16,a01-102-07-03
16,a01-077-03-01
16,a01-091-00-01
16,a01-077-02-00
16,a01-077-01-05
16,a01-102-06-02
16,a01-077-08-04
16,a01-102-07-06
16,a01-077-04-01
16,a01-091-06-04
16,a01-091-10-00
16,a01-091-00-02
16,a01-102-09-00
16,a01-077-03-00
16,a01-091-07-02
16,a01-091-04-01
16,a01-077-06-07
16,a01-077-07-03
16,a01-091-03-00
16,a01-077-08-06
16,a01-102-09-05
16,a01-102-01-00
16,a01-091-04-06
16,a01-091-02-02
16,a01-091-02-04
16,a01-102-08-03
16,a01-077-00-03
16,a01-091-00-05
16,a01-091-02-01
16,a01-077-01-04
16,a01-091-01-05
16,a01-102-10-04
16,a01-077-00-05
16,a01-091-03-04
16,a01-102-01-03
16,a01-077-06-04
16,a01-091-01-06
16,a01-091-09-03
16,a01-102-10-01
16,a01-102-00-05
16,a01-077-07-01
16,a01-102-05-02
16,a01-102-08-02
16,a01-077-03-02
16,a01-077-00-00
16,a01-091-09-01
16,a01-091-09-02
16,a01-091-07-00
16,a01-091-03-02
16,a01-102-09-01
16,a01-077-06-00
16,a01-102-05-05
16,a01-077-08-05
16,a01-102-08-01
16,a01-077-01-00
16,a01-091-05-03
16,a01-091-04-04
16,a01-102-07-07
16,a01-077-08-02
16,a01-102-00-04
16,a01-077-03-03
16,a01-077-02-01
16,a01-102-06-01
16,a01-077-00-06
16,a01-091-09-00
16,a01-091-01-00
16,a01-091-03-05
16,a01-102-06-03
16,a01-102-05-01
16,a01-102-06-04
16,a01-091-02-06
16,a01-091-07-03
16,a01-077-04-02
16,a01-091-03-03
16,a01-091-08-04
16,a01-077-04-03
16,a01-102-00-01
16,a01-102-10-03
16,a01-077-02-04
16,a01-091-08-00
16,a01-091-00-03
17,b01-062-07-00
17,b01-057-00-07
17,b01-057-05-03
17,b01-057-06-08
17,a01-087-05-00
17,b01-062-02-03
17,b01-062-02-01
17,b01-057-04-01
17,b01-062-08-00
17,b01-057-07-01
17,b01-062-05-02
17,b01-057-01-04
17,b01-062-07-02
17,b01-057-03-01
17,b01-062-05-08
17,b01-057-02-01
17,a01-087-03-06
17,b01-057-10-02
17,a01-087-06-01
17,b01-057-10-06
17,a01-087-05-06
17,a01-087-05-05
17,b01-062-00-06
17,b01-057-01-02
17,a01-087-05-02
17,a01-087-00-06
17,a01-087-00-01
17,b01-057-04-03
17,b01-057-03-05
17,b01-057-07-04
17,b01-062-00-02
17,a01-087-06-02
17,b01-062-06-02
17,b01-062-02-04
17,b01-062-00-04
17,b01-057-04-05
17,b01-062-02-00
17,a01-087-04-01
17,b01-057-01-05
17,b01-057-00-04
17,b01-057-10-00
17,b01-057-05-01
17,b01-057-04-07
17,a01-087-05-07
17,a01-087-02-04
17,a01-087-08-01
17,b01-057-09-02
17,a01-087-08-00
17,b01-057-07-07
17,b01-057-07-03
17,b01-062-00-00
17,b01-062-04-01
17,b01-057-03-03
17,a01-087-01-02
17,a01-087-04-05
17,b01-062-05-01
17,b01-062-07-05
17,b01-062-06-00
17,b01-057-00-02
17,a01-087-02-05
17,b01-062-06-07
17,b01-057-03-00
17,b01-057-08-04
17,b01-057-07-05
17,b01-057-08-06
17,b01-062-08-04
17,b01-057-06-01
17,b01-062-07-04
17,b01-062-09-04
17,a01-087-04-06
17,a01-087-06-06
17,a01-087-06-04
17,b01-057-02-08
17,a01-087-05-04
17,b01-062-04-03
17,b01-062-09-00
17,b01-057-06-09
17,b01-057-02-06
17,b01-057-04-04
17,a01-087-01-04
17,b01-062-06-03
17,b01-062-02-05
17,b01-057-06-04
17,b01-057-00-03
17,b01-057-05-02
17,a01-087-02-02
17,b01-062-05-03
17,b01-062-02-07
17,b01-057-02-03
17,b01-057-07-09
17,b01-057-08-01
17,a01-087-06-07
17,b01-057-05-05
17,b01-062-01-07
17,b01-057-04-00
17,b01-057-04-02
17,a01-087-03-00
17,b01-057-00-05
17,b01-057-08-07
17,b01-062-08-05
17,b01-062-01-06
17,b01-057-06-10
17,b01-057-06-02
17,a01-087-00-03
17,a01-087-04-04
17,b01-062-08-02
17,b01-057-03-02
17,b01-057-10-05
17,b01-057-09-04
17,b01-057-03-07
17,b01-057-01-00
17,b01-057-04-06
17,a01-087-02-03
17,b01-062-04-00
17,b01-057-08-03
17,b01-057-10-04
17,a01-087-01-01
17,b01-057-07-06
17,b01-057-05-04
17,b01-062-05-04
17,a01-087-01-05
17,a01-087-03-02
17,b01-062-01-02
17,b01-062-07-03
17,a01-087-05-01
17,b01-062-00-01
17,b01-062-06-01
17,b01-062-08-03
17,a01-087-00-02
17,b01-057-06-07
17,a01-087-05-08
17,b01-057-07-08
17,b01-057-06-06
17,a01-087-02-00
17,b01-057-09-00
17,a01-087-00-00
17,b01-057-10-03
17,b01-057-09-06
17,b01-062-09-02
17,b01-062-06-05
17,b01-057-00-06
17,b01-057-09-01
17,b01-057-09-05
17,b01-057-09-03
17,a01-087-03-05
17,b01-062-06-06
17,b01-062-04-02
17,a01-087-03-01
17,b01-057-05-00
17,b01-057-01-07
17,a01-087-00-04
17,b01-062-09-05
17,a01-087-06-00
17,b01-057-01-03
17,b01-057-01-06
17,b01-062-04-05
17,b01-062-08-06
17,a01-087-02-01
17,b01-057-07-00
17,a01-087-03-04
17,b01-057-08-08
17,a01-087-06-03
17,b01-062-05-07
17,b01-057-06-05
17,a01-087-00-07
17,b01-062-01-01
17,b01-057-04-08
17,b01-057-08-02
17,b01-057-10-01
17,b01-057-09-07
17,b01-057-02-00
17,a01-087-04-03
17,b01-062-01-00
17,a01-087-02-06
17,b01-062-08-01
17,b01-062-01-08
17,b01-062-02-02
17,b01-062-07-01
17,b01-057-04-09
17,b01-057-06-00
17,b01-057-01-01
17,a01-087-04-00
17,a01-087-01-03
17,b01-062-02-06
17,a01-087-08-03
17,b01-057-02-05
17,b01-062-00-05
17,b01-062-05-05
17,b01-062-06-04
17,b01-062-09-03
17,a01-087-02-07
17,b01-057-02-07
17,a01-087-03-03
17,b01-057-08-05
17,b01-062-06-08
17,b01-057-02-02
17,b01-062-01-05
17,a01-087-00-05
17,b01-057-06-03
17,b01-057-03-04
17,b01-057-00-01
17,b01-062-01-03
17,b01-057-08-00
17,b01-062-01-04
17,b01-062-06-09
17,a01-087-06-05
17,b01-062-09-01
17,a01-087-04-07
17,b01-062-04-04
17,b01-062-00-03
17,b01-057-08-09
17,b01-057-02-04
17,b01-057-03-06
17,b01-062-05-00
17,a01-087-01-00
17,b01-057-07-02
17,a01-087-04-02
17,a01-087-08-02
17,b01-057-00-00
17,a01-087-05-03
18,a01-113-03-01
18,a01-113-08-01
18,a01-113-06-04
18,a01-107-01-03
18,a01-113-07-01
18,a01-113-05-04
18,a01-113-02-05
18,a01-113-04-08
18,a01-113-01-03
18,a01-107-00-02
18,a01-113-01-07
18,a01-113-07-02
18,a01-113-05-06
18,a01-107-01-07
18,a01-113-04-06
18,a01-113-00-05
18,a01-113-08-02
18,a01-113-04-11
18,a01-107-00-00
18,a01-113-04-01
18,a01-107-01-04
18,a01-113-07-08
18,a01-107-04-10
18,a01-113-05-09
18,a01-107-00-03
18,a01-113-04-03
18,a01-113-04-02
18,a01-107-01-09
18,a01-113-05-02
18,a01-107-04-06
18,a01-113-08-03
18,a01-107-00-06
18,a01-107-01-05
18,a01-107-00-04
18,a01-107-00-05
18,a01-107-00-10
18,a01-107-01-11
18,a01-113-07-00
18,a01-107-04-07
18,a01-113-01-09
18,a01-113-00-07
18,a01-107-01-06
18,a01-107-01-00
18,a01-113-00-02
18,a01-113-02-06
18,a01-107-00-07
18,a01-113-00-00
18,a01-107-00-01
18,a01-107-00-08
18,a01-113-06-00
18,a01-113-01-01
18,a01-107-04-02
18,a01-113-04-09
18,a01-113-00-10
18,a01-113-03-07
18,a01-113-06-02
18,a01-113-04-05
18,a01-113-05-07
18,a01-107-04-11
18,a01-107-04-12
18,a01-113-05-01
18,a01-113-03-11
18,a01-113-06-06
18,a01-107-01-02
18,a01-107-04-04
18,a01-107-01-10
18,a01-107-01-08
18,a01-113-04-00
18,a01-107-04-03
18,a01-107-04-08
18,a01-113-07-07
18,a01-113-00-09
18,a01-113-03-04
18,a01-113-03-09
18,a01-113-03-05
18,a01-113-05-00
18,a01-113-06-03
18,a01-113-02-00
18,a01-113-03-10
18,a01-113-01-08
18,a01-107-00-09
18,a01-107-04-13
18,a01-107-04-05
18,a01-113-07-04
18,a01-113-02-03
18,a01-113-01-00
18,a01-113-07-03
18,a01-107-04-01
18,a01-113-03-02
18,a01-113-04-10
18,a01-113-06-05
18,a01-113-01-05
18,a01-113-05-03
18,a01-107-04-09
18,a01-113-03-00
18,a01-113-03-06
18,a01-113-07-05
18,a01-107-00-11
18,a01-113-00-03
18,a01-113-04-04
18,a01-113-05-05
18,a01-107-04-00
18,a01-113-02-04
18,a01-113-08-00
18,a01-113-02-01
18,a01-113-04-07
18,a01-113-07-06
18,a01-113-03-08
18,a01-113-02-02
18,a01-113-00-01
18,a01-113-06-01
18,a01-113-00-06
18,a01-113-01-02
18,a01-113-05-08
18,a01-113-02-07
18,a01-113-00-08
18,a01-113-01-06
18,a01-113-03-12
18,a01-113-03-03
18,a01-113-01-04
18,a01-113-00-04
18,a01-107-01-01
19,a01-117-06-00
19,a01-122-07-02
19,a01-128-06-08
19,a01-128-06-05
19,a01-117-04-07
19,a01-117-03-06
19,a01-117-08-05
19,a01-117-02-06
19,a01-117-06-09
19,a01-122-05-06
19,a01-117-08-08
19,a01-128-05-03
19,a01-117-08-04
19,a01-122-01-09
19,a01-117-02-01
19,a01-117-01-05
19,a01-128-08-01
19,a01-128-06-07
19,a01-128-04-02
19,a01-117-05-04
19,a01-122-07-08
19,a01-122-01-00
19,a01-128-05-06
19,a01-128-00-00
19,a01-117-09-01
19,a01-117-09-00
19,a01-117-06-08
19,a01-128-05-05
19,a01-122-04-02
19,a01-117-05-05
19,a01-117-02-05
19,a01-122-01-05
19,a01-117-01-08
19,a01-128-05-00
19,a01-117-04-08
19,a01-117-06-06
19,a01-117-01-00
19,a01-117-05-07
19,a01-122-07-03
19,a01-122-04-07
19,a01-117-07-01
19,a01-128-04-05
19,a01-117-06-05
19,a01-122-03-02
19,a01-117-01-04
19,a01-128-08-05
19,a01-128-01-06
19,a01-117-09-06
19,a01-122-02-08
19,a01-122-04-05
19,a01-122-03-09
19,a01-122-07-07
19,a01-128-06-00
19,a01-128-06-03
19,a01-117-01-06
19,a01-117-01-10
19,a01-117-09-07
19,a01-117-09-03
19,a01-122-05-07
19,a01-122-02-10
19,a01-117-06-01
19,a01-122-03-00
19,a01-128-00-03
19,a01-128-01-00
19,a01-122-02-00
19,a01-117-03-05
19,a01-117-08-03
19,a01-117-05-01
19,a01-128-01-07
19,a01-122-05-03
19,a01-128-06-10
19,a01-128-04-00
19,a01-122-02-02
19,a01-117-05-06
19,a01-122-03-03
19,a01-117-01-02
19,a01-128-05-02
19,a01-128-00-01
19,a01-122-04-09
19,a01-128-01-04
19,a01-122-01-01
19,a01-117-06-02
19,a01-122-03-06
19,a01-122-03-01
19,a01-122-05-01
19,a01-128-04-08
19,a01-128-00-07
19,a01-117-04-05
19,a01-128-06-01
19,a01-117-09-05
19,a01-128-00-08
19,a01-122-05-02
19,a01-122-07-00
19,a01-122-01-06
19,a01-122-02-04
19,a01-122-01-02
19,a01-128-08-00
19,a01-122-04-06
19,a01-128-06-06
19,a01-128-05-07
19,a01-122-07-04
19,a01-117-03-03
19,a01-128-08-04
19,a01-122-01-04
19,a01-128-01-03
19,a01-117-04-04
19,a01-117-01-09
19,a01-117-08-09
19,a01-122-02-09
19,a01-117-01-01
19,a01-128-04-04
19,a01-117-03-01
19,a01-128-00-04
19,a01-117-08-00
19,a01-122-05-05
19,a01-117-08-07
19,a01-128-05-08
19,a01-122-02-05
19,a01-122-04-00
19,a01-122-04-08
19,a01-128-05-04
19,a01-128-00-02
19,a01-122-07-09
19,a01-117-03-07
19,a01-128-01-02
19,a01-117-06-03
19,a01-117-03-02
19,a01-122-05-08
19,a01-122-02-07
19,a01-128-05-09
19,a01-117-08-06
19,a01-122-02-11
19,a01-117-01-03
19,a01-122-04-01
19,a01-128-04-06
19,a01-122-05-00
19,a01-128-05-01
19,a01-122-01-07
19,a01-128-00-06
19,a01-117-07-05
19,a01-117-07-02
19,a01-128-04-01
19,a01-117-02-02
19,a01-117-09-02
19,a01-128-08-02
19,a01-117-07-00
19,a01-122-02-01
19,a01-122-05-04
19,a01-117-03-00
19,a01-117-05-00
19,a01-122-02-12
19,a01-128-01-01
19,a01-122-01-08
19,a01-122-04-03
19,a01-117-04-01
19,a01-128-04-07
19,a01-122-03-07
19,a01-117-04-02
19,a01-117-02-07
19,a01-122-02-03
19,a01-117-03-08
19,a01-117-07-04
19,a01-117-07-06
19,a01-122-02-06
19,a01-117-07-03
19,a01-122-01-03
19,a01-117-02-00
19,a01-117-01-07
19,a01-122-04-04
19,a01-128-06-04
19,a01-117-09-04
19,a01-122-03-05
19,a01-117-03-04
19,a01-117-08-02
19,a01-122-03-04
19,a01-122-07-01
19,a01-117-06-04
19,a01-117-02-03
19,a01-122-07-05
19,a01-122-03-08
19,a01-128-00-05
19,a01-117-05-03
19,a01-128-06-02
19,a01-128-01-08
19,a01-117-02-04
19,a01-128-01-05
19,a01-128-06-09
19,a01-117-04-03
19,a01-117-08-01
19,a01-117-04-00
19,a01-117-04-06
20,a01-132-01-01
20,a01-132-05-02
20,a01-132-02-00
20,a01-132-08-03
20,a01-132-10-00
20,a01-132-03-04
20,a01-132-04-02
20,a01-132-03-02
20,a01-132-06-02
20,a01-132-06-01
20,a01-132-01-00
20,a01-132-04-03
20,a01-132-10-03
20,a01-132-09-02
20,a01-132-02-01
20,a01-132-06-05
20,a01-132-09-04
20,a01-132-07-03
20,a01-132-09-01
20,a01-132-01-02
20,a01-132-01-03
20,a01-132-08-01
20,a01-132-09-03
20,a01-132-02-02
20,a01-132-05-01
20,a01-132-07-01
20,a01-132-06-03
20,a01-132-05-03
20,a01-132-08-04
20,a01-132-04-01
20,a01-132-09-06
20,a01-132-03-00
20,a01-132-09-05
20,a01-132-06-04
20,a01-132-05-00
20,a01-132-08-02
20,a01-132-07-04
20,a01-132-08-05
20,a01-132-04-05
20,a01-132-02-05
20,a01-132-02-06
20,a01-132-07-05
20,a01-132-03-01
20,a01-132-07-02
20,a01-132-10-02
20,a01-132-10-01
20,a01-132-07-00
20,a01-132-01-04
20,a01-132-03-03
20,a01-132-06-06
20,a01-132-08-07
20,a01-132-09-00
20,a01-132-02-03
20,a01-132-04-04
20,a01-132-07-07
20,a01-132-08-06
20,a01-132-07-06
20,a01-132-04-00
20,a01-132-06-00
20,a01-132-08-00
20,a01-132-02-04
21,a02-000-05-04
21,a02-000-01-09
21,a02-000-06-04
21,a02-000-06-03
21,a02-000-01-06
21,a02-000-00-04
21,a02-000-02-02
21,a02-000-07-02
21,a02-000-06-01
21,a02-000-04-05
21,a02-000-00-02
21,a02-000-07-03
21,a02-000-07-01
21,a02-000-05-05
21,a02-000-06-05
21,a02-000-03-04
21,a02-000-06-06
21,a02-000-01-04
21,a02-000-00-08
21,a02-000-00-00
21,a02-000-07-00
21,a02-000-03-03
21,a02-000-01-00
21,a02-000-02-05
21,a02-000-01-08
21,a02-000-01-01
21,a02-000-05-06
21,a02-000-07-05
21,a02-000-01-07
21,a02-000-00-09
21,a02-000-04-03
21,a02-000-05-00
21,a02-000-02-03
21,a02-000-01-02
21,a02-000-01-03
21,a02-000-03-02
21,a02-000-06-07
21,a02-000-03-01
21,a02-000-02-01
21,a02-000-02-04
21,a02-000-02-06
21,a02-000-01-05
21,a02-000-02-00
21,a02-000-05-03
21,a02-000-02-08
21,a02-000-04-04
21,a02-000-05-02
21,a02-000-04-02
21,a02-000-06-00
21,a02-000-00-03
21,a02-000-04-00
21,a02-000-00-05
21,a02-000-04-01
21,a02-000-06-02
21,a02-000-03-07
21,a02-000-00-01
21,a02-000-03-06
21,a02-000-00-06
21,a02-000-02-07
21,a02-000-05-01
21,a02-000-03-05
21,a02-000-03-08
21,a02-000-00-07
21,a02-000-07-04
21,a02-000-03-00
22,a02-004-01-03
22,a02-004-03-01
22,a02-004-06-04
22,a02-004-01-04
22,a02-004-00-06
22,a02-004-06-06
22,a02-004-05-04
22,a02-004-08-03
22,a02-004-10-00
22,a02-004-03-02
22,a02-004-07-08
22,a02-004-01-02
22,a02-004-05-06
22,a02-004-06-02
22,a02-004-02-02
22,a02-004-00-05
22,a02-004-01-00
22,a02-004-08-01
22,a02-004-06-01
22,a02-004-08-05
22,a02-004-00-02
22,a02-004-03-04
22,a02-004-07-01
22,a02-004-10-02
22,a02-004-05-00
22,a02-004-03-03
22,a02-004-00-00
22,a02-004-06-07
22,a02-004-07-07
22,a02-004-05-07
22,a02-004-05-02
22,a02-004-07-03
22,a02-004-07-02
22,a02-004-00-03
22,a02-004-02-03
22,a02-004-10-01
22,a02-004-02-06
22,a02-004-06-05
22,a02-004-02-05
22,a02-004-06-00
22,a02-004-05-08
22,a02-004-02-01
22,a02-004-08-04
22,a02-004-00-04
22,a02-004-07-06
22,a02-004-03-05
22,a02-004-05-05
22,a02-004-07-04
22,a02-004-07-05
22,a02-004-05-01
22,a02-004-01-06
22,a02-004-06-08
22,a02-004-03-00
22,a02-004-05-03
22,a02-004-07-00
22,a02-004-06-03
22,a02-004-01-05
22,a02-004-08-02
22,a02-004-01-01
22,a02-004-08-00
22,a02-004-00-01
22,a02-004-02-00
23,a02-008-02-00
23,a02-008-02-07
23,a02-008-04-02
23,a02-008-04-03
23,a02-008-07-00
23,a02-008-07-03
23,a02-008-01-05
23,a02-008-04-00
23,a02-008-04-06
23,a02-008-05-03
23,a02-008-00-06
23,a02-008-03-01
23,a02-008-00-01
23,a02-008-05-05
23,a02-008-02-10
23,a02-008-02-08
23,a02-008-03-05
23,a02-008-02-09
23,a02-008-01-08
23,a02-008-04-07
23,a02-008-03-07
23,a02-008-02-12
23,a02-008-02-03
23,a02-008-01-09
23,a02-008-05-06
23,a02-008-02-05
23,a02-008-01-00
23,a02-008-03-04
23,a02-008-04-04
23,a02-008-04-05
23,a02-008-00-02
23,a02-008-08-00
23,a02-008-01-03
23,a02-008-02-04
23,a02-008-00-03
23,a02-008-04-08
23,a02-008-05-04
23,a02-008-03-00
23,a02-008-07-05
23,a02-008-07-02
23,a02-008-01-07
23,a02-008-00-04
23,a02-008-00-07
23,a02-008-01-04
23,a02-008-03-08
23,a02-008-08-01
23,a02-008-03-09
23,a02-008-01-02
23,a02-008-05-07
23,a02-008-03-06
23,a02-008-05-02
23,a02-008-03-02
23,a02-008-07-04
23,a02-008-01-01
23,a02-008-07-08
23,a02-008-01-06
23,a02-008-02-01
23,a02-008-07-06
23,a02-008-00-05
23,a02-008-05-00
23,a02-008-02-11
23,a02-008-02-02
23,a02-008-05-01
23,a02-008-07-01
23,a02-008-00-00
23,a02-008-04-01
23,a02-008-02-06
23,a02-008-08-02
24,a02-012-03-00
24,a02-012-01-01
24,a02-012-02-06
24,a02-012-05-03
24,a02-012-00-03
24,a02-012-09-05
24,a02-012-00-00
24,a02-012-07-03
24,a02-012-01-05
24,a02-012-01-02
24,a02-012-07-05
24,a02-012-00-05
24,a02-012-08-01
24,a02-012-07-00
24,a02-012-04-04
24,a02-012-05-00
24,a02-012-02-03
24,a02-012-02-00
24,a02-012-07-01
24,a02-012-01-06
24,a02-012-04-00
24,a02-012-05-06
24,a02-012-05-02
24,a02-012-03-03
24,a02-012-03-01
24,a02-012-02-02
24,a02-012-08-04
24,a02-012-09-00
24,a02-012-09-02
24,a02-012-04-01
24,a02-012-07-04
24,a02-012-05-05
24,a02-012-00-04
24,a02-012-03-02
24,a02-012-00-02
24,a02-012-05-04
24,a02-012-08-03
24,a02-012-07-02
24,a02-012-09-03
24,a02-012-02-05
24,a02-012-04-02
24,a02-012-01-00
24,a02-012-07-06
24,a02-012-04-03
24,a02-012-01-03
24,a02-012-02-04
24,a02-012-01-04
24,a02-012-04-05
24,a02-012-08-02
24,a02-012-08-07
24,a02-012-00-01
24,a02-012-02-01
24,a02-012-08-05
24,a02-012-05-01
24,a02-012-09-01
24,a02-012-04-06
24,a02-012-09-04
24,a02-012-08-06
24,a02-012-08-00
25,a02-020-04-04
25,a02-027-08-01
25,a02-020-06-01
25,a02-027-05-04
25,a02-032-05-01
25,a02-020-01-02
25,a02-020-02-05
25,a02-027-03-03
25,a02-032-00-06
25,a02-032-04-09
25,a02-024-07-04
25,a02-017-05-00
25,a02-032-02-07
25,a02-024-03-11
25,a02-020-01-00
25,a02-024-02-04
25,a02-017-04-02
25,a02-027-04-00
25,a02-027-07-09
25,a02-032-00-05
25,a02-027-07-00
25,a02-027-05-06
25,a02-020-00-03
25,a02-032-04-01
25,a02-024-07-06
25,a02-017-00-01
25,a02-024-05-06
25,a02-027-01-09
25,a02-027-05-00
25,a02-024-04-07
25,a02-020-00-07
25,a02-032-06-03
25,a02-027-01-01
25,a02-027-08-07
25,a02-027-05-01
25,a02-017-01-04
25,a02-027-08-03
25,a02-017-04-03
25,a02-027-04-07
25,a02-020-05-03
25,a02-032-03-06
25,a02-032-01-10
25,a02-020-00-08
25,a02-027-07-04
25,a02-017-02-02
25,a02-032-04-07
25,a02-024-02-01
25,a02-032-04-11
25,a02-020-06-00
25,a02-027-08-04
25,a02-027-07-03
25,a02-032-03-05
25,a02-027-05-03
25,a02-024-03-09
25,a02-027-03-05
25,a02-017-04-04
25,a02-027-01-03
25,a02-027-03-01
25,a02-027-08-05
25,a02-024-03-10
25,a02-020-04-05
25,a02-017-07-03
25,a02-027-08-09
25,a02-027-02-08
25,a02-027-00-02
25,a02-027-02-02
25,a02-017-00-04
25,a02-017-01-05
25,a02-024-05-07
25,a02-032-01-04
25,a02-027-09-02
25,a02-027-00-03
25,a02-027-06-04
25,a02-020-00-01
25,a02-027-05-07
25,a02-027-04-06
25,a02-017-07-01
25,a02-017-06-05
25,a02-027-04-01
25,a02-027-07-08
25,a02-017-00-05
25,a02-020-04-09
25,a02-017-02-00
25,a02-017-00-02
25,a02-020-02-02
25,a02-027-02-10
25,a02-027-06-06
25,a02-027-05-02
25,a02-027-07-01
25,a02-024-05-00
25,a02-020-04-01
25,a02-024-06-00
25,a02-017-05-02
25,a02-032-06-01
25,a02-032-03-08
25,a02-032-01-03
25,a02-024-02-05
25,a02-017-07-02
25,a02-032-06-00
25,a02-024-04-00
25,a02-027-05-11
25,a02-032-00-04
25,a02-017-07-00
25,a02-027-06-07
25,a02-027-02-01
25,a02-032-03-07
25,a02-020-01-05
25,a02-020-02-09
25,a02-020-01-07
25,a02-032-02-04
25,a02-020-05-05
25,a02-020-05-04
25,a02-024-00-05
25,a02-032-00-00
25,a02-032-04-03
25,a02-024-07-00
25,a02-017-06-07
25,a02-020-01-04
25,a02-032-01-00
25,a02-024-00-01
25,a02-017-01-00
25,a02-032-02-08
25,a02-020-01-01
25,a02-020-02-06
25,a02-027-09-00
25,a02-032-04-00
25,a02-027-06-05
25,a02-032-06-08
25,a02-027-07-05
25,a02-017-06-06
25,a02-024-04-01
25,a02-020-03-04
25,a02-020-05-02
25,a02-027-04-04
25,a02-027-07-07
25,a02-017-02-09
25,a02-024-07-02
25,a02-032-03-01
25,a02-020-02-07
25,a02-017-04-07
25,a02-024-05-03
25,a02-020-03-07
25,a02-027-05-08
25,a02-024-00-07
25,a02-027-01-07
25,a02-032-01-09
25,a02-032-04-02
25,a02-032-05-02
25,a02-032-03-00
25,a02-020-02-03
25,a02-027-00-01
25,a02-017-04-00
25,a02-027-01-08
25,a02-020-00-05
25,a02-020-03-05
25,a02-032-01-01
25,a02-017-05-05
25,a02-017-01-03
25,a02-027-02-07
25,a02-020-02-00
25,a02-032-01-06
25,a02-017-05-07
25,a02-020-01-06
25,a02-024-03-06
25,a02-027-01-04
25,a02-017-04-01
25,a02-017-06-01
25,a02-032-01-02
25,a02-027-05-05
25,a02-020-04-06
25,a02-032-02-01
25,a02-027-00-09
25,a02-032-04-04
25,a02-024-07-03
25,a02-027-00-08
25,a02-017-06-00
25,a02-027-01-00
25,a02-017-06-04
25,a02-024-06-03
25,a02-032-05-07
25,a02-027-08-02
25,a02-020-01-09
25,a02-027-08-08
25,a02-032-02-00
25,a02-032-01-07
25,a02-024-05-02
25,a02-017-01-01
25,a02-017-02-05
25,a02-017-02-07
25,a02-020-00-04
25,a02-027-00-04
25,a02-017-04-06
25,a02-017-02-06
25,a02-027-06-03
25,a02-024-06-02
25,a02-032-06-02
25,a02-032-06-06
25,a02-032-00-07
25,a02-027-03-06
25,a02-027-06-00
25,a02-024-00-00
25,a02-017-05-01
25,a02-020-04-00
25,a02-017-00-06
25,a02-032-03-09
25,a02-027-03-00
25,a02-027-02-05
25,a02-017-00-07
25,a02-027-04-03
25,a02-024-04-05
25,a02-017-05-04
25,a02-020-04-07
25,a02-032-05-05
25,a02-032-00-03
25,a02-024-02-00
25,a02-032-04-05
25,a02-032-04-10
25,a02-024-03-03
25,a02-020-01-08
25,a02-017-01-02
25,a02-020-00-02
25,a02-020-06-02
25,a02-024-05-01
25,a02-027-01-02
25,a02-020-05-07
25,a02-027-08-00
25,a02-032-05-00
25,a02-027-07-02
25,a02-024-02-02
25,a02-017-06-03
25,a02-032-05-03
25,a02-027-05-10
25,a02-024-03-00
25,a02-032-02-03
25,a02-032-03-11
25,a02-020-00-00
25,a02-024-03-01
25,a02-017-05-06
25,a02-024-00-03
25,a02-020-04-02
25,a02-024-05-05
25,a02-027-02-04
25,a02-017-05-08
25,a02-032-06-05
25,a02-027-02-03
25,a02-032-00-01
25,a02-027-04-02
25,a02-017-00-03
25,a02-032-02-02
25,a02-020-03-01
25,a02-027-00-06
25,a02-032-01-08
25,a02-020-03-08
25,a02-020-05-08
25,a02-027-00-05
25,a02-020-05-01
25,a02-017-02-01
25,a02-027-01-05
25,a02-020-04-08
25,a02-027-06-02
25,a02-024-05-08
25,a02-020-00-06
25,a02-017-02-08
25,a02-027-03-04
25,a02-020-04-10
25,a02-024-07-01
25,a02-024-00-02
25,a02-024-06-01
25,a02-027-01-06
25,a02-027-04-05
25,a02-027-07-06
25,a02-017-01-06
25,a02-032-04-06
25,a02-017-02-04
25,a02-024-05-04
25,a02-024-03-04
25,a02-020-03-00
25,a02-032-05-04
25,a02-024-00-06
25,a02-024-03-02
25,a02-027-09-01
25,a02-024-04-02
25,a02-032-00-02
25,a02-032-03-04
25,a02-024-02-03
25,a02-027-00-00
25,a02-032-03-03
25,a02-027-02-06
25,a02-032-06-07
25,a02-032-06-04
25,a02-027-08-06
25,a02-032-04-12
25,a02-032-04-08
25,a02-032-02-05
25,a02-017-00-08
25,a02-024-04-06
25,a02-017-02-03
25,a02-020-03-02
25,a02-024-00-04
25,a02-017-04-05
25,a02-027-05-09
25,a02-020-02-04
25,a02-017-06-02
25,a02-027-03-02
25,a02-017-05-03
25,a02-024-07-05
25,a02-032-03-10
25,a02-024-06-04
25,a02-020-05-00
25,a02-020-02-01
25,a02-027-00-07
25,a02-024-03-05
25,a02-020-01-03
25,a02-024-03-07
25,a02-020-02-08
25,a02-020-03-06
25,a02-027-06-01
25,a02-020-02-10
25,a02-027-02-00
25,a02-027-02-09
25,a02-020-05-06
25,a02-032-02-06
25,a02-032-01-05
25,a02-020-04-03
25,a02-032-03-02
25,a02-020-03-03
25,a02-017-00-00
25,a02-024-04-04
26,a02-098-05-04
26,a02-037-08-07
26,a02-037-00-05
26,a02-093-06-05
26,a02-093-06-02
26,a02-093-07-01
26,a02-098-05-00
26,a02-098-06-06
26,a02-037-03-09
26,a02-037-06-02
26,a02-042-07-01
26,a02-037-05-02
26,a02-093-07-04
26,a02-093-06-00
26,a02-093-03-02
26,a02-090-05-05
26,a02-090-00-04
26,a02-090-05-09
26,a02-098-03-05
26,a02-098-06-08
26,a02-093-03-00
26,a02-090-00-05
26,a02-037-05-06
26,a02-037-01-03
26,a02-042-05-07
26,a02-037-03-03
26,a02-037-05-05
26,a02-093-04-00
26,a02-037-06-03
26,a02-037-02-04
26,a02-090-05-07
26,a02-037-07-05
26,a02-037-00-08
26,a02-098-03-08
26,a02-093-02-02
26,a02-090-04-08
26,a02-090-04-00
26,a02-098-03-01
26,a02-098-02-07
26,a02-037-06-04
26,a02-093-05-08
26,a02-042-06-03
26,a02-098-00-05
26,a02-037-07-00
26,a02-098-03-02
26,a02-090-04-02
26,a02-042-01-07
26,a02-093-07-06
26,a02-042-07-00
26,a02-093-01-08
26,a02-090-04-05
26,a02-093-07-05
26,a02-093-04-06
26,a02-042-06-04
26,a02-037-08-09
26,a02-037-05-04
26,a02-093-01-06
26,a02-093-07-07
26,a02-042-02-04
26,a02-090-00-03
26,a02-090-05-06
26,a02-093-05-06
26,a02-098-00-02
26,a02-098-05-07
26,a02-093-02-06
26,a02-093-04-01
26,a02-042-06-05
26,a02-090-00-00
26,a02-090-01-04
26,a02-037-02-03
26,a02-037-02-06
26,a02-042-05-01
26,a02-090-04-09
26,a02-098-03-04
26,a02-037-06-00
26,a02-098-00-08
26,a02-093-03-08
26,a02-037-03-00
26,a02-090-04-04
26,a02-037-08-02
26,a02-090-00-02
26,a02-093-00-07
26,a02-042-01-05
26,a02-042-02-02
26,a02-090-00-07
26,a02-090-05-08
26,a02-093-05-07
26,a02-093-04-03
26,a02-093-05-03
26,a02-098-03-06
26,a02-093-01-03
26,a02-098-06-00
26,a02-037-07-04
26,a02-037-02-07
26,a02-093-03-01
26,a02-037-00-01
26,a02-098-07-00
26,a02-093-07-00
26,a02-090-01-01
26,a02-098-00-03
26,a02-093-02-00
26,a02-037-08-04
26,a02-093-05-01
26,a02-093-05-05
26,a02-037-08-00
26,a02-090-01-06
26,a02-042-02-03
26,a02-042-06-06
26,a02-098-02-02
26,a02-098-00-00
26,a02-037-01-04
26,a02-037-03-02
26,a02-098-06-01
26,a02-090-01-03
26,a02-093-00-03
26,a02-093-00-01
26,a02-037-03-06
26,a02-037-08-06
26,a02-037-00-03
26,a02-042-05-04
26,a02-042-01-00
26,a02-093-07-02
26,a02-037-08-08
26,a02-098-07-05
26,a02-037-02-05
26,a02-098-06-07
26,a02-098-05-08
26,a02-037-01-06
26,a02-093-02-03
26,a02-098-02-05
26,a02-037-01-01
26,a02-037-00-02
26,a02-093-01-02
26,a02-037-03-05
26,a02-042-01-03
26,a02-042-05-06
26,a02-090-04-07
26,a02-037-08-01
26,a02-098-06-03
26,a02-090-05-03
26,a02-037-03-07
26,a02-098-06-09
26,a02-090-05-00
26,a02-037-00-04
26,a02-093-04-02
26,a02-093-02-04
26,a02-042-02-00
26,a02-037-00-00
26,a02-037-02-08
26,a02-037-05-00
26,a02-093-06-01
26,a02-093-03-09
26,a02-042-01-01
26,a02-042-05-02
26,a02-098-00-06
26,a02-093-01-04
26,a02-042-02-07
26,a02-098-02-06
26,a02-042-05-05
26,a02-093-01-07
26,a02-042-05-09
26,a02-037-02-01
26,a02-098-02-04
26,a02-093-03-07
26,a02-042-05-00
26,a02-098-00-04
26,a02-098-03-00
26,a02-098-06-05
26,a02-037-06-06
26,a02-098-05-01
26,a02-093-00-04
26,a02-042-01-02
26,a02-090-01-02
26,a02-098-00-01
26,a02-093-06-04
26,a02-042-02-06
26,a02-037-06-08
26,a02-042-05-08
26,a02-093-02-07
26,a02-042-06-00
26,a02-098-02-01
26,a02-093-03-05
26,a02-098-02-03
26,a02-098-07-02
26,a02-037-07-01
26,a02-093-04-04
26,a02-037-06-05
26,a02-098-02-00
26,a02-098-05-06
26,a02-042-02-05
26,a02-090-00-11
26,a02-090-00-08
26,a02-098-03-03
26,a02-093-00-02
26,a02-037-03-04
26,a02-037-06-01
26,a02-090-00-01
26,a02-093-02-05
26,a02-098-05-05
26,a02-090-04-03
26,a02-093-06-08
26,a02-093-01-00
26,a02-090-04-01
26,a02-093-01-01
26,a02-093-01-05
26,a02-090-00-10
26,a02-098-07-01
26,a02-037-02-00
26,a02-037-02-09
26,a02-098-07-03
26,a02-093-00-06
26,a02-042-01-04
26,a02-098-07-06
26,a02-098-00-07
26,a02-090-05-04
26,a02-042-06-02
26,a02-042-06-01
26,a02-090-01-00
26,a02-090-05-10
26,a02-090-01-05
26,a02-098-06-04
26,a02-037-07-03
26,a02-037-05-03
26,a02-037-01-00
26,a02-093-04-05
26,a02-093-05-02
26,a02-037-02-02
26,a02-098-07-04
26,a02-037-08-05
26,a02-037-03-01
26,a02-090-00-06
26,a02-093-06-06
26,a02-098-03-07
26,a02-093-06-03
26,a02-042-01-06
26,a02-093-05-00
26,a02-093-05-04
26,a02-037-00-07
26,a02-093-03-06
26,a02-093-00-00
26,a02-037-05-01
26,a02-093-07-03
26,a02-042-02-01
26,a02-037-08-03
26,a02-098-06-02
26,a02-093-00-05
26,a02-090-05-01
26,a02-037-07-02
26,a02-037-01-05
26,a02-042-01-08
26,a02-093-03-04
26,a02-098-05-03
26,a02-098-05-02
26,a02-090-04-06
26,a02-037-03-08
26,a02-037-00-06
26,a02-042-02-08
26,a02-090-05-02
26,a02-093-02-01
26,a02-037-01-02
26,a02-037-06-07
26,a02-093-03-03
27,a02-046-05-00
27,a02-046-03-02
27,a02-046-04-04
27,a02-046-01-05
27,a02-046-07-00
27,a02-046-05-02
27,a02-046-06-00
27,a02-046-06-01
27,a02-046-02-08
27,a02-046-01-01
27,a02-046-03-04
27,a02-046-03-00
27,a02-046-07-01
27,a02-046-06-04
27,a02-046-06-05
27,a02-046-02-06
27,a02-046-07-06
27,a02-046-06-08
27,a02-046-05-06
27,a02-046-06-03
27,a02-046-07-03
27,a02-046-05-13
27,a02-046-01-06
27,a02-046-04-05
27,a02-046-03-01
27,a02-046-07-05
27,a02-046-04-00
27,a02-046-05-10
27,a02-046-01-00
27,a02-046-02-04
27,a02-046-04-01
27,a02-046-05-04
27,a02-046-06-02
27,a02-046-01-07
27,a02-046-03-03
27,a02-046-02-03
27,a02-046-01-08
27,a02-046-01-02
27,a02-046-05-07
27,a02-046-07-04
27,a02-046-06-07
27,a02-046-01-04
27,a02-046-02-00
27,a02-046-05-01
27,a02-046-05-05
27,a02-046-02-07
27,a02-046-01-03
27,a02-046-03-08
27,a02-046-02-02
27,a02-046-05-11
27,a02-046-05-08
27,a02-046-04-06
27,a02-046-04-09
27,a02-046-02-01
27,a02-046-05-09
27,a02-046-03-06
27,a02-046-02-05
27,a02-046-04-07
27,a02-046-04-08
27,a02-046-04-03
27,a02-046-04-10
27,a02-046-03-05
27,a02-046-05-03
27,a02-046-03-07
27,a02-046-04-11
27,a02-046-06-06
28,a02-050-06-01
28,a02-050-04-08
28,a02-050-05-00
28,a02-050-04-02
28,a02-050-01-09
28,a02-050-03-05
28,a02-050-03-01
28,a02-050-01-05
28,a02-050-02-04
28,a02-050-04-03
28,a02-050-03-02
28,a02-050-01-01
28,a02-050-02-03
28,a02-050-05-05
28,a02-050-03-04
28,a02-050-02-01
28,a02-050-05-06
28,a02-050-04-01
28,a02-050-03-03
28,a02-050-03-07
28,a02-050-03-08
28,a02-050-03-06
28,a02-050-04-07
28,a02-050-01-00
28,a02-050-02-05
28,a02-050-05-01
28,a02-050-02-08
28,a02-050-06-00
28,a02-050-04-04
28,a02-050-03-00
28,a02-050-02-06
28,a02-050-02-07
28,a02-050-07-00
28,a02-050-01-04
28,a02-050-01-03
28,a02-050-01-07
28,a02-050-04-06
28,a02-050-02-09
28,a02-050-01-06
28,a02-050-04-05
28,a02-050-05-03
28,a02-050-05-02
28,a02-050-06-02
28,a02-050-04-00
28,a02-050-04-09
28,a02-050-01-02
28,a02-050-05-04
28,a02-050-01-08
28,a02-050-07-01
28,a02-050-02-02
28,a02-050-02-00
29,a02-053-02-03
29,a02-053-07-05
29,a02-053-05-07
29,a02-053-06-03
29,a02-053-06-05
29,a02-053-01-01
29,a02-053-05-06
29,a02-053-07-04
29,a02-053-03-10
29,a02-053-03-02
29,a02-053-06-01
29,a02-053-01-05
29,a02-053-06-04
29,a02-053-04-02
29,a02-053-03-00
29,a02-053-03-07
29,a02-053-07-02
29,a02-053-04-05
29,a02-053-07-01
29,a02-053-03-08
29,a02-053-02-04
29,a02-053-01-10
29,a02-053-06-00
29,a02-053-01-07
29,a02-053-05-04
29,a02-053-04-06
29,a02-053-04-01
29,a02-053-02-01
29,a02-053-01-09
29,a02-053-03-01
29,a02-053-03-06
29,a02-053-06-06
29,a02-053-03-09
29,a02-053-05-00
29,a02-053-01-06
29,a02-053-02-06
29,a02-053-07-00
29,a02-053-04-04
29,a02-053-06-08
29,a02-053-02-05
29,a02-053-07-06
29,a02-053-02-02
29,a02-053-03-05
29,a02-053-05-03
29,a02-053-01-08
29,a02-053-06-07
29,a02-053-07-07
29,a02-053-04-00
29,a02-053-05-02
29,a02-053-01-04
29,a02-053-05-01
29,a02-053-04-03
29,a02-053-02-00
29,a02-053-05-05
29,a02-053-03-11
29,a02-053-07-03
29,a02-053-06-02
29,a02-053-03-04
29,a02-053-01-00
29,a02-053-01-11
29,a02-053-01-03
29,a02-053-03-03
29,a02-053-02-07
29,a02-053-01-02
30,a02-057-04-04
30,a02-057-04-03
30,a02-057-02-06
30,a02-057-00-05
30,a02-057-03-00
30,a02-057-07-02
30,a02-057-03-09
30,a02-057-04-02
30,a02-057-02-01
30,a02-057-00-07
30,a02-057-03-05
30,a02-057-00-00
30,a02-057-04-00
30,a02-057-06-00
30,a02-057-00-06
30,a02-057-02-02
30,a02-057-02-04
30,a02-057-03-07
30,a02-057-07-00
30,a02-057-07-03
30,a02-057-07-04
30,a02-057-07-05
30,a02-057-02-07
30,a02-057-00-02
30,a02-057-04-06
30,a02-057-03-04
30,a02-057-03-02
30,a02-057-03-06
30,a02-057-06-02
30,a02-057-02-03
30,a02-057-00-04
30,a02-057-02-00
30,a02-057-04-01
30,a02-057-02-05
30,a02-057-04-05
30,a02-057-00-03
30,a02-057-06-03
30,a02-057-03-01
30,a02-057-07-01
30,a02-057-07-06
30,a02-057-07-07
30,a02-057-00-01
30,a02-057-03-08
31,a02-062-05-05
31,a02-062-05-08
31,a02-062-07-00
31,a02-062-05-03
31,a02-062-05-06
31,a02-062-05-04
31,a02-062-07-02
31,a02-062-05-00
31,a02-062-05-01
31,a02-062-05-02
31,a02-062-07-01
31,a02-062-05-07
32,a02-067-02-01
32,a02-067-03-07
32,a02-067-01-00
32,a02-067-02-06
32,a02-067-05-05
32,a02-067-06-04
32,a02-067-05-03
32,a02-067-08-05
32,a02-067-02-05
32,a02-067-02-02
32,a02-067-03-04
32,a02-067-03-00
32,a02-067-00-02
32,a02-067-09-01
32,a02-067-05-04
32,a02-067-00-05
32,a02-067-01-03
32,a02-067-01-05
32,a02-067-03-02
32,a02-067-08-00
32,a02-067-08-01
32,a02-067-09-04
32,a02-067-06-00
32,a02-067-01-06
32,a02-067-05-06
32,a02-067-05-00
32,a02-067-05-07
32,a02-067-09-03
32,a02-067-00-01
32,a02-067-01-02
32,a02-067-00-04
32,a02-067-09-00
32,a02-067-04-00
32,a02-067-00-00
32,a02-067-01-01
32,a02-067-01-04
32,a02-067-06-02
32,a02-067-02-04
32,a02-067-00-06
32,a02-067-04-01
32,a02-067-04-04
32,a02-067-04-07
32,a02-067-05-02
32,a02-067-06-06
32,a02-067-04-03
32,a02-067-03-06
32,a02-067-06-03
32,a02-067-03-03
32,a02-067-02-00
32,a02-067-08-02
32,a02-067-09-05
32,a02-067-06-05
32,a02-067-03-05
32,a02-067-04-06
32,a02-067-04-02
32,a02-067-08-04
32,a02-067-09-02
32,a02-067-05-08
32,a02-067-04-05
32,a02-067-00-03
32,a02-067-03-01
32,a02-067-05-01
32,a02-067-08-03
32,a02-067-06-01
33,a02-072-03-07
33,a02-072-05-03
33,a02-072-02-01
33,a02-072-07-01
33,a02-072-06-03
33,a02-072-06-00
33,a02-072-07-03
33,a02-072-03-03
33,a02-072-02-06
33,a02-072-03-02
33,a02-072-01-09
33,a02-072-02-07
33,a02-072-02-00
33,a02-072-02-10
33,a02-072-01-02
33,a02-072-00-03
33,a02-072-01-08
33,a02-072-05-06
33,a02-072-01-11
33,a02-072-07-05
33,a02-072-01-07
33,a02-072-04-06
33,a02-072-01-00
33,a02-072-07-02
33,a02-072-05-10
33,a02-072-02-08
33,a02-072-00-12
33,a02-072-01-05
33,a02-072-00-06
33,a02-072-05-02
33,a02-072-04-04
33,a02-072-06-07
33,a02-072-01-03
33,a02-072-05-09
33,a02-072-00-08
33,a02-072-03-11
33,a02-072-03-05
33,a02-072-00-00
33,a02-072-06-04
33,a02-072-07-06
33,a02-072-05-05
33,a02-072-02-03
33,a02-072-01-06
33,a02-072-04-00
33,a02-072-04-07
33,a02-072-00-11
33,a02-072-03-04
33,a02-072-00-04
33,a02-072-03-01
33,a02-072-00-05
33,a02-072-03-00
33,a02-072-01-04
33,a02-072-06-08
33,a02-072-05-04
33,a02-072-05-00
33,a02-072-00-01
33,a02-072-01-10
33,a02-072-05-01
33,a02-072-03-10
33,a02-072-02-02
33,a02-072-03-08
33,a02-072-05-07
33,a02-072-06-01
33,a02-072-01-01
33,a02-072-02-09
33,a02-072-04-08
33,a02-072-04-05
33,a02-072-04-01
33,a02-072-03-06
33,a02-072-00-09
33,a02-072-07-00
33,a02-072-03-09
33,a02-072-04-02
33,a02-072-01-12
33,a02-072-02-04
33,a02-072-07-04
33,a02-072-00-13
33,a02-072-05-08
33,a02-072-02-05
33,a02-072-00-07
33,a02-072-00-02
33,a02-072-06-02
33,a02-072-06-09
33,a02-072-04-03
33,a02-072-05-11
33,a02-072-00-10
34,a02-078-04-05
34,a02-078-08-03
34,a02-078-08-00
34,a02-078-05-06
34,a02-078-07-03
34,a02-078-07-01
34,a02-078-06-00
34,a02-078-08-01
34,a02-078-08-02
34,a02-078-01-05
34,a02-078-07-02
34,a02-078-07-04
34,a02-078-04-00
34,a02-078-00-01
34,a02-078-05-03
34,a02-078-05-00
34,a02-078-04-08
34,a02-078-06-02
34,a02-078-08-06
34,a02-078-00-04
34,a02-078-04-03
34,a02-078-01-03
34,a02-078-06-06
34,a02-078-00-06
34,a02-078-04-06
34,a02-078-01-00
34,a02-078-06-07
34,a02-078-01-01
34,a02-078-00-07
34,a02-078-06-05
34,a02-078-08-07
34,a02-078-06-08
34,a02-078-01-02
34,a02-078-08-08
34,a02-078-04-02
34,a02-078-05-04
34,a02-078-01-06
34,a02-078-06-04
34,a02-078-04-04
34,a02-078-08-05
34,a02-078-01-07
34,a02-078-00-05
34,a02-078-00-00
34,a02-078-05-05
34,a02-078-05-02
34,a02-078-08-04
34,a02-078-07-05
34,a02-078-05-08
34,a02-078-06-03
34,a02-078-04-07
34,a02-078-05-07
34,a02-078-00-02
34,a02-078-04-01
34,a02-078-00-03
34,a02-078-01-04
34,a02-078-05-01
34,a02-078-06-01
34,a02-078-07-00
35,a02-082-02-03
35,a02-082-07-02
35,a02-082-03-05
35,a02-082-05-01
35,a02-082-06-02
35,a02-082-02-06
35,a02-082-06-05
35,a02-082-05-06
35,a02-082-07-03
35,a02-082-04-00
35,a02-082-02-04
35,a02-082-03-04
35,a02-082-02-02
35,a02-082-03-00
35,a02-082-03-03
35,a02-082-05-02
35,a02-082-06-00
35,a02-082-04-07
35,a02-082-02-07
35,a02-082-02-01
35,a02-082-00-08
35,a02-082-05-03
35,a02-082-05-05
35,a02-082-01-05
35,a02-082-05-04
35,a02-082-00-05
35,a02-082-02-00
35,a02-082-05-07
35,a02-082-01-07
35,a02-082-03-07
35,a02-082-03-06
35,a02-082-04-04
35,a02-082-05-08
35,a02-082-03-02
35,a02-082-01-01
35,a02-082-04-06
35,a02-082-00-06
35,a02-082-04-03
35,a02-082-06-08
35,a02-082-03-01
35,a02-082-06-01
35,a02-082-01-08
35,a02-082-04-01
35,a02-082-05-00
35,a02-082-04-05
35,a02-082-06-07
35,a02-082-07-01
35,a02-082-01-04
35,a02-082-02-05
35,a02-082-06-04
35,a02-082-07-00
35,a02-082-01-03
35,a02-082-00-07
35,a02-082-00-03
35,a02-082-01-02
35,a02-082-00-02
35,a02-082-06-06
35,a02-082-00-00
35,a02-082-01-00
35,a02-082-06-03
35,a02-082-00-04
35,a02-082-04-02
35,a02-082-01-06
35,a02-082-00-01
36,a02-086-03-08
36,a02-086-04-01
36,a02-086-04-08
36,a02-086-00-03
36,a02-086-04-03
36,a02-086-00-05
36,a02-086-03-10
36,a02-086-03-01
36,a02-086-04-05
36,a02-086-03-03
36,a02-086-05-02
36,a02-086-05-06
36,a02-086-03-07
36,a02-086-04-00
36,a02-086-00-06
36,a02-086-07-04
36,a02-086-00-00
36,a02-086-00-02
36,a02-086-03-02
36,a02-086-03-06
36,a02-086-01-01
36,a02-086-06-00
36,a02-086-07-03
36,a02-086-05-00
36,a02-086-04-02
36,a02-086-06-02
36,a02-086-04-04
36,a02-086-04-09
36,a02-086-06-04
36,a02-086-06-07
36,a02-086-01-03
36,a02-086-05-05
36,a02-086-06-03
36,a02-086-06-01
36,a02-086-04-06
36,a02-086-01-02
36,a02-086-03-09
36,a02-086-01-04
36,a02-086-04-07
36,a02-086-07-01
36,a02-086-03-04
36,a02-086-01-05
36,a02-086-01-06
36,a02-086-05-03
36,a02-086-07-00
36,a02-086-05-04
36,a02-086-07-02
36,a02-086-01-00
36,a02-086-00-07
36,a02-086-05-01
36,a02-086-06-06
36,a02-086-06-05
36,a02-086-03-00
36,a02-086-00-04
36,a02-086-03-05
36,a02-086-00-01
37,a02-124-00-08
37,a02-102-07-07
37,a03-047-02-05
37,a02-124-04-04
37,a03-047-03-08
37,a02-106-06-02
37,a03-047-04-04
37,a02-106-02-06
37,a03-047-00-00
37,a02-124-03-05
37,a02-106-00-03
37,a02-102-04-00
37,a02-111-01-07
37,a02-106-08-03
37,a02-106-07-06
37,a02-111-00-07
37,a02-106-05-07
37,a03-047-00-08
37,a02-111-07-04
37,a02-102-02-05
37,a02-111-11-01
37,a02-102-07-02
37,a03-047-06-08
37,a02-106-04-05
37,a02-102-07-06
37,a03-047-07-07
37,a02-106-04-03
37,a02-111-10-05
37,a02-106-02-00
37,a03-047-02-03
37,a02-106-03-05
37,a02-111-08-02
37,a02-111-10-03
37,a02-102-07-03
37,a02-102-01-05
37,a03-047-08-06
37,a02-106-02-05
37,a02-111-10-01
37,a02-111-03-02
37,a02-111-10-00
37,a02-111-08-01
37,a02-106-04-02
37,a02-102-00-00
37,a02-102-00-06
37,a02-102-08-00
37,a02-124-00-06
37,a03-047-04-05
37,a03-047-00-05
37,a02-106-09-04
37,a02-111-05-01
37,a02-102-00-05
37,a03-047-07-00
37,a02-102-03-01
37,a02-111-03-00
37,a03-047-05-07
37,a02-111-04-06
37,a02-124-00-05
37,a03-047-01-07
37,a02-124-03-04
37,a02-124-03-00
37,a02-111-01-00
37,a02-111-02-00
37,a03-047-01-05
37,a02-102-01-06
37,a02-106-09-08
37,a02-102-05-07
37,a03-047-05-01
37,a03-047-07-01
37,a02-106-04-00
37,a02-111-03-08
37,a02-102-04-03
37,a03-047-05-06
37,a02-106-03-03
37,a02-102-03-00
37,a02-106-00-06
37,a02-106-09-01
37,a02-106-02-01
37,a02-111-03-05
37,a02-111-07-01
37,a02-102-07-01
37,a02-102-02-01
37,a02-102-01-02
37,a03-047-03-01
37,a02-111-00-05
37,a02-124-01-00
37,a02-106-05-05
37,a02-102-07-04
37,a02-102-03-05
37,a02-111-08-07
37,a02-102-02-04
37,a03-047-01-08
37,a02-124-02-04
37,a02-102-02-00
37,a02-102-03-06
37,a02-111-00-06
37,a02-106-06-00
37,a03-047-01-01
37,a03-047-00-02
37,a02-124-04-01
37,a02-106-07-04
37,a02-124-01-02
37,a02-102-02-06
37,a03-047-04-03
37,a02-102-05-00
37,a02-102-04-05
37,a02-102-04-06
37,a03-047-10-01
37,a03-047-08-00
37,a03-047-05-04
37,a02-124-05-02
37,a02-124-00-03
37,a02-111-00-03
37,a02-111-00-01
37,a03-047-09-07
37,a02-124-00-04
37,a02-106-09-00
37,a02-111-00-00
37,a02-106-07-07
37,a02-124-03-03
37,a02-106-02-02
37,a02-106-04-06
37,a02-124-02-06
37,a02-124-02-01
37,a03-047-01-04
37,a02-102-02-03
37,a02-106-00-01
37,a02-102-02-02
37,a02-111-04-05
37,a02-111-02-06
37,a03-047-04-02
37,a03-047-06-06
37,a02-111-11-00
37,a03-047-01-06
37,a03-047-02-01
37,a03-047-07-05
37,a02-124-04-05
37,a02-111-03-06
37,a03-047-08-01
37,a02-124-02-05
37,a02-111-05-03
37,a02-102-04-04
37,a02-106-03-02
37,a02-111-00-02
37,a02-111-03-07
37,a02-106-02-04
37,a02-106-04-08
37,a03-047-08-03
37,a03-047-09-06
37,a02-111-07-00
37,a02-111-01-01
37,a02-106-02-07
37,a03-047-09-03
37,a02-102-07-00
37,a02-102-01-00
37,a02-106-01-03
37,a02-111-05-02
37,a02-106-06-05
37,a02-102-05-04
37,a02-106-07-00
37,a03-047-07-04
37,a02-124-05-01
37,a02-102-07-08
37,a02-111-07-03
37,a02-106-04-09
37,a02-102-01-04
37,a03-047-10-00
37,a02-111-03-04
37,a02-106-08-02
37,a02-106-03-00
37,a02-111-01-03
37,a02-124-04-07
37,a02-106-05-02
37,a02-102-04-02
37,a02-102-07-05
37,a02-106-09-05
37,a02-106-00-05
37,a02-106-07-03
37,a03-047-08-05
37,a02-111-05-05
37,a02-102-04-01
37,a02-106-07-02
37,a02-124-02-02
37,a03-047-05-03
37,a02-106-01-00
37,a02-102-00-03
37,a03-047-05-02
37,a03-047-00-06
37,a02-102-03-03
37,a02-111-01-06
37,a03-047-09-05
37,a03-047-07-06
37,a02-124-04-00
37,a02-106-08-05
37,a03-047-06-03
37,a02-111-02-05
37,a02-106-00-04
37,a02-102-01-01
37,a02-111-04-04
37,a02-106-06-01
37,a03-047-08-04
37,a02-106-05-03
37,a03-047-06-09
37,a02-106-09-06
37,a02-106-08-07
37,a02-106-05-04
37,a02-106-09-03
37,a03-047-00-04
37,a02-106-01-07
37,a02-106-06-07
37,a02-106-01-06
37,a02-124-01-04
37,a02-106-05-00
37,a02-111-10-02
37,a02-111-02-02
37,a02-102-03-04
37,a02-124-02-03
37,a03-047-09-02
37,a03-047-01-02
37,a02-124-01-03
37,a02-102-05-06
37,a02-106-00-02
37,a03-047-08-02
37,a02-124-02-00
37,a02-106-03-01
37,a03-047-02-04
37,a02-106-04-07
37,a03-047-09-00
37,a03-047-03-04
37,a02-111-04-03
37,a02-106-04-01
37,a02-111-10-06
37,a02-111-08-04
37,a03-047-05-05
37,a02-106-08-00
37,a02-111-02-07
37,a03-047-06-07
37,a02-124-03-02
37,a02-111-08-06
37,a02-124-04-06
37,a02-111-03-03
37,a02-111-07-06
37,a02-111-08-05
37,a03-047-03-07
37,a02-124-03-01
37,a03-047-06-05
37,a02-106-07-05
37,a02-111-03-01
37,a02-111-04-02
37,a03-047-09-01
37,a03-047-02-02
37,a02-102-00-04
37,a02-106-03-06
37,a02-102-05-05
37,a02-124-05-00
37,a02-102-02-07
37,a02-124-04-02
37,a02-106-02-03
37,a02-111-10-04
37,a03-047-05-00
37,a02-102-03-02
37,a03-047-03-05
37,a02-111-00-04
37,a02-111-02-03
37,a02-106-06-03
37,a03-047-00-01
37,a02-111-04-00
37,a02-124-00-09
37,a03-047-03-00
37,a02-106-05-01
37,a02-106-06-06
37,a02-102-04-07
37,a02-106-06-04
37,a02-111-04-01
37,a02-102-00-02
37,a02-111-02-01
37,a02-106-09-02
37,a02-102-03-07
37,a02-106-00-07
37,a03-047-09-04
37,a02-102-01-03
37,a03-047-00-07
37,a02-106-08-04
37,a03-047-03-06
37,a02-124-01-01
37,a03-047-07-08
37,a03-047-02-00
37,a02-106-07-08
37,a03-047-06-04
37,a02-124-00-07
37,a02-102-05-01
37,a02-124-00-01
37,a02-106-03-04
37,a02-106-05-06
37,a02-106-07-01
37,a02-111-02-04
37,a02-102-05-02
37,a03-047-07-03
37,a03-047-04-01
37,a02-111-05-00
37,a03-047-03-03
37,a03-047-07-02
37,a03-047-06-01
37,a02-111-01-02
37,a02-111-08-00
37,a02-124-01-05
37,a03-047-06-02
37,a02-102-07-09
37,a03-047-06-00
37,a02-124-00-02
37,a02-106-01-05
37,a02-102-05-03
37,a02-124-04-08
37,a02-124-04-03
37,a03-047-00-03
37,a03-047-10-03
37,a02-111-01-05
37,a02-102-00-01
37,a02-102-08-01
37,a02-106-08-01
37,a02-106-04-04
37,a02-106-01-01
37,a02-106-01-04
37,a02-111-07-05
37,a02-111-01-04
37,a02-106-01-02
37,a02-111-05-04
37,a02-106-09-07
37,a03-047-02-06
37,a02-106-00-00
37,a03-047-03-02
37,a02-124-00-00
37,a02-111-08-03
37,a03-047-04-00
37,a02-111-07-02
37,a03-047-01-03
38,a02-116-05-01
38,a02-116-03-05
38,a02-116-02-01
38,a02-116-08-03
38,a02-116-00-04
38,a02-116-03-04
38,a02-116-04-04
38,a02-116-01-02
38,a02-116-05-05
38,a02-116-05-02
38,a02-116-08-00
38,a02-116-04-02
38,a02-116-00-03
38,a02-116-03-03
38,a02-116-02-00
38,a02-116-04-00
38,a02-116-00-06
38,a02-116-00-01
38,a02-116-02-06
38,a02-116-05-03
38,a02-116-02-03
38,a02-116-05-06
38,a02-116-03-00
38,a02-116-01-03
38,a02-116-00-02
38,a02-116-08-04
38,a02-116-04-01
38,a02-116-08-02
38,a02-116-03-02
38,a02-116-08-01
38,a02-116-01-00
38,a02-116-03-06
38,a02-116-03-01
38,a02-116-01-05
38,a02-116-01-06
38,a02-116-05-04
38,a02-116-02-02
38,a02-116-05-00
38,a02-116-03-07
38,a02-116-02-05
38,a02-116-01-01
38,a02-116-02-04
38,a02-116-00-05
38,a02-116-00-00
38,a02-116-04-03
38,a02-116-01-04
39,a02-120-09-06
39,a02-120-09-07
39,a02-120-04-04
39,a02-120-07-05
39,a02-120-00-01
39,a02-120-06-00
39,a02-120-08-01
39,a02-120-02-01
39,a02-120-08-00
39,a02-120-00-02
39,a02-120-08-03
39,a02-120-05-09
39,a02-120-06-01
39,a02-120-06-05
39,a02-120-07-01
39,a02-120-02-06
39,a02-120-05-02
39,a02-120-06-07
39,a02-120-03-02
39,a02-120-06-02
39,a02-120-09-03
39,a02-120-07-04
39,a02-120-08-02
39,a02-120-04-06
39,a02-120-09-02
39,a02-120-10-03
39,a02-120-03-06
39,a02-120-03-04
39,a02-120-02-00
39,a02-120-09-04
39,a02-120-05-00
39,a02-120-03-07
39,a02-120-03-03
39,a02-120-04-01
39,a02-120-10-01
39,a02-120-00-00
39,a02-120-03-01
39,a02-120-02-04
39,a02-120-07-06
39,a02-120-05-06
39,a02-120-10-00
39,a02-120-05-08
39,a02-120-07-00
39,a02-120-05-03
39,a02-120-09-00
39,a02-120-05-04
39,a02-120-02-03
39,a02-120-09-05
39,a02-120-02-05
39,a02-120-07-02
39,a02-120-04-05
39,a02-120-09-01
39,a02-120-05-05
39,a02-120-06-03
39,a02-120-03-00
39,a02-120-00-04
39,a02-120-05-01
39,a02-120-04-02
39,a02-120-00-05
39,a02-120-02-02
39,a02-120-10-02
39,a02-120-07-03
39,a02-120-03-05
39,a02-120-10-04
39,a02-120-08-04
39,a02-120-06-06
39,a02-120-04-00
39,a02-120-00-03
39,a02-120-06-04
39,a02-120-05-07
39,a02-120-04-03
40,a03-006-00-07
40,a03-006-04-00
40,a03-006-07-01
40,a03-006-05-01
40,a03-006-04-04
40,a03-006-07-04
40,a03-006-06-04
40,a03-006-04-10
40,a03-006-00-01
40,a03-006-06-07
40,a03-006-02-06
40,a03-006-07-05
40,a03-006-02-02
40,a03-006-06-02
40,a03-006-00-02
40,a03-006-05-00
40,a03-006-04-05
40,a03-006-03-06
40,a03-006-05-02
40,a03-006-01-02
40,a03-006-05-05
40,a03-006-04-01
40,a03-006-03-04
40,a03-006-00-04
40,a03-006-08-01
40,a03-006-06-01
40,a03-006-06-06
40,a03-006-00-09
40,a03-006-01-03
40,a03-006-06-03
40,a03-006-08-04
40,a03-006-03-00
40,a03-006-03-01
40,a03-006-03-05
40,a03-006-01-09
40,a03-006-04-07
40,a03-006-02-01
40,a03-006-06-08
40,a03-006-05-06
40,a03-006-00-06
40,a03-006-04-08
40,a03-006-02-08
40,a03-006-07-02
40,a03-006-02-07
40,a03-006-03-07
40,a03-006-05-03
40,a03-006-03-03
40,a03-006-06-00
40,a03-006-04-02
40,a03-006-01-08
40,a03-006-07-07
40,a03-006-07-03
40,a03-006-07-08
40,a03-006-07-00
40,a03-006-02-00
40,a03-006-02-04
40,a03-006-00-03
40,a03-006-00-05
40,a03-006-05-04
40,a03-006-01-04
40,a03-006-00-08
40,a03-006-00-00
40,a03-006-08-02
40,a03-006-04-06
40,a03-006-01-07
40,a03-006-04-09
40,a03-006-05-08
40,a03-006-06-05
40,a03-006-05-07
40,a03-006-01-06
40,a03-006-04-03
40,a03-006-01-05
40,a03-006-07-06
40,a03-006-02-03
40,a03-006-01-00
40,a03-006-08-00
40,a03-006-02-05
40,a03-006-01-01
40,a03-006-08-03
40,a03-006-03-02
41,a03-009-04-03
41,a03-009-03-01
41,a03-009-00-00
41,a03-009-06-01
41,a03-009-06-03
41,a03-009-02-03
41,a03-009-04-02
41,a03-009-02-10
41,a03-009-03-04
41,a03-009-06-02
41,a03-009-04-01
41,a03-009-02-01
41,a03-009-02-02
41,a03-009-03-03
41,a03-009-02-00
41,a03-009-03-00
41,a03-009-04-00
41,a03-009-03-02
41,a03-009-00-05
41,a03-009-02-08
41,a03-009-02-07
41,a03-009-06-00
41,a03-009-04-04
41,a03-009-06-04
41,a03-009-00-01
41,a03-009-07-02
41,a03-009-07-03
41,a03-009-02-06
41,a03-009-00-03
41,a03-009-00-02
41,a03-009-06-06
41,a03-009-07-01
41,a03-009-07-04
41,a03-009-00-06
41,a03-009-02-05
41,a03-009-02-09
41,a03-009-07-00
41,a03-009-06-05
41,a03-009-04-06
41,a03-009-02-04
41,a03-009-04-05
41,a03-009-00-04
41,a03-009-06-07
42,a03-011-06-10
42,a03-011-07-10
42,a03-011-01-04
42,a03-011-08-04
42,a03-011-05-06
42,a03-011-04-03
42,a03-011-03-05
42,a03-011-07-09
42,a03-011-07-01
42,a03-011-01-01
42,a03-011-00-01
42,a03-011-08-02
42,a03-011-00-09
42,a03-011-05-03
42,a03-011-01-02
42,a03-011-02-06
42,a03-011-04-01
42,a03-011-00-05
42,a03-011-03-04
42,a03-011-06-05
42,a03-011-08-00
42,a03-011-08-01
42,a03-011-02-03
42,a03-011-05-04
42,a03-011-00-04
42,a03-011-07-06
42,a03-011-00-07
42,a03-011-02-04
42,a03-011-03-02
42,a03-011-04-07
42,a03-011-07-00
42,a03-011-07-02
42,a03-011-06-06
42,a03-011-06-04
42,a03-011-07-04
42,a03-011-06-03
42,a03-011-08-03
42,a03-011-05-07
42,a03-011-02-02
42,a03-011-03-01
42,a03-011-00-08
42,a03-011-03-00
42,a03-011-04-02
42,a03-011-02-09
42,a03-011-00-00
42,a03-011-06-00
42,a03-011-00-06
42,a03-011-05-05
42,a03-011-03-06
42,a03-011-02-07
42,a03-011-00-02
42,a03-011-05-02
42,a03-011-02-08
42,a03-011-04-08
42,a03-011-01-08
42,a03-011-04-06
42,a03-011-01-06
42,a03-011-06-01
42,a03-011-07-03
42,a03-011-01-05
42,a03-011-06-02
42,a03-011-06-07
42,a03-011-01-00
42,a03-011-06-08
42,a03-011-07-07
42,a03-011-07-05
42,a03-011-05-01
42,a03-011-04-05
42,a03-011-02-01
42,a03-011-00-10
42,a03-011-07-08
42,a03-011-00-03
42,a03-011-04-04
42,a03-011-02-05
42,a03-011-06-09
42,a03-011-03-08
42,a03-011-05-08
42,a03-011-02-00
42,a03-011-01-03
42,a03-011-04-00
42,a03-011-03-07
42,a03-011-05-00
42,a03-011-01-07
43,a03-014-05-03
43,a03-014-01-04
43,a03-014-04-04
43,a03-014-04-05
43,a03-014-05-06
43,a03-014-05-05
43,a03-014-01-02
43,a03-014-06-06
43,a03-014-00-02
43,a03-014-07-03
43,a03-014-06-04
43,a03-014-04-02
43,a03-014-04-06
43,a03-014-06-00
43,a03-014-02-04
43,a03-014-03-05
43,a03-014-02-01
43,a03-014-02-03
43,a03-014-01-00
43,a03-014-00-00
43,a03-014-04-08
43,a03-014-06-01
43,a03-014-07-04
43,a03-014-04-01
43,a03-014-01-03
43,a03-014-02-02
43,a03-014-06-02
43,a03-014-04-09
43,a03-014-02-07
43,a03-014-03-04
43,a03-014-04-07
43,a03-014-09-01
43,a03-014-02-06
43,a03-014-07-00
43,a03-014-03-06
43,a03-014-09-00
43,a03-014-03-00
43,a03-014-02-00
43,a03-014-05-02
43,a03-014-00-03
43,a03-014-06-05
43,a03-014-07-01
43,a03-014-06-03
43,a03-014-01-01
43,a03-014-04-03
43,a03-014-02-05
43,a03-014-01-06
43,a03-014-05-00
43,a03-014-00-04
43,a03-014-00-05
43,a03-014-01-05
43,a03-014-07-02
43,a03-014-05-01
43,a03-014-03-02
43,a03-014-00-01
43,a03-014-04-00
43,a03-014-03-01
43,a03-014-05-04
44,a03-017-01-03
44,a03-017-08-04
44,a03-017-02-06
44,a03-017-00-05
44,a03-017-05-03
44,a03-017-02-03
44,a03-017-04-01
44,a03-017-06-04
44,a03-017-03-06
44,a03-017-08-00
44,a03-017-02-00
44,a03-017-04-05
44,a03-017-04-00
44,a03-017-01-06
44,a03-017-06-02
44,a03-017-01-08
44,a03-017-07-00
44,a03-017-04-07
44,a03-017-05-00
44,a03-017-01-01
44,a03-017-08-01
44,a03-017-05-08
44,a03-017-04-06
44,a03-017-05-07
44,a03-017-02-04
44,a03-017-00-01
44,a03-017-06-06
44,a03-017-00-03
44,a03-017-03-03
44,a03-017-04-04
44,a03-017-01-04
44,a03-017-06-00
44,a03-017-03-07
44,a03-017-08-02
44,a03-017-04-08
44,a03-017-05-05
44,a03-017-03-02
44,a03-017-07-01
44,a03-017-01-05
44,a03-017-05-04
44,a03-017-01-02
44,a03-017-06-08
44,a03-017-05-06
44,a03-017-03-04
44,a03-017-08-03
44,a03-017-05-01
44,a03-017-00-04
44,a03-017-07-04
44,a03-017-06-01
44,a03-017-07-02
44,a03-017-06-03
44,a03-017-00-06
44,a03-017-07-05
44,a03-017-05-02
44,a03-017-07-03
44,a03-017-06-05
44,a03-017-00-00
44,a03-017-03-01
44,a03-017-06-07
44,a03-017-03-05
44,a03-017-04-03
44,a03-017-03-00
44,a03-017-01-00
44,a03-017-00-07
44,a03-017-02-07
44,a03-017-04-02
44,a03-017-00-02
44,a03-017-02-01
44,a03-017-02-02
44,a03-017-02-05
45,a03-020-00-00
45,a03-020-03-00
45,a03-020-05-04
45,a03-020-03-04
45,a03-020-03-03
45,a03-020-05-01
45,a03-020-00-02
45,a03-020-05-02
45,a03-020-00-01
45,a03-020-05-00
45,a03-020-00-03
45,a03-020-03-02
45,a03-020-03-01
45,a03-020-05-03
45,a03-020-03-05
45,a03-020-00-04
46,a03-023-06-00
46,a03-023-01-01
46,a03-023-07-01
46,a03-023-01-03
46,a03-023-09-00
46,a03-023-00-02
46,a03-023-06-06
46,a03-023-06-08
46,a03-023-05-02
46,a03-023-10-03
46,a03-023-00-01
46,a03-023-02-04
46,a03-023-06-01
46,a03-023-03-01
46,a03-023-09-02
46,a03-023-06-03
46,a03-023-04-00
46,a03-023-05-00
46,a03-023-06-07
46,a03-023-00-06
46,a03-023-05-05
46,a03-023-08-01
46,a03-023-01-02
46,a03-023-02-02
46,a03-023-07-00
46,a03-023-08-03
46,a03-023-04-05
46,a03-023-08-06
46,a03-023-06-02
46,a03-023-02-00
46,a03-023-01-06
46,a03-023-05-04
46,a03-023-05-06
46,a03-023-02-01
46,a03-023-05-01
46,a03-023-01-00
46,a03-023-06-04
46,a03-023-08-04
46,a03-023-10-01
46,a03-023-10-04
46,a03-023-10-02
46,a03-023-10-05
46,a03-023-03-04
46,a03-023-00-03
46,a03-023-00-07
46,a03-023-00-04
46,a03-023-09-01
46,a03-023-03-05
46,a03-023-03-00
46,a03-023-08-05
46,a03-023-04-04
46,a03-023-07-03
46,a03-023-01-05
46,a03-023-06-05
46,a03-023-08-00
46,a03-023-03-03
46,a03-023-07-02
46,a03-023-04-02
46,a03-023-02-05
46,a03-023-09-04
46,a03-023-05-03
46,a03-023-03-06
46,a03-023-09-03
46,a03-023-03-02
46,a03-023-01-04
46,a03-023-00-05
46,a03-023-10-06
46,a03-023-04-01
46,a03-023-04-03
46,a03-023-10-00
46,a03-023-05-07
46,a03-023-02-03
46,a03-023-08-02
46,a03-023-00-00
46,a03-023-07-04
47,a03-027-01-09
47,a03-027-08-07
47,a03-027-05-00
47,a03-027-00-06
47,a03-027-07-05
47,a03-027-04-04
47,a03-027-00-03
47,a03-027-06-04
47,a03-027-00-02
47,a03-027-06-07
47,a03-027-00-05
47,a03-027-08-01
47,a03-027-03-07
47,a03-027-01-03
47,a03-027-03-04
47,a03-027-04-03
47,a03-027-00-00
47,a03-027-04-08
47,a03-027-07-07
47,a03-027-01-05
47,a03-027-09-00
47,a03-027-05-04
47,a03-027-01-00
47,a03-027-05-02
47,a03-027-05-05
47,a03-027-05-03
47,a03-027-04-02
47,a03-027-06-03
47,a03-027-04-05
47,a03-027-07-03
47,a03-027-07-02
47,a03-027-01-10
47,a03-027-07-04
47,a03-027-00-04
47,a03-027-01-01
47,a03-027-07-01
47,a03-027-03-00
47,a03-027-05-09
47,a03-027-04-00
47,a03-027-08-04
47,a03-027-01-04
47,a03-027-06-05
47,a03-027-05-06
47,a03-027-03-05
47,a03-027-03-02
47,a03-027-01-06
47,a03-027-07-00
47,a03-027-09-01
47,a03-027-04-07
47,a03-027-06-02
47,a03-027-06-00
47,a03-027-01-07
47,a03-027-06-01
47,a03-027-05-01
47,a03-027-05-10
47,a03-027-08-00
47,a03-027-01-08
47,a03-027-08-06
47,a03-027-00-01
47,a03-027-04-01
47,a03-027-06-06
47,a03-027-03-06
47,a03-027-08-05
47,a03-027-03-01
47,a03-027-03-03
47,a03-027-08-02
47,a03-027-05-08
47,a03-027-08-03
47,a03-027-04-09
47,a03-027-04-06
47,a03-027-05-07
47,a03-027-07-06
47,a03-027-07-08
48,a03-030-06-04
48,a03-030-03-03
48,a03-030-04-03
48,a03-030-03-04
48,a03-030-02-04
48,a03-030-08-02
48,a03-030-05-05
48,a03-030-07-01
48,a03-030-07-05
48,a03-030-06-00
48,a03-030-08-07
48,a03-030-04-05
48,a03-030-05-03
48,a03-030-02-05
48,a03-030-06-01
48,a03-030-03-05
48,a03-030-09-03
48,a03-030-05-04
48,a03-030-08-05
48,a03-030-00-03
48,a03-030-07-00
48,a03-030-03-02
48,a03-030-08-06
48,a03-030-03-01
48,a03-030-06-06
48,a03-030-09-02
48,a03-030-07-06
48,a03-030-00-08
48,a03-030-09-00
48,a03-030-07-03
48,a03-030-05-06
48,a03-030-07-04
48,a03-030-00-04
48,a03-030-06-07
48,a03-030-09-04
48,a03-030-02-02
48,a03-030-02-06
48,a03-030-05-01
48,a03-030-08-04
48,a03-030-04-00
48,a03-030-08-03
48,a03-030-03-00
48,a03-030-04-02
48,a03-030-05-00
48,a03-030-00-00
48,a03-030-02-00
48,a03-030-04-04
48,a03-030-03-06
48,a03-030-06-02
48,a03-030-06-03
48,a03-030-08-01
48,a03-030-03-09
48,a03-030-03-07
48,a03-030-00-01
48,a03-030-09-01
48,a03-030-02-03
48,a03-030-03-08
48,a03-030-00-07
48,a03-030-00-06
48,a03-030-06-05
48,a03-030-02-01
48,a03-030-08-00
48,a03-030-00-05
48,a03-030-04-01
48,a03-030-07-02
48,a03-030-00-02
48,a03-030-05-02
49,a03-034-05-06
49,a03-034-00-06
49,a03-034-03-01
49,a03-034-03-00
49,a03-034-00-04
49,a03-034-02-02
49,a03-034-03-02
49,a03-034-03-06
49,a03-034-00-00
49,a03-034-07-03
49,a03-034-04-04
49,a03-034-06-01
49,a03-034-03-05
49,a03-034-02-05
49,a03-034-07-05
49,a03-034-02-06
49,a03-034-05-04
49,a03-034-04-08
49,a03-034-04-06
49,a03-034-02-04
49,a03-034-01-02
49,a03-034-01-03
49,a03-034-04-02
49,a03-034-07-04
49,a03-034-07-06
49,a03-034-07-02
49,a03-034-05-00
49,a03-034-01-00
49,a03-034-03-04
49,a03-034-03-08
49,a03-034-05-05
49,a03-034-00-08
49,a03-034-06-05
49,a03-034-05-01
49,a03-034-04-03
49,a03-034-00-01
49,a03-034-01-06
49,a03-034-00-05
49,a03-034-03-07
49,a03-034-07-01
49,a03-034-06-06
49,a03-034-01-01
49,a03-034-06-08
49,a03-034-06-04
49,a03-034-07-00
49,a03-034-06-02
49,a03-034-00-03
49,a03-034-04-00
49,a03-034-04-05
49,a03-034-05-03
49,a03-034-03-03
49,a03-034-00-07
49,a03-034-06-03
49,a03-034-02-01
49,a03-034-02-03
49,a03-034-00-02
49,a03-034-04-07
49,a03-034-03-09
49,a03-034-02-00
49,a03-034-04-01
49,a03-034-01-04
49,a03-034-01-05
49,a03-034-05-02
49,a03-034-06-00
50,a03-037-07-01
50,a03-037-03-07
50,a03-037-04-07
50,a03-037-02-05
50,a03-037-00-00
50,a03-037-01-02
50,a03-037-04-01
50,a03-037-04-09
50,a03-037-02-06
50,a03-037-01-03
50,a03-037-00-04
50,a03-037-02-04
50,a03-037-06-05
50,a03-037-03-00
50,a03-037-07-05
50,a03-037-02-07
50,a03-037-03-01
50,a03-037-03-08
50,a03-037-00-06
50,a03-037-07-00
50,a03-037-01-01
50,a03-037-06-04
50,a03-037-05-02
50,a03-037-07-03
50,a03-037-03-10
50,a03-037-07-06
50,a03-037-03-03
50,a03-037-01-06
50,a03-037-01-00
50,a03-037-06-01
50,a03-037-04-08
50,a03-037-01-04
50,a03-037-04-05
50,a03-037-05-09
50,a03-037-00-05
50,a03-037-02-03
50,a03-037-06-02
50,a03-037-03-06
50,a03-037-05-10
50,a03-037-04-04
50,a03-037-04-02
50,a03-037-00-02
50,a03-037-07-04
50,a03-037-05-07
50,a03-037-01-08
50,a03-037-01-05
50,a03-037-00-01
50,a03-037-03-05
50,a03-037-03-04
50,a03-037-02-00
50,a03-037-04-06
50,a03-037-05-06
50,a03-037-04-00
50,a03-037-07-02
50,a03-037-00-03
50,a03-037-05-04
50,a03-037-05-08
50,a03-037-03-09
50,a03-037-05-11
50,a03-037-06-00
50,a03-037-04-03
50,a03-037-06-06
50,a03-037-02-08
50,a03-037-03-02
50,a03-037-05-01
50,a03-037-05-05
50,a03-037-05-03
50,a03-037-02-01
50,a03-037-02-02
50,a03-037-06-07
50,a03-037-06-03
50,a03-037-01-07
50,a03-037-05-00
50,a03-037-00-07
51,a03-040-05-07
51,a03-040-01-07
51,a03-040-04-05
51,a03-040-05-05
51,a03-040-00-04
51,a03-040-05-01
51,a03-040-04-09
51,a03-040-05-03
51,a03-040-06-09
51,a03-040-04-01
51,a03-040-02-01
51,a03-040-05-02
51,a03-040-06-02
51,a03-040-06-03
51,a03-040-03-01
51,a03-040-01-01
51,a03-040-01-05
51,a03-040-03-00
51,a03-040-03-07
51,a03-040-04-10
51,a03-040-04-06
51,a03-040-00-00
51,a03-040-02-03
51,a03-040-06-05
51,a03-040-00-05
51,a03-040-02-05
51,a03-040-03-04
51,a03-040-03-02
51,a03-040-06-06
51,a03-040-06-07
51,a03-040-06-08
51,a03-040-03-03
51,a03-040-03-06
51,a03-040-01-08
51,a03-040-01-04
51,a03-040-05-08
51,a03-040-04-02
51,a03-040-02-07
51,a03-040-01-09
51,a03-040-04-08
51,a03-040-00-06
51,a03-040-06-00
51,a03-040-04-07
51,a03-040-00-02
51,a03-040-02-02
51,a03-040-05-04
51,a03-040-00-07
51,a03-040-05-00
51,a03-040-02-04
51,a03-040-06-01
51,a03-040-04-03
51,a03-040-00-01
51,a03-040-02-00
51,a03-040-01-03
51,a03-040-03-09
51,a03-040-01-06
51,a03-040-00-03
51,a03-040-03-08
51,a03-040-04-04
51,a03-040-03-05
51,a03-040-04-00
51,a03-040-01-02
51,a03-040-05-06
51,a03-040-02-06
51,a03-040-01-00
52,a03-043-01-03
52,a03-043-03-01
52,a03-043-00-05
52,a03-043-02-00
52,a03-043-07-05
52,a03-043-00-06
52,a03-043-02-05
52,a03-043-05-04
52,a03-043-03-06
52,a03-043-04-02
52,a03-043-01-00
52,a03-043-07-01
52,a03-043-04-00
52,a03-043-07-02
52,a03-043-01-06
52,a03-043-08-01
52,a03-043-08-00
52,a03-043-03-02
52,a03-043-03-05
52,a03-043-06-03
52,a03-043-02-03
52,a03-043-06-07
52,a03-043-01-02
52,a03-043-04-05
52,a03-043-07-00
52,a03-043-05-02
52,a03-043-02-02
52,a03-043-03-00
52,a03-043-03-07
52,a03-043-05-05
52,a03-043-04-03
52,a03-043-04-06
52,a03-043-04-01
52,a03-043-02-04
52,a03-043-07-06
52,a03-043-00-07
52,a03-043-05-00
52,a03-043-00-04
52,a03-043-08-02
52,a03-043-01-05
52,a03-043-00-03
52,a03-043-02-06
52,a03-043-06-05
52,a03-043-01-01
52,a03-043-08-03
52,a03-043-00-00
52,a03-043-07-04
52,a03-043-03-04
52,a03-043-04-04
52,a03-043-02-01
52,a03-043-06-04
52,a03-043-06-02
52,a03-043-06-06
52,a03-043-01-04
52,a03-043-00-01
52,a03-043-06-00
52,a03-043-04-07
52,a03-043-05-01
52,a03-043-07-03
52,a03-043-06-01
52,a03-043-05-03
52,a03-043-00-02
52,a03-043-04-08
52,a03-043-03-03
52,a03-043-04-09
53,a03-054-01-06
53,a03-054-09-00
53,a03-054-02-05
53,a03-054-04-06
53,a03-054-00-03
53,a03-054-04-00
53,a03-054-10-00
53,a03-054-04-04
53,a03-054-02-00
53,a03-054-03-03
53,a03-054-09-03
53,a03-054-07-01
53,a03-054-01-08
53,a03-054-10-01
53,a03-054-03-04
53,a03-054-02-01
53,a03-054-01-04
53,a03-054-01-07
53,a03-054-03-00
53,a03-054-03-05
53,a03-054-09-05
53,a03-054-10-05
53,a03-054-01-02
53,a03-054-09-06
53,a03-054-10-04
53,a03-054-01-03
53,a03-054-02-04
53,a03-054-09-02
53,a03-054-06-03
53,a03-054-04-05
53,a03-054-06-05
53,a03-054-03-01
53,a03-054-01-09
53,a03-054-07-05
53,a03-054-04-02
53,a03-054-00-01
53,a03-054-03-06
53,a03-054-04-01
53,a03-054-10-02
53,a03-054-06-04
53,a03-054-02-02
53,a03-054-07-06
53,a03-054-07-00
53,a03-054-01-01
53,a03-054-03-02
53,a03-054-04-07
53,a03-054-10-03
53,a03-054-02-03
53,a03-054-04-08
53,a03-054-07-02
53,a03-054-04-03
53,a03-054-09-01
53,a03-054-00-04
53,a03-054-06-00
53,a03-054-07-04
53,a03-054-06-02
53,a03-054-00-05
53,a03-054-00-02
53,a03-054-06-01
53,a03-054-09-04
53,a03-054-01-00
53,a03-054-00-00
53,a03-054-01-05
54,a03-059-07-02
54,a03-059-01-02
54,a03-059-01-06
54,a03-059-04-02
54,a03-059-02-00
54,a03-059-04-00
54,a03-059-01-07
54,a03-059-06-01
54,a03-059-03-00
54,a03-059-07-03
54,a03-059-08-00
54,a03-059-01-05
54,a03-059-06-00
54,a03-059-03-08
54,a03-059-04-03
54,a03-059-03-03
54,a03-059-03-04
54,a03-059-01-01
54,a03-059-03-07
54,a03-059-03-02
54,a03-059-08-01
54,a03-059-04-08
54,a03-059-07-00
54,a03-059-02-06
54,a03-059-02-03
54,a03-059-01-04
54,a03-059-08-03
54,a03-059-01-03
54,a03-059-07-04
54,a03-059-01-00
54,a03-059-04-05
54,a03-059-00-01
54,a03-059-02-04
54,a03-059-03-05
54,a03-059-03-06
54,a03-059-04-07
54,a03-059-08-05
54,a03-059-08-02
54,a03-059-04-06
54,a03-059-03-01
54,a03-059-07-01
54,a03-059-04-01
54,a03-059-02-02
54,a03-059-08-06
54,a03-059-08-04
54,a03-059-02-05
54,a03-059-00-00
54,a03-059-02-01
54,a03-059-04-04
55,a03-063-04-07
55,a03-063-03-08
55,a03-063-02-03
55,a03-063-09-02
55,a03-063-04-09
55,a03-063-04-02
55,a03-063-10-07
55,a03-063-10-00
55,a03-063-05-04
55,a03-063-08-05
55,a03-063-10-03
55,a03-063-01-04
55,a03-063-03-06
55,a03-063-00-00
55,a03-063-10-01
55,a03-063-03-01
55,a03-063-01-02
55,a03-063-10-06
55,a03-063-01-09
55,a03-063-06-04
55,a03-063-05-02
55,a03-063-10-04
55,a03-063-06-06
55,a03-063-09-01
55,a03-063-09-06
55,a03-063-06-05
55,a03-063-05-07
55,a03-063-02-08
55,a03-063-02-02
55,a03-063-08-02
55,a03-063-06-08
55,a03-063-09-05
55,a03-063-01-08
55,a03-063-09-04
55,a03-063-04-04
55,a03-063-01-05
55,a03-063-03-03
55,a03-063-08-01
55,a03-063-06-03
55,a03-063-09-08
55,a03-063-04-00
55,a03-063-09-10
55,a03-063-00-01
55,a03-063-06-00
55,a03-063-09-09
55,a03-063-04-05
55,a03-063-04-06
55,a03-063-02-06
55,a03-063-05-00
55,a03-063-01-06
55,a03-063-06-01
55,a03-063-06-07
55,a03-063-02-00
55,a03-063-10-02
55,a03-063-05-01
55,a03-063-09-00
55,a03-063-02-07
55,a03-063-03-02
55,a03-063-03-07
55,a03-063-02-05
55,a03-063-05-03
55,a03-063-02-01
55,a03-063-04-01
55,a03-063-03-05
55,a03-063-08-07
55,a03-063-02-04
55,a03-063-05-06
55,a03-063-01-10
55,a03-063-05-05
55,a03-063-04-08
55,a03-063-10-05
55,a03-063-01-03
55,a03-063-03-00
55,a03-063-10-08
55,a03-063-08-00
55,a03-063-09-07
55,a03-063-06-02
55,a03-063-08-04
55,a03-063-08-06
55,a03-063-09-03
55,a03-063-03-04
55,a03-063-08-08
55,a03-063-04-03
55,a03-063-01-01
55,a03-063-02-09
55,a03-063-08-03
55,a03-063-01-00
56,a03-066-07-00
56,a03-066-03-03
56,a03-066-04-00
56,a03-066-07-06
56,a03-066-02-01
56,a03-066-01-02
56,a03-066-06-07
56,a03-066-07-05
56,a03-066-05-00
56,a03-066-01-07
56,a03-066-02-04
56,a03-066-04-01
56,a03-066-03-07
56,a03-066-01-04
56,a03-066-00-06
56,a03-066-06-03
56,a03-066-06-06
56,a03-066-03-01
56,a03-066-00-02
56,a03-066-03-02
56,a03-066-05-03
56,a03-066-06-02
56,a03-066-07-04
56,a03-066-06-01
56,a03-066-02-05
56,a03-066-00-03
56,a03-066-07-01
56,a03-066-00-00
56,a03-066-06-04
56,a03-066-00-05
56,a03-066-03-09
56,a03-066-02-03
56,a03-066-02-02
56,a03-066-03-05
56,a03-066-03-08
56,a03-066-05-01
56,a03-066-05-02
56,a03-066-01-06
56,a03-066-06-00
56,a03-066-03-06
56,a03-066-01-00
56,a03-066-05-04
56,a03-066-01-05
56,a03-066-06-05
56,a03-066-03-04
56,a03-066-01-01
56,a03-066-07-02
56,a03-066-06-08
56,a03-066-00-01
56,a03-066-04-03
56,a03-066-01-03
56,a03-066-07-03
56,a03-066-05-05
56,a03-066-03-00
56,a03-066-04-04
56,a03-066-02-00
56,a03-066-04-02
56,a03-066-00-04
58,a04-006-01-01
58,a04-006-03-04
58,a04-006-02-01
58,a04-003-07-01
58,a04-006-03-01
58,a04-006-10-02
58,a04-000-05-03
58,a04-003-00-01
58,a04-010-02-05
58,a04-006-00-01
58,a04-000-06-00
58,a04-003-02-07
58,a04-003-03-09
58,a04-003-06-01
58,a04-010-03-06
58,a04-000-03-03
58,a04-003-05-02
58,a04-003-03-00
58,a04-006-03-02
58,a04-010-04-05
58,a04-010-01-00
58,a04-003-03-08
58,a04-003-02-03
58,a04-000-02-03
58,a04-000-01-01
58,a04-003-01-03
58,a04-000-00-03
58,a04-003-04-01
58,a04-000-06-03
58,a04-006-07-04
58,a04-010-08-02
58,a04-010-08-05
58,a04-010-04-06
58,a04-000-00-00
58,a04-010-03-05
58,a04-000-01-00
58,a04-010-03-07
58,a04-003-04-02
58,a04-010-02-07
58,a04-000-05-07
58,a04-000-01-04
58,a04-010-04-00
58,a04-010-00-06
58,a04-006-08-06
58,a04-000-05-05
58,a04-006-03-08
58,a04-006-04-02
58,a04-000-04-01
58,a04-010-05-04
58,a04-006-00-05
58,a04-010-00-03
58,a04-006-02-07
58,a04-003-04-03
58,a04-000-03-08
58,a04-006-04-04
58,a04-010-03-01
58,a04-000-02-00
58,a04-006-05-03
58,a04-006-07-03
58,a04-006-07-05
58,a04-006-00-02
58,a04-010-07-04
58,a04-010-05-07
58,a04-010-01-06
58,a04-006-09-08
58,a04-003-06-00
58,a04-010-04-02
58,a04-000-02-06
58,a04-006-02-08
58,a04-000-02-02
58,a04-003-07-00
58,a04-000-03-05
58,a04-010-02-08
58,a04-006-03-07
58,a04-003-03-02
58,a04-010-03-03
58,a04-010-02-00
58,a04-006-01-07
58,a04-006-01-08
58,a04-003-02-02
58,a04-010-00-00
58,a04-010-05-05
58,a04-010-00-01
58,a04-010-00-02
58,a04-010-02-04
58,a04-006-04-06
58,a04-006-10-03
58,a04-003-04-04
58,a04-000-04-02
58,a04-000-04-04
58,a04-000-04-08
58,a04-010-00-07
58,a04-010-00-04
58,a04-006-09-00
58,a04-010-07-03
58,a04-006-04-00
58,a04-000-05-02
58,a04-006-05-07
58,a04-006-02-06
58,a04-000-04-05
58,a04-006-08-03
58,a04-006-07-01
58,a04-010-06-00
58,a04-010-02-01
58,a04-006-01-02
58,a04-003-05-03
58,a04-010-04-04
58,a04-003-00-02
58,a04-003-03-07
58,a04-006-02-09
58,a04-006-08-00
58,a04-006-01-04
58,a04-010-07-05
58,a04-000-04-00
58,a04-006-09-06
58,a04-003-05-04
58,a04-003-02-06
58,a04-003-07-02
58,a04-006-01-05
58,a04-010-08-04
58,a04-006-07-00
58,a04-006-07-02
58,a04-006-02-05
58,a04-010-01-04
58,a04-006-09-07
58,a04-003-06-03
58,a04-006-03-06
58,a04-003-03-05
58,a04-010-03-04
58,a04-003-01-01
58,a04-006-01-06
58,a04-006-09-03
58,a04-010-08-00
58,a04-010-07-00
58,a04-000-04-07
58,a04-010-03-00
58,a04-006-07-07
58,a04-006-10-01
58,a04-010-06-05
58,a04-000-00-01
58,a04-010-01-02
58,a04-000-03-02
58,a04-006-08-05
58,a04-000-05-00
58,a04-010-08-03
58,a04-003-03-04
58,a04-010-04-08
58,a04-010-06-01
58,a04-006-05-06
58,a04-006-05-00
58,a04-010-01-03
58,a04-003-03-06
58,a04-006-07-06
58,a04-010-08-01
58,a04-000-01-05
58,a04-006-01-03
58,a04-006-04-03
58,a04-003-05-01
58,a04-000-02-05
58,a04-003-06-05
58,a04-003-06-04
58,a04-003-04-06
58,a04-000-01-02
58,a04-010-01-01
58,a04-010-01-05
58,a04-003-03-03
58,a04-006-04-05
58,a04-006-03-05
58,a04-003-01-04
58,a04-000-04-06
58,a04-003-02-05
58,a04-006-00-03
58,a04-006-04-01
58,a04-006-09-02
58,a04-010-06-03
58,a04-006-04-08
58,a04-000-02-04
58,a04-000-03-04
58,a04-006-02-04
58,a04-000-03-00
58,a04-010-06-07
58,a04-000-04-03
58,a04-000-00-04
58,a04-003-02-04
58,a04-010-06-04
58,a04-010-06-06
58,a04-006-05-02
58,a04-006-05-05
58,a04-003-01-05
58,a04-003-04-05
58,a04-006-00-06
58,a04-006-10-00
58,a04-010-05-01
58,a04-010-01-07
58,a04-010-07-01
58,a04-003-02-01
58,a04-006-02-00
58,a04-003-05-05
58,a04-003-04-07
58,a04-000-05-06
58,a04-006-01-00
58,a04-003-00-04
58,a04-006-02-02
58,a04-010-08-06
58,a04-003-05-06
58,a04-000-06-02
58,a04-000-03-01
58,a04-010-05-00
58,a04-000-01-03
58,a04-006-09-04
58,a04-010-06-02
58,a04-010-05-02
58,a04-006-04-07
58,a04-010-04-07
58,a04-003-06-02
58,a04-010-05-03
58,a04-006-09-05
58,a04-000-06-01
58,a04-010-02-06
58,a04-003-04-00
58,a04-010-03-02
58,a04-000-03-06
58,a04-006-07-08
58,a04-006-05-04
58,a04-006-08-02
58,a04-003-05-00
58,a04-010-04-03
58,a04-006-00-07
58,a04-010-04-01
58,a04-006-05-01
58,a04-000-05-01
58,a04-003-05-07
58,a04-003-07-03
58,a04-006-08-01
58,a04-003-00-00
58,a04-003-01-02
58,a04-000-01-06
58,a04-000-02-01
58,a04-006-00-00
58,a04-010-02-02
58,a04-003-02-00
58,a04-006-00-04
58,a04-010-00-05
58,a04-010-06-08
58,a04-003-01-00
58,a04-006-08-04
58,a04-010-05-06
58,a04-000-05-04
58,a04-003-00-03
58,a04-006-03-03
58,a04-003-03-01
58,a04-000-00-02
58,a04-010-02-03
58,a04-010-07-02
59,a04-019-04-00
59,a04-015-05-03
59,a04-019-04-02
59,a04-027-05-05
59,a04-019-06-07
59,a04-019-00-09
59,a04-019-03-10
59,a04-023-00-02
59,a04-019-00-11
59,a04-019-04-11
59,a04-019-05-03
59,a04-023-00-07
59,a04-019-01-05
59,a04-019-05-04
59,a04-023-00-04
59,a04-027-01-01
59,a04-015-01-05
59,a04-027-05-00
59,a04-019-06-00
59,a04-015-02-01
59,a04-019-00-06
59,a04-027-04-10
59,a04-015-05-11
59,a04-015-05-09
59,a04-027-04-07
59,a04-019-01-08
59,a04-015-04-03
59,a04-019-02-08
59,a04-015-00-08
59,a04-019-02-02
59,a04-027-01-12
59,a04-019-00-05
59,a04-019-00-12
59,a04-027-03-04
59,a04-023-04-10
59,a04-015-02-00
59,a04-019-02-10
59,a04-015-03-09
59,a04-015-02-04
59,a04-023-04-00
59,a04-023-04-07
59,a04-015-01-08
59,a04-015-05-06
59,a04-019-06-02
59,a04-015-00-00
59,a04-015-05-08
59,a04-019-03-07
59,a04-027-04-04
59,a04-019-05-08
59,a04-023-04-04
59,a04-019-06-03
59,a04-023-03-06
59,a04-023-01-06
59,a04-015-05-02
59,a04-015-00-05
59,a04-019-00-10
59,a04-027-01-09
59,a04-015-06-04
59,a04-015-06-01
59,a04-019-04-03
59,a04-027-05-10
59,a04-019-03-02
59,a04-023-00-10
59,a04-027-03-06
59,a04-027-02-01
59,a04-019-07-02
59,a04-015-01-01
59,a04-027-05-06
59,a04-015-04-00
59,a04-015-05-07
59,a04-023-04-08
59,a04-015-01-11
59,a04-019-02-00
59,a04-023-03-01
59,a04-027-00-03
59,a04-015-01-02
59,a04-015-04-04
59,a04-023-04-01
59,a04-027-04-12
59,a04-019-04-04
59,a04-019-00-08
59,a04-015-07-07
59,a04-023-03-10
59,a04-015-00-03
59,a04-015-00-02
59,a04-027-00-01
59,a04-019-01-03
59,a04-027-02-07
59,a04-015-02-10
59,a04-027-04-11
59,a04-015-01-00
59,a04-015-03-02
59,a04-027-00-05
59,a04-027-04-00
59,a04-019-03-01
59,a04-023-02-04
59,a04-015-00-06
59,a04-019-07-08
59,a04-019-02-04
59,a04-023-04-03
59,a04-023-01-00
59,a04-015-01-10
59,a04-023-04-09
59,a04-023-02-08
59,a04-027-05-01
59,a04-015-04-07
59,a04-019-07-07
59,a04-027-01-05
59,a04-015-04-02
59,a04-027-05-09
59,a04-015-07-03
59,a04-023-01-04
59,a04-019-03-06
59,a04-027-00-07
59,a04-019-06-06
59,a04-019-07-06
59,a04-015-02-07
59,a04-027-05-03
59,a04-023-03-12
59,a04-023-00-06
59,a04-015-07-05
59,a04-015-02-05
59,a04-019-05-11
59,a04-015-07-06
59,a04-015-01-07
59,a04-015-02-02
59,a04-015-03-01
59,a04-023-02-10
59,a04-019-04-09
59,a04-015-03-08
59,a04-015-01-04
59,a04-015-00-04
59,a04-027-04-03
59,a04-015-02-11
59,a04-027-00-04
59,a04-027-03-07
59,a04-023-01-07
59,a04-023-03-08
59,a04-019-01-04
59,a04-019-04-07
59,a04-023-01-03
59,a04-015-03-06
59,a04-023-03-00
59,a04-023-03-02
59,a04-015-07-04
59,a04-023-03-03
59,a04-023-02-05
59,a04-015-07-02
59,a04-019-06-04
59,a04-027-00-10
59,a04-027-01-02
59,a04-015-02-03
59,a04-015-05-01
59,a04-027-02-03
59,a04-019-07-04
59,a04-027-01-07
59,a04-027-02-06
59,a04-019-07-05
59,a04-023-01-05
59,a04-019-03-08
59,a04-027-00-00
59,a04-019-03-04
59,a04-019-06-05
59,a04-015-05-05
59,a04-015-00-07
59,a04-015-01-13
59,a04-019-05-01
59,a04-015-03-07
59,a04-019-00-02
59,a04-027-05-02
59,a04-027-04-02
59,a04-015-02-08
59,a04-027-04-09
59,a04-027-03-01
59,a04-023-02-07
59,a04-023-01-08
59,a04-027-01-10
59,a04-019-06-01
59,a04-019-00-07
59,a04-019-05-10
59,a04-015-03-05
59,a04-019-04-08
59,a04-019-03-00
59,a04-015-01-09
59,a04-027-03-02
59,a04-027-03-05
59,a04-027-00-08
59,a04-015-03-03
59,a04-027-02-10
59,a04-023-02-01
59,a04-019-01-09
59,a04-027-02-02
59,a04-019-05-02
59,a04-023-00-00
59,a04-023-04-11
59,a04-019-02-01
59,a04-019-05-07
59,a04-015-01-06
59,a04-015-04-05
59,a04-023-00-03
59,a04-015-04-01
59,a04-023-01-02
59,a04-019-05-00
59,a04-019-02-09
59,a04-027-04-01
59,a04-019-07-03
59,a04-027-02-09
59,a04-019-05-06
59,a04-027-02-05
59,a04-023-03-09
59,a04-023-04-05
59,a04-019-04-06
59,a04-019-01-00
59,a04-015-06-03
59,a04-015-04-06
59,a04-015-01-12
59,a04-027-01-03
59,a04-019-04-10
59,a04-027-04-05
59,a04-019-07-00
59,a04-019-01-02
59,a04-027-00-06
59,a04-019-00-03
59,a04-027-05-07
59,a04-023-02-00
59,a04-027-01-11
59,a04-015-05-00
59,a04-019-07-01
59,a04-015-05-10
59,a04-019-04-05
59,a04-019-02-05
59,a04-027-05-04
59,a04-015-07-01
59,a04-027-01-00
59,a04-019-03-05
59,a04-027-03-00
59,a04-027-02-08
59,a04-027-04-06
59,a04-019-02-07
59,a04-027-02-11
59,a04-023-02-06
59,a04-019-00-04
59,a04-027-00-09
59,a04-015-01-03
59,a04-015-02-06
59,a04-019-00-01
59,a04-023-01-09
59,a04-019-03-09
59,a04-015-00-01
59,a04-015-05-04
59,a04-027-05-08
59,a04-027-04-14
59,a04-027-05-11
59,a04-027-03-09
59,a04-027-03-10
59,a04-023-00-08
59,a04-027-03-08
59,a04-019-00-00
59,a04-027-04-13
59,a04-019-01-07
59,a04-015-04-08
59,a04-019-05-09
59,a04-015-06-00
59,a04-027-01-04
59,a04-023-00-09
59,a04-015-03-00
59,a04-027-04-08
59,a04-023-03-04
59,a04-027-00-02
59,a04-023-03-05
59,a04-019-05-05
59,a04-023-02-02
59,a04-023-01-01
59,a04-027-03-03
59,a04-015-07-00
59,a04-023-04-06
59,a04-019-01-11
59,a04-019-06-08
59,a04-023-04-02
59,a04-015-06-05
59,a04-015-06-07
59,a04-019-01-10
59,a04-023-00-01
59,a04-019-01-01
59,a04-015-01-14
59,a04-019-03-03
59,a04-023-03-07
59,a04-023-02-03
59,a04-023-03-11
59,a04-023-00-05
59,a04-015-06-06
59,a04-027-01-06
59,a04-015-06-02
59,a04-019-01-06
59,a04-027-01-08
59,a04-015-03-04
60,a04-039-05-07
60,a04-031-02-06
60,a04-039-06-06
60,a04-039-05-04
60,a04-035-07-07
60,a04-031-01-01
60,a04-031-02-02
60,a04-043-08-03
60,a04-031-01-04
60,a04-039-00-00
60,a04-031-09-02
60,a04-031-02-03
60,a04-031-03-06
60,a04-035-07-03
60,a04-035-09-04
60,a04-031-03-08
60,a04-031-02-08
60,a04-039-05-06
60,a04-031-00-00
60,a04-035-04-07
60,a04-031-06-02
60,a04-031-05-02
60,a04-031-02-05
60,a04-031-08-09
60,a04-031-05-01
60,a04-035-02-09
60,a04-039-03-03
60,a04-035-02-02
60,a04-031-00-01
60,a04-035-06-00
60,a04-035-06-07
60,a04-043-03-05
60,a04-035-09-00
60,a04-039-08-06
60,a04-035-02-00
60,a04-043-03-02
60,a04-039-00-05
60,a04-039-02-02
60,a04-035-05-03
60,a04-043-07-04
60,a04-039-02-01
60,a04-043-08-02
60,a04-035-03-03
60,a04-035-06-05
60,a04-035-07-05
60,a04-031-00-07
60,a04-039-06-00
60,a04-039-08-04
60,a04-035-09-06
60,a04-031-08-03
60,a04-035-08-03
60,a04-031-00-03
60,a04-039-01-03
60,a04-035-09-03
60,a04-035-03-01
60,a04-043-00-04
60,a04-031-07-06
60,a04-031-01-02
60,a04-031-02-01
60,a04-043-06-07
60,a04-035-06-06
60,a04-043-06-04
60,a04-031-06-03
60,a04-031-03-03
60,a04-031-00-08
60,a04-043-04-05
60,a04-043-05-06
60,a04-035-03-04
60,a04-039-01-02
60,a04-039-04-03
60,a04-043-03-00
60,a04-035-05-06
60,a04-035-07-08
60,a04-039-05-01
60,a04-035-07-01
60,a04-039-00-04
60,a04-043-06-02
60,a04-031-04-01
60,a04-043-02-05
60,a04-039-09-02
60,a04-031-02-00
60,a04-043-07-02
60,a04-035-01-01
60,a04-031-08-00
60,a04-039-07-02
60,a04-039-07-00
60,a04-043-02-03
60,a04-035-01-07
60,a04-031-07-07
60,a04-043-01-01
60,a04-043-03-06
60,a04-031-03-00
60,a04-035-03-00
60,a04-039-06-07
60,a04-039-07-08
60,a04-043-01-05
60,a04-043-05-05
60,a04-035-01-04
60,a04-035-07-00
60,a04-043-08-01
60,a04-043-04-01
60,a04-031-00-02
60,a04-039-03-04
60,a04-039-06-02
60,a04-035-01-02
60,a04-039-09-09
60,a04-035-03-06
60,a04-031-09-09
60,a04-039-07-01
60,a04-039-00-03
60,a04-039-04-02
60,a04-031-05-08
60,a04-043-05-04
60,a04-031-05-07
60,a04-031-06-00
60,a04-043-07-00
60,a04-035-06-02
60,a04-039-07-04
60,a04-039-02-08
60,a04-035-04-03
60,a04-035-05-02
60,a04-043-07-03
60,a04-035-01-06
60,a04-035-05-07
60,a04-043-01-06
60,a04-043-02-01
60,a04-043-07-07
60,a04-031-06-01
60,a04-039-03-01
60,a04-035-06-03
60,a04-039-01-04
60,a04-035-02-06
60,a04-043-03-01
60,a04-031-09-01
60,a04-043-01-08
60,a04-039-00-08
60,a04-035-08-01
60,a04-043-06-05
60,a04-039-04-05
60,a04-035-04-04
60,a04-031-08-05
60,a04-031-04-03
60,a04-039-00-01
60,a04-031-05-03
60,a04-043-05-02
60,a04-031-07-02
60,a04-035-03-05
60,a04-043-06-09
60,a04-031-01-03
60,a04-043-04-07
60,a04-043-04-02
60,a04-035-09-01
60,a04-031-03-04
60,a04-043-07-06
60,a04-035-02-07
60,a04-035-05-08
60,a04-039-01-06
60,a04-039-02-06
60,a04-039-03-00
60,a04-039-05-00
60,a04-043-01-03
60,a04-039-03-07
60,a04-043-06-01
60,a04-039-09-04
60,a04-039-06-05
60,a04-031-09-08
60,a04-039-09-00
60,a04-035-04-06
60,a04-031-00-05
60,a04-039-04-00
60,a04-039-02-04
60,a04-039-09-07
60,a04-035-04-05
60,a04-031-03-02
60,a04-031-01-00
60,a04-031-05-05
60,a04-039-08-05
60,a04-031-07-05
60,a04-043-00-05
60,a04-035-07-04
60,a04-031-06-04
60,a04-043-03-04
60,a04-031-08-02
60,a04-039-09-03
60,a04-039-07-05
60,a04-031-09-06
60,a04-039-04-01
60,a04-043-05-01
60,a04-031-08-07
60,a04-039-07-06
60,a04-039-09-05
60,a04-031-09-07
60,a04-039-03-05
60,a04-043-07-05
60,a04-039-08-03
60,a04-031-08-01
60,a04-035-01-00
60,a04-031-05-06
60,a04-035-04-02
60,a04-031-04-06
60,a04-031-00-06
60,a04-043-00-03
60,a04-043-04-03
60,a04-039-01-05
60,a04-031-09-04
60,a04-035-08-06
60,a04-043-01-02
60,a04-043-03-07
60,a04-039-01-01
60,a04-039-04-04
60,a04-039-05-03
60,a04-043-00-01
60,a04-035-08-02
60,a04-039-05-02
60,a04-039-08-01
60,a04-035-06-04
60,a04-035-09-05
60,a04-039-02-00
60,a04-043-08-04
60,a04-043-05-03
60,a04-039-04-07
60,a04-035-04-01
60,a04-035-05-04
60,a04-035-05-09
60,a04-039-09-08
60,a04-035-08-00
60,a04-031-09-11
60,a04-035-03-02
60,a04-039-06-01
60,a04-039-06-03
60,a04-031-07-04
60,a04-031-09-03
60,a04-031-02-04
60,a04-043-02-02
60,a04-031-04-05
60,a04-039-08-00
60,a04-031-00-04
60,a04-039-07-07
60,a04-043-05-00
60,a04-043-01-04
60,a04-043-05-07
60,a04-043-06-00
60,a04-031-03-07
60,a04-031-07-01
60,a04-035-02-05
60,a04-043-04-00
60,a04-035-04-00
60,a04-043-06-08
60,a04-039-05-05
60,a04-039-00-07
60,a04-043-06-06
60,a04-039-03-02
60,a04-035-06-01
60,a04-031-09-10
60,a04-031-01-06
60,a04-031-04-02
60,a04-043-07-01
60,a04-035-09-07
60,a04-035-07-02
60,a04-043-00-02
60,a04-039-04-06
60,a04-039-02-05
60,a04-035-08-05
60,a04-031-07-03
60,a04-039-00-02
60,a04-031-03-01
60,a04-039-03-06
60,a04-031-04-00
60,a04-039-09-01
60,a04-031-07-08
60,a04-035-02-08
60,a04-031-08-04
60,a04-035-05-00
60,a04-039-09-06
60,a04-031-08-06
60,a04-031-01-05
60,a04-043-01-07
60,a04-031-09-00
60,a04-035-07-06
60,a04-035-02-03
60,a04-035-05-05
60,a04-043-06-03
60,a04-043-04-06
60,a04-039-00-06
60,a04-031-05-04
60,a04-039-01-00
60,a04-035-01-05
60,a04-039-06-04
60,a04-031-08-08
60,a04-031-07-00
60,a04-039-08-02
60,a04-035-05-01
60,a04-031-05-00
60,a04-035-09-02
60,a04-031-03-05
60,a04-035-02-04
60,a04-043-02-00
60,a04-043-04-04
60,a04-035-08-04
60,a04-043-01-00
60,a04-043-00-00
60,a04-039-02-07
60,a04-031-02-07
60,a04-043-08-00
60,a04-039-02-03
60,a04-035-02-01
60,a04-031-04-04
61,a04-050-03-05
61,a04-047-03-01
61,a04-050-04-04
61,a04-054-04-04
61,a04-050-05-01
61,a04-047-03-00
61,a04-054-02-10
61,a04-050-06-03
61,a04-047-07-00
61,a04-059-03-02
61,a04-054-00-07
61,a04-059-00-08
61,a04-047-07-02
61,a04-050-06-00
61,a04-054-03-07
61,a04-054-00-02
61,a04-047-04-00
61,a04-047-00-00
61,a04-059-07-01
61,a04-059-04-07
61,a04-050-01-02
61,a04-047-01-01
61,a04-054-03-08
61,a04-047-01-09
61,a04-050-05-02
61,a04-054-01-06
61,a04-059-04-00
61,a04-059-01-04
61,a04-047-05-08
61,a04-050-06-01
61,a04-047-04-07
61,a04-059-01-02
61,a04-050-05-05
61,a04-059-02-08
61,a04-054-04-10
61,a04-047-05-09
61,a04-047-01-02
61,a04-047-03-09
61,a04-059-05-00
61,a04-047-05-07
61,a04-047-06-01
61,a04-054-00-01
61,a04-050-05-10
61,a04-059-03-06
61,a04-047-03-07
61,a04-047-02-07
61,a04-059-05-05
61,a04-050-04-07
61,a04-054-04-01
61,a04-050-03-07
61,a04-050-02-08
61,a04-050-04-00
61,a04-059-01-05
61,a04-050-01-05
61,a04-047-07-08
61,a04-059-04-02
61,a04-059-04-01
61,a04-059-04-03
61,a04-054-00-08
61,a04-050-04-02
61,a04-054-04-05
61,a04-047-02-01
61,a04-047-07-01
61,a04-059-01-07
61,a04-054-01-07
61,a04-054-02-09
61,a04-059-00-06
61,a04-047-05-01
61,a04-054-01-04
61,a04-054-05-00
61,a04-047-07-03
61,a04-047-03-03
61,a04-047-05-00
61,a04-059-02-00
61,a04-047-04-05
61,a04-059-03-01
61,a04-050-01-01
61,a04-054-02-07
61,a04-050-04-05
61,a04-059-02-02
61,a04-054-05-01
61,a04-050-00-01
61,a04-054-02-02
61,a04-059-00-09
61,a04-054-05-05
61,a04-059-04-05
61,a04-050-02-03
61,a04-047-06-06
61,a04-054-05-04
61,a04-050-03-03
61,a04-054-01-00
61,a04-047-00-07
61,a04-047-04-01
61,a04-047-01-00
61,a04-059-07-00
61,a04-059-03-03
61,a04-059-00-07
61,a04-054-00-04
61,a04-059-02-04
61,a04-059-01-01
61,a04-047-00-03
61,a04-050-06-02
61,a04-050-02-06
61,a04-059-04-06
61,a04-047-02-02
61,a04-047-00-01
61,a04-059-05-08
61,a04-054-03-06
61,a04-050-00-08
61,a04-054-04-07
61,a04-047-06-05
61,a04-054-03-03
61,a04-047-03-05
61,a04-059-03-04
61,a04-050-03-04
61,a04-047-02-03
61,a04-054-06-03
61,a04-047-03-02
61,a04-050-01-07
61,a04-059-05-06
61,a04-059-05-04
61,a04-050-05-06
61,a04-059-00-00
61,a04-050-05-04
61,a04-054-05-07
61,a04-050-05-08
61,a04-050-01-04
61,a04-054-04-09
61,a04-054-05-06
61,a04-054-06-02
61,a04-054-05-02
61,a04-054-03-00
61,a04-047-04-04
61,a04-054-03-01
61,a04-054-01-08
61,a04-050-02-05
61,a04-059-00-01
61,a04-050-00-04
61,a04-054-00-09
61,a04-047-06-00
61,a04-059-05-01
61,a04-054-02-04
61,a04-047-02-05
61,a04-054-00-03
61,a04-050-06-04
61,a04-059-03-07
61,a04-050-00-02
61,a04-059-07-04
61,a04-047-07-07
61,a04-050-04-03
61,a04-054-02-06
61,a04-047-06-04
61,a04-054-06-05
61,a04-054-05-10
61,a04-054-02-01
61,a04-050-02-07
61,a04-047-01-03
61,a04-050-05-09
61,a04-047-08-00
61,a04-054-00-05
61,a04-047-05-03
61,a04-047-08-01
61,a04-054-01-02
61,a04-054-05-08
61,a04-047-04-02
61,a04-050-05-00
61,a04-047-08-03
61,a04-059-00-04
61,a04-059-01-08
61,a04-047-03-04
61,a04-050-03-01
61,a04-050-03-00
61,a04-054-06-06
61,a04-054-02-05
61,a04-059-07-03
61,a04-050-01-03
61,a04-059-00-10
61,a04-054-02-08
61,a04-050-02-00
61,a04-047-03-08
61,a04-050-05-07
61,a04-047-05-06
61,a04-050-03-06
61,a04-054-00-06
61,a04-054-05-09
61,a04-047-07-06
61,a04-050-02-01
61,a04-054-05-03
61,a04-054-02-03
61,a04-050-01-00
61,a04-059-04-08
61,a04-059-05-03
61,a04-047-07-05
61,a04-054-01-09
61,a04-059-01-10
61,a04-047-08-02
61,a04-050-04-06
61,a04-054-01-03
61,a04-047-01-06
61,a04-047-03-06
61,a04-050-00-05
61,a04-059-02-09
61,a04-047-02-00
61,a04-054-02-00
61,a04-047-05-05
61,a04-047-00-05
61,a04-047-01-08
61,a04-047-06-02
61,a04-059-00-03
61,a04-047-06-03
61,a04-047-02-04
61,a04-047-00-06
61,a04-047-01-05
61,a04-054-03-02
61,a04-050-04-08
61,a04-059-01-03
61,a04-050-02-04
61,a04-050-04-09
61,a04-059-00-05
61,a04-059-05-02
61,a04-054-01-05
61,a04-059-02-05
61,a04-054-03-04
61,a04-047-05-02
61,a04-054-06-04
61,a04-059-01-09
61,a04-050-00-03
61,a04-054-06-01
61,a04-059-03-09
61,a04-054-04-08
61,a04-054-04-06
61,a04-059-03-08
61,a04-050-00-09
61,a04-059-02-06
61,a04-059-07-02
61,a04-059-02-07
61,a04-050-01-08
61,a04-059-02-01
61,a04-050-00-06
61,a04-047-00-04
61,a04-047-07-04
61,a04-054-04-02
61,a04-059-03-05
61,a04-059-01-11
61,a04-059-03-00
61,a04-050-05-03
61,a04-050-04-01
61,a04-047-00-02
61,a04-047-02-06
61,a04-047-04-03
61,a04-047-05-04
61,a04-059-02-03
61,a04-050-04-10
61,a04-054-06-00
61,a04-050-01-06
61,a04-059-01-06
61,a04-050-03-02
61,a04-050-00-07
61,a04-047-01-07
61,a04-050-00-00
61,a04-054-03-05
61,a04-050-02-02
61,a04-054-04-03
61,a04-047-04-06
61,a04-054-04-00
61,a04-047-01-04
61,a04-059-01-00
61,a04-054-00-00
61,a04-047-03-10
61,a04-059-00-02
61,a04-059-04-04
62,a04-069-06-02
62,a04-072-07-03
62,a04-069-02-00
62,a04-072-05-07
62,a04-066-00-02
62,a04-072-09-01
62,a04-069-04-01
62,a04-069-01-01
62,a04-066-06-01
62,a04-069-07-04
62,a04-072-04-04
62,a04-069-07-05
62,a04-066-00-00
62,a04-066-05-00
62,a04-069-00-01
62,a04-072-02-05
62,a04-066-06-05
62,a04-072-10-02
62,a04-072-09-05
62,a04-066-02-06
62,a04-072-03-00
62,a04-069-04-02
62,a04-069-07-07
62,a04-069-02-05
62,a04-069-06-07
62,a04-066-04-01
62,a04-066-01-00
62,a04-072-10-01
62,a04-072-09-04
62,a04-069-01-02
62,a04-069-06-08
62,a04-066-01-05
62,a04-072-09-06
62,a04-066-01-02
62,a04-069-01-04
62,a04-069-00-03
62,a04-066-00-03
62,a04-072-02-04
62,a04-072-04-01
62,a04-069-02-02
62,a04-066-02-03
62,a04-072-06-02
62,a04-069-00-06
62,a04-069-04-06
62,a04-072-03-01
62,a04-066-00-06
62,a04-069-00-04
62,a04-066-02-07
62,a04-072-01-04
62,a04-072-05-01
62,a04-072-04-00
62,a04-072-10-06
62,a04-072-08-00
62,a04-072-05-00
62,a04-069-02-06
62,a04-066-05-04
62,a04-072-03-03
62,a04-066-04-04
62,a04-072-01-00
62,a04-066-04-03
62,a04-069-07-01
62,a04-069-05-00
62,a04-066-00-05
62,a04-069-02-04
62,a04-066-05-03
62,a04-069-07-02
62,a04-066-04-02
62,a04-066-08-01
62,a04-072-01-02
62,a04-069-06-01
62,a04-066-01-04
62,a04-069-00-00
62,a04-069-02-01
62,a04-069-04-07
62,a04-072-10-04
62,a04-066-00-01
62,a04-069-06-05
62,a04-066-06-04
62,a04-069-00-05
62,a04-072-06-07
62,a04-072-05-06
62,a04-066-02-08
62,a04-072-10-00
62,a04-072-07-01
62,a04-072-08-02
62,a04-069-05-03
62,a04-066-05-02
62,a04-072-02-06
62,a04-072-05-03
62,a04-066-05-01
62,a04-072-04-05
62,a04-072-06-01
62,a04-069-07-03
62,a04-072-03-05
62,a04-069-06-00
62,a04-072-10-03
62,a04-069-04-03
62,a04-069-04-00
62,a04-072-07-05
62,a04-069-01-05
62,a04-072-03-04
62,a04-066-02-01
62,a04-072-05-05
62,a04-072-08-03
62,a04-072-01-03
62,a04-072-02-01
62,a04-066-02-02
62,a04-066-08-04
62,a04-066-02-04
62,a04-066-06-02
62,a04-072-02-02
62,a04-069-01-03
62,a04-069-06-06
62,a04-072-10-05
62,a04-069-05-06
62,a04-066-04-00
62,a04-069-06-03
62,a04-066-02-05
62,a04-072-07-04
62,a04-069-04-04
62,a04-069-05-04
62,a04-072-01-05
62,a04-072-07-02
62,a04-072-04-03
62,a04-072-06-03
62,a04-069-02-03
62,a04-069-06-04
62,a04-069-07-06
62,a04-072-09-00
62,a04-069-01-00
62,a04-069-05-02
62,a04-069-04-05
62,a04-072-04-02
62,a04-066-01-01
62,a04-069-05-05
62,a04-072-06-06
62,a04-066-08-02
62,a04-072-07-00
62,a04-066-06-03
62,a04-072-06-05
62,a04-066-00-04
62,a04-069-00-07
62,a04-066-06-00
62,a04-066-04-05
62,a04-069-05-01
62,a04-072-02-03
62,a04-072-10-07
62,a04-069-04-08
62,a04-072-02-00
62,a04-072-06-00
62,a04-066-05-05
62,a04-072-07-06
62,a04-072-05-02
62,a04-072-09-02
62,a04-069-07-00
62,a04-072-03-02
62,a04-069-00-02
62,a04-066-08-03
62,a04-072-06-04
62,a04-072-05-04
62,a04-072-09-03
62,a04-072-01-01
62,a04-066-02-00
62,a04-066-01-03
62,a04-066-08-00
62,a04-072-08-01
63,a04-081-09-04
63,a04-089-06-04
63,a04-085-01-04
63,a04-085-00-02
63,a04-089-08-05
63,a04-081-09-00
63,a04-081-08-04
63,a04-089-04-06
63,a04-085-04-03
63,a04-085-09-00
63,a04-085-05-01
63,a04-089-06-03
63,a04-089-01-07
63,a04-085-01-03
63,a04-089-08-03
63,a04-089-09-00
63,a04-081-08-01
63,a04-089-05-04
63,a04-089-02-02
63,a04-089-03-04
63,a04-085-03-04
63,a04-081-06-06
63,a04-085-02-05
63,a04-089-08-07
63,a04-081-01-00
63,a04-089-04-01
63,a04-081-06-01
63,a04-081-07-01
63,a04-081-09-03
63,a04-085-03-03
63,a04-081-03-01
63,a04-085-06-07
63,a04-085-02-01
63,a04-085-02-03
63,a04-085-05-04
63,a04-089-06-02
63,a04-085-04-04
63,a04-085-06-00
63,a04-081-00-05
63,a04-089-02-05
63,a04-081-07-03
63,a04-085-08-03
63,a04-089-05-00
63,a04-081-04-03
63,a04-081-00-00
63,a04-085-02-04
63,a04-081-03-03
63,a04-089-06-05
63,a04-081-08-05
63,a04-085-09-04
63,a04-081-07-02
63,a04-089-01-04
63,a04-089-02-00
63,a04-081-00-02
63,a04-089-04-02
63,a04-085-01-01
63,a04-081-03-06
63,a04-081-06-00
63,a04-085-06-03
63,a04-089-09-07
63,a04-081-01-02
63,a04-085-06-05
63,a04-089-03-02
63,a04-085-00-00
63,a04-085-05-05
63,a04-085-03-01
63,a04-089-00-05
63,a04-089-07-02
63,a04-085-02-00
63,a04-085-09-05
63,a04-089-05-06
63,a04-085-00-04
63,a04-081-04-01
63,a04-081-02-00
63,a04-089-09-05
63,a04-089-07-00
63,a04-089-07-04
63,a04-085-07-03
63,a04-081-08-00
63,a04-081-05-00
63,a04-085-01-07
63,a04-081-06-02
63,a04-085-01-00
63,a04-089-01-06
63,a04-089-00-02
63,a04-085-01-05
63,a04-089-00-00
63,a04-089-05-05
63,a04-089-03-05
63,a04-081-02-05
63,a04-081-02-01
63,a04-081-05-03
63,a04-089-01-01
63,a04-089-05-01
63,a04-089-07-01
63,a04-085-03-06
63,a04-081-00-06
63,a04-085-07-02
63,a04-085-08-05
63,a04-081-04-00
63,a04-081-02-04
63,a04-089-04-04
63,a04-081-09-01
63,a04-085-06-06
63,a04-085-08-00
63,a04-089-03-00
63,a04-089-01-05
63,a04-085-09-03
63,a04-089-08-01
63,a04-081-06-05
63,a04-089-09-01
63,a04-081-02-02
63,a04-085-08-04
63,a04-081-01-04
63,a04-085-06-02
63,a04-085-00-03
63,a04-089-03-03
63,a04-089-07-03
63,a04-085-04-02
63,a04-085-00-01
63,a04-089-06-01
63,a04-085-06-01
63,a04-081-05-04
63,a04-089-02-06
63,a04-089-09-06
63,a04-085-01-02
63,a04-085-08-07
63,a04-085-02-06
63,a04-081-00-04
63,a04-089-03-01
63,a04-085-08-02
63,a04-089-04-05
63,a04-085-03-00
63,a04-085-09-02
63,a04-089-05-02
63,a04-081-04-04
63,a04-089-06-06
63,a04-081-05-01
63,a04-089-02-01
63,a04-089-08-06
63,a04-085-09-01
63,a04-081-00-01
63,a04-081-00-03
63,a04-081-03-05
63,a04-085-05-03
63,a04-089-01-03
63,a04-081-02-03
63,a04-081-06-04
63,a04-081-08-03
63,a04-089-09-02
63,a04-081-09-06
63,a04-089-04-00
63,a04-085-03-05
63,a04-081-08-02
63,a04-089-00-01
63,a04-081-09-02
63,a04-089-09-04
63,a04-089-07-05
63,a04-081-07-00
63,a04-089-02-07
63,a04-085-02-02
63,a04-085-09-06
63,a04-085-07-00
63,a04-089-00-04
63,a04-081-03-02
63,a04-085-03-02
63,a04-081-06-03
63,a04-089-08-00
63,a04-089-00-03
63,a04-089-01-00
63,a04-089-02-03
63,a04-085-07-01
63,a04-085-08-01
63,a04-089-09-03
63,a04-089-08-04
63,a04-089-06-00
63,a04-085-01-06
63,a04-081-02-06
63,a04-085-04-00
63,a04-085-08-06
63,a04-089-00-06
63,a04-085-07-04
63,a04-081-03-00
63,a04-089-05-03
63,a04-089-06-07
63,a04-085-02-07
63,a04-089-02-04
63,a04-089-08-02
63,a04-081-03-04
63,a04-081-04-02
63,a04-089-04-03
63,a04-081-01-03
63,a04-085-06-04
63,a04-085-04-01
63,a04-081-05-02
63,a04-081-09-05
63,a04-085-05-02
63,a04-085-05-00
64,a04-103-03-04
64,a04-096-02-02
64,a04-099-07-07
64,a04-092-07-04
64,a04-092-02-07
64,a04-092-01-07
64,a04-092-05-04
64,a04-103-00-00
64,a04-096-05-01
64,a04-099-08-04
64,a04-092-05-02
64,a04-092-03-07
64,a04-092-03-06
64,a04-103-05-01
64,a04-092-10-03
64,a04-096-08-00
64,a04-099-09-05
64,a04-103-06-07
64,a04-092-06-06
64,a04-096-00-00
64,a04-092-02-08
64,a04-096-03-02
64,a04-099-07-02
64,a04-103-02-06
64,a04-092-01-04
64,a04-103-08-01
64,a04-099-00-02
64,a04-103-03-06
64,a04-099-05-02
64,a04-096-05-05
64,a04-103-06-03
64,a04-099-08-07
64,a04-092-00-03
64,a04-103-04-05
64,a04-103-00-04
64,a04-096-06-05
64,a04-103-08-08
64,a04-096-06-01
64,a04-099-07-00
64,a04-099-03-02
64,a04-096-00-02
64,a04-103-07-05
64,a04-103-05-05
64,a04-103-03-02
64,a04-092-04-04
64,a04-096-06-03
64,a04-096-08-01
64,a04-096-09-02
64,a04-092-06-04
64,a04-092-03-01
64,a04-103-05-03
64,a04-099-06-06
64,a04-099-09-03
64,a04-103-05-04
64,a04-092-05-07
64,a04-099-10-04
64,a04-096-08-04
64,a04-096-03-00
64,a04-092-03-08
64,a04-099-00-07
64,a04-099-05-01
64,a04-092-02-04
64,a04-096-06-07
64,a04-092-10-02
64,a04-099-04-00
64,a04-092-02-03
64,a04-099-08-06
64,a04-092-08-04
64,a04-103-06-05
64,a04-099-10-00
64,a04-096-01-06
64,a04-099-05-03
64,a04-092-08-02
64,a04-092-00-07
64,a04-096-04-04
64,a04-092-02-01
64,a04-103-04-00
64,a04-092-07-02
64,a04-096-07-02
64,a04-092-00-06
64,a04-096-05-04
64,a04-092-05-08
64,a04-103-06-01
64,a04-096-01-02
64,a04-099-09-04
64,a04-096-04-00
64,a04-092-09-05
64,a04-096-05-06
64,a04-103-07-01
64,a04-096-04-06
64,a04-099-06-01
64,a04-103-03-07
64,a04-092-05-05
64,a04-099-09-00
64,a04-099-00-06
64,a04-103-08-00
64,a04-096-00-06
64,a04-103-01-00
64,a04-096-08-02
64,a04-092-03-03
64,a04-096-07-00
64,a04-096-09-01
64,a04-092-05-00
64,a04-096-07-07
64,a04-092-06-01
64,a04-103-01-06
64,a04-099-07-01
64,a04-103-07-04
64,a04-092-00-01
64,a04-092-02-09
64,a04-103-07-02
64,a04-092-00-04
64,a04-096-01-04
64,a04-099-05-05
64,a04-099-00-00
64,a04-096-06-04
64,a04-099-08-01
64,a04-096-01-03
64,a04-103-02-04
64,a04-092-07-06
64,a04-096-02-04
64,a04-092-02-00
64,a04-103-00-06
64,a04-103-07-00
64,a04-096-03-05
64,a04-099-01-05
64,a04-099-04-03
64,a04-099-01-01
64,a04-099-10-02
64,a04-103-08-02
64,a04-096-05-00
64,a04-096-01-01
64,a04-096-06-00
64,a04-099-03-01
64,a04-096-02-06
64,a04-092-04-01
64,a04-099-04-07
64,a04-096-02-01
64,a04-096-07-01
64,a04-099-06-04
64,a04-092-09-02
64,a04-092-06-00
64,a04-103-01-05
64,a04-103-01-04
64,a04-099-05-04
64,a04-096-00-01
64,a04-092-03-02
64,a04-096-04-02
64,a04-103-01-03
64,a04-096-04-07
64,a04-096-03-01
64,a04-103-07-03
64,a04-099-07-04
64,a04-096-06-06
64,a04-099-01-00
64,a04-096-01-09
64,a04-092-06-05
64,a04-092-05-06
64,a04-096-07-04
64,a04-099-04-06
64,a04-103-05-06
64,a04-092-01-06
64,a04-096-03-03
64,a04-092-01-03
64,a04-099-01-04
64,a04-092-07-03
64,a04-092-10-05
64,a04-103-06-00
64,a04-092-04-05
64,a04-099-06-00
64,a04-092-06-03
64,a04-103-01-07
64,a04-103-03-05
64,a04-099-07-05
64,a04-099-06-03
64,a04-103-01-01
64,a04-099-03-03
64,a04-092-08-01
64,a04-099-03-00
64,a04-092-10-04
64,a04-099-10-06
64,a04-103-06-06
64,a04-103-00-01
64,a04-096-05-02
64,a04-092-01-01
64,a04-092-04-03
64,a04-099-05-00
64,a04-103-01-02
64,a04-096-01-00
64,a04-103-08-06
64,a04-096-04-05
64,a04-092-02-05
64,a04-099-10-05
64,a04-092-01-00
64,a04-096-05-03
64,a04-099-00-01
64,a04-099-01-06
64,a04-096-02-09
64,a04-092-10-00
64,a04-096-01-07
64,a04-099-07-03
64,a04-103-00-02
64,a04-103-03-03
64,a04-092-04-00
64,a04-096-03-04
64,a04-096-07-08
64,a04-092-04-06
64,a04-096-02-03
64,a04-092-09-01
64,a04-096-02-07
64,a04-099-01-03
64,a04-103-06-02
64,a04-096-07-06
64,a04-096-07-03
64,a04-092-02-06
64,a04-092-06-08
64,a04-092-03-00
64,a04-103-02-03
64,a04-099-03-05
64,a04-103-06-04
64,a04-103-04-01
64,a04-099-06-05
64,a04-092-07-01
64,a04-099-00-05
64,a04-092-08-00
64,a04-096-08-03
64,a04-103-04-04
64,a04-092-06-07
64,a04-103-08-05
64,a04-099-08-08
64,a04-103-04-02
64,a04-099-10-03
64,a04-092-07-05
64,a04-092-08-05
64,a04-096-07-05
64,a04-092-08-03
64,a04-092-01-02
64,a04-096-00-05
64,a04-096-02-00
64,a04-096-02-05
64,a04-099-03-04
64,a04-099-09-02
64,a04-096-06-02
64,a04-099-08-05
64,a04-099-01-02
64,a04-099-04-02
64,a04-092-10-01
64,a04-092-06-02
64,a04-092-10-06
64,a04-103-08-04
64,a04-092-00-00
64,a04-099-06-02
64,a04-103-02-05
64,a04-099-04-05
64,a04-096-02-08
64,a04-099-09-01
64,a04-103-08-03
64,a04-103-07-06
64,a04-099-00-03
64,a04-092-09-06
64,a04-096-00-04
64,a04-099-00-08
64,a04-103-04-03
64,a04-096-05-07
64,a04-103-04-06
64,a04-092-05-03
64,a04-099-08-02
64,a04-092-01-05
64,a04-099-04-04
64,a04-092-09-04
64,a04-092-05-01
64,a04-092-06-09
64,a04-103-02-02
64,a04-099-00-04
64,a04-096-00-03
64,a04-092-02-02
64,a04-092-09-00
64,a04-092-00-02
64,a04-096-04-03
64,a04-103-00-03
64,a04-099-08-00
64,a04-096-09-00
64,a04-092-04-02
64,a04-099-10-01
64,a04-092-07-00
64,a04-092-10-07
64,a04-099-04-01
64,a04-096-01-08
64,a04-096-01-05
64,a04-103-08-07
64,a04-103-00-05
64,a04-096-01-10
64,a04-103-02-01
64,a04-103-02-00
64,a04-092-00-05
64,a04-103-05-00
64,a04-103-05-02
64,a04-092-09-03
64,a04-099-07-06
64,a04-092-03-05
65,a05-009-02-02
65,a05-009-06-04
65,a05-004-01-06
65,a05-004-06-00
65,a05-004-04-06
65,a05-004-08-08
65,a05-009-03-02
65,a05-009-03-01
65,a05-004-05-01
65,a05-004-01-03
65,a05-009-05-05
65,a05-004-01-05
65,a05-004-01-07
65,a05-004-01-08
65,a05-009-05-02
65,a05-009-00-03
65,a05-004-01-01
65,a05-009-07-01
65,a05-004-00-00
65,a05-004-03-00
65,a05-004-08-00
65,a05-004-01-04
65,a05-009-01-01
65,a05-004-05-04
65,a05-009-00-05
65,a05-009-02-07
65,a05-009-06-07
65,a05-004-03-07
65,a05-004-00-03
65,a05-004-02-08
65,a05-009-01-03
65,a05-009-05-04
65,a05-004-06-02
65,a05-009-04-04
65,a05-009-02-04
65,a05-009-06-02
65,a05-004-00-06
65,a05-009-00-04
65,a05-004-05-05
65,a05-009-01-07
65,a05-004-03-02
65,a05-004-03-05
65,a05-004-00-04
65,a05-009-04-07
65,a05-004-00-07
65,a05-004-02-05
65,a05-009-04-00
65,a05-009-05-06
65,a05-004-00-05
65,a05-009-03-00
65,a05-004-02-07
65,a05-004-02-06
65,a05-004-02-04
65,a05-004-00-01
65,a05-009-03-04
65,a05-004-04-01
65,a05-009-07-00
65,a05-004-08-03
65,a05-009-04-02
65,a05-009-02-01
65,a05-009-03-03
65,a05-004-03-04
65,a05-009-01-02
65,a05-004-08-04
65,a05-004-08-05
65,a05-009-06-08
65,a05-004-08-02
65,a05-009-02-00
65,a05-004-00-08
65,a05-009-05-03
65,a05-009-06-01
65,a05-009-00-06
65,a05-004-02-00
65,a05-009-04-06
65,a05-004-05-08
65,a05-004-02-02
65,a05-004-06-04
65,a05-009-06-05
65,a05-004-04-05
65,a05-004-08-06
65,a05-009-01-08
65,a05-004-01-02
65,a05-004-00-02
65,a05-004-05-00
65,a05-004-05-02
65,a05-009-00-00
65,a05-009-04-01
65,a05-009-06-06
65,a05-009-01-09
65,a05-004-06-01
65,a05-009-05-00
65,a05-004-06-03
65,a05-009-01-04
65,a05-004-08-01
65,a05-009-02-06
65,a05-004-05-03
65,a05-009-02-05
65,a05-009-05-07
65,a05-004-08-07
65,a05-004-04-02
65,a05-009-02-03
65,a05-004-01-00
65,a05-004-03-03
65,a05-004-02-01
65,a05-009-00-07
65,a05-009-01-05
65,a05-004-08-09
65,a05-009-05-01
65,a05-004-04-04
65,a05-004-03-06
65,a05-004-04-03
65,a05-009-01-00
65,a05-009-04-03
65,a05-009-06-00
65,a05-004-05-07
65,a05-009-06-03
65,a05-004-05-06
65,a05-009-02-08
65,a05-004-03-01
65,a05-009-01-06
65,a05-004-02-03
65,a05-009-00-01
65,a05-009-04-05
65,a05-009-00-02
65,a05-009-07-03
66,a06-004-06-03
66,a06-000-03-01
66,a06-000-01-00
66,a06-004-00-03
66,a06-000-03-03
66,a06-000-07-04
66,a06-004-08-04
66,a06-004-04-05
66,a06-000-04-03
66,a06-004-07-04
66,a06-004-08-03
66,a06-000-02-07
66,a06-000-02-02
66,a06-004-04-00
66,a06-004-05-01
66,a06-000-06-01
66,a06-004-00-05
66,a06-004-02-00
66,a06-004-01-05
66,a06-000-00-04
66,a06-004-03-06
66,a06-004-01-02
66,a06-004-03-01
66,a06-000-01-02
66,a06-000-05-01
66,a06-004-09-01
66,a06-004-08-02
66,a06-000-03-08
66,a06-004-07-00
66,a06-004-06-04
66,a06-004-01-06
66,a06-000-06-04
66,a06-004-07-02
66,a06-004-01-01
66,a06-004-06-10
66,a06-004-02-02
66,a06-004-06-11
66,a06-004-07-06
66,a06-004-02-06
66,a06-000-05-07
66,a06-000-07-00
66,a06-004-02-01
66,a06-000-01-07
66,a06-000-03-06
66,a06-004-06-05
66,a06-000-04-04
66,a06-004-01-03
66,a06-004-06-00
66,a06-000-01-06
66,a06-000-00-01
66,a06-004-00-04
66,a06-000-01-05
66,a06-004-08-00
66,a06-000-06-07
66,a06-000-06-00
66,a06-004-08-01
66,a06-004-04-01
66,a06-004-02-05
66,a06-000-02-01
66,a06-000-06-03
66,a06-000-03-00
66,a06-004-06-08
66,a06-004-05-03
66,a06-004-06-09
66,a06-000-00-00
66,a06-004-00-01
66,a06-004-06-06
66,a06-004-04-02
66,a06-004-03-04
66,a06-004-04-03
66,a06-004-00-00
66,a06-000-04-02
66,a06-000-06-02
66,a06-000-02-04
66,a06-000-02-00
66,a06-000-00-02
66,a06-004-02-04
66,a06-000-01-03
66,a06-004-04-06
66,a06-004-05-06
66,a06-000-03-05
66,a06-000-01-04
66,a06-004-03-07
66,a06-000-04-05
66,a06-000-05-06
66,a06-004-06-01
66,a06-004-00-02
66,a06-000-03-02
66,a06-004-03-03
66,a06-000-00-05
66,a06-000-05-03
66,a06-004-07-01
66,a06-004-07-07
66,a06-000-06-06
66,a06-004-09-00
66,a06-000-04-00
66,a06-004-04-07
66,a06-004-07-05
66,a06-004-06-02
66,a06-000-06-05
66,a06-000-00-07
66,a06-000-07-02
66,a06-000-02-03
66,a06-004-05-02
66,a06-000-02-05
66,a06-000-04-01
66,a06-004-03-00
66,a06-004-06-07
66,a06-004-05-00
66,a06-004-03-05
66,a06-004-01-07
66,a06-004-01-04
66,a06-000-07-05
66,a06-000-03-07
66,a06-004-03-02
66,a06-004-05-04
66,a06-004-08-05
66,a06-000-01-01
66,a06-000-02-06
66,a06-000-07-01
66,a06-004-04-04
66,a06-004-01-00
66,a06-004-02-03
66,a06-000-05-00
66,a06-000-07-06
66,a06-000-03-04
66,a06-004-05-05
66,a06-004-08-06
66,a06-000-05-05
66,a06-004-07-03
66,a06-000-00-06
66,a06-000-07-03
66,a06-000-05-02
66,a06-000-00-03
66,a06-000-04-06
67,a06-008-07-02
67,a06-008-02-01
67,a06-008-05-08
67,a06-008-05-10
67,a06-008-06-03
67,a06-008-04-02
67,a06-008-04-10
67,a06-008-04-09
67,a06-008-01-03
67,a06-008-05-02
67,a06-008-01-07
67,a06-008-07-04
67,a06-008-07-01
67,a06-008-04-00
67,a06-008-02-04
67,a06-008-07-00
67,a06-008-02-03
67,a06-008-04-05
67,a06-008-01-05
67,a06-008-06-06
67,a06-008-04-06
67,a06-008-05-05
67,a06-008-02-07
67,a06-008-06-02
67,a06-008-02-00
67,a06-008-01-01
67,a06-008-04-01
67,a06-008-02-05
67,a06-008-06-01
67,a06-008-04-04
67,a06-008-05-01
67,a06-008-05-04
67,a06-008-06-00
67,a06-008-01-04
67,a06-008-01-02
67,a06-008-05-06
67,a06-008-05-03
67,a06-008-01-06
67,a06-008-02-08
67,a06-008-01-00
67,a06-008-06-05
67,a06-008-02-06
67,a06-008-02-02
67,a06-008-04-07
67,a06-008-05-07
67,a06-008-06-08
67,a06-008-05-09
67,a06-008-06-04
67,a06-008-07-03
67,a06-008-05-00
67,a06-008-02-09
67,a06-008-06-07
67,a06-008-04-08
68,a06-014-04-03
68,a06-014-03-04
68,a06-014-06-01
68,a06-014-06-00
68,a06-014-08-04
68,a06-014-09-02
68,a06-014-00-03
68,a06-014-04-06
68,a06-014-05-01
68,a06-014-08-01
68,a06-014-07-00
68,a06-014-10-01
68,a06-014-03-00
68,a06-014-01-05
68,a06-014-00-07
68,a06-014-08-02
68,a06-014-09-00
68,a06-014-06-03
68,a06-014-05-06
68,a06-014-01-02
68,a06-014-07-03
68,a06-014-05-08
68,a06-014-01-04
68,a06-014-03-05
68,a06-014-05-04
68,a06-014-03-01
68,a06-014-01-07
68,a06-014-00-06
68,a06-014-05-03
68,a06-014-09-04
68,a06-014-04-00
68,a06-014-07-01
68,a06-014-03-02
68,a06-014-03-03
68,a06-014-08-05
68,a06-014-01-03
68,a06-014-00-05
68,a06-014-07-04
68,a06-014-00-04
68,a06-014-06-02
68,a06-014-05-07
68,a06-014-01-06
68,a06-014-09-01
68,a06-014-00-01
68,a06-014-04-01
68,a06-014-09-05
68,a06-014-05-02
68,a06-014-00-02
68,a06-014-00-00
68,a06-014-01-00
68,a06-014-10-00
68,a06-014-08-06
68,a06-014-04-04
68,a06-014-05-05
68,a06-014-09-03
68,a06-014-04-05
68,a06-014-01-01
68,a06-014-04-02
68,a06-014-08-03
68,a06-014-07-02
68,a06-014-09-06
68,a06-014-05-00
69,a06-020-04-09
69,a06-020-04-06
69,a06-020-01-01
69,a06-020-05-04
69,a06-020-01-02
69,a06-020-02-08
69,a06-020-05-01
69,a06-020-00-05
69,a06-020-01-14
69,a06-020-05-03
69,a06-020-02-02
69,a06-020-01-09
69,a06-020-03-00
69,a06-020-01-12
69,a06-020-02-07
69,a06-020-04-05
69,a06-020-04-11
69,a06-020-03-16
69,a06-020-02-05
69,a06-020-01-11
69,a06-020-04-03
69,a06-020-02-11
69,a06-020-04-10
69,a06-020-00-09
69,a06-020-03-05
69,a06-020-01-10
69,a06-020-00-03
69,a06-020-04-00
69,a06-020-00-02
69,a06-020-01-00
69,a06-020-03-14
69,a06-020-01-08
69,a06-020-00-08
69,a06-020-03-02
69,a06-020-01-04
69,a06-020-03-07
69,a06-020-01-05
69,a06-020-04-07
69,a06-020-03-12
69,a06-020-03-01
69,a06-020-04-12
69,a06-020-03-15
69,a06-020-01-06
69,a06-020-03-08
69,a06-020-03-13
69,a06-020-02-09
69,a06-020-00-06
69,a06-020-05-02
69,a06-020-02-12
69,a06-020-00-01
69,a06-020-00-07
69,a06-020-01-07
69,a06-020-02-01
69,a06-020-00-04
69,a06-020-04-01
69,a06-020-03-03
69,a06-020-04-04
69,a06-020-03-10
69,a06-020-04-08
69,a06-020-02-10
69,a06-020-01-13
69,a06-020-05-00
69,a06-020-02-06
69,a06-020-02-03
69,a06-020-03-11
69,a06-020-03-04
69,a06-020-00-10
69,a06-020-01-03
69,a06-020-02-00
69,a06-020-03-06
69,a06-020-04-02
69,a06-020-02-04
70,a06-025-07-00
70,a06-025-00-05
70,a06-025-02-04
70,a06-025-01-04
70,a06-025-00-01
70,a06-025-07-02
70,a06-025-04-01
70,a06-025-05-02
70,a06-025-00-04
70,a06-025-04-05
70,a06-025-00-00
70,a06-025-01-02
70,a06-025-00-03
70,a06-025-06-03
70,a06-025-06-02
70,a06-025-06-05
70,a06-025-05-00
70,a06-025-03-06
70,a06-025-06-04
70,a06-025-02-03
70,a06-025-07-01
70,a06-025-03-03
70,a06-025-07-05
70,a06-025-06-00
70,a06-025-05-04
70,a06-025-06-07
70,a06-025-05-03
70,a06-025-01-03
70,a06-025-06-08
70,a06-025-05-06
70,a06-025-04-00
70,a06-025-03-00
70,a06-025-08-00
70,a06-025-08-01
70,a06-025-07-06
70,a06-025-04-03
70,a06-025-01-06
70,a06-025-01-00
70,a06-025-04-06
70,a06-025-02-06
70,a06-025-01-05
70,a06-025-03-01
70,a06-025-03-04
70,a06-025-03-02
70,a06-025-05-01
70,a06-025-02-01
70,a06-025-06-01
70,a06-025-07-03
70,a06-025-02-00
70,a06-025-04-02
70,a06-025-02-05
70,a06-025-06-06
70,a06-025-00-06
70,a06-025-02-02
70,a06-025-01-01
70,a06-025-04-04
70,a06-025-07-04
70,a06-025-04-07
70,a06-025-05-05
70,a06-025-00-02
71,a06-036-07-05
71,a06-036-05-05
71,a06-036-07-07
71,a06-036-04-01
71,a06-036-00-04
71,a06-036-01-00
71,a06-036-07-09
71,a06-036-01-05
71,a06-036-05-06
71,a06-036-02-02
71,a06-036-04-02
71,a06-036-02-05
71,a06-036-06-05
71,a06-036-01-01
71,a06-036-07-02
71,a06-036-07-01
71,a06-036-06-04
71,a06-036-05-04
71,a06-036-03-00
71,a06-036-01-06
71,a06-036-02-00
71,a06-036-07-00
71,a06-036-05-09
71,a06-036-03-03
71,a06-036-05-03
71,a06-036-07-03
71,a06-036-02-01
71,a06-036-04-00
71,a06-036-06-00
71,a06-036-05-00
71,a06-036-07-08
71,a06-036-06-06
71,a06-036-04-05
71,a06-036-05-11
71,a06-036-06-02
71,a06-036-00-01
71,a06-036-06-03
71,a06-036-02-03
71,a06-036-05-07
71,a06-036-01-02
71,a06-036-04-06
71,a06-036-03-04
71,a06-036-04-04
71,a06-036-05-08
71,a06-036-07-06
71,a06-036-00-05
71,a06-036-06-01
71,a06-036-05-10
71,a06-036-07-04
71,a06-036-01-04
71,a06-036-04-03
71,a06-036-03-01
71,a06-036-03-06
71,a06-036-01-03
71,a06-036-05-02
71,a06-036-00-07
71,a06-036-00-03
71,a06-036-00-00
71,a06-036-03-05
71,a06-036-00-02
71,a06-036-03-07
71,a06-036-06-07
71,a06-036-00-06
71,a06-036-05-01
71,a06-036-03-02
72,a06-039-07-01
72,a06-039-03-00
72,a06-039-00-07
72,a06-039-01-02
72,a06-039-02-04
72,a06-039-01-01
72,a06-039-03-02
72,a06-039-04-02
72,a06-039-00-05
72,a06-039-01-03
72,a06-039-02-05
72,a06-039-02-03
72,a06-039-07-02
72,a06-039-07-03
72,a06-039-09-01
72,a06-039-05-03
72,a06-039-00-00
72,a06-039-05-06
72,a06-039-04-01
72,a06-039-09-00
72,a06-039-05-04
72,a06-039-00-01
72,a06-039-02-00
72,a06-039-03-05
72,a06-039-03-04
72,a06-039-00-02
72,a06-039-00-04
72,a06-039-01-05
72,a06-039-09-02
72,a06-039-02-06
72,a06-039-04-00
72,a06-039-04-05
72,a06-039-04-04
72,a06-039-00-06
72,a06-039-00-03
72,a06-039-01-07
72,a06-039-03-06
72,a06-039-04-03
72,a06-039-02-07
72,a06-039-09-03
72,a06-039-01-08
72,a06-039-07-00
72,a06-039-01-06
72,a06-039-05-02
72,a06-039-01-04
72,a06-039-05-05
72,a06-039-02-01
72,a06-039-01-00
72,a06-039-05-00
72,a06-039-05-01
72,a06-039-02-02
72,a06-039-07-04
72,a06-039-03-01
72,a06-039-03-03
73,a06-044-01-04
73,a06-044-02-04
73,a06-044-04-03
73,a06-044-01-02
73,a06-044-04-07
73,a06-044-03-00
73,a06-044-05-00
73,a06-044-05-04
73,a06-044-04-02
73,a06-044-05-03
73,a06-044-02-00
73,a06-044-03-10
73,a06-044-06-02
73,a06-044-03-09
73,a06-044-02-09
73,a06-044-04-05
73,a06-044-01-08
73,a06-044-05-02
73,a06-044-03-07
73,a06-044-02-05
73,a06-044-04-00
73,a06-044-05-05
73,a06-044-04-06
73,a06-044-02-03
73,a06-044-01-11
73,a06-044-02-10
73,a06-044-05-09
73,a06-044-02-01
73,a06-044-06-01
73,a06-044-02-06
73,a06-044-02-02
73,a06-044-04-01
73,a06-044-03-04
73,a06-044-03-08
73,a06-044-04-08
73,a06-044-01-06
73,a06-044-04-09
73,a06-044-02-08
73,a06-044-01-00
73,a06-044-03-06
73,a06-044-03-05
73,a06-044-01-03
73,a06-044-03-03
73,a06-044-05-01
73,a06-044-01-01
73,a06-044-03-01
73,a06-044-02-07
73,a06-044-05-07
73,a06-044-04-04
73,a06-044-03-02
73,a06-044-01-05
73,a06-044-01-10
73,a06-044-04-10
73,a06-044-05-08
73,a06-044-05-06
73,a06-044-06-00
73,a06-044-01-07
74,a06-051-05-00
74,a06-051-08-01
74,a06-051-06-02
74,a06-051-01-05
74,a06-051-03-07
74,a06-051-07-01
74,a06-051-00-04
74,a06-051-00-05
74,a06-051-07-02
74,a06-051-05-02
74,a06-051-03-10
74,a06-051-00-01
74,a06-051-01-02
74,a06-051-00-03
74,a06-051-02-02
74,a06-051-00-08
74,a06-051-02-06
74,a06-051-02-07
74,a06-051-08-04
74,a06-051-02-03
74,a06-051-05-03
74,a06-051-04-05
74,a06-051-03-06
74,a06-051-00-02
74,a06-051-06-06
74,a06-051-03-00
74,a06-051-04-03
74,a06-051-02-00
74,a06-051-04-06
74,a06-051-01-07
74,a06-051-04-01
74,a06-051-06-05
74,a06-051-03-08
74,a06-051-04-04
74,a06-051-04-02
74,a06-051-05-01
74,a06-051-04-00
74,a06-051-03-03
74,a06-051-06-03
74,a06-051-02-04
74,a06-051-05-06
74,a06-051-01-00
74,a06-051-06-04
74,a06-051-08-03
74,a06-051-05-05
74,a06-051-01-06
74,a06-051-01-01
74,a06-051-08-02
74,a06-051-05-04
74,a06-051-07-06
74,a06-051-07-07
74,a06-051-07-04
74,a06-051-03-09
74,a06-051-00-06
74,a06-051-02-05
74,a06-051-08-05
74,a06-051-07-00
74,a06-051-07-03
74,a06-051-01-03
74,a06-051-03-01
74,a06-051-06-00
74,a06-051-03-02
74,a06-051-06-01
74,a06-051-02-01
74,a06-051-00-07
74,a06-051-08-06
74,a06-051-03-05
74,a06-051-04-07
74,a06-051-07-05
74,a06-051-00-00
74,a06-051-03-04
75,a06-057-03-03
75,a06-057-05-04
75,a06-057-01-07
75,a06-057-03-05
75,a06-057-04-05
75,a06-057-04-01
75,a06-057-01-12
75,a06-057-02-02
75,a06-057-00-12
75,a06-057-03-00
75,a06-057-00-06
75,a06-057-02-06
75,a06-057-03-02
75,a06-057-05-03
75,a06-057-05-09
75,a06-057-01-10
75,a06-057-00-01
75,a06-057-05-05
75,a06-057-05-02
75,a06-057-04-04
75,a06-057-01-05
75,a06-057-01-01
75,a06-057-03-13
75,a06-057-01-04
75,a06-057-02-07
75,a06-057-02-05
75,a06-057-04-03
75,a06-057-00-05
75,a06-057-02-03
75,a06-057-01-11
75,a06-057-04-08
75,a06-057-01-03
75,a06-057-02-08
75,a06-057-00-08
75,a06-057-03-06
75,a06-057-05-06
75,a06-057-05-08
75,a06-057-04-09
75,a06-057-02-10
75,a06-057-01-00
75,a06-057-00-10
75,a06-057-05-00
75,a06-057-00-02
75,a06-057-01-06
75,a06-057-00-04
75,a06-057-02-01
75,a06-057-02-09
75,a06-057-04-02
75,a06-057-02-11
75,a06-057-04-06
75,a06-057-01-09
75,a06-057-04-11
75,a06-057-03-10
75,a06-057-03-11
75,a06-057-04-00
75,a06-057-01-02
75,a06-057-00-07
75,a06-057-03-09
75,a06-057-02-04
75,a06-057-00-09
75,a06-057-02-00
75,a06-057-04-10
75,a06-057-00-00
75,a06-057-03-07
75,a06-057-03-04
75,a06-057-03-01
75,a06-057-04-07
75,a06-057-00-03
75,a06-057-00-13
75,a06-057-03-08
75,a06-057-00-11
75,a06-057-05-01
75,a06-057-05-07
75,a06-057-03-12
75,a06-057-01-08
76,a06-064-08-04
76,a06-064-01-01
76,a06-064-08-06
76,a06-064-03-01
76,a06-064-09-05
76,a06-064-01-02
76,a06-064-06-06
76,a06-064-04-01
76,a06-064-08-01
76,a06-064-03-04
76,a06-064-02-05
76,a06-064-08-02
76,a06-064-09-01
76,a06-064-04-02
76,a06-064-04-07
76,a06-064-06-00
76,a06-064-05-01
76,a06-064-02-07
76,a06-064-04-05
76,a06-064-06-05
76,a06-064-06-07
76,a06-064-02-04
76,a06-064-05-04
76,a06-064-02-06
76,a06-064-03-03
76,a06-064-05-05
76,a06-064-05-07
76,a06-064-01-06
76,a06-064-03-05
76,a06-064-02-03
76,a06-064-05-06
76,a06-064-06-02
76,a06-064-03-06
76,a06-064-02-02
76,a06-064-04-06
76,a06-064-05-00
76,a06-064-01-07
76,a06-064-07-03
76,a06-064-05-03
76,a06-064-01-00
76,a06-064-09-03
76,a06-064-02-01
76,a06-064-04-00
76,a06-064-08-07
76,a06-064-07-01
76,a06-064-06-01
76,a06-064-08-03
76,a06-064-07-04
76,a06-064-07-00
76,a06-064-04-03
76,a06-064-03-00
76,a06-064-01-04
76,a06-064-04-04
76,a06-064-03-02
76,a06-064-07-02
76,a06-064-09-04
76,a06-064-09-02
76,a06-064-06-04
76,a06-064-05-02
76,a06-064-01-03
76,a06-064-06-03
76,a06-064-01-05
76,a06-064-08-00
76,a06-064-01-08
76,a06-064-02-00
77,a06-070-02-01
77,a06-070-01-05
77,a06-070-02-04
77,a06-070-06-01
77,a06-070-03-04
77,a06-070-04-07
77,a06-070-00-00
77,a06-070-01-04
77,a06-070-06-03
77,a06-070-06-06
77,a06-070-08-02
77,a06-070-04-02
77,a06-070-05-02
77,a06-070-05-00
77,a06-070-01-06
77,a06-070-04-01
77,a06-070-03-03
77,a06-070-06-09
77,a06-070-07-04
77,a06-070-01-01
77,a06-070-02-00
77,a06-070-05-01
77,a06-070-01-08
77,a06-070-04-05
77,a06-070-07-05
77,a06-070-08-01
77,a06-070-03-06
77,a06-070-01-03
77,a06-070-08-00
77,a06-070-05-03
77,a06-070-03-02
77,a06-070-06-10
77,a06-070-03-05
77,a06-070-07-00
77,a06-070-06-00
77,a06-070-04-04
77,a06-070-01-09
77,a06-070-07-02
77,a06-070-02-03
77,a06-070-00-07
77,a06-070-00-06
77,a06-070-00-01
77,a06-070-05-04
77,a06-070-07-01
77,a06-070-03-01
77,a06-070-06-07
77,a06-070-01-10
77,a06-070-05-05
77,a06-070-02-02
77,a06-070-00-03
77,a06-070-05-06
77,a06-070-06-08
77,a06-070-01-00
77,a06-070-06-05
77,a06-070-07-03
77,a06-070-04-03
77,a06-070-00-02
77,a06-070-03-00
77,a06-070-00-05
77,a06-070-01-07
77,a06-070-01-02
77,a06-070-00-04
77,a06-070-07-06
77,a06-070-06-02
77,a06-070-04-06
77,a06-070-06-04
77,a06-070-04-08
77,a06-070-02-05
78,a06-075-03-00
78,a06-075-00-04
78,a06-075-08-00
78,a06-075-08-01
78,a06-075-03-07
78,a06-075-05-08
78,a06-075-01-05
78,a06-075-03-04
78,a06-075-05-09
78,a06-075-00-03
78,a06-075-00-01
78,a06-075-07-08
78,a06-075-07-03
78,a06-075-04-04
78,a06-075-07-00
78,a06-075-03-02
78,a06-075-01-00
78,a06-075-04-02
78,a06-075-05-03
78,a06-075-05-01
78,a06-075-07-07
78,a06-075-01-01
78,a06-075-04-05
78,a06-075-01-03
78,a06-075-05-06
78,a06-075-06-07
78,a06-075-02-01
78,a06-075-00-02
78,a06-075-06-01
78,a06-075-02-02
78,a06-075-00-07
78,a06-075-04-06
78,a06-075-02-05
78,a06-075-08-02
78,a06-075-02-06
78,a06-075-05-02
78,a06-075-08-04
78,a06-075-06-04
78,a06-075-05-00
78,a06-075-03-03
78,a06-075-01-04
78,a06-075-08-03
78,a06-075-04-03
78,a06-075-06-05
78,a06-075-04-01
78,a06-075-03-05
78,a06-075-02-04
78,a06-075-01-02
78,a06-075-06-00
78,a06-075-06-03
78,a06-075-04-00
78,a06-075-03-01
78,a06-075-00-06
78,a06-075-03-06
78,a06-075-07-05
78,a06-075-05-04
78,a06-075-02-03
78,a06-075-07-06
78,a06-075-07-04
78,a06-075-05-05
78,a06-075-07-02
78,a06-075-07-01
78,a06-075-00-05
78,a06-075-06-06
78,a06-075-06-02
78,a06-075-00-00
78,a06-075-05-07
78,a06-075-02-00
79,a06-090-06-01
79,a06-090-08-01
79,a06-090-07-01
79,a06-090-04-00
79,a06-090-01-04
79,a06-090-05-06
79,a06-090-04-05
79,a06-090-00-08
79,a06-090-03-08
79,a06-090-04-03
79,a06-090-00-04
79,a06-090-06-03
79,a06-090-05-04
79,a06-090-06-07
79,a06-090-01-00
79,a06-090-02-01
79,a06-090-06-02
79,a06-090-05-03
79,a06-090-02-02
79,a06-090-04-01
79,a06-090-02-03
79,a06-090-08-05
79,a06-090-07-05
79,a06-090-03-04
79,a06-090-01-01
79,a06-090-06-06
79,a06-090-03-02
79,a06-090-04-02
79,a06-090-07-04
79,a06-090-05-08
79,a06-090-06-00
79,a06-090-03-09
79,a06-090-05-02
79,a06-090-02-00
79,a06-090-03-03
79,a06-090-05-05
79,a06-090-08-00
79,a06-090-00-00
79,a06-090-00-03
79,a06-090-07-03
79,a06-090-00-07
79,a06-090-02-06
79,a06-090-01-03
79,a06-090-03-00
79,a06-090-01-08
79,a06-090-03-06
79,a06-090-02-05
79,a06-090-03-07
79,a06-090-03-11
79,a06-090-07-06
79,a06-090-06-04
79,a06-090-01-05
79,a06-090-00-06
79,a06-090-08-04
79,a06-090-02-08
79,a06-090-00-05
79,a06-090-05-01
79,a06-090-00-02
79,a06-090-07-00
79,a06-090-00-01
79,a06-090-05-07
79,a06-090-01-07
79,a06-090-07-02
79,a06-090-01-06
79,a06-090-05-00
79,a06-090-03-10
79,a06-090-03-05
79,a06-090-04-04
79,a06-090-08-03
79,a06-090-08-02
79,a06-090-08-06
79,a06-090-06-05
79,a06-090-07-07
79,a06-090-03-01
79,a06-090-02-07
79,a06-090-04-06
79,a06-090-01-02
80,a06-095-07-01
80,a06-095-06-05
80,a06-095-01-01
80,a06-095-00-05
80,a06-095-03-06
80,a06-095-04-02
80,a06-095-03-00
80,a06-095-02-01
80,a06-095-10-02
80,a06-095-00-07
80,a06-095-09-06
80,a06-095-03-03
80,a06-095-00-04
80,a06-095-10-00
80,a06-095-08-05
80,a06-095-03-05
80,a06-095-05-03
80,a06-095-00-06
80,a06-095-06-00
80,a06-095-05-02
80,a06-095-07-03
80,a06-095-08-07
80,a06-095-04-03
80,a06-095-00-03
80,a06-095-08-09
80,a06-095-07-04
80,a06-095-00-01
80,a06-095-03-01
80,a06-095-06-03
80,a06-095-00-00
80,a06-095-09-00
80,a06-095-08-04
80,a06-095-06-04
80,a06-095-05-04
80,a06-095-01-04
80,a06-095-03-02
80,a06-095-01-00
80,a06-095-02-05
80,a06-095-07-02
80,a06-095-02-02
80,a06-095-01-02
80,a06-095-00-02
80,a06-095-05-00
80,a06-095-04-05
80,a06-095-06-01
80,a06-095-08-10
80,a06-095-04-01
80,a06-095-08-08
80,a06-095-04-00
80,a06-095-04-04
80,a06-095-02-03
80,a06-095-09-05
80,a06-095-05-01
80,a06-095-06-02
80,a06-095-06-06
80,a06-095-08-06
80,a06-095-08-01
80,a06-095-07-00
80,a06-095-05-05
80,a06-095-08-00
80,a06-095-09-03
80,a06-095-08-02
80,a06-095-09-01
80,a06-095-09-02
80,a06-095-02-04
80,a06-095-09-04
80,a06-095-02-00
80,a06-095-10-01
80,a06-095-03-04
80,a06-095-02-06
80,a06-095-01-03
80,a06-095-08-03
81,a06-100-06-02
81,n02-146-02-04
81,a06-100-00-03
81,n02-146-02-03
81,n02-146-03-01
81,n02-146-01-04
81,n02-146-06-09
81,a06-100-05-08
81,n02-146-02-14
81,n02-146-03-05
81,n02-146-01-11
81,a06-100-05-10
81,a06-100-04-08
81,a06-100-06-06
81,n02-146-02-12
81,n02-146-03-10
81,n02-146-06-06
81,n02-146-00-00
81,a06-100-05-06
81,n02-146-01-15
81,a06-100-05-03
81,a06-100-06-05
81,a06-100-04-10
81,n02-146-02-16
81,a06-100-05-11
81,a06-100-03-00
81,n02-146-01-17
81,n02-146-01-01
81,n02-146-06-10
81,a06-100-00-08
81,n02-146-02-13
81,n02-146-03-09
81,a06-100-02-09
81,n02-146-01-08
81,a06-100-05-00
81,a06-100-04-02
81,n02-146-02-10
81,n02-146-03-08
81,n02-146-03-07
81,a06-100-00-00
81,a06-100-06-01
81,a06-100-05-01
81,a06-100-02-04
81,n02-146-01-12
81,n02-146-00-06
81,n02-146-01-16
81,a06-100-04-05
81,n02-146-06-01
81,a06-100-03-09
81,a06-100-02-11
81,n02-146-00-12
81,n02-146-06-08
81,a06-100-05-07
81,a06-100-06-07
81,n02-146-00-05
81,n02-146-02-15
81,n02-146-01-14
81,a06-100-05-02
81,a06-100-03-10
81,a06-100-06-00
81,n02-146-03-02
81,n02-146-00-01
81,n02-146-02-01
81,n02-146-02-07
81,a06-100-03-07
81,a06-100-05-12
81,n02-146-00-02
81,n02-146-00-08
81,a06-100-00-06
81,n02-146-01-06
81,n02-146-01-13
81,n02-146-01-10
81,a06-100-04-04
81,n02-146-00-04
81,a06-100-02-06
81,n02-146-00-13
81,n02-146-03-00
81,a06-100-02-03
81,n02-146-00-07
81,a06-100-00-07
81,n02-146-03-11
81,n02-146-06-03
81,n02-146-01-00
81,a06-100-05-04
81,n02-146-00-11
81,a06-100-02-00
81,n02-146-02-00
81,n02-146-00-09
81,a06-100-06-04
81,a06-100-03-03
81,a06-100-05-05
81,n02-146-00-10
81,a06-100-04-11
81,n02-146-03-03
81,a06-100-00-04
81,a06-100-02-05
81,a06-100-00-05
81,n02-146-02-09
81,n02-146-02-05
81,n02-146-06-07
81,a06-100-05-09
81,n02-146-03-14
81,a06-100-00-01
81,a06-100-02-01
81,a06-100-03-05
81,a06-100-02-08
81,a06-100-03-01
81,n02-146-02-11
81,n02-146-03-06
81,n02-146-02-02
81,a06-100-04-01
81,n02-146-01-09
81,a06-100-04-06
81,n02-146-03-12
81,a06-100-00-02
81,n02-146-01-02
81,n02-146-06-02
81,n02-146-06-04
81,a06-100-04-00
81,a06-100-02-12
81,n02-146-06-00
81,n02-146-01-05
81,a06-100-04-09
81,a06-100-03-08
81,n02-146-03-13
81,a06-100-06-03
81,n02-146-01-07
81,a06-100-02-02
81,a06-100-04-07
81,a06-100-03-04
81,n02-146-03-04
81,a06-100-02-10
81,n02-146-01-03
81,n02-146-02-08
81,a06-100-02-07
81,a06-100-03-02
81,a06-100-05-13
81,n02-146-00-03
81,n02-146-06-05
81,a06-100-03-06
82,a06-110-05-04
82,a06-110-02-01
82,a06-110-06-03
82,a06-110-03-01
82,a06-110-02-00
82,a06-110-04-00
82,a06-110-04-05
82,a06-110-04-02
82,a06-110-01-01
82,a06-110-04-07
82,a06-110-04-04
82,a06-110-04-01
82,a06-110-03-00
82,a06-110-02-03
82,a06-110-04-03
82,a06-110-03-05
82,a06-110-00-00
82,a06-110-05-02
82,a06-110-04-06
82,a06-110-01-03
82,a06-110-05-01
82,a06-110-02-02
82,a06-110-00-01
82,a06-110-08-00
82,a06-110-06-00
82,a06-110-01-04
82,a06-110-03-04
82,a06-110-06-04
82,a06-110-02-04
82,a06-110-02-05
82,a06-110-01-00
82,a06-110-05-05
82,a06-110-05-00
82,a06-110-03-03
82,a06-110-08-01
82,a06-110-00-02
82,a06-110-01-05
82,a06-110-01-02
82,a06-110-03-02
82,a06-110-02-06
82,a06-110-05-03
82,a06-110-06-01
82,a06-110-06-02
83,a06-114-09-01
83,a06-114-08-03
83,a06-114-00-02
83,a06-114-00-05
83,a06-114-02-06
83,a06-114-07-03
83,a06-114-02-03
83,a06-114-03-07
83,a06-114-08-06
83,a06-114-04-04
83,a06-114-08-01
83,a06-114-03-09
83,a06-114-09-00
83,a06-114-09-02
83,a06-114-08-00
83,a06-114-06-01
83,a06-114-08-05
83,a06-114-02-07
83,a06-114-07-05
83,a06-114-02-00
83,a06-114-08-04
83,a06-114-07-02
83,a06-114-02-05
83,a06-114-06-03
83,a06-114-06-04
83,a06-114-02-02
83,a06-114-05-05
83,a06-114-05-04
83,a06-114-00-00
83,a06-114-03-02
83,a06-114-01-04
83,a06-114-05-01
83,a06-114-04-03
83,a06-114-03-00
83,a06-114-06-00
83,a06-114-03-06
83,a06-114-00-01
83,a06-114-00-07
83,a06-114-01-03
83,a06-114-00-04
83,a06-114-04-05
83,a06-114-06-05
83,a06-114-07-06
83,a06-114-07-00
83,a06-114-01-01
83,a06-114-05-00
83,a06-114-05-03
83,a06-114-04-02
83,a06-114-03-04
83,a06-114-03-08
83,a06-114-04-00
83,a06-114-00-03
83,a06-114-07-04
83,a06-114-07-01
83,a06-114-06-02
83,a06-114-03-01
83,a06-114-05-02
83,a06-114-02-04
83,a06-114-01-02
83,a06-114-01-00
83,a06-114-03-10
83,a06-114-04-01
83,a06-114-02-01
83,a06-114-00-06
83,a06-114-08-02
84,a06-119-03-05
84,a06-119-04-00
84,a06-119-02-01
84,a06-119-01-03
84,a06-128-10-03
84,a06-128-09-03
84,a06-119-08-03
84,a06-119-05-01
84,a06-119-00-04
84,a06-128-04-02
84,a06-119-02-05
84,a06-119-01-01
84,a06-128-02-06
84,a06-119-05-03
84,a06-119-08-00
84,a06-119-03-02
84,a06-128-07-03
84,a06-119-08-02
84,a06-128-05-02
84,a06-119-08-04
84,a06-119-04-05
84,a06-128-09-01
84,a06-128-05-05
84,a06-128-09-05
84,a06-119-02-04
84,a06-128-07-05
84,a06-128-09-02
84,a06-128-05-01
84,a06-119-05-00
84,a06-119-08-07
84,a06-119-03-01
84,a06-128-02-02
84,a06-119-04-04
84,a06-128-00-01
84,a06-119-00-00
84,a06-119-06-05
84,a06-119-04-06
84,a06-128-04-03
84,a06-128-06-00
84,a06-119-04-01
84,a06-128-02-04
84,a06-128-03-00
84,a06-128-06-04
84,a06-119-01-00
84,a06-119-04-03
84,a06-119-08-05
84,a06-119-02-06
84,a06-119-02-00
84,a06-128-07-04
84,a06-128-06-02
84,a06-128-03-04
84,a06-128-07-00
84,a06-119-04-02
84,a06-128-06-05
84,a06-128-06-01
84,a06-128-07-01
84,a06-128-10-01
84,a06-128-05-03
84,a06-119-01-04
84,a06-119-07-00
84,a06-119-07-02
84,a06-128-04-07
84,a06-119-03-00
84,a06-128-10-02
84,a06-128-03-02
84,a06-128-02-00
84,a06-128-06-03
84,a06-119-03-03
84,a06-119-02-02
84,a06-119-07-04
84,a06-119-08-06
84,a06-128-02-01
84,a06-128-02-05
84,a06-128-00-04
84,a06-119-07-01
84,a06-119-07-05
84,a06-119-02-03
84,a06-128-03-01
84,a06-119-01-02
84,a06-119-00-01
84,a06-119-03-04
84,a06-128-03-03
84,a06-128-04-06
84,a06-128-04-00
84,a06-119-00-03
84,a06-128-04-04
84,a06-119-07-06
84,a06-119-06-06
84,a06-119-05-04
84,a06-119-05-02
84,a06-128-09-00
84,a06-119-08-01
84,a06-128-05-04
84,a06-119-06-00
84,a06-119-06-04
84,a06-128-04-01
84,a06-128-00-00
84,a06-128-02-03
84,a06-119-06-01
84,a06-128-09-04
84,a06-128-07-02
84,a06-128-00-02
84,a06-128-05-00
84,a06-128-00-05
84,a06-119-03-06
84,a06-119-06-03
84,a06-128-09-06
84,a06-119-07-03
84,a06-128-04-05
84,a06-119-06-02
84,a06-119-00-02
84,a06-128-00-03
85,e07-000-02-00
85,a06-147-05-02
85,a06-147-05-08
85,a06-141-02-03
85,a06-147-05-09
85,a06-124-01-05
85,a06-134-02-13
85,a06-141-02-02
85,a06-147-04-14
85,a06-141-04-07
85,e07-000-04-00
85,a06-141-03-08
85,a06-141-06-02
85,a06-124-02-09
85,a06-134-01-05
85,e07-000-03-04
85,e07-000-04-01
85,a06-124-01-00
85,a06-157-00-08
85,a06-124-01-08
85,a06-124-04-10
85,a06-147-03-02
85,a06-134-03-06
85,a06-134-01-04
85,a06-124-03-10
85,a06-124-00-06
85,a06-147-04-02
85,a06-141-02-04
85,a06-124-01-10
85,a06-147-06-00
85,a06-134-01-00
85,a06-141-03-03
85,e07-000-03-05
85,a06-147-01-08
85,a06-134-05-04
85,a06-141-00-07
85,a06-134-00-02
85,a06-141-04-02
85,a06-134-07-03
85,a06-147-01-03
85,a06-124-00-02
85,a06-124-00-12
85,a06-134-00-00
85,a06-124-02-00
85,a06-157-00-05
85,a06-124-04-08
85,e07-000-04-05
85,a06-134-07-06
85,e07-000-04-06
85,a06-147-04-11
85,e07-000-00-07
85,a06-141-03-00
85,a06-134-01-02
85,a06-147-04-06
85,a06-134-03-01
85,a06-157-03-02
85,a06-141-05-09
85,a06-134-05-05
85,e07-000-02-09
85,a06-141-01-04
85,a06-147-03-00
85,a06-124-00-10
85,a06-141-01-05
85,e07-000-02-10
85,a06-124-02-01
85,a06-134-03-00
85,a06-141-01-00
85,a06-124-04-09
85,a06-147-02-02
85,a06-141-05-02
85,a06-124-03-07
85,a06-124-05-02
85,a06-124-02-06
85,a06-141-05-06
85,a06-134-05-10
85,e07-000-04-03
85,a06-134-00-04
85,e07-000-03-09
85,a06-134-03-08
85,e07-000-05-07
85,a06-141-01-02
85,a06-124-05-07
85,a06-141-05-04
85,a06-147-02-08
85,a06-134-05-01
85,a06-141-06-01
85,e07-000-05-09
85,a06-124-05-03
85,a06-124-00-01
85,a06-147-02-01
85,e07-000-03-03
85,a06-134-07-00
85,a06-147-05-01
85,e07-000-00-02
85,e07-000-02-01
85,a06-124-05-01
85,a06-147-05-07
85,a06-147-03-08
85,e07-000-03-01
85,a06-147-05-10
85,a06-147-05-03
85,a06-134-05-06
85,a06-157-00-01
85,e07-000-02-07
85,a06-124-05-09
85,a06-134-03-07
85,a06-141-02-00
85,a06-134-00-05
85,a06-147-01-07
85,e07-000-02-06
85,a06-141-00-04
85,a06-124-04-06
85,e07-000-05-01
85,a06-147-04-01
85,a06-157-00-02
85,a06-141-01-09
85,e07-000-03-00
85,a06-124-00-00
85,a06-147-04-04
85,a06-147-04-08
85,e07-000-03-07
85,a06-141-05-05
85,a06-147-04-00
85,a06-124-01-01
85,a06-147-01-02
85,a06-124-02-08
85,a06-134-03-05
85,e07-000-05-03
85,e07-000-05-05
85,e07-000-02-04
85,a06-124-03-03
85,a06-134-02-12
85,a06-134-00-01
85,a06-134-02-06
85,a06-141-01-03
85,a06-141-00-09
85,e07-000-04-08
85,a06-141-00-02
85,a06-147-02-04
85,a06-141-01-08
85,a06-124-01-03
85,a06-124-04-00
85,a06-147-03-05
85,a06-141-02-05
85,a06-124-04-05
85,a06-134-03-04
85,a06-134-00-07
85,a06-134-07-02
85,a06-147-03-06
85,a06-147-02-03
85,a06-147-02-10
85,a06-134-05-02
85,a06-124-00-08
85,e07-000-02-02
85,a06-147-03-01
85,a06-141-02-07
85,a06-147-05-04
85,a06-134-07-01
85,e07-000-03-08
85,a06-134-03-03
85,a06-147-02-06
85,a06-141-04-12
85,a06-147-01-04
85,e07-000-03-02
85,a06-134-03-02
85,e07-000-00-04
85,a06-134-03-10
85,a06-147-01-01
85,a06-147-04-13
85,a06-147-02-07
85,a06-134-00-03
85,a06-134-03-09
85,a06-134-02-07
85,a06-147-06-01
85,a06-141-03-10
85,a06-147-01-06
85,a06-141-04-03
85,a06-157-00-09
85,a06-134-05-11
85,a06-124-01-04
85,a06-141-03-01
85,e07-000-06-00
85,a06-124-00-03
85,a06-141-03-07
85,a06-124-01-06
85,a06-124-03-04
85,a06-157-03-05
85,a06-134-00-08
85,e07-000-05-06
85,a06-141-04-05
85,a06-124-03-08
85,a06-141-05-10
85,e07-000-05-04
85,a06-147-02-09
85,e07-000-06-01
85,a06-134-02-01
85,a06-134-07-07
85,a06-134-01-03
85,a06-147-06-05
85,a06-141-03-05
85,a06-134-01-06
85,a06-141-04-10
85,a06-124-01-07
85,a06-134-05-07
85,a06-124-02-07
85,a06-147-06-03
85,a06-141-04-04
85,e07-000-02-03
85,a06-124-03-09
85,e07-000-05-08
85,a06-147-06-04
85,e07-000-00-01
85,a06-124-04-07
85,a06-124-02-03
85,e07-000-05-02
85,a06-141-03-06
85,a06-124-03-01
85,a06-124-03-05
85,a06-124-00-07
85,a06-141-03-04
85,a06-134-07-09
85,a06-141-01-07
85,a06-147-04-03
85,a06-141-01-06
85,a06-124-03-06
85,a06-141-00-00
85,a06-141-04-11
85,e07-000-02-08
85,a06-124-05-04
85,a06-141-05-08
85,a06-134-05-08
85,a06-141-04-01
85,a06-141-05-00
85,a06-124-00-04
85,a06-157-00-03
85,e07-000-05-00
85,a06-141-00-01
85,e07-000-00-05
85,a06-134-02-10
85,a06-157-00-06
85,a06-147-01-05
85,a06-124-04-04
85,a06-147-03-07
85,a06-157-03-00
85,a06-134-02-08
85,a06-134-07-04
85,a06-147-03-10
85,a06-147-03-03
85,a06-157-00-04
85,e07-000-00-00
85,a06-157-03-06
85,a06-141-03-02
85,a06-124-05-05
85,a06-157-00-10
85,a06-134-01-07
85,a06-157-00-07
85,a06-134-05-03
85,a06-147-03-04
85,a06-157-03-10
85,e07-000-03-06
85,a06-124-04-01
85,a06-134-07-08
85,a06-124-04-03
85,a06-124-05-00
85,e07-000-00-06
85,a06-147-05-05
85,a06-157-03-01
85,a06-124-01-09
85,a06-124-05-06
85,a06-147-03-09
85,e07-000-00-03
85,a06-141-04-00
85,a06-124-05-08
85,a06-134-00-09
85,a06-124-00-11
85,a06-141-05-03
85,a06-141-03-09
85,a06-141-04-06
85,a06-147-04-07
85,a06-141-06-00
85,a06-141-04-08
85,a06-134-01-08
85,a06-157-03-04
85,a06-124-03-02
85,a06-141-01-01
85,e07-000-04-04
85,a06-141-06-03
85,e07-000-04-07
85,a06-134-00-06
85,a06-141-00-06
85,a06-134-02-03
85,a06-124-01-11
85,a06-134-02-11
85,a06-134-01-01
85,a06-134-02-09
85,a06-124-01-02
85,a06-157-03-07
85,a06-134-02-00
85,e07-000-06-02
85,a06-147-05-11
85,a06-157-03-03
85,a06-147-04-05
85,a06-134-05-00
85,a06-141-05-01
85,a06-134-02-02
85,a06-147-04-09
85,a06-147-05-06
85,a06-141-00-03
85,a06-157-03-11
85,a06-147-06-06
85,a06-141-04-09
85,a06-134-02-05
85,a06-157-03-08
85,a06-124-00-05
85,e07-000-00-08
85,a06-147-06-02
85,a06-134-05-09
85,e07-000-02-05
85,a06-124-02-04
85,a06-147-02-00
85,a06-141-05-11
85,a06-147-04-10
85,a06-147-01-00
85,a06-147-02-05
85,a06-157-00-00
85,a06-124-02-02
85,a06-134-07-05
85,a06-134-02-04
85,a06-124-03-00
85,a06-124-00-09
85,a06-141-00-08
85,a06-141-00-05
85,a06-141-02-06
85,a06-147-05-00
85,a06-124-04-02
85,a06-124-02-05
85,a06-147-04-12
85,e07-000-04-02
86,a06-152-02-01
86,a06-152-02-00
86,a06-152-08-04
86,a06-152-06-00
86,a06-152-03-02
86,a06-152-10-01
86,a06-152-07-04
86,a06-152-02-03
86,a06-152-09-05
86,a06-152-09-04
86,a06-152-07-00
86,a06-152-05-04
86,a06-152-04-05
86,a06-152-02-04
86,a06-152-05-01
86,a06-152-03-04
86,a06-152-01-02
86,a06-152-08-00
86,a06-152-03-05
86,a06-152-10-02
86,a06-152-06-05
86,a06-152-01-03
86,a06-152-07-02
86,a06-152-04-02
86,a06-152-05-06
86,a06-152-04-01
86,a06-152-03-03
86,a06-152-01-05
86,a06-152-10-00
86,a06-152-05-02
86,a06-152-06-03
86,a06-152-05-07
86,a06-152-10-03
86,a06-152-08-01
86,a06-152-06-01
86,a06-152-09-02
86,a06-152-03-01
86,a06-152-01-00
86,a06-152-02-05
86,a06-152-07-01
86,a06-152-08-03
86,a06-152-06-02
86,a06-152-08-05
86,a06-152-07-05
86,a06-152-04-00
86,a06-152-03-06
86,a06-152-09-03
86,a06-152-02-02
86,a06-152-01-04
86,a06-152-09-00
86,a06-152-05-00
86,a06-152-09-01
86,a06-152-06-04
86,a06-152-03-00
86,a06-152-04-03
86,a06-152-07-03
86,a06-152-05-03
86,a06-152-05-05
86,a06-152-01-01
86,a06-152-04-04
86,a06-152-02-06
87,b01-004-04-05
87,b01-009-04-00
87,b01-000-06-03
87,b01-009-02-00
87,b01-009-01-04
87,b01-004-01-03
87,b01-009-00-04
87,b01-000-01-01
87,b01-000-02-04
87,b01-000-03-07
87,b01-004-03-04
87,b01-000-01-04
87,b01-000-04-03
87,b01-009-00-01
87,b01-004-00-08
87,b01-004-05-00
87,b01-009-01-06
87,b01-000-06-04
87,b01-009-05-06
87,b01-000-00-05
87,b01-009-02-05
87,b01-004-00-00
87,b01-009-02-03
87,b01-009-07-00
87,b01-004-06-00
87,b01-004-03-02
87,b01-000-06-07
87,b01-009-06-07
87,b01-009-04-01
87,b01-000-05-03
87,b01-009-04-06
87,b01-009-00-06
87,b01-009-02-07
87,b01-004-05-01
87,b01-000-01-02
87,b01-009-00-05
87,b01-004-06-02
87,b01-000-03-03
87,b01-004-07-00
87,b01-000-05-01
87,b01-004-06-01
87,b01-004-03-08
87,b01-000-04-00
87,b01-004-04-08
87,b01-009-01-00
87,b01-009-02-04
87,b01-009-00-00
87,b01-004-05-04
87,b01-004-03-06
87,b01-009-01-07
87,b01-004-01-01
87,b01-009-01-05
87,b01-004-03-03
87,b01-000-02-03
87,b01-009-02-02
87,b01-004-04-00
87,b01-004-00-02
87,b01-004-04-09
87,b01-009-03-04
87,b01-009-05-04
87,b01-000-05-02
87,b01-000-02-02
87,b01-009-05-03
87,b01-009-02-06
87,b01-000-06-02
87,b01-009-03-06
87,b01-009-03-03
87,b01-009-06-02
87,b01-004-01-09
87,b01-009-06-03
87,b01-000-04-07
87,b01-004-02-06
87,b01-004-06-06
87,b01-000-05-00
87,b01-000-05-04
87,b01-004-04-07
87,b01-000-04-04
87,b01-004-03-00
87,b01-004-02-02
87,b01-000-03-06
87,b01-009-06-04
87,b01-009-06-05
87,b01-000-01-03
87,b01-009-02-01
87,b01-004-02-01
87,b01-009-04-05
87,b01-009-07-01
87,b01-009-03-08
87,b01-004-07-02
87,b01-004-03-05
87,b01-004-05-05
87,b01-000-04-05
87,b01-000-00-02
87,b01-000-02-00
87,b01-009-06-00
87,b01-009-03-02
87,b01-004-06-03
87,b01-009-04-03
87,b01-009-05-08
87,b01-004-00-06
87,b01-004-03-01
87,b01-009-03-05
87,b01-009-06-06
87,b01-000-01-00
87,b01-004-05-06
87,b01-004-05-02
87,b01-000-06-00
87,b01-009-01-03
87,b01-004-01-00
87,b01-009-05-01
87,b01-004-02-05
87,b01-000-03-05
87,b01-000-03-01
87,b01-004-04-02
87,b01-009-05-00
87,b01-000-00-06
87,b01-000-00-01
87,b01-000-03-04
87,b01-004-04-01
87,b01-000-03-00
87,b01-004-01-08
87,b01-004-06-07
87,b01-004-00-04
87,b01-004-06-04
87,b01-004-01-05
87,b01-000-04-02
87,b01-004-01-02
87,b01-000-06-06
87,b01-009-04-02
87,b01-009-05-09
87,b01-004-02-03
87,b01-000-00-00
87,b01-004-00-03
87,b01-004-05-07
87,b01-000-03-02
87,b01-009-05-02
87,b01-004-04-06
87,b01-000-06-05
87,b01-000-06-01
87,b01-004-02-04
87,b01-004-00-07
87,b01-009-00-02
87,b01-000-04-01
87,b01-004-07-01
87,b01-009-05-07
87,b01-009-00-03
87,b01-009-03-01
87,b01-009-03-07
87,b01-000-06-08
87,b01-009-04-04
87,b01-000-04-06
87,b01-009-01-02
87,b01-009-04-07
87,b01-009-05-05
87,b01-004-06-05
87,b01-009-06-08
87,b01-004-05-03
87,b01-004-04-03
87,b01-004-01-07
87,b01-000-01-05
87,b01-004-00-01
87,b01-004-01-06
87,b01-004-04-04
87,b01-004-03-07
87,b01-000-00-03
87,b01-009-01-01
87,b01-000-02-01
87,b01-004-01-04
87,b01-004-03-09
87,b01-004-02-00
87,b01-000-02-06
87,b01-000-02-05
88,b01-023-00-06
88,b01-018-01-08
88,b01-023-06-02
88,b01-014-05-05
88,b01-014-04-03
88,b01-014-04-00
88,b01-018-07-03
88,b01-018-01-03
88,b01-018-06-03
88,b01-014-01-02
88,b01-018-05-03
88,b01-018-03-06
88,b01-018-06-07
88,b01-018-07-07
88,b01-018-07-06
88,b01-018-04-08
88,b01-023-05-09
88,b01-014-02-02
88,b01-023-05-06
88,b01-018-00-04
88,b01-023-01-05
88,b01-023-01-00
88,b01-014-03-02
88,b01-014-02-03
88,b01-023-03-04
88,b01-014-03-07
88,b01-014-00-09
88,b01-023-02-04
88,b01-018-01-04
88,b01-018-00-06
88,b01-023-02-01
88,b01-023-02-06
88,b01-018-06-00
88,b01-014-05-08
88,b01-018-05-00
88,b01-023-05-02
88,b01-014-04-01
88,b01-023-03-02
88,b01-014-03-08
88,b01-018-05-06
88,b01-014-04-08
88,b01-018-04-04
88,b01-018-07-00
88,b01-023-02-05
88,b01-023-01-04
88,b01-018-01-02
88,b01-018-06-04
88,b01-023-00-00
88,b01-023-02-08
88,b01-018-05-07
88,b01-023-00-01
88,b01-023-02-00
88,b01-018-07-02
88,b01-018-04-03
88,b01-018-03-00
88,b01-018-03-07
88,b01-023-05-08
88,b01-023-05-00
88,b01-023-04-07
88,b01-014-01-00
88,b01-014-02-07
88,b01-018-08-03
88,b01-014-02-00
88,b01-014-08-01
88,b01-023-03-03
88,b01-014-05-02
88,b01-014-02-01
88,b01-023-01-01
88,b01-018-08-02
88,b01-023-03-06
88,b01-023-03-00
88,b01-018-04-06
88,b01-018-01-00
88,b01-014-03-04
88,b01-014-00-06
88,b01-023-04-01
88,b01-018-06-01
88,b01-023-04-05
88,b01-023-00-09
88,b01-014-04-04
88,b01-014-01-04
88,b01-014-01-01
88,b01-018-05-04
88,b01-014-04-05
88,b01-023-04-06
88,b01-014-00-07
88,b01-018-07-05
88,b01-014-03-05
88,b01-023-05-05
88,b01-014-02-09
88,b01-023-02-07
88,b01-018-03-03
88,b01-023-05-07
88,b01-023-06-03
88,b01-018-04-02
88,b01-014-01-06
88,b01-023-01-07
88,b01-018-04-07
88,b01-018-07-04
88,b01-014-08-02
88,b01-023-00-07
88,b01-023-00-02
88,b01-018-01-01
88,b01-023-01-03
88,b01-014-05-07
88,b01-023-06-01
88,b01-018-00-02
88,b01-023-03-05
88,b01-018-04-00
88,b01-023-00-04
88,b01-014-03-03
88,b01-023-02-03
88,b01-023-02-02
88,b01-018-03-05
88,b01-018-06-08
88,b01-018-06-05
88,b01-023-04-00
88,b01-014-00-01
88,b01-018-04-05
88,b01-023-00-10
88,b01-014-00-02
88,b01-023-03-07
88,b01-014-03-01
88,b01-023-06-00
88,b01-023-00-05
88,b01-014-02-08
88,b01-023-03-01
88,b01-014-04-02
88,b01-023-01-06
88,b01-018-04-01
88,b01-018-00-07
88,b01-014-02-05
88,b01-014-05-04
88,b01-014-00-08
88,b01-014-05-00
88,b01-018-00-05
88,b01-014-01-03
88,b01-018-03-02
88,b01-018-05-01
88,b01-014-05-01
88,b01-014-04-09
88,b01-014-08-00
88,b01-014-00-04
88,b01-023-05-03
88,b01-018-01-07
88,b01-023-01-02
88,b01-014-04-06
88,b01-018-08-00
88,b01-014-03-00
88,b01-018-06-06
88,b01-014-02-06
88,b01-018-05-05
88,b01-014-00-00
88,b01-014-05-06
88,b01-018-06-02
88,b01-014-03-09
88,b01-014-03-06
88,b01-023-00-08
88,b01-018-00-01
88,b01-014-01-05
88,b01-018-03-01
88,b01-018-01-06
88,b01-018-00-00
88,b01-023-00-11
88,b01-014-00-03
88,b01-014-03-10
88,b01-018-07-01
88,b01-014-04-07
88,b01-018-05-02
88,b01-018-00-03
88,b01-014-02-04
88,b01-018-01-05
88,b01-023-01-08
88,b01-014-08-03
88,b01-014-00-05
88,b01-014-05-03
88,b01-023-05-04
88,b01-023-04-03
88,b01-023-00-03
88,b01-023-04-02
88,b01-023-04-04
88,b01-014-02-10
88,b01-023-05-01
88,b01-018-08-01
89,b01-033-04-03
89,b01-038-04-00
89,b01-038-09-06
89,b01-038-04-06
89,b01-038-06-07
89,b01-027-01-00
89,b01-027-06-07
89,b01-038-06-05
89,b01-038-10-00
89,b01-038-06-01
89,b01-027-03-05
89,b01-038-03-03
89,b01-033-00-06
89,b01-027-01-08
89,b01-027-03-06
89,b01-038-08-04
89,b01-038-09-01
89,b01-033-03-01
89,b01-027-00-05
89,b01-033-03-07
89,b01-038-02-06
89,b01-038-03-02
89,b01-038-03-04
89,b01-027-05-06
89,b01-038-06-06
89,b01-038-04-04
89,b01-038-09-00
89,b01-027-06-04
89,b01-027-01-05
89,b01-038-05-07
89,b01-033-01-10
89,b01-027-00-02
89,b01-038-06-08
89,b01-033-04-05
89,b01-027-04-07
89,b01-038-09-02
89,b01-038-03-01
89,b01-038-05-06
89,b01-027-03-00
89,b01-038-07-06
89,b01-027-04-03
89,b01-033-04-09
89,b01-038-08-01
89,b01-027-05-09
89,b01-033-01-04
89,b01-038-10-08
89,b01-033-01-09
89,b01-033-04-10
89,b01-033-03-06
89,b01-038-03-00
89,b01-027-00-06
89,b01-027-01-06
89,b01-038-03-08
89,b01-038-05-00
89,b01-038-09-03
89,b01-027-04-06
89,b01-038-04-07
89,b01-033-01-08
89,b01-033-02-04
89,b01-027-00-01
89,b01-033-00-02
89,b01-033-05-01
89,b01-038-00-11
89,b01-033-04-02
89,b01-027-03-07
89,b01-038-10-02
89,b01-038-03-06
89,b01-038-08-06
89,b01-033-00-01
89,b01-038-10-07
89,b01-033-03-08
89,b01-038-07-04
89,b01-033-03-02
89,b01-027-05-07
89,b01-038-00-05
89,b01-038-05-01
89,b01-038-02-00
89,b01-033-04-06
89,b01-038-08-03
89,b01-038-05-02
89,b01-033-00-08
89,b01-027-07-05
89,b01-033-00-05
89,b01-033-01-05
89,b01-033-01-00
89,b01-027-05-04
89,b01-038-00-12
89,b01-027-05-01
89,b01-038-05-03
89,b01-038-07-05
89,b01-038-08-02
89,b01-033-01-07
89,b01-038-00-07
89,b01-038-02-04
89,b01-027-08-03
89,b01-033-05-02
89,b01-027-07-00
89,b01-033-01-03
89,b01-027-06-05
89,b01-027-06-00
89,b01-033-03-05
89,b01-033-03-04
89,b01-027-08-02
89,b01-033-02-08
89,b01-038-07-02
89,b01-038-00-03
89,b01-027-05-03
89,b01-027-00-08
89,b01-027-08-00
89,b01-027-05-00
89,b01-038-06-03
89,b01-038-10-04
89,b01-033-04-04
89,b01-027-08-04
89,b01-038-00-09
89,b01-033-00-03
89,b01-038-06-00
89,b01-027-01-03
89,b01-038-00-02
89,b01-027-00-07
89,b01-038-09-08
89,b01-027-01-04
89,b01-038-05-04
89,b01-038-07-00
89,b01-033-00-09
89,b01-027-01-01
89,b01-033-04-01
89,b01-033-03-00
89,b01-033-02-03
89,b01-038-09-05
89,b01-033-02-02
89,b01-027-03-04
89,b01-038-05-05
89,b01-038-10-05
89,b01-027-04-04
89,b01-033-02-00
89,b01-038-10-01
89,b01-038-04-03
89,b01-027-04-01
89,b01-038-04-02
89,b01-033-01-02
89,b01-038-07-01
89,b01-033-04-08
89,b01-027-00-04
89,b01-038-03-09
89,b01-027-05-08
89,b01-027-00-00
89,b01-038-07-08
89,b01-038-03-07
89,b01-038-02-01
89,b01-027-01-02
89,b01-038-09-04
89,b01-033-02-07
89,b01-027-06-06
89,b01-038-05-08
89,b01-038-09-07
89,b01-027-04-02
89,b01-038-00-08
89,b01-038-00-10
89,b01-027-00-03
89,b01-033-03-03
89,b01-033-04-07
89,b01-027-08-05
89,b01-027-04-00
89,b01-027-01-09
89,b01-033-04-00
89,b01-027-06-03
89,b01-038-02-02
89,b01-027-05-05
89,b01-033-01-06
89,b01-027-03-03
89,b01-033-02-01
89,b01-027-03-02
89,b01-033-02-05
89,b01-038-00-04
89,b01-027-07-02
89,b01-027-03-01
89,b01-038-04-01
89,b01-027-05-02
89,b01-038-10-03
89,b01-027-07-03
89,b01-038-08-05
89,b01-027-06-01
89,b01-027-07-04
89,b01-027-01-07
89,b01-038-08-08
89,b01-033-00-07
89,b01-027-07-01
89,b01-038-07-03
89,b01-033-02-06
89,b01-038-04-05
89,b01-038-10-06
89,b01-033-00-00
89,b01-033-01-01
89,b01-027-04-05
89,b01-038-03-05
89,b01-027-08-01
89,b01-033-05-00
89,b01-033-05-03
89,b01-038-06-02
89,b01-038-00-06
89,b01-027-07-06
89,b01-038-00-01
89,b01-038-02-05
89,b01-027-06-02
89,b01-038-02-03
89,b01-038-08-00
89,b01-038-07-07
90,b01-049-02-01
90,b01-044-01-06
90,b01-044-01-02
90,b01-049-03-06
90,b01-053-07-02
90,b01-053-06-03
90,b01-044-06-04
90,b01-044-05-05
90,b01-044-02-00
90,b01-053-06-02
90,b01-053-02-06
90,b01-049-01-02
90,b01-053-04-04
90,b01-044-00-00
90,b01-049-01-01
90,b01-049-07-01
90,b01-044-06-00
90,b01-053-04-07
90,b01-049-00-05
90,b01-049-02-04
90,b01-044-01-04
90,b01-053-05-07
90,b01-044-03-00
90,b01-044-01-09
90,b01-049-03-02
90,b01-049-05-04
90,b01-049-02-00
90,b01-049-01-06
90,b01-044-00-02
90,b01-044-02-03
90,b01-049-05-06
90,b01-053-05-05
90,b01-044-01-07
90,b01-049-02-07
90,b01-049-00-02
90,b01-044-05-01
90,b01-044-04-03
90,b01-044-05-02
90,b01-044-04-06
90,b01-044-02-08
90,b01-044-04-02
90,b01-049-03-05
90,b01-044-06-02
90,b01-053-02-05
90,b01-044-00-03
90,b01-053-04-06
90,b01-049-07-06
90,b01-044-06-01
90,b01-044-00-06
90,b01-044-02-01
90,b01-044-03-09
90,b01-049-00-07
90,b01-049-01-07
90,b01-044-00-05
90,b01-044-05-04
90,b01-049-03-04
90,b01-049-02-05
90,b01-053-02-08
90,b01-053-02-01
90,b01-044-03-04
90,b01-049-07-04
90,b01-053-02-07
90,b01-049-05-02
90,b01-044-04-08
90,b01-053-05-02
90,b01-049-05-05
90,b01-044-03-05
90,b01-053-07-01
90,b01-044-04-00
90,b01-044-03-01
90,b01-044-05-03
90,b01-044-06-03
90,b01-053-02-00
90,b01-049-05-00
90,b01-053-05-03
90,b01-049-07-05
90,b01-044-03-06
90,b01-053-05-04
90,b01-049-01-09
90,b01-049-03-00
90,b01-053-05-01
90,b01-049-00-04
90,b01-044-01-08
90,b01-049-05-01
90,b01-044-04-05
90,b01-053-04-08
90,b01-044-03-07
90,b01-044-00-04
90,b01-049-00-03
90,b01-049-07-00
90,b01-044-02-07
90,b01-044-04-09
90,b01-044-05-08
90,b01-049-03-01
90,b01-044-03-02
90,b01-044-01-03
90,b01-049-01-05
90,b01-049-02-03
90,b01-053-05-00
90,b01-049-05-07
90,b01-044-01-01
90,b01-044-04-04
90,b01-049-02-06
90,b01-044-05-06
90,b01-053-06-06
90,b01-049-03-08
90,b01-053-06-05
90,b01-049-01-00
90,b01-053-06-04
90,b01-044-03-03
90,b01-053-05-06
90,b01-049-01-04
90,b01-053-02-02
90,b01-053-04-00
90,b01-049-00-06
90,b01-053-06-01
90,b01-044-01-00
90,b01-053-07-00
90,b01-049-07-03
90,b01-049-01-03
90,b01-044-02-02
90,b01-049-02-02
90,b01-044-04-07
90,b01-053-06-00
90,b01-044-03-08
90,b01-053-04-02
90,b01-049-07-02
90,b01-044-00-01
90,b01-044-02-05
90,b01-049-03-03
90,b01-044-06-05
90,b01-049-00-01
90,b01-049-03-07
90,b01-053-02-04
90,b01-044-06-06
90,b01-044-01-11
90,b01-044-02-04
90,b01-053-04-03
90,b01-044-05-00
90,b01-049-03-09
90,b01-053-04-01
90,b01-044-05-07
90,b01-044-01-05
90,b01-044-02-06
90,b01-053-02-03
90,b01-044-04-01
90,b01-049-01-08
90,b01-049-05-03
91,b01-079-05-06
91,b01-073-03-01
91,b01-079-09-07
91,b01-073-08-00
91,b01-073-05-00
91,b01-073-04-05
91,b01-079-05-01
91,b01-073-06-07
91,b01-079-08-00
91,b01-073-09-02
91,b01-079-09-08
91,b01-073-04-07
91,b01-079-03-04
91,b01-079-09-03
91,b01-073-10-05
91,b01-073-09-01
91,b01-073-00-02
91,b01-079-06-05
91,b01-079-07-05
91,b01-079-10-08
91,b01-079-03-01
91,b01-079-04-02
91,b01-079-01-01
91,b01-073-06-00
91,b01-079-04-01
91,b01-079-05-04
91,b01-079-06-06
91,b01-079-09-02
91,b01-073-10-06
91,b01-073-00-05
91,b01-079-01-05
91,b01-079-04-05
91,b01-079-00-04
91,b01-079-07-07
91,b01-073-05-04
91,b01-079-04-09
91,b01-073-05-02
91,b01-079-01-06
91,b01-073-06-04
91,b01-079-05-03
91,b01-073-10-04
91,b01-073-07-00
91,b01-073-04-08
91,b01-079-08-01
91,b01-073-05-06
91,b01-073-09-03
91,b01-079-01-02
91,b01-079-08-05
91,b01-073-04-00
91,b01-079-09-01
91,b01-079-00-03
91,b01-079-01-00
91,b01-079-02-03
91,b01-079-03-03
91,b01-073-03-05
91,b01-073-09-04
91,b01-079-09-04
91,b01-079-08-06
91,b01-079-00-07
91,b01-073-06-02
91,b01-073-06-01
91,b01-079-10-06
91,b01-079-10-01
91,b01-079-08-04
91,b01-079-09-06
91,b01-079-10-05
91,b01-073-09-05
91,b01-073-10-00
91,b01-073-00-04
91,b01-073-03-02
91,b01-073-08-07
91,b01-073-08-06
91,b01-079-08-03
91,b01-073-07-07
91,b01-079-09-00
91,b01-073-06-06
91,b01-073-08-03
91,b01-073-07-06
91,b01-079-10-07
91,b01-079-03-06
91,b01-079-10-04
91,b01-073-07-05
91,b01-073-09-06
91,b01-079-00-00
91,b01-073-05-01
91,b01-073-08-02
91,b01-073-07-04
91,b01-079-02-05
91,b01-073-04-03
91,b01-073-07-03
91,b01-079-04-07
91,b01-079-03-05
91,b01-073-10-03
91,b01-073-10-02
91,b01-073-04-01
91,b01-079-10-02
91,b01-079-00-01
91,b01-079-04-04
91,b01-073-01-03
91,b01-073-06-03
91,b01-079-00-02
91,b01-073-05-03
91,b01-079-06-03
91,b01-073-03-00
91,b01-079-06-00
91,b01-079-07-01
91,b01-079-04-08
91,b01-079-10-03
91,b01-073-05-05
91,b01-073-01-00
91,b01-079-07-00
91,b01-079-09-09
91,b01-079-07-04
91,b01-073-08-05
91,b01-073-03-03
91,b01-079-03-02
91,b01-073-03-08
91,b01-073-06-08
91,b01-079-05-07
91,b01-073-01-05
91,b01-073-08-04
91,b01-073-00-03
91,b01-073-04-06
91,b01-079-10-00
91,b01-073-00-00
91,b01-079-05-05
91,b01-079-04-00
91,b01-079-07-03
91,b01-073-01-04
91,b01-079-02-02
91,b01-073-03-06
91,b01-079-01-03
91,b01-079-00-05
91,b01-073-08-01
91,b01-079-09-05
91,b01-079-03-00
91,b01-073-07-08
91,b01-073-03-04
91,b01-079-04-03
91,b01-079-06-02
91,b01-073-03-07
91,b01-073-04-02
91,b01-079-00-08
91,b01-079-02-01
91,b01-079-08-07
91,b01-079-04-06
91,b01-079-07-06
91,b01-079-00-06
91,b01-079-06-07
91,b01-073-07-02
91,b01-079-05-02
91,b01-079-06-04
91,b01-073-09-07
91,b01-073-09-00
91,b01-073-04-04
91,b01-073-00-01
91,b01-079-08-02
91,b01-073-01-01
91,b01-079-07-02
91,b01-079-02-00
92,b01-084-03-08
92,b01-089-01-00
92,b01-084-02-03
92,b01-094-02-05
92,b01-084-00-00
92,b01-089-09-02
92,b01-089-04-03
92,b01-084-07-01
92,b01-084-05-06
92,b01-084-06-02
92,b01-094-01-00
92,b01-089-09-05
92,b01-094-01-06
92,b01-089-00-05
92,b01-094-05-04
92,b01-094-03-02
92,b01-089-01-04
92,b01-089-07-07
92,b01-089-04-06
92,b01-089-05-07
92,b01-094-08-03
92,b01-084-02-02
92,b01-089-02-05
92,b01-089-07-06
92,b01-094-05-05
92,b01-089-07-09
92,b01-089-05-04
92,b01-084-02-04
92,b01-089-00-06
92,b01-084-02-00
92,b01-094-07-00
92,b01-084-05-08
92,b01-084-05-01
92,b01-084-02-09
92,b01-089-00-02
92,b01-084-07-08
92,b01-094-04-00
92,b01-089-00-03
92,b01-084-03-04
92,b01-089-02-03
92,b01-089-01-08
92,b01-089-09-00
92,b01-089-08-01
92,b01-084-00-06
92,b01-089-08-03
92,b01-094-05-00
92,b01-089-01-06
92,b01-084-02-07
92,b01-094-05-07
92,b01-089-05-00
92,b01-084-06-03
92,b01-089-09-04
92,b01-094-05-02
92,b01-084-00-03
92,b01-089-05-01
92,b01-089-01-03
92,b01-089-05-05
92,b01-084-06-01
92,b01-084-03-06
92,b01-094-03-03
92,b01-084-07-02
92,b01-084-06-05
92,b01-094-04-03
92,b01-084-00-04
92,b01-084-05-04
92,b01-084-00-02
92,b01-089-04-00
92,b01-094-03-06
92,b01-089-08-05
92,b01-084-06-06
92,b01-094-09-01
92,b01-084-07-00
92,b01-089-04-04
92,b01-094-02-01
92,b01-094-01-05
92,b01-094-01-04
92,b01-094-02-03
92,b01-089-09-01
92,b01-089-02-00
92,b01-084-03-10
92,b01-094-05-01
92,b01-094-05-06
92,b01-084-05-05
92,b01-084-02-06
92,b01-089-04-05
92,b01-084-03-00
92,b01-094-05-03
92,b01-089-02-06
92,b01-094-07-01
92,b01-094-01-03
92,b01-089-02-01
92,b01-089-02-02
92,b01-084-00-07
92,b01-089-07-01
92,b01-094-02-02
92,b01-094-09-02
92,b01-094-07-02
92,b01-094-08-04
92,b01-094-01-07
92,b01-089-09-03
92,b01-089-00-01
92,b01-084-07-04
92,b01-094-08-01
92,b01-089-01-05
92,b01-094-08-05
92,b01-089-01-02
92,b01-094-02-04
92,b01-089-00-07
92,b01-094-04-01
92,b01-094-07-03
92,b01-084-03-05
92,b01-094-03-04
92,b01-089-07-00
92,b01-094-01-01
92,b01-094-08-02
92,b01-084-07-05
92,b01-094-01-02
92,b01-089-07-02
92,b01-084-05-02
92,b01-089-09-07
92,b01-084-07-03
92,b01-089-05-03
92,b01-089-02-04
92,b01-084-02-08
92,b01-084-05-07
92,b01-094-01-09
92,b01-089-07-08
92,b01-089-04-02
92,b01-084-02-01
92,b01-089-01-07
92,b01-084-07-07
92,b01-094-09-00
92,b01-094-03-00
92,b01-084-00-05
92,b01-084-03-07
92,b01-089-07-04
92,b01-084-05-00
92,b01-094-02-00
92,b01-094-08-00
92,b01-089-09-08
92,b01-094-03-05
92,b01-084-02-11
92,b01-089-07-05
92,b01-084-06-04
92,b01-084-03-01
92,b01-094-01-08
92,b01-094-04-05
92,b01-094-04-02
92,b01-089-08-00
92,b01-084-07-06
92,b01-089-05-06
92,b01-094-04-04
92,b01-089-00-04
92,b01-089-04-07
92,b01-089-04-01
92,b01-084-03-02
92,b01-089-05-02
92,b01-084-00-01
92,b01-089-07-03
92,b01-089-09-06
92,b01-084-02-05
92,b01-084-03-09
92,b01-089-01-01
92,b01-094-04-06
92,b01-094-03-01
92,b01-084-06-00
92,b01-094-07-05
92,b01-084-05-03
92,b01-094-07-04
92,b01-089-08-04
92,b01-084-03-03
93,b01-113-07-04
93,b01-113-02-00
93,b01-113-00-11
93,b01-113-00-09
93,b01-122-05-02
93,b01-113-04-02
93,b01-118-01-01
93,b01-122-05-03
93,b01-122-04-03
93,b01-118-02-03
93,b01-122-03-06
93,b01-113-01-01
93,b01-122-06-00
93,b01-122-00-00
93,b01-113-07-00
93,b01-122-05-00
93,b01-122-02-07
93,b01-118-02-10
93,b01-118-05-06
93,b01-113-02-08
93,b01-118-03-00
93,b01-113-06-02
93,b01-118-00-07
93,b01-113-05-04
93,b01-118-06-06
93,b01-122-02-03
93,b01-113-03-06
93,b01-118-01-03
93,b01-122-02-00
93,b01-113-05-06
93,b01-118-00-05
93,b01-113-06-05
93,b01-122-06-01
93,b01-113-05-09
93,b01-118-04-03
93,b01-118-05-05
93,b01-122-04-01
93,b01-118-03-01
93,b01-113-07-01
93,b01-113-05-08
93,b01-122-07-06
93,b01-122-03-02
93,b01-122-05-05
93,b01-118-02-07
93,b01-118-07-00
93,b01-122-08-06
93,b01-122-04-07
93,b01-122-07-04
93,b01-113-04-00
93,b01-113-03-05
93,b01-113-06-03
93,b01-113-00-03
93,b01-118-06-04
93,b01-113-01-05
93,b01-122-01-03
93,b01-118-02-05
93,b01-118-00-03
93,b01-118-03-09
93,b01-118-05-04
93,b01-113-04-06
93,b01-122-07-01
93,b01-122-01-01
93,b01-122-06-04
93,b01-118-01-02
93,b01-118-07-07
93,b01-113-02-01
93,b01-113-02-07
93,b01-122-04-04
93,b01-118-01-06
93,b01-122-03-03
93,b01-118-03-06
93,b01-113-01-08
93,b01-113-00-00
93,b01-122-08-01
93,b01-113-03-04
93,b01-118-00-02
93,b01-118-06-07
93,b01-113-03-08
93,b01-113-01-00
93,b01-118-08-02
93,b01-118-05-03
93,b01-122-04-02
93,b01-118-04-08
93,b01-118-02-09
93,b01-122-06-08
93,b01-113-06-07
93,b01-122-06-02
93,b01-118-02-00
93,b01-122-08-03
93,b01-113-01-10
93,b01-118-07-01
93,b01-122-05-07
93,b01-113-06-04
93,b01-118-00-00
93,b01-122-05-06
93,b01-113-03-01
93,b01-118-04-07
93,b01-118-03-05
93,b01-118-06-01
93,b01-113-00-04
93,b01-118-00-08
93,b01-118-07-02
93,b01-113-02-05
93,b01-122-06-06
93,b01-113-01-09
93,b01-118-01-04
93,b01-118-02-08
93,b01-113-01-03
93,b01-113-00-02
93,b01-113-01-11
93,b01-122-08-00
93,b01-113-06-00
93,b01-113-01-06
93,b01-118-06-05
93,b01-122-07-00
93,b01-122-05-08
93,b01-122-01-09
93,b01-118-03-02
93,b01-122-02-01
93,b01-118-02-02
93,b01-118-04-01
93,b01-122-02-05
93,b01-113-00-05
93,b01-113-03-07
93,b01-122-02-08
93,b01-118-03-03
93,b01-122-04-08
93,b01-118-05-02
93,b01-122-05-01
93,b01-122-01-07
93,b01-118-03-08
93,b01-113-06-01
93,b01-118-01-08
93,b01-118-07-03
93,b01-122-01-06
93,b01-118-02-04
93,b01-122-06-09
93,b01-122-06-07
93,b01-118-01-09
93,b01-118-07-06
93,b01-122-00-06
93,b01-113-01-07
93,b01-113-01-02
93,b01-113-05-02
93,b01-113-05-03
93,b01-113-01-04
93,b01-122-07-03
93,b01-113-04-05
93,b01-118-03-07
93,b01-122-03-07
93,b01-113-03-00
93,b01-113-02-10
93,b01-122-01-04
93,b01-113-02-04
93,b01-122-01-08
93,b01-113-04-07
93,b01-122-02-06
93,b01-122-04-00
93,b01-118-02-06
93,b01-118-05-01
93,b01-118-07-04
93,b01-122-00-08
93,b01-122-01-05
93,b01-122-04-06
93,b01-122-04-05
93,b01-122-04-09
93,b01-122-03-04
93,b01-118-01-00
93,b01-122-01-02
93,b01-122-06-03
93,b01-113-03-02
93,b01-118-08-01
93,b01-122-00-05
93,b01-122-00-03
93,b01-122-05-04
93,b01-118-06-00
93,b01-113-00-10
93,b01-113-02-03
93,b01-122-03-00
93,b01-122-00-02
93,b01-118-04-05
93,b01-118-00-04
93,b01-113-07-02
93,b01-113-00-06
93,b01-113-05-07
93,b01-118-07-05
93,b01-122-08-04
93,b01-118-04-04
93,b01-118-04-09
93,b01-122-08-05
93,b01-122-00-01
93,b01-118-05-00
93,b01-113-07-03
93,b01-122-08-02
93,b01-122-03-01
93,b01-113-00-08
93,b01-118-02-01
93,b01-118-06-02
93,b01-122-07-02
93,b01-122-03-05
93,b01-118-04-06
93,b01-122-02-04
93,b01-113-00-07
93,b01-118-01-05
93,b01-113-05-01
93,b01-113-02-06
93,b01-122-01-00
93,b01-113-04-01
93,b01-113-05-00
93,b01-113-06-06
93,b01-118-04-02
93,b01-113-04-04
93,b01-113-05-05
93,b01-113-00-01
93,b01-113-03-03
93,b01-118-00-06
93,b01-118-01-07
93,b01-118-08-00
93,b01-118-04-00
93,b01-118-05-09
93,b01-122-00-04
93,b01-113-04-03
93,b01-113-04-08
93,b01-118-00-01
93,b01-113-02-02
93,b01-118-05-07
93,b01-122-07-05
93,b01-122-00-07
93,b01-122-02-02
93,b01-118-06-03
93,b01-122-06-05
93,b01-118-05-08
93,b01-118-03-04
94,b01-127-06-01
94,b01-136-06-04
94,b01-132-00-03
94,b01-136-03-00
94,b01-127-01-03
94,b01-127-08-03
94,b01-136-01-04
94,b01-132-00-05
94,b01-132-02-09
94,b01-132-03-01
94,b01-127-02-01
94,b01-132-03-00
94,b01-136-02-01
94,b01-132-00-00
94,b01-132-07-00
94,b01-127-07-01
94,b01-127-08-04
94,b01-132-05-03
94,b01-132-04-01
94,b01-136-05-07
94,b01-136-02-09
94,b01-136-06-09
94,b01-127-02-04
94,b01-136-04-09
94,b01-136-07-02
94,b01-132-06-06
94,b01-132-04-08
94,b01-127-06-02
94,b01-136-07-01
94,b01-127-03-02
94,b01-132-04-03
94,b01-136-01-07
94,b01-132-06-00
94,b01-132-02-08
94,b01-132-08-01
94,b01-132-08-03
94,b01-127-07-05
94,b01-136-04-04
94,b01-127-07-06
94,b01-132-06-03
94,b01-127-02-03
94,b01-136-01-06
94,b01-132-07-02
94,b01-127-02-00
94,b01-136-07-00
94,b01-136-05-00
94,b01-127-04-03
94,b01-132-02-07
94,b01-127-08-02
94,b01-132-02-04
94,b01-132-07-04
94,b01-132-00-01
94,b01-136-07-04
94,b01-127-08-01
94,b01-132-07-03
94,b01-127-02-02
94,b01-127-05-01
94,b01-127-02-06
94,b01-127-06-05
94,b01-127-08-00
94,b01-132-06-09
94,b01-127-06-03
94,b01-136-02-06
94,b01-127-07-04
94,b01-136-02-04
94,b01-136-03-03
94,b01-127-07-03
94,b01-127-05-07
94,b01-132-04-02
94,b01-136-02-05
94,b01-136-01-03
94,b01-136-02-02
94,b01-136-06-08
94,b01-132-02-00
94,b01-136-04-03
94,b01-127-05-00
94,b01-127-02-05
94,b01-136-01-05
94,b01-136-04-01
94,b01-127-05-03
94,b01-127-05-02
94,b01-136-03-07
94,b01-132-05-06
94,b01-132-07-06
94,b01-127-04-07
94,b01-132-07-05
94,b01-127-04-05
94,b01-127-03-04
94,b01-127-04-01
94,b01-132-04-06
94,b01-136-01-02
94,b01-132-06-01
94,b01-132-00-02
94,b01-136-02-10
94,b01-136-04-02
94,b01-136-06-02
94,b01-127-03-00
94,b01-127-05-04
94,b01-127-03-06
94,b01-127-01-01
94,b01-127-06-00
94,b01-136-03-01
94,b01-127-01-05
94,b01-127-04-02
94,b01-132-03-07
94,b01-127-04-00
94,b01-127-02-08
94,b01-136-01-08
94,b01-127-02-07
94,b01-127-01-04
94,b01-132-02-01
94,b01-132-06-05
94,b01-127-04-04
94,b01-127-07-08
94,b01-127-04-06
94,b01-132-00-04
94,b01-136-03-02
94,b01-136-05-06
94,b01-127-03-03
94,b01-136-02-07
94,b01-132-08-02
94,b01-136-04-00
94,b01-136-04-07
94,b01-136-06-05
94,b01-127-05-06
94,b01-136-05-02
94,b01-132-06-07
94,b01-136-03-05
94,b01-127-03-05
94,b01-136-02-03
94,b01-132-06-08
94,b01-132-03-05
94,b01-132-06-04
94,b01-132-03-06
94,b01-136-05-08
94,b01-132-04-04
94,b01-132-05-05
94,b01-132-02-10
94,b01-132-08-05
94,b01-136-04-05
94,b01-132-07-01
94,b01-132-03-03
94,b01-136-06-07
94,b01-132-02-05
94,b01-127-03-07
94,b01-127-08-05
94,b01-136-03-04
94,b01-132-02-03
94,b01-132-05-00
94,b01-132-05-02
94,b01-127-07-00
94,b01-127-03-09
94,b01-127-06-04
94,b01-127-03-01
94,b01-136-06-03
94,b01-136-03-06
94,b01-127-09-00
94,b01-132-08-04
94,b01-132-04-07
94,b01-136-05-01
94,b01-132-03-04
94,b01-136-02-00
94,b01-132-05-01
94,b01-136-03-08
94,b01-127-09-01
94,b01-136-04-08
94,b01-132-02-02
94,b01-136-05-03
94,b01-136-02-08
94,b01-136-05-04
94,b01-132-06-02
94,b01-136-06-06
94,b01-127-01-02
94,b01-136-05-05
94,b01-132-04-05
94,b01-136-01-01
94,b01-136-06-01
94,b01-136-06-00
94,b01-132-08-00
94,b01-132-04-00
94,b01-132-03-02
94,b01-127-07-07
94,b01-127-04-08
94,b01-127-07-02
94,b01-136-07-03
94,b01-127-03-08
94,b01-136-04-06
94,b01-127-01-00
94,b01-136-01-00
95,b02-013-02-05
95,b02-035-01-00
95,b02-013-09-07
95,b02-035-05-03
95,b02-035-10-05
95,b02-035-10-01
95,b02-035-05-01
95,b02-035-03-05
95,b02-013-01-04
95,b02-013-07-07
95,b02-013-07-04
95,b02-035-09-01
95,b02-035-05-07
95,b02-035-09-05
95,b02-035-06-01
95,b02-013-05-06
95,b02-013-06-02
95,b02-013-05-00
95,b02-013-05-02
95,b02-035-01-06
95,b02-013-02-06
95,b02-035-03-04
95,b02-013-09-00
95,b02-013-06-04
95,b02-035-00-05
95,b02-013-03-03
95,b02-013-01-01
95,b02-013-05-07
95,b02-013-03-04
95,b02-035-01-02
95,b02-035-10-04
95,b02-013-01-02
95,b02-013-01-03
95,b02-035-01-01
95,b02-035-00-01
95,b02-035-06-03
95,b02-013-03-00
95,b02-035-05-06
95,b02-013-04-00
95,b02-013-05-04
95,b02-035-00-04
95,b02-035-05-00
95,b02-035-03-06
95,b02-035-04-02
95,b02-035-09-03
95,b02-013-06-01
95,b02-013-04-03
95,b02-035-07-02
95,b02-035-01-05
95,b02-035-03-07
95,b02-013-04-06
95,b02-013-09-06
95,b02-035-07-04
95,b02-035-01-03
95,b02-035-06-05
95,b02-013-02-03
95,b02-035-06-07
95,b02-013-06-03
95,b02-035-05-04
95,b02-013-07-00
95,b02-013-02-04
95,b02-035-09-02
95,b02-013-03-06
95,b02-035-10-00
95,b02-035-04-03
95,b02-013-09-05
95,b02-035-03-03
95,b02-013-05-05
95,b02-035-07-01
95,b02-013-04-05
95,b02-035-00-03
95,b02-013-03-07
95,b02-013-06-00
95,b02-035-10-07
95,b02-035-06-00
95,b02-035-07-03
95,b02-035-10-06
95,b02-013-07-01
95,b02-035-05-05
95,b02-013-04-04
95,b02-013-03-02
95,b02-013-02-02
95,b02-013-02-01
95,b02-035-00-02
95,b02-035-09-04
95,b02-035-06-02
95,b02-035-03-08
95,b02-035-09-00
95,b02-035-04-01
95,b02-035-01-04
95,b02-035-04-04
95,b02-013-05-03
95,b02-035-10-02
95,b02-013-09-04
95,b02-013-05-01
95,b02-035-07-00
95,b02-035-03-02
95,b02-035-06-06
95,b02-013-07-06
95,b02-013-07-05
95,b02-013-04-07
95,b02-013-02-00
95,b02-013-09-01
95,b02-035-10-03
95,b02-013-03-01
95,b02-013-04-01
95,b02-013-03-05
95,b02-013-01-05
95,b02-013-07-03
95,b02-013-09-03
95,b02-013-04-02
95,b02-035-03-00
95,b02-035-04-00
95,b02-035-00-06
95,b02-035-03-01
95,b02-013-03-08
95,b02-013-09-02
95,b02-013-01-00
95,b02-035-00-00
95,b02-035-06-04
95,b02-035-05-02
96,b02-045-04-05
96,b02-045-02-06
96,b02-045-03-13
96,b02-045-04-03
96,b02-045-05-08
96,b02-045-03-09
96,b02-045-07-03
96,b02-045-03-06
96,b02-045-05-07
96,b02-045-08-02
96,b02-045-08-01
96,b02-045-08-00
96,b02-045-02-05
96,b02-045-01-00
96,b02-045-03-01
96,b02-045-08-04
96,b02-045-01-10
96,b02-045-03-12
96,b02-045-07-07
96,b02-045-03-08
96,b02-045-07-05
96,b02-045-06-04
96,b02-045-00-00
96,b02-045-00-05
96,b02-045-06-02
96,b02-045-00-02
96,b02-045-07-02
96,b02-045-02-03
96,b02-045-04-08
96,b02-045-03-11
96,b02-045-01-12
96,b02-045-08-06
96,b02-045-03-05
96,b02-045-03-10
96,b02-045-05-01
96,b02-045-04-00
96,b02-045-00-04
96,b02-045-06-00
96,b02-045-01-02
96,b02-045-04-07
96,b02-045-01-01
96,b02-045-02-01
96,b02-045-07-00
96,b02-045-01-04
96,b02-045-00-09
96,b02-045-00-10
96,b02-045-07-04
96,b02-045-06-05
96,b02-045-03-02
96,b02-045-07-06
96,b02-045-04-01
96,b02-045-06-01
96,b02-045-00-07
96,b02-045-06-03
96,b02-045-04-02
96,b02-045-06-06
96,b02-045-01-05
96,b02-045-04-04
96,b02-045-08-05
96,b02-045-03-03
96,b02-045-02-07
96,b02-045-01-09
96,b02-045-05-10
96,b02-045-04-06
96,b02-045-00-01
96,b02-045-06-07
96,b02-045-05-04
96,b02-045-05-06
96,b02-045-02-02
96,b02-045-05-03
96,b02-045-08-07
96,b02-045-01-06
96,b02-045-03-07
96,b02-045-02-00
96,b02-045-00-06
96,b02-045-00-08
96,b02-045-05-09
96,b02-045-06-08
96,b02-045-05-00
96,b02-045-03-15
96,b02-045-01-03
96,b02-045-05-02
96,b02-045-00-03
96,b02-045-01-07
96,b02-045-08-03
96,b02-045-02-04
96,b02-045-07-01
96,b02-045-02-08
96,b02-045-03-00
96,b02-045-05-05
96,b02-045-03-04
96,b02-045-01-08
96,b02-045-01-11
97,b02-097-08-03
97,b02-097-02-03
97,b02-097-00-01
97,b02-097-04-01
97,b02-097-01-01
97,b02-097-06-01
97,b02-097-02-04
97,b02-097-07-05
97,b02-097-05-08
97,b02-097-00-00
97,b02-097-04-03
97,b02-097-04-05
97,b02-097-08-02
97,b02-097-01-00
97,b02-097-02-06
97,b02-097-07-08
97,b02-097-07-03
97,b02-097-05-09
97,b02-097-02-07
97,b02-097-03-04
97,b02-097-03-01
97,b02-097-01-04
97,b02-097-08-00
97,b02-097-05-10
97,b02-097-00-07
97,b02-097-00-02
97,b02-097-08-01
97,b02-097-02-05
97,b02-097-04-02
97,b02-097-00-12
97,b02-097-00-08
97,b02-097-05-04
97,b02-097-01-07
97,b02-097-02-08
97,b02-097-03-03
97,b02-097-06-02
97,b02-097-07-01
97,b02-097-07-07
97,b02-097-05-01
97,b02-097-01-06
97,b02-097-07-00
97,b02-097-01-05
97,b02-097-04-07
97,b02-097-04-00
97,b02-097-05-05
97,b02-097-00-11
97,b02-097-03-06
97,b02-097-00-05
97,b02-097-02-01
97,b02-097-03-09
97,b02-097-03-00
97,b02-097-00-04
97,b02-097-06-06
97,b02-097-06-04
97,b02-097-05-03
97,b02-097-04-04
97,b02-097-07-02
97,b02-097-07-06
97,b02-097-06-00
97,b02-097-03-05
97,b02-097-05-02
97,b02-097-03-10
97,b02-097-03-08
97,b02-097-06-03
97,b02-097-05-00
97,b02-097-02-02
97,b02-097-04-06
97,b02-097-00-03
97,b02-097-00-06
97,b02-097-00-09
97,b02-097-07-09
97,b02-097-03-07
97,b02-097-01-02
97,b02-097-06-05
97,b02-097-05-07
97,b02-097-01-03
97,b02-097-07-04
97,b02-097-02-00
97,b02-097-00-10
97,b02-097-05-06
98,b02-102-03-10
98,b02-102-04-02
98,b02-102-00-02
98,b02-102-02-01
98,b02-102-02-06
98,b02-102-05-06
98,b02-102-04-05
98,b02-102-00-00
98,b02-102-06-06
98,b02-102-03-04
98,b02-102-02-07
98,b02-102-01-02
98,b02-102-00-06
98,b02-102-03-02
98,b02-102-04-03
98,b02-102-03-09
98,b02-102-06-04
98,b02-102-04-04
98,b02-102-00-05
98,b02-102-00-08
98,b02-102-05-08
98,b02-102-03-01
98,b02-102-03-08
98,b02-102-04-06
98,b02-102-00-03
98,b02-102-02-08
98,b02-102-05-00
98,b02-102-05-09
98,b02-102-06-05
98,b02-102-05-07
98,b02-102-06-03
98,b02-102-03-05
98,b02-102-06-01
98,b02-102-05-04
98,b02-102-06-00
98,b02-102-02-04
98,b02-102-05-03
98,b02-102-06-07
98,b02-102-03-00
98,b02-102-00-04
98,b02-102-01-05
98,b02-102-02-03
98,b02-102-02-02
98,b02-102-01-06
98,b02-102-03-11
98,b02-102-05-01
98,b02-102-01-01
98,b02-102-05-02
98,b02-102-00-01
98,b02-102-06-02
98,b02-102-03-03
98,b02-102-04-00
98,b02-102-01-04
98,b02-102-03-06
98,b02-102-00-07
98,b02-102-02-00
98,b02-102-01-00
98,b02-102-05-05
98,b02-102-04-01
99,b02-105-05-05
99,b02-105-03-05
99,b02-105-01-05
99,b02-105-00-04
99,b02-105-00-03
99,b02-105-00-02
99,b02-105-03-03
99,b02-105-00-06
99,b02-105-03-00
99,b02-105-01-03
99,b02-105-02-05
99,b02-105-00-01
99,b02-105-01-02
99,b02-105-03-04
99,b02-105-01-07
99,b02-105-02-06
99,b02-105-01-00
99,b02-105-05-01
99,b02-105-02-02
99,b02-105-04-01
99,b02-105-04-03
99,b02-105-04-04
99,b02-105-04-02
99,b02-105-02-04
99,b02-105-04-06
99,b02-105-04-05
99,b02-105-02-03
99,b02-105-02-00
99,b02-105-04-07
99,b02-105-00-00
99,b02-105-01-06
99,b02-105-01-04
99,b02-105-03-02
99,b02-105-00-05
99,b02-105-04-00
99,b02-105-05-03
99,b02-105-05-00
99,b02-105-05-04
99,b02-105-05-02
99,b02-105-01-01
99,b02-105-02-01
100,b03-025-03-08
100,b03-025-02-05
100,b03-025-04-07
100,b03-025-05-02
100,b03-025-01-00
100,b03-025-03-09
100,b03-025-04-02
100,b03-025-04-04
100,b03-025-05-01
100,b03-025-04-09
100,b03-025-05-00
100,b03-025-01-08
100,b03-025-01-10
100,b03-025-03-06
100,b03-025-01-02
100,b03-025-06-05
100,b03-025-00-03
100,b03-025-02-07
100,b03-025-02-00
100,b03-025-03-01
100,b03-025-04-08
100,b03-025-04-06
100,b03-025-03-07
100,b03-025-00-02
100,b03-025-01-01
100,b03-025-06-06
100,b03-025-00-07
100,b03-025-01-07
100,b03-025-02-06
100,b03-025-03-00
100,b03-025-03-10
100,b03-025-05-05
100,b03-025-03-05
100,b03-025-00-01
100,b03-025-00-06
100,b03-025-04-00
100,b03-025-01-11
100,b03-025-02-03
100,b03-025-04-01
100,b03-025-02-04
100,b03-025-00-05
100,b03-025-05-04
100,b03-025-03-03
100,b03-025-06-01
100,b03-025-01-09
100,b03-025-05-07
100,b03-025-05-06
100,b03-025-06-03
100,b03-025-01-03
100,b03-025-06-04
100,b03-025-00-04
100,b03-025-01-05
100,b03-025-01-04
100,b03-025-04-10
100,b03-025-05-03
100,b03-025-03-04
100,b03-025-02-02
100,b03-025-03-02
100,b03-025-00-00
100,b03-025-01-06
100,b03-025-04-03
100,b03-025-06-00
100,b03-025-04-05
102,b03-087-04-09
102,b03-087-00-12
102,b03-087-03-00
102,b03-092-04-10
102,b03-092-01-05
102,b03-092-04-03
102,b03-092-03-04
102,b03-092-05-02
102,b03-087-05-00
102,b03-087-01-14
102,b03-092-04-00
102,b03-087-01-06
102,b03-092-03-05
102,b03-087-01-11
102,b03-087-02-11
102,b03-092-02-06
102,b03-092-05-06
102,b03-092-04-04
102,b03-092-01-01
102,b03-087-02-03
102,b03-092-06-02
102,b03-092-02-03
102,b03-092-02-08
102,b03-092-01-02
102,b03-087-01-08
102,b03-092-05-04
102,b03-092-01-08
102,b03-087-01-07
102,b03-087-02-04
102,b03-092-03-01
102,b03-092-05-08
102,b03-092-03-02
102,b03-092-01-03
102,b03-087-05-01
102,b03-087-03-10
102,b03-087-00-05
102,b03-092-05-09
102,b03-087-00-03
102,b03-087-04-01
102,b03-092-02-09
102,b03-087-02-13
102,b03-087-05-03
102,b03-087-03-04
102,b03-092-04-09
102,b03-092-03-10
102,b03-087-02-09
102,b03-092-02-11
102,b03-087-01-13
102,b03-092-04-07
102,b03-087-00-00
102,b03-092-05-07
102,b03-087-04-04
102,b03-092-01-06
102,b03-087-03-14
102,b03-087-03-08
102,b03-092-06-00
102,b03-092-03-00
102,b03-087-02-08
102,b03-092-02-10
102,b03-092-00-04
102,b03-087-05-06
102,b03-087-01-01
102,b03-092-06-01
102,b03-092-00-03
102,b03-092-05-03
102,b03-087-02-07
102,b03-087-05-05
102,b03-092-01-04
102,b03-092-05-01
102,b03-092-02-05
102,b03-092-00-02
102,b03-087-01-12
102,b03-092-02-00
102,b03-087-02-01
102,b03-087-03-03
102,b03-087-03-05
102,b03-087-02-02
102,b03-092-04-01
102,b03-087-01-02
102,b03-087-01-00
102,b03-087-02-05
102,b03-092-03-08
102,b03-092-03-03
102,b03-092-00-09
102,b03-087-03-11
102,b03-087-01-10
102,b03-087-04-00
102,b03-087-05-04
102,b03-087-00-01
102,b03-087-03-13
102,b03-087-01-09
102,b03-087-01-03
102,b03-092-04-05
102,b03-087-02-00
102,b03-087-00-09
102,b03-087-04-05
102,b03-092-02-02
102,b03-092-04-06
102,b03-087-03-02
102,b03-087-04-08
102,b03-087-01-04
102,b03-092-00-05
102,b03-087-03-06
102,b03-087-02-12
102,b03-087-04-03
102,b03-087-00-08
102,b03-087-04-06
102,b03-092-00-01
102,b03-092-04-02
102,b03-087-00-07
102,b03-087-00-11
102,b03-087-03-07
102,b03-092-05-00
102,b03-092-00-07
102,b03-092-03-06
102,b03-092-05-10
102,b03-092-05-05
102,b03-092-02-01
102,b03-087-00-10
102,b03-087-05-02
102,b03-092-01-00
102,b03-092-03-09
102,b03-092-04-08
102,b03-087-02-10
102,b03-087-00-04
102,b03-092-02-07
102,b03-092-04-11
102,b03-087-03-12
102,b03-092-01-10
102,b03-087-04-02
102,b03-092-00-06
102,b03-092-02-04
102,b03-087-03-01
102,b03-092-03-07
102,b03-092-03-12
102,b03-092-01-07
102,b03-087-00-06
102,b03-087-00-02
102,b03-092-01-09
102,b03-087-02-06
102,b03-087-03-09
102,b03-087-01-05
102,b03-092-00-00
102,b03-092-00-08
102,b03-092-03-11
103,b03-098-04-04
103,b03-098-02-08
103,b03-098-05-07
103,b03-098-06-06
103,b03-098-08-04
103,b03-098-05-01
103,b03-098-06-01
103,b03-098-09-02
103,b03-098-05-02
103,b03-098-01-09
103,b03-098-09-00
103,b03-098-06-02
103,b03-098-06-04
103,b03-098-05-03
103,b03-098-06-03
103,b03-098-01-08
103,b03-098-01-01
103,b03-098-04-01
103,b03-098-00-05
103,b03-098-01-02
103,b03-098-03-05
103,b03-098-05-05
103,b03-098-02-04
103,b03-098-04-06
103,b03-098-03-07
103,b03-098-02-01
103,b03-098-06-07
103,b03-098-07-05
103,b03-098-05-06
103,b03-098-03-06
103,b03-098-01-07
103,b03-098-09-04
103,b03-098-02-00
103,b03-098-01-00
103,b03-098-08-05
103,b03-098-04-03
103,b03-098-07-06
103,b03-098-08-03
103,b03-098-03-03
103,b03-098-01-03
103,b03-098-02-05
103,b03-098-00-06
103,b03-098-00-04
103,b03-098-06-05
103,b03-098-08-01
103,b03-098-07-04
103,b03-098-03-02
103,b03-098-02-07
103,b03-098-05-00
103,b03-098-07-01
103,b03-098-03-08
103,b03-098-00-02
103,b03-098-03-04
103,b03-098-01-05
103,b03-098-02-06
103,b03-098-03-01
103,b03-098-04-02
103,b03-098-09-03
103,b03-098-02-02
103,b03-098-05-04
103,b03-098-04-08
103,b03-098-00-00
103,b03-098-00-01
103,b03-098-09-01
103,b03-098-00-03
103,b03-098-07-03
103,b03-098-04-00
103,b03-098-01-04
103,b03-098-06-00
103,b03-098-04-07
103,b03-098-08-02
103,b03-098-08-00
103,b03-098-01-06
103,b03-098-04-05
103,b03-098-07-07
103,b03-098-02-03
103,b03-098-07-00
103,b03-098-03-00
103,b03-098-07-02
104,b03-104-06-04
104,b03-104-07-00
104,b03-104-01-06
104,b03-104-02-06
104,b03-104-00-01
104,b03-104-06-05
104,b03-104-07-09
104,b03-104-06-01
104,b03-104-07-05
104,b03-104-09-04
104,b03-104-03-00
104,b03-104-05-07
104,b03-104-00-00
104,b03-104-05-04
104,b03-104-07-03
104,b03-104-07-10
104,b03-104-00-04
104,b03-104-09-05
104,b03-104-08-01
104,b03-104-03-06
104,b03-104-07-04
104,b03-104-00-02
104,b03-104-09-00
104,b03-104-09-01
104,b03-104-02-02
104,b03-104-06-02
104,b03-104-01-02
104,b03-104-09-02
104,b03-104-06-03
104,b03-104-01-01
104,b03-104-03-04
104,b03-104-05-03
104,b03-104-07-07
104,b03-104-00-07
104,b03-104-08-00
104,b03-104-04-00
104,b03-104-04-06
104,b03-104-08-02
104,b03-104-03-02
104,b03-104-00-08
104,b03-104-08-03
104,b03-104-04-04
104,b03-104-07-01
104,b03-104-08-04
104,b03-104-02-05
104,b03-104-05-06
104,b03-104-01-03
104,b03-104-00-06
104,b03-104-03-05
104,b03-104-04-02
104,b03-104-04-01
104,b03-104-09-03
104,b03-104-02-00
104,b03-104-04-03
104,b03-104-03-01
104,b03-104-01-09
104,b03-104-03-03
104,b03-104-08-05
104,b03-104-00-03
104,b03-104-05-02
104,b03-104-05-01
104,b03-104-01-05
104,b03-104-01-07
104,b03-104-03-07
104,b03-104-05-00
104,b03-104-06-00
104,b03-104-00-05
104,b03-104-02-01
104,b03-104-05-05
104,b03-104-07-06
104,b03-104-01-04
104,b03-104-07-08
104,b03-104-01-00
104,b03-104-02-03
104,b03-104-02-04
104,b03-104-01-08
104,b03-104-04-05
104,b03-104-07-02
105,b03-109-06-06
105,b03-109-07-03
105,b03-109-08-03
105,b03-109-07-01
105,b03-109-06-00
105,b03-109-05-08
105,b03-109-08-02
105,b03-109-08-00
105,b03-109-04-09
105,b03-109-06-02
105,b03-109-04-00
105,b03-109-05-00
105,b03-109-06-05
105,b03-109-06-07
105,b03-109-08-01
105,b03-109-06-01
105,b03-109-00-05
105,b03-109-00-03
105,b03-109-08-04
105,b03-109-04-08
105,b03-109-05-01
105,b03-109-07-04
105,b03-109-00-01
105,b03-109-05-04
105,b03-109-05-03
105,b03-109-05-07
105,b03-109-00-09
105,b03-109-04-04
105,b03-109-05-06
105,b03-109-00-07
105,b03-109-04-03
105,b03-109-05-05
105,b03-109-06-04
105,b03-109-00-04
105,b03-109-00-08
105,b03-109-07-07
105,b03-109-07-05
105,b03-109-00-00
105,b03-109-05-02
105,b03-109-04-07
105,b03-109-07-02
105,b03-109-00-02
105,b03-109-04-06
105,b03-109-04-02
105,b03-109-00-06
105,b03-109-05-09
105,b03-109-07-00
105,b03-109-07-08
105,b03-109-04-05
105,b03-109-07-06
105,b03-109-06-03
105,b03-109-04-01
106,b03-114-02-01
106,b03-114-01-00
106,b03-114-05-03
106,b03-114-03-05
106,b03-114-01-03
106,b03-114-03-01
106,b03-114-02-00
106,b03-114-06-04
106,b03-114-04-05
106,b03-114-00-06
106,b03-114-01-06
106,b03-114-03-03
106,b03-114-00-08
106,b03-114-06-03
106,b03-114-03-00
106,b03-114-01-08
106,b03-114-05-02
106,b03-114-07-01
106,b03-114-05-06
106,b03-114-01-07
106,b03-114-01-04
106,b03-114-05-01
106,b03-114-00-01
106,b03-114-01-05
106,b03-114-02-02
106,b03-114-03-07
106,b03-114-00-00
106,b03-114-08-01
106,b03-114-08-03
106,b03-114-06-02
106,b03-114-06-05
106,b03-114-01-10
106,b03-114-06-00
106,b03-114-05-08
106,b03-114-05-07
106,b03-114-01-02
106,b03-114-03-02
106,b03-114-08-00
106,b03-114-03-04
106,b03-114-05-00
106,b03-114-08-02
106,b03-114-00-09
106,b03-114-02-06
106,b03-114-05-05
106,b03-114-07-00
106,b03-114-04-04
106,b03-114-01-09
106,b03-114-00-02
106,b03-114-04-01
106,b03-114-04-00
106,b03-114-07-02
106,b03-114-03-06
106,b03-114-00-07
106,b03-114-00-04
106,b03-114-07-03
106,b03-114-06-01
106,b03-114-01-01
106,b03-114-00-05
106,b03-114-00-03
106,b03-114-03-08
106,b03-114-02-05
106,b03-114-02-04
106,b03-114-04-03
106,b03-114-06-06
106,b03-114-04-02
106,b03-114-02-03
106,b03-114-05-04
107,b04-004-01-00
107,b04-020-04-01
107,b04-020-08-05
107,b04-004-01-07
107,b04-000-03-02
107,b04-020-07-03
107,b04-004-08-03
107,b04-004-05-00
107,b04-004-01-05
107,b04-000-01-01
107,b04-020-02-08
107,b04-000-00-05
107,b04-010-02-02
107,b04-004-03-03
107,b04-000-05-02
107,b04-000-04-04
107,b04-004-10-02
107,b04-020-04-06
107,b04-000-05-04
107,b04-010-05-04
107,b04-010-04-05
107,b04-020-06-06
107,b04-010-08-01
107,b04-020-07-02
107,b04-000-00-02
107,b04-004-05-06
107,b04-020-02-00
107,b04-020-06-02
107,b04-010-00-08
107,b04-010-05-01
107,b04-020-06-01
107,b04-020-01-03
107,b04-004-01-06
107,b04-000-01-04
107,b04-010-07-04
107,b04-020-06-04
107,b04-004-09-05
107,b04-020-04-03
107,b04-004-06-00
107,b04-004-08-02
107,b04-020-02-02
107,b04-004-05-02
107,b04-010-06-05
107,b04-000-06-04
107,b04-020-01-06
107,b04-010-02-05
107,b04-000-05-00
107,b04-020-08-02
107,b04-010-03-01
107,b04-004-05-04
107,b04-000-03-00
107,b04-010-05-03
107,b04-010-02-01
107,b04-020-03-07
107,b04-004-01-02
107,b04-004-02-07
107,b04-010-03-02
107,b04-000-03-04
107,b04-000-06-03
107,b04-020-02-07
107,b04-010-07-03
107,b04-010-01-01
107,b04-010-05-07
107,b04-000-00-03
107,b04-004-07-05
107,b04-010-09-01
107,b04-010-00-06
107,b04-004-01-01
107,b04-004-09-06
107,b04-020-00-03
107,b04-010-00-01
107,b04-000-01-02
107,b04-010-06-02
107,b04-000-06-00
107,b04-020-03-03
107,b04-000-03-06
107,b04-010-09-03
107,b04-004-03-01
107,b04-020-07-00
107,b04-010-04-00
107,b04-000-02-05
107,b04-010-01-02
107,b04-000-03-05
107,b04-004-06-05
107,b04-020-08-04
107,b04-020-05-04
107,b04-020-00-04
107,b04-010-09-04
107,b04-010-04-06
107,b04-010-02-04
107,b04-020-00-05
107,b04-010-05-06
107,b04-004-09-03
107,b04-020-01-01
107,b04-000-05-05
107,b04-000-04-00
107,b04-004-04-00
107,b04-020-08-06
107,b04-004-10-04
107,b04-004-04-02
107,b04-000-01-03
107,b04-020-03-00
107,b04-020-01-00
107,b04-004-06-03
107,b04-010-00-05
107,b04-020-03-01
107,b04-020-02-06
107,b04-020-08-07
107,b04-020-01-07
107,b04-004-07-07
107,b04-010-04-03
107,b04-004-06-04
107,b04-004-09-00
107,b04-020-02-03
107,b04-000-05-03
107,b04-010-06-07
107,b04-004-02-01
107,b04-004-03-04
107,b04-020-03-05
107,b04-010-02-08
107,b04-020-01-02
107,b04-000-02-00
107,b04-020-02-04
107,b04-010-00-07
107,b04-000-02-06
107,b04-010-02-00
107,b04-004-02-05
107,b04-004-00-02
107,b04-000-02-02
107,b04-000-04-03
107,b04-004-02-04
107,b04-000-04-05
107,b04-010-07-06
107,b04-010-00-00
107,b04-020-03-06
107,b04-010-04-07
107,b04-010-04-04
107,b04-010-01-05
107,b04-020-03-04
107,b04-000-02-07
107,b04-010-04-01
107,b04-010-02-06
107,b04-010-05-05
107,b04-020-07-01
107,b04-020-01-04
107,b04-010-02-09
107,b04-004-02-03
107,b04-020-04-02
107,b04-000-04-06
107,b04-020-00-01
107,b04-020-00-02
107,b04-004-08-04
107,b04-004-06-01
107,b04-010-09-02
107,b04-020-02-05
107,b04-020-06-05
107,b04-010-06-01
107,b04-004-00-01
107,b04-004-10-01
107,b04-010-02-07
107,b04-004-07-06
107,b04-004-07-04
107,b04-020-08-01
107,b04-000-06-01
107,b04-004-09-01
107,b04-004-08-00
107,b04-000-00-01
107,b04-000-03-01
107,b04-004-01-04
107,b04-020-08-03
107,b04-004-03-00
107,b04-020-05-02
107,b04-020-05-05
107,b04-010-05-00
107,b04-010-01-03
107,b04-010-01-00
107,b04-020-00-06
107,b04-020-06-03
107,b04-000-06-06
107,b04-000-04-02
107,b04-020-01-05
107,b04-000-02-01
107,b04-020-04-07
107,b04-020-05-01
107,b04-004-04-01
107,b04-004-05-03
107,b04-010-07-00
107,b04-004-02-06
107,b04-010-01-06
107,b04-010-03-05
107,b04-010-08-00
107,b04-010-02-03
107,b04-010-06-00
107,b04-000-06-05
107,b04-020-03-02
107,b04-004-03-06
107,b04-010-03-00
107,b04-010-07-05
107,b04-010-06-03
107,b04-010-03-03
107,b04-010-00-04
107,b04-010-08-04
107,b04-020-05-03
107,b04-004-02-00
107,b04-020-00-00
107,b04-000-01-05
107,b04-010-09-05
107,b04-004-04-04
107,b04-004-03-02
107,b04-010-05-02
107,b04-004-07-03
107,b04-020-07-05
107,b04-010-01-04
107,b04-004-00-00
107,b04-000-02-03
107,b04-004-09-04
107,b04-000-06-02
107,b04-010-04-02
107,b04-000-00-04
107,b04-004-05-01
107,b04-000-05-01
107,b04-000-05-06
107,b04-000-00-00
107,b04-004-10-03
107,b04-020-08-00
107,b04-004-10-00
107,b04-020-07-06
107,b04-000-03-03
107,b04-000-04-01
107,b04-010-06-06
107,b04-000-02-04
107,b04-010-06-04
107,b04-004-00-05
107,b04-010-00-03
107,b04-004-08-01
107,b04-020-06-00
107,b04-004-08-05
107,b04-004-09-02
107,b04-000-01-00
107,b04-010-07-02
107,b04-004-09-07
107,b04-004-04-03
107,b04-010-03-04
107,b04-010-00-02
107,b04-004-07-02
107,b04-004-01-03
107,b04-010-08-03
107,b04-004-06-02
107,b04-004-07-01
107,b04-004-05-05
107,b04-004-00-04
107,b04-004-02-02
107,b04-004-00-03
107,b04-010-07-01
107,b04-020-04-05
107,b04-010-08-02
107,b04-020-06-07
107,b04-010-08-05
107,b04-004-00-06
107,b04-020-07-04
107,b04-020-04-00
107,b04-004-03-05
107,b04-020-05-00
107,b04-010-05-08
107,b04-010-09-00
107,b04-010-04-08
108,b04-034-03-11
108,b04-034-01-12
108,b04-034-01-10
108,b04-040-03-07
108,b04-047-00-05
108,b04-026-00-10
108,b04-047-02-11
108,b04-034-04-00
108,b04-047-00-06
108,b04-047-01-01
108,b04-040-02-08
108,b04-040-01-13
108,b04-047-01-04
108,b04-047-01-05
108,b04-047-02-13
108,b04-047-04-03
108,b04-047-05-04
108,b04-047-02-04
108,b04-040-00-00
108,b04-034-02-05
108,b04-040-05-09
108,b04-040-03-04
108,b04-047-03-05
108,b04-034-03-02
108,b04-047-01-12
108,b04-026-01-04
108,b04-026-01-12
108,b04-047-00-10
108,b04-040-00-03
108,b04-040-02-11
108,b04-026-00-04
108,b04-026-00-03
108,b04-047-00-08
108,b04-026-00-07
108,b04-034-01-07
108,b04-026-01-10
108,b04-047-04-00
108,b04-040-00-02
108,b04-047-04-07
108,b04-040-00-05
108,b04-047-03-11
108,b04-026-00-05
108,b04-040-04-03
108,b04-047-05-01
108,b04-047-01-11
108,b04-040-02-00
108,b04-026-01-07
108,b04-040-03-00
108,b04-047-03-03
108,b04-040-01-03
108,b04-040-00-09
108,b04-026-01-01
108,b04-040-05-07
108,b04-026-01-03
108,b04-047-00-04
108,b04-040-01-05
108,b04-040-04-00
108,b04-047-03-12
108,b04-047-04-08
108,b04-047-03-08
108,b04-034-04-02
108,b04-047-00-11
108,b04-034-05-01
108,b04-047-02-12
108,b04-047-03-04
108,b04-047-03-09
108,b04-026-01-11
108,b04-040-02-07
108,b04-034-03-00
108,b04-040-02-06
108,b04-040-05-02
108,b04-040-01-01
108,b04-026-06-10
108,b04-040-00-06
108,b04-047-04-09
108,b04-026-01-02
108,b04-026-00-02
108,b04-034-03-09
108,b04-040-02-03
108,b04-034-03-07
108,b04-026-00-06
108,b04-040-04-07
108,b04-047-01-08
108,b04-034-04-13
108,b04-040-01-08
108,b04-034-00-07
108,b04-040-05-03
108,b04-047-04-05
108,b04-040-02-04
108,b04-034-04-12
108,b04-047-02-03
108,b04-026-01-08
108,b04-047-05-00
108,b04-026-06-02
108,b04-026-06-01
108,b04-040-04-06
108,b04-034-02-06
108,b04-026-06-04
108,b04-034-03-08
108,b04-040-05-06
108,b04-034-01-11
108,b04-047-05-02
108,b04-034-04-09
108,b04-040-04-08
108,b04-040-03-02
108,b04-034-02-07
108,b04-040-02-13
108,b04-034-00-04
108,b04-034-02-03
108,b04-034-00-02
108,b04-034-03-12
108,b04-034-01-04
108,b04-034-00-09
108,b04-047-03-02
108,b04-034-05-03
108,b04-040-03-09
108,b04-040-04-05
108,b04-026-06-07
108,b04-047-04-04
108,b04-034-03-04
108,b04-047-00-02
108,b04-040-00-04
108,b04-047-05-03
108,b04-040-04-09
108,b04-040-02-14
108,b04-040-02-05
108,b04-047-00-09
108,b04-040-02-12
108,b04-040-05-04
108,b04-034-02-01
108,b04-047-02-05
108,b04-040-03-01
108,b04-047-02-09
108,b04-034-04-08
108,b04-026-01-05
108,b04-034-04-05
108,b04-040-03-08
108,b04-047-01-02
108,b04-047-02-06
108,b04-026-01-06
108,b04-047-01-06
108,b04-034-03-03
108,b04-047-02-02
108,b04-026-01-09
108,b04-040-05-05
108,b04-026-00-08
108,b04-040-00-10
108,b04-034-05-02
108,b04-034-04-01
108,b04-034-02-10
108,b04-040-02-09
108,b04-040-01-00
108,b04-040-03-03
108,b04-026-00-00
108,b04-034-04-11
108,b04-047-01-10
108,b04-026-06-03
108,b04-047-00-00
108,b04-040-04-04
108,b04-047-04-06
108,b04-040-00-01
108,b04-047-04-02
108,b04-047-03-10
108,b04-034-02-04
108,b04-040-04-02
108,b04-047-01-03
108,b04-034-00-01
108,b04-047-03-07
108,b04-040-00-11
108,b04-047-03-00
108,b04-047-04-01
108,b04-047-03-01
108,b04-047-00-07
108,b04-026-01-00
108,b04-047-03-06
108,b04-040-01-02
108,b04-040-05-08
108,b04-047-00-03
108,b04-040-01-10
108,b04-040-00-08
108,b04-047-02-01
108,b04-040-03-05
108,b04-040-04-01
108,b04-040-01-11
108,b04-047-05-05
108,b04-047-02-08
108,b04-034-01-05
108,b04-047-02-10
108,b04-034-00-03
108,b04-040-01-12
108,b04-026-00-01
108,b04-034-03-10
108,b04-034-04-10
108,b04-040-01-07
108,b04-047-01-07
108,b04-026-06-09
108,b04-026-06-05
108,b04-026-00-09
108,b04-034-03-05
108,b04-034-01-08
108,b04-047-00-01
108,b04-034-02-02
108,b04-034-05-00
108,b04-040-00-07
108,b04-034-00-06
108,b04-047-02-00
108,b04-040-05-01
108,b04-034-00-05
108,b04-047-01-00
108,b04-026-06-00
108,b04-034-01-09
108,b04-034-01-06
108,b04-034-00-00
108,b04-034-03-01
108,b04-040-01-09
108,b04-034-02-08
108,b04-034-02-00
108,b04-026-06-06
108,b04-040-02-01
108,b04-034-01-01
108,b04-034-03-06
108,b04-040-03-06
108,b04-047-01-09
108,b04-034-01-13
108,b04-034-02-09
108,b04-034-00-08
108,b04-026-06-08
108,b04-040-02-02
108,b04-034-04-06
108,b04-034-04-04
108,b04-040-01-06
108,b04-034-04-03
108,b04-040-05-00
108,b04-034-04-07
108,b04-040-02-10
108,b04-040-01-04
108,b04-034-01-02
109,b04-075-03-04
109,b04-066-03-07
109,b04-066-01-01
109,b04-075-00-07
109,b04-066-06-01
109,b04-075-02-02
109,b04-060-02-10
109,b04-066-05-00
109,b04-060-05-05
109,b04-060-02-11
109,b04-054-02-06
109,b04-075-03-05
109,b04-060-01-10
109,b04-060-05-03
109,b04-060-05-07
109,b04-066-03-02
109,b04-060-00-03
109,b04-060-04-05
109,b04-054-02-03
109,b04-066-00-03
109,b04-054-01-09
109,b04-054-00-03
109,b04-066-00-02
109,b04-066-04-03
109,b04-060-03-00
109,b04-066-05-06
109,b04-066-06-08
109,b04-060-01-11
109,b04-060-00-01
109,b04-060-00-04
109,b04-075-04-08
109,b04-075-03-03
109,b04-075-05-00
109,b04-075-01-00
109,b04-066-03-06
109,b04-075-00-08
109,b04-075-04-07
109,b04-054-06-01
109,b04-060-01-09
109,b04-060-05-04
109,b04-060-03-03
109,b04-054-06-05
109,b04-054-05-06
109,b04-066-03-08
109,b04-060-01-01
109,b04-075-03-08
109,b04-066-04-11
109,b04-075-03-00
109,b04-060-01-03
109,b04-075-01-10
109,b04-060-06-05
109,b04-054-00-05
109,b04-066-03-10
109,b04-060-03-05
109,b04-075-02-03
109,b04-060-01-02
109,b04-066-01-02
109,b04-075-04-00
109,b04-060-05-02
109,b04-054-03-02
109,b04-060-02-07
109,b04-060-04-02
109,b04-060-00-02
109,b04-060-06-02
109,b04-075-01-05
109,b04-054-01-02
109,b04-054-05-10
109,b04-054-05-00
109,b04-054-01-01
109,b04-060-04-01
109,b04-075-01-06
109,b04-060-03-06
109,b04-060-02-06
109,b04-075-00-03
109,b04-060-01-06
109,b04-075-04-11
109,b04-066-04-10
109,b04-054-03-03
109,b04-066-03-09
109,b04-054-02-09
109,b04-054-04-08
109,b04-060-04-06
109,b04-054-04-01
109,b04-075-00-04
109,b04-066-04-08
109,b04-075-00-09
109,b04-066-00-01
109,b04-054-00-06
109,b04-054-02-00
109,b04-060-03-09
109,b04-054-03-04
109,b04-075-03-09
109,b04-075-02-09
109,b04-066-01-04
109,b04-060-02-09
109,b04-060-03-07
109,b04-054-04-05
109,b04-066-00-06
109,b04-075-03-02
109,b04-054-04-09
109,b04-066-00-00
109,b04-075-05-03
109,b04-075-03-11
109,b04-060-06-04
109,b04-054-06-00
109,b04-054-04-02
109,b04-075-04-06
109,b04-075-04-03
109,b04-075-00-00
109,b04-054-03-00
109,b04-060-02-00
109,b04-054-05-05
109,b04-054-02-02
109,b04-060-01-04
109,b04-066-01-08
109,b04-060-00-05
109,b04-054-05-01
109,b04-054-04-03
109,b04-054-03-05
109,b04-066-01-03
109,b04-066-03-05
109,b04-054-02-01
109,b04-054-06-04
109,b04-066-02-06
109,b04-054-01-00
109,b04-060-02-04
109,b04-075-01-02
109,b04-075-02-06
109,b04-066-03-03
109,b04-066-05-03
109,b04-054-05-04
109,b04-066-06-00
109,b04-066-05-05
109,b04-060-05-08
109,b04-054-03-07
109,b04-060-00-07
109,b04-075-00-01
109,b04-060-02-02
109,b04-066-05-04
109,b04-066-06-05
109,b04-066-04-07
109,b04-075-02-12
109,b04-060-02-05
109,b04-066-01-07
109,b04-060-02-08
109,b04-075-02-07
109,b04-075-01-04
109,b04-054-05-02
109,b04-066-02-07
109,b04-066-06-02
109,b04-054-00-01
109,b04-060-05-00
109,b04-066-05-01
109,b04-060-03-02
109,b04-066-01-05
109,b04-066-04-00
109,b04-066-05-02
109,b04-060-01-05
109,b04-075-05-07
109,b04-075-01-09
109,b04-075-05-06
109,b04-060-06-00
109,b04-054-06-03
109,b04-066-06-09
109,b04-054-05-07
109,b04-054-06-02
109,b04-060-06-01
109,b04-075-02-04
109,b04-066-06-04
109,b04-066-05-07
109,b04-075-02-01
109,b04-075-05-05
109,b04-075-04-02
109,b04-075-01-03
109,b04-066-03-01
109,b04-060-04-00
109,b04-054-02-05
109,b04-075-02-00
109,b04-075-04-05
109,b04-075-04-09
109,b04-075-05-04
109,b04-060-01-08
109,b04-066-00-07
109,b04-054-03-06
109,b04-060-03-04
109,b04-060-00-06
109,b04-075-02-11
109,b04-066-04-05
109,b04-075-05-01
109,b04-054-05-09
109,b04-066-05-08
109,b04-054-00-07
109,b04-054-01-06
109,b04-060-04-08
109,b04-075-00-02
109,b04-066-02-04
109,b04-054-01-03
109,b04-054-05-08
109,b04-075-02-10
109,b04-060-05-09
109,b04-066-01-09
109,b04-054-01-04
109,b04-054-02-07
109,b04-054-00-04
109,b04-054-01-08
109,b04-066-00-05
109,b04-054-03-09
109,b04-060-04-07
109,b04-066-04-04
109,b04-066-01-10
109,b04-060-05-01
109,b04-075-00-06
109,b04-060-02-03
109,b04-075-01-08
109,b04-066-02-01
109,b04-066-04-09
109,b04-066-02-00
109,b04-060-01-07
109,b04-066-06-03
109,b04-060-04-03
109,b04-066-01-06
109,b04-060-02-01
109,b04-075-00-05
109,b04-075-04-04
109,b04-075-03-06
109,b04-075-04-01
109,b04-054-02-04
109,b04-066-00-04
109,b04-066-01-11
109,b04-075-00-10
109,b04-054-00-00
109,b04-075-03-01
109,b04-060-06-06
109,b04-054-05-03
109,b04-054-03-08
109,b04-075-02-08
109,b04-060-03-01
109,b04-075-05-02
109,b04-060-05-06
109,b04-075-02-05
109,b04-066-02-02
109,b04-075-03-10
109,b04-054-01-05
109,b04-075-04-10
109,b04-054-04-00
109,b04-066-00-08
109,b04-060-00-00
109,b04-066-06-06
109,b04-054-03-01
109,b04-060-01-00
109,b04-066-02-05
109,b04-054-04-06
109,b04-066-04-02
109,b04-054-02-08
109,b04-066-04-01
109,b04-060-03-08
109,b04-066-03-00
109,b04-060-04-04
109,b04-054-00-02
109,b04-054-01-07
109,b04-066-04-06
109,b04-066-02-03
109,b04-075-01-01
109,b04-075-03-07
109,b04-075-01-07
109,b04-054-04-04
109,b04-054-04-10
109,b04-060-06-03
109,b04-054-04-07
109,b04-066-06-07
109,b04-060-04-09
109,b04-075-00-11
110,b04-089-04-06
110,b04-081-02-12
110,b04-103-02-03
110,b04-096-00-06
110,b04-081-02-07
110,b04-096-00-07
110,b04-096-02-00
110,b04-096-05-02
110,b04-103-04-08
110,b04-089-03-08
110,b04-081-02-03
110,b04-096-00-05
110,b04-089-03-02
110,b04-096-01-04
110,b04-103-03-04
110,b04-089-03-01
110,b04-096-05-06
110,b04-103-03-03
110,b04-096-03-07
110,b04-096-05-07
110,b04-103-04-01
110,b04-081-02-05
110,b04-096-00-04
110,b04-096-01-05
110,b04-081-05-08
110,b04-081-06-02
110,b04-081-06-01
110,b04-089-04-03
110,b04-081-05-07
110,b04-103-02-06
110,b04-081-00-01
110,b04-081-02-10
110,b04-096-05-04
110,b04-081-02-11
110,b04-089-02-04
110,b04-103-04-02
110,b04-089-03-07
110,b04-096-03-03
110,b04-096-02-08
110,b04-089-02-06
110,b04-081-02-01
110,b04-089-02-00
110,b04-096-05-03
110,b04-081-00-00
110,b04-096-04-05
110,b04-089-04-05
110,b04-089-03-03
110,b04-089-03-05
110,b04-089-03-06
110,b04-081-05-00
110,b04-096-02-06
110,b04-096-04-03
110,b04-081-05-06
110,b04-103-02-01
110,b04-096-01-03
110,b04-096-00-03
110,b04-103-03-05
110,b04-096-04-02
110,b04-089-02-07
110,b04-096-01-00
110,b04-081-05-05
110,b04-089-04-07
110,b04-081-02-04
110,b04-096-04-07
110,b04-096-02-07
110,b04-081-00-02
110,b04-081-05-01
110,b04-089-02-01
110,b04-096-04-04
110,b04-096-04-06
110,b04-089-04-01
110,b04-096-05-05
110,b04-081-02-06
110,b04-096-01-02
110,b04-103-04-06
110,b04-103-03-00
110,b04-096-03-06
110,b04-096-02-01
110,b04-103-03-11
110,b04-081-02-09
110,b04-103-03-09
110,b04-103-04-05
110,b04-103-04-07
110,b04-089-04-04
110,b04-096-01-07
110,b04-096-04-10
110,b04-096-05-08
110,b04-103-04-04
110,b04-096-04-08
110,b04-089-04-08
110,b04-096-04-01
110,b04-081-05-09
110,b04-096-01-06
110,b04-096-05-00
110,b04-096-03-02
110,b04-089-02-05
110,b04-081-00-05
110,b04-081-02-02
110,b04-103-03-10
110,b04-081-05-02
110,b04-096-03-05
110,b04-081-00-03
110,b04-096-02-04
110,b04-096-04-00
110,b04-089-04-09
110,b04-081-05-03
110,b04-103-03-08
110,b04-096-03-01
110,b04-081-00-04
110,b04-096-02-03
110,b04-096-03-00
110,b04-096-02-02
110,b04-081-06-03
110,b04-096-00-00
110,b04-096-01-01
110,b04-103-04-03
110,b04-096-03-04
110,b04-089-02-03
110,b04-096-00-01
110,b04-089-03-04
110,b04-081-02-00
110,b04-103-02-05
110,b04-081-02-08
110,b04-081-05-04
110,b04-081-00-06
110,b04-081-06-00
110,b04-103-03-07
110,b04-103-04-00
110,b04-103-03-02
110,b04-096-01-08
110,b04-096-05-01
110,b04-089-04-00
110,b04-081-00-07
110,b04-081-05-10
110,b04-096-02-05
110,b04-103-02-02
110,b04-096-00-08
110,b04-089-03-00
110,b04-089-02-02
110,b04-089-04-02
110,b04-096-04-09
110,b04-103-02-00
110,b04-103-02-04
110,b04-103-03-01
110,b04-096-03-08
111,b04-107-02-04
111,b04-107-02-07
111,b04-121-00-03
111,b04-116-06-03
111,b04-121-01-05
111,b04-116-06-08
111,b04-107-04-00
111,b04-107-03-05
111,b04-121-06-04
111,b04-121-06-01
111,b04-107-08-02
111,b04-121-00-04
111,b04-121-02-02
111,b04-107-06-05
111,b04-128-00-10
111,b04-107-02-10
111,b04-128-01-07
111,b04-107-05-04
111,b04-116-05-09
111,b04-107-04-05
111,b04-116-02-07
111,b04-128-01-06
111,b04-121-01-04
111,b04-128-06-02
111,b04-116-03-01
111,b04-107-01-05
111,b04-107-05-02
111,b04-121-05-02
111,b04-107-03-03
111,b04-116-02-05
111,b04-107-02-00
111,b04-116-00-03
111,b04-128-04-08
111,b04-116-03-05
111,b04-121-05-04
111,b04-128-00-13
111,b04-116-00-00
111,b04-128-03-01
111,b04-128-04-00
111,b04-121-03-04
111,b04-121-01-08
111,b04-121-03-05
111,b04-128-03-04
111,b04-107-07-03
111,b04-121-05-05
111,b04-107-00-00
111,b04-128-01-08
111,b04-128-04-04
111,b04-107-04-02
111,b04-128-04-01
111,b04-116-04-01
111,b04-121-06-00
111,b04-121-04-05
111,b04-121-02-05
111,b04-116-03-11
111,b04-107-00-03
111,b04-116-07-04
111,b04-121-05-06
111,b04-121-04-01
111,b04-116-01-10
111,b04-121-01-02
111,b04-121-05-07
111,b04-107-01-07
111,b04-116-00-08
111,b04-107-07-04
111,b04-128-05-03
111,b04-128-06-01
111,b04-116-03-09
111,b04-121-06-03
111,b04-128-05-08
111,b04-107-00-08
111,b04-128-02-00
111,b04-116-04-00
111,b04-121-03-00
111,b04-116-05-06
111,b04-128-06-04
111,b04-128-05-01
111,b04-128-03-03
111,b04-128-04-02
111,b04-107-08-06
111,b04-107-01-04
111,b04-121-04-07
111,b04-116-03-08
111,b04-121-01-03
111,b04-116-03-10
111,b04-128-02-01
111,b04-121-00-02
111,b04-121-00-08
111,b04-116-07-00
111,b04-116-07-06
111,b04-107-05-03
111,b04-128-04-10
111,b04-116-01-03
111,b04-116-03-06
111,b04-121-00-05
111,b04-107-00-07
111,b04-121-04-10
111,b04-128-01-03
111,b04-128-00-05
111,b04-121-00-06
111,b04-121-00-07
111,b04-128-02-07
111,b04-128-05-00
111,b04-116-02-06
111,b04-116-04-06
111,b04-116-03-04
111,b04-128-00-02
111,b04-107-07-00
111,b04-116-07-07
111,b04-107-02-03
111,b04-128-04-03
111,b04-116-01-06
111,b04-128-04-07
111,b04-121-03-07
111,b04-128-00-12
111,b04-107-03-06
111,b04-121-00-01
111,b04-107-06-01
111,b04-107-00-06
111,b04-116-05-05
111,b04-121-01-06
111,b04-121-02-00
111,b04-107-07-06
111,b04-128-00-11
111,b04-121-01-10
111,b04-128-05-07
111,b04-121-05-00
111,b04-116-07-05
111,b04-128-00-08
111,b04-116-01-02
111,b04-107-05-05
111,b04-128-03-07
111,b04-121-05-03
111,b04-107-06-00
111,b04-107-07-01
111,b04-116-02-03
111,b04-121-04-09
111,b04-128-02-09
111,b04-121-04-06
111,b04-107-05-06
111,b04-116-01-07
111,b04-121-01-00
111,b04-116-05-07
111,b04-107-07-02
111,b04-107-00-04
111,b04-128-00-06
111,b04-107-02-06
111,b04-116-07-01
111,b04-121-05-01
111,b04-121-04-03
111,b04-121-03-01
111,b04-128-04-05
111,b04-107-04-04
111,b04-107-02-08
111,b04-107-05-01
111,b04-116-03-03
111,b04-116-01-08
111,b04-116-03-02
111,b04-116-01-01
111,b04-128-03-06
111,b04-121-02-08
111,b04-128-06-03
111,b04-128-05-05
111,b04-116-06-05
111,b04-107-01-02
111,b04-128-00-00
111,b04-107-00-01
111,b04-116-00-06
111,b04-128-05-04
111,b04-116-01-04
111,b04-116-05-03
111,b04-107-01-06
111,b04-128-00-07
111,b04-128-00-01
111,b04-128-04-09
111,b04-107-04-03
111,b04-121-00-09
111,b04-107-08-04
111,b04-116-02-09
111,b04-107-03-02
111,b04-121-04-08
111,b04-107-03-04
111,b04-107-08-03
111,b04-107-00-02
111,b04-128-02-04
111,b04-116-01-00
111,b04-121-01-01
111,b04-116-00-02
111,b04-128-00-03
111,b04-107-08-05
111,b04-121-04-00
111,b04-116-02-04
111,b04-121-02-06
111,b04-107-02-05
111,b04-107-03-00
111,b04-116-04-03
111,b04-107-01-00
111,b04-128-05-02
111,b04-116-05-04
111,b04-116-02-00
111,b04-116-04-05
111,b04-121-00-00
111,b04-128-01-00
111,b04-107-02-02
111,b04-121-00-10
111,b04-107-07-07
111,b04-116-00-01
111,b04-121-03-08
111,b04-116-00-04
111,b04-116-03-07
111,b04-116-07-02
111,b04-107-06-04
111,b04-121-02-03
111,b04-128-03-05
111,b04-116-06-04
111,b04-107-01-03
111,b04-107-08-00
111,b04-116-04-04
111,b04-128-01-09
111,b04-116-05-08
111,b04-116-05-00
111,b04-107-07-05
111,b04-107-02-01
111,b04-121-03-03
111,b04-128-01-05
111,b04-128-02-03
111,b04-116-02-01
111,b04-107-00-05
111,b04-107-05-00
111,b04-121-03-06
111,b04-128-01-01
111,b04-121-02-04
111,b04-107-04-06
111,b04-107-04-07
111,b04-116-06-01
111,b04-116-05-02
111,b04-116-01-09
111,b04-107-03-01
111,b04-116-02-08
111,b04-107-07-08
111,b04-128-03-02
111,b04-128-02-02
111,b04-116-02-02
111,b04-121-04-04
111,b04-128-00-09
111,b04-128-04-06
111,b04-128-03-00
111,b04-107-08-01
111,b04-116-05-01
111,b04-116-00-07
111,b04-128-02-08
111,b04-107-04-01
111,b04-128-01-02
111,b04-116-04-07
111,b04-121-02-07
111,b04-116-06-07
111,b04-116-07-03
111,b04-121-01-07
111,b04-128-05-06
111,b04-116-01-05
111,b04-128-03-08
111,b04-121-01-09
111,b04-121-06-02
111,b04-128-06-00
111,b04-107-02-09
111,b04-116-06-06
111,b04-128-02-06
111,b04-121-04-02
111,b04-121-05-08
111,b04-128-05-09
111,b04-107-05-07
111,b04-128-01-04
111,b04-116-04-02
111,b04-107-01-01
111,b04-116-06-02
111,b04-121-02-01
111,b04-121-03-02
111,b04-128-05-10
111,b04-107-06-03
111,b04-116-02-10
111,b04-128-00-04
111,b04-128-02-05
111,b04-121-02-09
112,b04-134-04-03
112,b04-140-00-01
112,b04-147-06-04
112,b04-134-09-04
112,b04-147-02-01
112,b04-147-00-05
112,b04-154-06-03
112,b04-154-05-07
112,b04-147-05-00
112,b04-134-07-00
112,b04-147-00-04
112,b04-134-01-02
112,b04-134-06-10
112,b04-140-06-06
112,b04-147-03-01
112,b04-147-01-09
112,b04-134-03-01
112,b04-154-02-01
112,b04-140-00-04
112,b04-134-03-00
112,b04-134-00-01
112,b04-134-07-05
112,b04-140-07-02
112,b04-140-06-00
112,b04-134-02-05
112,b04-147-01-02
112,b04-134-05-02
112,b04-154-06-01
112,b04-154-00-03
112,b04-140-05-07
112,b04-134-05-07
112,b04-147-06-10
112,b04-140-01-06
112,b04-134-04-06
112,b04-147-04-02
112,b04-134-09-03
112,b04-140-00-03
112,b04-147-03-03
112,b04-134-08-06
112,b04-154-05-01
112,b04-147-02-05
112,b04-154-01-05
112,b04-140-08-01
112,b04-147-01-06
112,b04-154-02-09
112,b04-147-06-08
112,b04-147-01-05
112,b04-154-07-02
112,b04-140-08-07
112,b04-134-04-07
112,b04-154-07-08
112,b04-147-07-01
112,b04-140-00-06
112,b04-147-05-07
112,b04-154-02-00
112,b04-140-03-04
112,b04-154-05-06
112,b04-140-03-08
112,b04-147-07-00
112,b04-134-06-13
112,b04-140-07-01
112,b04-154-07-06
112,b04-134-09-01
112,b04-154-01-02
112,b04-147-02-07
112,b04-154-04-03
112,b04-140-07-00
112,b04-140-06-01
112,b04-134-02-06
112,b04-154-02-04
112,b04-147-01-01
112,b04-140-05-03
112,b04-134-01-01
112,b04-154-06-08
112,b04-134-05-13
112,b04-134-05-12
112,b04-147-03-06
112,b04-140-05-06
112,b04-140-04-02
112,b04-147-07-04
112,b04-134-04-01
112,b04-140-01-00
112,b04-147-04-00
112,b04-134-06-12
112,b04-140-02-05
112,b04-147-03-07
112,b04-147-04-06
112,b04-147-07-02
112,b04-154-07-07
112,b04-147-00-07
112,b04-140-02-08
112,b04-134-06-03
112,b04-134-04-00
112,b04-134-01-04
112,b04-147-00-03
112,b04-147-06-09
112,b04-154-05-00
112,b04-134-05-03
112,b04-134-09-00
112,b04-134-07-06
112,b04-134-05-01
112,b04-134-09-02
112,b04-147-01-10
112,b04-140-00-00
112,b04-134-02-03
112,b04-134-00-05
112,b04-147-01-00
112,b04-147-02-09
112,b04-134-03-05
112,b04-154-04-02
112,b04-154-04-04
112,b04-147-02-04
112,b04-147-05-01
112,b04-147-00-06
112,b04-154-00-07
112,b04-134-06-01
112,b04-140-03-06
112,b04-154-00-02
112,b04-147-06-00
112,b04-154-07-04
112,b04-154-07-01
112,b04-140-08-00
112,b04-147-02-08
112,b04-140-01-01
112,b04-147-04-01
112,b04-154-06-00
112,b04-154-06-06
112,b04-140-01-03
112,b04-140-04-03
112,b04-154-06-05
112,b04-140-08-06
112,b04-140-03-02
112,b04-134-01-05
112,b04-140-05-04
112,b04-140-06-02
112,b04-134-03-02
112,b04-140-03-05
112,b04-140-05-05
112,b04-154-03-01
112,b04-140-02-06
112,b04-134-07-07
112,b04-134-07-03
112,b04-154-07-05
112,b04-154-01-03
112,b04-134-08-00
112,b04-134-01-03
112,b04-147-05-04
112,b04-140-08-04
112,b04-134-02-02
112,b04-147-02-00
112,b04-154-00-05
112,b04-140-05-02
112,b04-134-06-06
112,b04-147-05-03
112,b04-147-01-07
112,b04-134-03-04
112,b04-154-07-00
112,b04-140-02-04
112,b04-147-06-07
112,b04-134-08-02
112,b04-134-04-04
112,b04-147-05-06
112,b04-134-02-00
112,b04-154-02-03
112,b04-134-03-06
112,b04-134-03-03
112,b04-154-02-02
112,b04-147-03-02
112,b04-140-07-04
112,b04-140-02-01
112,b04-134-05-04
112,b04-140-02-07
112,b04-147-07-03
112,b04-134-05-09
112,b04-140-08-05
112,b04-140-04-01
112,b04-147-00-08
112,b04-140-02-02
112,b04-147-02-11
112,b04-134-07-04
112,b04-154-01-04
112,b04-140-00-05
112,b04-140-05-01
112,b04-140-03-03
112,b04-134-05-05
112,b04-147-04-04
112,b04-140-04-04
112,b04-134-05-11
112,b04-140-04-00
112,b04-147-02-10
112,b04-147-03-05
112,b04-140-06-03
112,b04-134-02-01
112,b04-147-04-05
112,b04-147-00-00
112,b04-134-06-07
112,b04-134-00-02
112,b04-147-05-02
112,b04-154-02-08
112,b04-154-02-06
112,b04-147-03-04
112,b04-154-00-00
112,b04-154-03-03
112,b04-147-07-05
112,b04-140-05-00
112,b04-140-07-06
112,b04-147-06-06
112,b04-140-00-07
112,b04-154-06-02
112,b04-134-06-09
112,b04-134-04-02
112,b04-134-06-02
112,b04-134-00-04
112,b04-134-08-04
112,b04-147-00-02
112,b04-140-04-06
112,b04-147-00-01
112,b04-154-03-08
112,b04-134-02-04
112,b04-154-07-03
112,b04-154-03-07
112,b04-140-01-02
112,b04-154-03-02
112,b04-140-08-02
112,b04-154-05-09
112,b04-154-02-05
112,b04-140-07-07
112,b04-154-03-05
112,b04-140-05-08
112,b04-147-06-01
112,b04-134-05-06
112,b04-154-02-10
112,b04-140-00-02
112,b04-140-06-04
112,b04-154-04-05
112,b04-134-08-07
112,b04-134-04-05
112,b04-134-06-05
112,b04-154-06-07
112,b04-154-01-00
112,b04-134-01-00
112,b04-154-00-01
112,b04-134-05-08
112,b04-134-00-00
112,b04-147-05-05
112,b04-147-02-03
112,b04-134-06-11
112,b04-140-03-00
112,b04-134-08-03
112,b04-147-01-04
112,b04-134-07-02
112,b04-140-08-08
112,b04-147-06-03
112,b04-154-00-04
112,b04-140-01-04
112,b04-140-08-03
112,b04-134-07-01
112,b04-154-00-06
112,b04-140-07-05
112,b04-154-03-00
112,b04-154-00-08
112,b04-154-01-01
112,b04-154-04-00
112,b04-140-03-01
112,b04-147-06-02
112,b04-154-02-07
112,b04-140-07-03
112,b04-154-05-05
112,b04-154-05-02
112,b04-147-06-05
112,b04-134-05-10
112,b04-154-05-08
112,b04-154-03-04
112,b04-154-05-04
112,b04-134-06-00
112,b04-140-04-05
112,b04-134-05-00
112,b04-154-05-03
112,b04-154-04-01
112,b04-140-02-03
112,b04-147-02-06
112,b04-134-08-05
112,b04-134-06-08
112,b04-140-06-05
112,b04-147-02-02
112,b04-134-00-03
112,b04-147-01-08
112,b04-140-02-00
112,b04-134-04-08
112,b04-140-01-05
112,b04-147-01-03
112,b04-134-06-04
112,b04-140-03-07
112,b04-147-04-03
112,b04-134-08-01
112,b04-147-03-00
113,b04-175-04-00
113,b04-169-03-01
113,b04-162-00-03
113,b04-181-06-01
113,b04-169-02-01
113,b04-181-06-05
113,b04-169-01-00
113,b04-169-01-04
113,b04-181-01-08
113,b04-162-00-05
113,b04-169-06-03
113,b04-181-07-00
113,b04-175-04-04
113,b04-169-01-02
113,b04-181-01-02
113,b04-162-06-04
113,b04-162-03-09
113,b04-169-03-10
113,b04-175-00-01
113,b04-162-01-00
113,b04-169-07-00
113,b04-181-04-04
113,b04-169-07-02
113,b04-162-05-00
113,b04-169-04-02
113,b04-181-01-00
113,b04-162-03-07
113,b04-169-06-01
113,b04-162-07-02
113,b04-181-03-04
113,b04-162-07-04
113,b04-162-03-03
113,b04-181-02-08
113,b04-181-00-04
113,b04-169-02-03
113,b04-181-02-07
113,b04-181-00-00
113,b04-175-07-01
113,b04-169-04-04
113,b04-181-03-02
113,b04-169-06-08
113,b04-181-05-05
113,b04-175-03-02
113,b04-175-01-00
113,b04-175-02-07
113,b04-181-03-08
113,b04-175-04-05
113,b04-181-03-05
113,b04-175-01-06
113,b04-181-06-07
113,b04-169-03-00
113,b04-181-02-00
113,b04-175-01-02
113,b04-169-06-04
113,b04-175-08-04
113,b04-181-01-01
113,b04-169-06-02
113,b04-175-07-07
113,b04-181-03-03
113,b04-181-02-09
113,b04-181-00-05
113,b04-181-06-04
113,b04-181-03-01
113,b04-181-06-03
113,b04-181-06-06
113,b04-181-05-00
113,b04-162-04-03
113,b04-169-03-09
113,b04-169-03-04
113,b04-181-01-07
113,b04-169-04-01
113,b04-181-01-10
113,b04-162-03-01
113,b04-175-07-04
113,b04-162-02-00
113,b04-181-05-01
113,b04-175-07-05
113,b04-169-01-01
113,b04-162-06-05
113,b04-181-02-03
113,b04-181-00-06
113,b04-181-06-02
113,b04-175-08-01
113,b04-169-03-06
113,b04-169-01-03
113,b04-175-00-02
113,b04-162-00-07
113,b04-175-02-03
113,b04-175-04-06
113,b04-175-00-03
113,b04-175-00-00
113,b04-181-02-06
113,b04-162-01-01
113,b04-169-02-08
113,b04-162-03-04
113,b04-162-00-01
113,b04-162-05-01
113,b04-181-02-05
113,b04-162-00-04
113,b04-169-06-07
113,b04-181-03-06
113,b04-169-03-08
113,b04-181-01-06
113,b04-175-04-02
113,b04-175-03-04
113,b04-162-04-07
113,b04-169-02-00
113,b04-175-04-03
113,b04-181-00-07
113,b04-162-05-09
113,b04-162-01-02
113,b04-162-05-07
113,b04-162-03-05
113,b04-162-05-08
113,b04-162-05-10
113,b04-169-01-07
113,b04-181-00-02
113,b04-175-03-01
113,b04-162-04-02
113,b04-162-02-04
113,b04-181-01-09
113,b04-169-02-04
113,b04-175-02-00
113,b04-169-03-02
113,b04-162-04-01
113,b04-162-05-06
113,b04-162-02-02
113,b04-169-06-09
113,b04-162-04-09
113,b04-162-04-08
113,b04-169-03-07
113,b04-181-05-06
113,b04-181-04-01
113,b04-181-04-02
113,b04-162-00-06
113,b04-175-00-05
113,b04-175-01-03
113,b04-162-07-00
113,b04-181-06-00
113,b04-175-02-04
113,b04-181-01-04
113,b04-169-04-00
113,b04-175-02-02
113,b04-169-06-00
113,b04-162-06-02
113,b04-175-07-03
113,b04-162-08-01
113,b04-175-01-04
113,b04-175-07-02
113,b04-175-03-00
113,b04-169-07-01
113,b04-162-07-05
113,b04-175-08-03
113,b04-162-03-02
113,b04-181-02-04
113,b04-162-07-06
113,b04-175-07-00
113,b04-181-01-03
113,b04-169-02-06
113,b04-162-07-03
113,b04-162-02-01
113,b04-175-02-06
113,b04-175-00-07
113,b04-175-02-01
113,b04-162-02-03
113,b04-169-04-05
113,b04-175-07-08
113,b04-162-01-04
113,b04-162-04-00
113,b04-175-01-05
113,b04-181-01-05
113,b04-162-08-00
113,b04-162-05-04
113,b04-175-03-06
113,b04-181-05-04
113,b04-175-03-03
113,b04-162-06-00
113,b04-162-01-08
113,b04-162-03-08
113,b04-162-01-03
113,b04-162-07-01
113,b04-169-04-06
113,b04-162-00-00
113,b04-181-05-03
113,b04-162-01-05
113,b04-169-01-05
113,b04-181-02-01
113,b04-175-04-07
113,b04-175-04-01
113,b04-181-04-03
113,b04-169-03-03
113,b04-175-03-05
113,b04-175-01-07
113,b04-169-02-07
113,b04-181-04-00
113,b04-181-03-07
113,b04-162-06-03
113,b04-169-02-02
113,b04-162-03-06
113,b04-162-04-04
113,b04-162-05-02
113,b04-162-01-06
113,b04-169-02-05
113,b04-181-03-00
113,b04-162-08-02
113,b04-175-08-02
113,b04-169-06-05
113,b04-181-07-01
113,b04-162-01-07
113,b04-162-04-05
113,b04-162-00-02
113,b04-162-05-03
113,b04-181-00-03
113,b04-169-04-03
113,b04-181-06-08
113,b04-181-05-02
113,b04-181-00-01
113,b04-175-00-06
113,b04-175-01-01
113,b04-169-06-06
113,b04-175-00-04
113,b04-181-02-02
113,b04-175-08-00
113,b04-175-02-05
113,b04-169-01-06
113,b04-175-08-05
113,b04-162-04-06
113,b04-162-03-00
113,b04-175-08-06
113,b04-162-06-01
113,b04-169-03-05
114,b04-202-06-04
114,b04-187-00-02
114,b04-187-01-06
114,b04-195-05-03
114,b04-195-01-09
114,b04-208-00-01
114,b04-202-03-01
114,b04-187-05-03
114,b04-187-01-00
114,b04-202-05-05
114,b04-195-03-00
114,b04-202-03-11
114,b04-195-04-07
114,b04-187-04-02
114,b04-187-00-09
114,b04-187-02-09
114,b04-202-05-00
114,b04-187-01-04
114,b04-202-05-08
114,b04-195-03-06
114,b04-195-04-02
114,b04-202-01-01
114,b04-187-01-07
114,b04-187-06-04
114,b04-187-07-00
114,b04-202-01-06
114,b04-195-04-00
114,b04-202-01-02
114,b04-195-05-00
114,b04-187-00-10
114,b04-195-03-05
114,b04-202-07-01
114,b04-195-05-08
114,b04-195-02-02
114,b04-195-00-10
114,b04-195-03-07
114,b04-187-02-06
114,b04-202-06-00
114,b04-195-02-03
114,b04-187-07-01
114,b04-195-05-06
114,b04-195-00-07
114,b04-187-03-05
114,b04-195-02-01
114,b04-195-01-08
114,b04-202-02-05
114,b04-195-03-03
114,b04-202-00-00
114,b04-202-03-02
114,b04-187-03-07
114,b04-195-01-06
114,b04-187-01-05
114,b04-187-02-11
114,b04-195-01-01
114,b04-187-06-02
114,b04-202-04-05
114,b04-187-05-02
114,b04-202-06-01
114,b04-195-06-02
114,b04-202-05-10
114,b04-195-06-01
114,b04-187-02-00
114,b04-202-05-02
114,b04-187-02-03
114,b04-202-01-08
114,b04-202-04-04
114,b04-202-05-04
114,b04-187-00-01
114,b04-202-05-03
114,b04-208-02-00
114,b04-195-00-03
114,b04-187-03-06
114,b04-208-00-03
114,b04-208-01-06
114,b04-202-02-08
114,b04-195-04-05
114,b04-202-02-04
114,b04-202-02-02
114,b04-187-01-03
114,b04-195-06-00
114,b04-202-03-06
114,b04-187-02-13
114,b04-195-03-01
114,b04-187-02-12
114,b04-208-01-02
114,b04-187-02-05
114,b04-202-00-02
114,b04-187-03-04
114,b04-202-06-06
114,b04-187-02-02
114,b04-202-01-00
114,b04-195-00-08
114,b04-187-00-05
114,b04-208-00-02
114,b04-202-03-07
114,b04-187-06-07
114,b04-187-02-04
114,b04-187-04-05
114,b04-187-00-03
114,b04-187-07-02
114,b04-208-01-08
114,b04-195-01-02
114,b04-195-03-02
114,b04-187-00-08
114,b04-187-04-03
114,b04-195-01-05
114,b04-202-06-02
114,b04-202-03-08
114,b04-202-02-03
114,b04-195-00-06
114,b04-187-04-00
114,b04-195-06-06
114,b04-187-06-06
114,b04-202-03-09
114,b04-187-06-05
114,b04-202-02-00
114,b04-187-03-02
114,b04-202-01-03
114,b04-187-02-08
114,b04-195-01-07
114,b04-202-04-02
114,b04-187-01-01
114,b04-208-01-05
114,b04-195-01-03
114,b04-187-03-00
114,b04-195-02-07
114,b04-202-00-01
114,b04-187-02-01
114,b04-202-02-06
114,b04-195-04-01
114,b04-195-02-05
114,b04-202-05-09
114,b04-195-05-05
114,b04-202-07-02
114,b04-202-01-07
114,b04-202-07-00
114,b04-202-03-03
114,b04-187-07-04
114,b04-208-01-01
114,b04-187-06-01
114,b04-202-05-07
114,b04-187-06-03
114,b04-187-05-00
114,b04-187-02-07
114,b04-195-00-09
114,b04-195-06-05
114,b04-202-00-03
114,b04-208-02-01
114,b04-187-05-06
114,b04-208-00-07
114,b04-187-02-10
114,b04-195-01-10
114,b04-202-01-05
114,b04-202-07-04
114,b04-208-00-06
114,b04-202-06-03
114,b04-195-04-04
114,b04-187-01-02
114,b04-202-00-06
114,b04-202-06-05
114,b04-202-05-01
114,b04-202-01-04
114,b04-187-00-00
114,b04-187-05-04
114,b04-202-02-09
114,b04-202-07-03
114,b04-195-06-04
114,b04-195-02-00
114,b04-202-03-00
114,b04-187-05-05
114,b04-202-06-08
114,b04-208-01-04
114,b04-187-07-06
114,b04-202-00-07
114,b04-187-06-00
114,b04-208-01-00
114,b04-202-00-05
114,b04-208-00-04
114,b04-202-02-07
114,b04-195-00-05
114,b04-187-03-08
114,b04-208-01-03
114,b04-187-00-07
114,b04-202-04-06
114,b04-195-00-00
114,b04-187-03-09
114,b04-195-05-07
114,b04-195-06-03
114,b04-208-00-00
114,b04-208-00-05
114,b04-195-00-01
114,b04-187-04-01
114,b04-202-00-04
114,b04-202-06-07
114,b04-202-04-01
114,b04-202-03-04
114,b04-195-03-04
114,b04-187-03-03
114,b04-195-05-04
114,b04-187-03-01
114,b04-195-04-03
114,b04-195-02-06
114,b04-187-04-04
114,b04-202-04-07
114,b04-195-00-04
114,b04-187-00-06
114,b04-202-02-01
114,b04-202-03-05
114,b04-195-01-04
114,b04-187-05-01
114,b04-195-00-02
114,b04-202-04-00
114,b04-202-03-10
114,b04-187-07-05
114,b04-208-01-07
114,b04-195-02-04
114,b04-195-05-01
114,b04-187-07-03
114,b04-202-04-03
114,b04-187-00-04
114,b04-187-07-07
114,b04-202-06-09
114,b04-202-05-06
114,b04-195-04-06
115,b05-017-04-04
115,b05-017-03-11
115,b05-017-05-01
115,b05-017-03-12
115,b05-017-01-11
115,b05-017-03-04
115,b05-017-04-00
115,b05-017-01-08
115,b05-017-01-09
115,b05-017-01-13
115,b05-017-03-13
115,b05-017-00-03
115,b05-017-00-07
115,b05-017-02-03
115,b05-017-00-12
115,b05-017-00-08
115,b05-017-02-08
115,b05-017-04-06
115,b05-017-00-00
115,b05-017-03-03
115,b05-017-05-02
115,b05-017-04-05
115,b05-017-01-01
115,b05-017-01-00
115,b05-017-01-03
115,b05-017-04-01
115,b05-017-04-02
115,b05-017-00-02
115,b05-017-02-07
115,b05-017-03-10
115,b05-017-01-05
115,b05-017-02-05
115,b05-017-03-09
115,b05-017-01-07
115,b05-017-00-01
115,b05-017-05-00
115,b05-017-01-04
115,b05-017-02-02
115,b05-017-03-06
115,b05-017-01-14
115,b05-017-01-12
115,b05-017-02-10
115,b05-017-03-01
115,b05-017-00-11
115,b05-017-01-10
115,b05-017-01-06
115,b05-017-00-06
115,b05-017-03-05
115,b05-017-00-04
115,b05-017-02-04
115,b05-017-03-07
115,b05-017-00-09
115,b05-017-02-06
115,b05-017-03-08
115,b05-017-02-01
115,b05-017-02-09
115,b05-017-04-03
115,b05-017-00-10
115,b05-017-02-00
115,b05-017-04-08
115,b05-017-04-07
115,b05-017-01-02
115,b05-017-03-00
115,b05-017-00-05
116,b05-032-06-07
116,b05-032-03-01
116,b05-032-04-00
116,b05-032-07-04
116,b05-032-05-01
116,b05-032-09-07
116,b05-032-06-03
116,b05-032-06-08
116,b05-032-09-06
116,b05-032-09-02
116,b05-032-03-08
116,b05-032-02-08
116,b05-032-08-06
116,b05-032-02-07
116,b05-032-09-09
116,b05-032-00-01
116,b05-032-09-03
116,b05-032-06-04
116,b05-032-01-03
116,b05-032-06-02
116,b05-032-02-04
116,b05-032-09-01
116,b05-032-09-04
116,b05-032-01-02
116,b05-032-10-05
116,b05-032-03-09
116,b05-032-03-06
116,b05-032-00-00
116,b05-032-09-08
116,b05-032-01-07
116,b05-032-04-02
116,b05-032-02-06
116,b05-032-00-02
116,b05-032-04-01
116,b05-032-08-09
116,b05-032-05-02
116,b05-032-06-00
116,b05-032-08-05
116,b05-032-05-00
116,b05-032-08-01
116,b05-032-05-03
116,b05-032-10-03
116,b05-032-07-07
116,b05-032-08-02
116,b05-032-07-02
116,b05-032-10-02
116,b05-032-05-07
116,b05-032-02-02
116,b05-032-09-00
116,b05-032-03-03
116,b05-032-07-01
116,b05-032-10-04
116,b05-032-01-01
116,b05-032-09-10
116,b05-032-03-02
116,b05-032-08-03
116,b05-032-00-04
116,b05-032-10-01
116,b05-032-00-05
116,b05-032-07-03
116,b05-032-06-06
116,b05-032-03-00
116,b05-032-01-05
116,b05-032-07-00
116,b05-032-00-03
116,b05-032-07-06
116,b05-032-03-04
116,b05-032-00-07
116,b05-032-02-05
116,b05-032-02-01
116,b05-032-04-05
116,b05-032-01-04
116,b05-032-03-05
116,b05-032-10-00
116,b05-032-07-05
116,b05-032-01-00
116,b05-032-06-05
116,b05-032-02-03
116,b05-032-02-09
116,b05-032-03-07
116,b05-032-08-07
116,b05-032-05-05
116,b05-032-08-00
116,b05-032-02-00
116,b05-032-08-10
116,b05-032-05-08
116,b05-032-06-01
116,b05-032-06-09
116,b05-032-08-08
116,b05-032-04-04
116,b05-032-05-04
116,b05-032-04-03
116,b05-032-05-06
116,b05-032-00-06
116,b05-032-01-06
116,b05-032-08-04
117,b05-045-04-05
117,b05-038-01-02
117,b05-042-02-05
117,b05-042-03-01
117,b05-045-00-04
117,b05-045-07-05
117,b05-042-08-01
117,b05-050-03-04
117,b05-050-03-03
117,b05-038-03-06
117,b05-042-07-04
117,b05-042-08-07
117,b05-050-06-00
117,b05-045-04-01
117,b05-045-09-00
117,b05-038-07-07
117,b05-050-03-01
117,b05-050-02-04
117,b05-050-04-04
117,b05-045-03-05
117,b05-042-06-04
117,b05-038-00-03
117,b05-042-00-02
117,b05-050-05-02
117,b05-042-08-02
117,b05-045-00-05
117,b05-042-01-06
117,b05-042-05-04
117,b05-045-08-03
117,b05-042-08-00
117,b05-045-07-00
117,b05-042-01-02
117,b05-045-02-05
117,b05-045-03-02
117,b05-042-05-03
117,b05-038-05-05
117,b05-042-06-06
117,b05-045-02-01
117,b05-045-07-01
117,b05-042-02-07
117,b05-042-06-00
117,b05-038-08-03
117,b05-038-01-04
117,b05-042-03-06
117,b05-038-00-02
117,b05-038-06-03
117,b05-045-08-04
117,b05-045-01-01
117,b05-045-09-04
117,b05-050-04-08
117,b05-045-08-01
117,b05-045-02-03
117,b05-042-04-02
117,b05-050-07-03
117,b05-045-02-00
117,b05-045-07-02
117,b05-042-01-04
117,b05-042-04-05
117,b05-042-01-00
117,b05-042-04-00
117,b05-045-02-04
117,b05-045-08-06
117,b05-045-01-04
117,b05-045-09-03
117,b05-038-07-06
117,b05-050-04-00
117,b05-045-03-04
117,b05-042-07-05
117,b05-045-07-06
117,b05-050-03-06
117,b05-042-08-09
117,b05-042-07-06
117,b05-050-06-03
117,b05-042-03-03
117,b05-045-00-00
117,b05-042-00-01
117,b05-042-04-04
117,b05-050-04-06
117,b05-038-04-03
117,b05-038-04-05
117,b05-042-02-03
117,b05-050-02-00
117,b05-045-03-06
117,b05-050-04-01
117,b05-042-05-00
117,b05-045-00-02
117,b05-038-07-00
117,b05-042-06-03
117,b05-042-02-00
117,b05-045-04-02
117,b05-038-08-01
117,b05-038-01-00
117,b05-038-05-07
117,b05-038-04-00
117,b05-045-02-06
117,b05-042-02-01
117,b05-045-01-00
117,b05-038-03-03
117,b05-045-00-06
117,b05-038-08-02
117,b05-042-08-04
117,b05-038-01-03
117,b05-045-02-02
117,b05-038-07-05
117,b05-038-04-04
117,b05-042-05-06
117,b05-042-03-04
117,b05-038-00-01
117,b05-042-01-01
117,b05-042-00-04
117,b05-042-07-00
117,b05-050-07-00
117,b05-038-06-00
117,b05-045-03-03
117,b05-042-02-02
117,b05-045-04-04
117,b05-042-06-01
117,b05-050-07-04
117,b05-045-02-07
117,b05-042-01-03
117,b05-038-03-07
117,b05-038-00-05
117,b05-038-05-02
117,b05-042-05-05
117,b05-042-04-09
117,b05-050-07-02
117,b05-042-03-07
117,b05-038-03-00
117,b05-042-04-08
117,b05-038-06-02
117,b05-038-00-00
117,b05-045-03-07
117,b05-042-02-08
117,b05-038-05-03
117,b05-050-02-03
117,b05-050-05-01
117,b05-038-07-08
117,b05-045-01-02
117,b05-045-04-03
117,b05-045-09-06
117,b05-050-05-04
117,b05-045-04-00
117,b05-050-03-02
117,b05-042-03-02
117,b05-045-01-05
117,b05-045-03-01
117,b05-042-03-05
117,b05-050-05-00
117,b05-045-08-02
117,b05-045-08-05
117,b05-038-05-01
117,b05-042-00-06
117,b05-038-07-02
117,b05-045-03-00
117,b05-050-04-02
117,b05-045-08-00
117,b05-042-07-02
117,b05-042-08-05
117,b05-045-07-04
117,b05-038-04-02
117,b05-038-08-00
117,b05-042-00-03
117,b05-045-00-01
117,b05-050-05-03
117,b05-050-07-01
117,b05-045-04-06
117,b05-038-05-06
117,b05-042-00-05
117,b05-038-00-04
117,b05-038-07-01
117,b05-042-05-01
117,b05-042-01-05
117,b05-045-07-03
117,b05-050-02-05
117,b05-038-03-04
117,b05-042-04-01
117,b05-050-04-03
117,b05-042-08-03
117,b05-038-03-01
117,b05-050-08-00
117,b05-042-05-02
117,b05-050-05-05
117,b05-038-01-01
117,b05-042-05-07
117,b05-042-07-03
117,b05-050-08-01
117,b05-042-02-06
117,b05-045-00-03
117,b05-038-03-02
117,b05-050-04-07
117,b05-038-04-01
117,b05-042-08-06
117,b05-042-06-02
117,b05-045-01-03
117,b05-042-01-07
117,b05-042-04-03
117,b05-038-03-05
117,b05-038-06-01
117,b05-038-03-08
117,b05-045-09-07
117,b05-042-06-05
117,b05-050-02-01
117,b05-050-06-01
117,b05-038-05-08
117,b05-050-06-04
117,b05-045-09-02
117,b05-050-03-05
117,b05-045-09-05
117,b05-042-04-06
117,b05-038-04-06
117,b05-045-09-01
117,b05-050-02-02
117,b05-038-05-00
117,b05-038-07-03
117,b05-038-07-04
117,b05-042-03-00
117,b05-042-00-00
117,b05-042-04-07
117,b05-042-07-01
117,b05-038-05-04
117,b05-050-02-06
117,b05-050-04-05
117,b05-042-08-08
117,b05-045-01-06
117,b05-038-06-04
117,b05-050-02-07
117,b05-045-09-09
117,b05-050-03-00
117,b05-045-09-08
117,b05-050-06-02
118,b05-067-00-05
118,g05-098-02-05
118,b05-058-01-06
118,g05-098-06-04
118,b05-071-03-01
118,h05-012-04-02
118,h05-012-03-06
118,b05-062-03-12
118,g05-098-00-03
118,g05-098-00-10
118,b05-055-03-07
118,b05-055-00-05
118,b05-058-02-09
118,g05-098-06-02
118,b05-055-03-01
118,b05-062-02-00
118,b05-067-02-00
118,b05-071-04-07
118,h05-012-00-01
118,h05-012-05-03
118,b05-062-00-02
118,g05-098-03-10
118,b05-071-04-05
118,b05-055-03-00
118,b05-055-01-09
118,b05-071-02-10
118,b05-071-04-01
118,g05-098-04-03
118,h05-012-00-08
118,b05-055-03-05
118,b05-067-05-04
118,b05-055-03-09
118,g05-098-03-07
118,b05-067-04-09
118,g05-098-01-00
118,b05-058-03-06
118,b05-062-03-06
118,b05-067-03-12
118,b05-067-04-10
118,g05-098-00-01
118,b05-062-00-10
118,b05-058-01-08
118,b05-062-02-05
118,g05-098-04-13
118,b05-067-03-03
118,b05-071-04-00
118,b05-058-02-05
118,g05-098-01-08
118,b05-062-01-11
118,b05-055-00-09
118,h05-012-03-05
118,b05-067-05-02
118,b05-058-00-05
118,b05-067-00-09
118,b05-055-00-11
118,b05-055-01-08
118,b05-067-04-04
118,g05-098-02-06
118,b05-058-03-07
118,b05-067-00-00
118,b05-062-01-01
118,g05-098-03-02
118,b05-058-03-10
118,b05-067-05-10
118,g05-098-01-01
118,b05-055-02-04
118,h05-012-05-02
118,g05-098-04-10
118,g05-098-04-07
118,b05-067-03-00
118,b05-067-02-11
118,b05-058-04-08
118,g05-098-00-00
118,b05-067-00-11
118,b05-058-03-08
118,h05-012-00-06
118,g05-098-02-03
118,g05-098-04-00
118,g05-098-04-01
118,b05-062-01-08
118,g05-098-01-07
118,b05-067-03-10
118,b05-058-02-11
118,h05-012-01-08
118,h05-012-03-07
118,h05-012-04-00
118,h05-012-04-09
118,b05-055-00-01
118,g05-098-02-00
118,g05-098-00-06
118,h05-012-00-02
118,b05-071-02-00
118,b05-071-04-08
118,b05-071-02-12
118,b05-071-00-05
118,b05-071-03-02
118,g05-098-06-09
118,h05-012-03-08
118,b05-067-04-06
118,h05-012-04-08
118,g05-098-05-08
118,b05-071-02-02
118,h05-012-00-03
118,h05-012-05-01
118,b05-067-00-10
118,b05-067-03-02
118,b05-071-04-03
118,b05-058-00-10
118,b05-062-02-04
118,b05-067-03-06
118,b05-062-03-14
118,b05-062-04-10
118,g05-098-01-04
118,b05-058-02-00
118,b05-055-04-02
118,b05-071-04-04
118,b05-055-03-06
118,g05-098-00-11
118,b05-062-05-01
118,h05-012-00-05
118,h05-012-01-04
118,g05-098-06-00
118,b05-071-00-08
118,b05-062-03-10
118,b05-055-02-05
118,b05-067-02-02
118,b05-067-02-05
118,g05-098-06-07
118,h05-012-01-09
118,b05-071-03-11
118,b05-062-00-04
118,b05-058-00-03
118,b05-067-04-01
118,b05-067-05-07
118,h05-012-03-03
118,g05-098-03-13
118,h05-012-00-04
118,b05-067-00-08
118,g05-098-05-03
118,g05-098-02-10
118,b05-067-03-04
118,b05-058-03-00
118,b05-058-00-01
118,h05-012-01-02
118,b05-067-00-02
118,b05-058-02-04
118,b05-062-03-09
118,b05-067-05-01
118,b05-067-03-07
118,b05-058-03-02
118,b05-058-02-02
118,b05-071-02-06
118,h05-012-06-01
118,b05-055-02-03
118,b05-055-01-04
118,g05-098-04-02
118,b05-055-01-07
118,b05-062-00-11
118,g05-098-02-09
118,b05-067-02-12
118,b05-062-01-10
118,h05-012-00-11
118,b05-067-06-02
118,h05-012-01-06
118,b05-067-05-08
118,b05-071-00-07
118,b05-058-04-02
118,b05-067-03-09
118,g05-098-03-08
118,b05-071-00-04
118,b05-055-00-13
118,b05-067-03-01
118,b05-055-04-01
118,b05-062-01-09
118,b05-055-01-03
118,b05-055-00-03
118,b05-062-04-00
118,h05-012-06-03
118,g05-098-04-09
118,b05-071-00-02
118,b05-058-04-01
118,b05-062-02-06
118,b05-062-02-08
118,g05-098-04-08
118,g05-098-05-02
118,b05-062-04-01
118,b05-067-02-09
118,b05-058-03-03
118,h05-012-01-00
118,b05-058-03-01
118,b05-067-06-00
118,h05-012-05-04
118,g05-098-06-05
118,h05-012-00-10
118,h05-012-02-09
118,b05-067-00-03
118,b05-058-00-08
118,b05-071-03-03
118,g05-098-03-01
118,b05-062-04-05
118,b05-067-05-03
118,b05-062-00-06
118,b05-067-04-05
118,g05-098-04-12
118,h05-012-04-07
118,g05-098-05-01
118,g05-098-05-07
118,b05-058-00-02
118,b05-062-02-01
118,b05-058-03-04
118,b05-055-02-02
118,b05-062-03-02
118,g05-098-05-05
118,g05-098-04-11
118,b05-062-03-00
118,h05-012-02-11
118,g05-098-00-02
118,g05-098-03-00
118,h05-012-02-05
118,b05-071-04-02
118,b05-055-02-01
118,h05-012-04-04
118,b05-055-00-10
118,b05-062-05-00
118,b05-055-02-00
118,b05-058-02-03
118,h05-012-01-07
118,b05-058-04-06
118,b05-058-02-01
118,h05-012-04-01
118,b05-062-03-05
118,b05-071-02-07
118,g05-098-05-09
118,b05-055-03-04
118,h05-012-05-05
118,h05-012-04-05
118,b05-058-01-03
118,b05-055-01-12
118,b05-055-01-11
118,b05-067-05-06
118,b05-067-05-00
118,b05-055-03-08
118,b05-055-01-01
118,b05-067-04-07
118,b05-062-00-08
118,b05-062-03-03
118,b05-062-02-07
118,g05-098-03-09
118,b05-058-01-01
118,b05-062-04-07
118,h05-012-03-04
118,b05-067-00-04
118,g05-098-03-11
118,b05-055-00-07
118,b05-058-00-09
118,h05-012-05-10
118,b05-058-02-07
118,b05-055-01-06
118,b05-055-01-02
118,h05-012-00-09
118,b05-058-01-02
118,b05-067-00-13
118,b05-067-02-03
118,b05-058-03-09
118,h05-012-01-05
118,g05-098-03-12
118,b05-067-02-07
118,b05-062-01-05
118,h05-012-02-07
118,g05-098-01-02
118,b05-071-02-03
118,b05-071-03-05
118,b05-058-02-10
118,b05-058-00-07
118,h05-012-06-02
118,g05-098-02-08
118,h05-012-05-00
118,b05-071-02-11
118,b05-058-03-05
118,b05-071-05-00
118,g05-098-04-04
118,b05-071-03-07
118,b05-067-06-03
118,b05-058-00-06
118,b05-055-00-06
118,b05-055-04-05
118,b05-055-04-08
118,b05-062-03-01
118,b05-071-03-10
118,b05-071-03-00
118,g05-098-01-06
118,b05-067-04-02
118,b05-058-04-11
118,b05-055-00-02
118,b05-055-00-04
118,b05-062-04-03
118,h05-012-02-12
118,b05-058-04-10
118,b05-071-03-06
118,b05-067-00-07
118,b05-071-02-05
118,b05-055-04-04
118,b05-058-00-00
118,b05-055-02-11
118,h05-012-02-03
118,h05-012-06-00
118,g05-098-04-06
118,h05-012-03-01
118,b05-055-04-06
118,b05-071-00-03
118,b05-071-00-06
118,h05-012-04-10
118,b05-055-02-06
118,g05-098-02-07
118,b05-071-03-09
118,b05-067-05-09
118,h05-012-02-06
118,b05-055-02-10
118,b05-058-04-07
118,b05-058-02-08
118,b05-055-02-08
118,b05-055-02-09
118,h05-012-04-03
118,g05-098-01-09
118,b05-067-04-00
118,b05-067-04-08
118,b05-062-03-04
118,b05-067-02-04
118,g05-098-02-01
118,b05-062-01-02
118,b05-058-01-07
118,g05-098-06-06
118,b05-062-02-03
118,b05-055-02-07
118,g05-098-01-03
118,b05-062-00-01
118,b05-062-04-06
118,h05-012-00-00
118,b05-062-03-08
118,g05-098-06-10
118,b05-058-03-11
118,g05-098-06-01
118,b05-071-04-06
118,b05-062-03-07
118,b05-058-00-12
118,g05-098-00-08
118,b05-067-06-04
118,b05-062-00-03
118,b05-058-01-05
118,b05-062-03-11
118,b05-058-02-06
118,g05-098-01-10
118,b05-067-00-12
118,h05-012-03-00
118,h05-012-02-04
118,b05-071-02-04
118,b05-067-04-03
118,b05-067-06-01
118,b05-055-01-00
118,b05-058-04-09
118,b05-067-03-11
118,b05-055-03-03
118,b05-071-05-02
118,b05-055-03-02
118,b05-055-01-10
118,h05-012-03-02
118,g05-098-03-05
118,b05-067-00-01
118,h05-012-05-06
118,b05-067-02-01
118,h05-012-05-07
118,g05-098-03-03
118,b05-067-00-06
118,b05-055-04-10
118,b05-062-00-09
118,b05-062-04-04
118,b05-071-04-09
118,h05-012-02-02
118,b05-058-04-00
118,b05-062-04-02
118,g05-098-05-06
118,b05-071-03-08
118,b05-067-02-10
118,h05-012-06-04
118,b05-067-03-08
118,b05-062-01-00
118,b05-055-00-00
118,b05-058-00-11
118,h05-012-06-05
118,b05-071-04-10
118,h05-012-01-10
118,b05-071-02-09
118,g05-098-06-08
118,b05-055-04-00
118,b05-067-02-06
118,h05-012-03-09
118,b05-055-01-05
118,b05-058-01-09
118,h05-012-05-09
118,b05-058-01-00
118,g05-098-02-02
118,b05-058-04-05
118,b05-067-02-08
118,b05-062-04-09
118,b05-062-01-04
118,b05-055-00-08
118,b05-058-04-03
118,h05-012-02-08
118,b05-062-00-07
118,g05-098-02-04
118,b05-067-03-05
118,b05-062-03-13
118,b05-055-04-03
118,b05-062-01-07
118,b05-071-00-00
118,b05-058-00-04
118,h05-012-01-01
118,b05-071-02-08
118,b05-062-00-00
118,g05-098-04-05
118,g05-098-05-00
118,b05-058-01-04
118,g05-098-06-03
118,g05-098-00-04
118,g05-098-03-04
118,b05-071-00-01
118,g05-098-05-04
118,b05-062-04-11
118,g05-098-00-09
118,b05-055-04-07
118,b05-062-04-08
118,h05-012-01-03
118,b05-062-01-06
118,b05-071-05-01
118,g05-098-01-05
118,h05-012-02-01
118,g05-098-03-06
118,b05-058-04-04
118,h05-012-04-06
118,b05-062-00-05
118,g05-098-00-07
118,b05-055-00-12
118,b05-071-02-01
118,h05-012-05-08
118,b05-055-02-12
118,b05-062-01-03
118,b05-071-05-03
118,h05-012-02-00
118,g05-098-00-05
118,h05-012-02-10
118,b05-058-03-12
118,b05-062-02-02
118,b05-055-04-09
119,b05-074-03-00
119,b05-074-00-05
119,b05-074-08-00
119,b05-074-00-00
119,g05-094-08-02
119,g05-094-05-01
119,b05-074-02-04
119,g05-094-00-06
119,b05-074-03-05
119,b05-074-09-03
119,b05-074-09-02
119,b05-074-10-05
119,g05-094-04-01
119,g05-094-07-00
119,g05-094-06-00
119,b05-074-04-07
119,g05-094-02-02
119,g05-094-08-04
119,g05-094-08-00
119,g05-094-04-05
119,b05-074-02-01
119,g05-094-03-05
119,g05-094-02-03
119,g05-094-01-00
119,b05-074-03-01
119,b05-074-03-03
119,b05-074-05-08
119,g05-094-09-02
119,b05-074-10-04
119,b05-074-08-05
119,g05-094-07-06
119,g05-094-01-04
119,g05-094-01-01
119,b05-074-06-06
119,b05-074-02-00
119,b05-074-05-01
119,b05-074-07-04
119,b05-074-02-05
119,b05-074-07-00
119,b05-074-01-05
119,g05-094-04-04
119,b05-074-09-05
119,b05-074-10-03
119,b05-074-04-01
119,b05-074-09-08
119,b05-074-07-01
119,b05-074-01-08
119,b05-074-02-06
119,b05-074-03-04
119,b05-074-08-01
119,g05-094-06-02
119,g05-094-01-08
119,b05-074-08-09
119,b05-074-02-07
119,g05-094-01-02
119,g05-094-02-04
119,g05-094-04-02
119,g05-094-06-01
119,b05-074-10-02
119,b05-074-06-10
119,b05-074-05-05
119,g05-094-06-05
119,g05-094-04-06
119,g05-094-08-01
119,b05-074-05-04
119,b05-074-04-09
119,b05-074-03-06
119,g05-094-09-03
119,b05-074-04-03
119,b05-074-06-09
119,b05-074-09-00
119,g05-094-03-01
119,b05-074-10-07
119,g05-094-00-01
119,g05-094-07-03
119,b05-074-04-06
119,g05-094-05-05
119,g05-094-06-04
119,g05-094-00-02
119,g05-094-01-05
119,b05-074-05-06
119,b05-074-09-06
119,g05-094-04-03
119,g05-094-03-06
119,b05-074-03-02
119,b05-074-07-08
119,g05-094-03-04
119,b05-074-01-01
119,b05-074-07-09
119,b05-074-01-02
119,b05-074-08-06
119,g05-094-00-07
119,b05-074-06-07
119,b05-074-04-10
119,g05-094-00-05
119,b05-074-03-07
119,g05-094-03-00
119,g05-094-06-03
119,g05-094-01-06
119,g05-094-09-05
119,g05-094-05-06
119,g05-094-02-07
119,g05-094-03-02
119,g05-094-07-08
119,b05-074-08-07
119,g05-094-00-00
119,b05-074-06-00
119,b05-074-05-00
119,g05-094-00-03
119,g05-094-05-00
119,b05-074-00-06
119,g05-094-07-04
119,b05-074-00-07
119,b05-074-07-06
119,b05-074-00-03
119,g05-094-07-07
119,g05-094-03-03
119,g05-094-02-05
119,b05-074-10-01
119,b05-074-10-06
119,b05-074-04-00
119,b05-074-08-08
119,g05-094-08-03
119,b05-074-09-04
119,g05-094-09-01
119,b05-074-01-07
119,b05-074-01-04
119,b05-074-04-04
119,g05-094-08-07
119,b05-074-06-08
119,g05-094-08-06
119,b05-074-08-11
119,g05-094-04-07
119,b05-074-07-07
119,b05-074-00-01
119,b05-074-05-07
119,g05-094-05-03
119,g05-094-05-07
119,b05-074-00-02
119,b05-074-06-01
119,g05-094-06-06
119,b05-074-07-03
119,g05-094-03-07
119,b05-074-02-02
119,b05-074-08-04
119,g05-094-00-08
119,b05-074-01-00
119,b05-074-08-10
119,g05-094-01-07
119,b05-074-09-01
119,g05-094-07-01
119,g05-094-02-01
119,g05-094-09-04
119,b05-074-10-00
119,g05-094-02-06
119,b05-074-07-05
119,b05-074-04-02
119,b05-074-01-06
119,b05-074-04-05
119,g05-094-04-00
119,b05-074-06-03
119,b05-074-04-08
119,g05-094-07-02
119,g05-094-06-07
119,b05-074-06-02
119,b05-074-06-04
119,b05-074-09-07
119,b05-074-08-03
119,g05-094-07-05
119,g05-094-09-00
119,g05-094-05-04
119,b05-074-01-03
119,b05-074-02-03
119,b05-074-06-05
119,g05-094-05-02
119,g05-094-08-05
119,b05-074-00-04
119,b05-074-05-02
119,b05-074-07-02
119,b05-074-09-09
119,b05-074-05-03
119,g05-094-02-00
119,b05-074-02-08
119,g05-094-00-04
119,g05-094-05-08
120,b05-079-05-00
120,b05-079-00-02
120,b05-079-07-06
120,b05-079-05-06
120,b05-079-00-06
120,b05-079-08-04
120,b05-079-07-07
120,b05-079-04-05
120,b05-079-04-01
120,b05-079-08-02
120,b05-079-06-02
120,b05-079-08-06
120,b05-079-07-02
120,b05-079-03-02
120,b05-079-06-05
120,b05-079-01-00
120,b05-079-04-02
120,b05-079-03-00
120,b05-079-05-01
120,b05-079-05-05
120,b05-079-06-03
120,b05-079-07-01
120,b05-079-03-03
120,b05-079-00-04
120,b05-079-08-00
120,b05-079-04-03
120,b05-079-03-04
120,b05-079-09-01
120,b05-079-03-06
120,b05-079-00-00
120,b05-079-02-01
120,b05-079-07-04
120,b05-079-02-04
120,b05-079-01-01
120,b05-079-04-00
120,b05-079-00-05
120,b05-079-00-01
120,b05-079-02-02
120,b05-079-06-04
120,b05-079-09-04
120,b05-079-02-00
120,b05-079-09-05
120,b05-079-03-07
120,b05-079-01-02
120,b05-079-09-02
120,b05-079-03-05
120,b05-079-08-03
120,b05-079-08-05
120,b05-079-09-00
120,b05-079-05-02
120,b05-079-07-03
120,b05-079-01-03
120,b05-079-05-03
120,b05-079-09-03
120,b05-079-08-01
120,b05-079-02-03
120,b05-079-07-00
120,b05-079-06-00
120,b05-079-01-04
120,b05-079-04-04
120,b05-079-06-01
120,b05-079-07-05
120,b05-079-03-01
120,b05-079-05-04
121,b05-083-02-06
121,b05-083-06-02
121,b05-098-03-01
121,b05-098-00-06
121,b05-083-00-06
121,b05-083-04-04
121,b05-098-06-02
121,b05-083-01-05
121,b05-098-07-03
121,b05-083-00-05
121,b05-098-03-03
121,b05-083-03-01
121,b05-083-01-02
121,b05-098-01-06
121,b05-083-05-01
121,b05-098-02-01
121,b05-083-00-02
121,b05-083-04-01
121,b05-098-02-02
121,b05-098-07-02
121,b05-098-01-01
121,b05-098-01-09
121,b05-083-04-00
121,b05-098-01-00
121,b05-098-09-00
121,b05-098-00-01
121,b05-098-04-05
121,b05-083-01-06
121,b05-083-07-00
121,b05-098-03-04
121,b05-098-08-02
121,b05-098-07-01
121,b05-098-05-00
121,b05-083-07-01
121,b05-083-02-01
121,b05-098-09-03
121,b05-098-04-00
121,b05-098-06-01
121,b05-083-01-00
121,b05-083-01-08
121,b05-098-00-05
121,b05-098-00-03
121,b05-083-03-00
121,b05-083-02-00
121,b05-083-03-04
121,b05-098-08-04
121,b05-083-01-07
121,b05-083-02-09
121,b05-098-09-06
121,b05-098-00-04
121,b05-083-00-04
121,b05-098-02-04
121,b05-098-07-04
121,b05-098-09-02
121,b05-083-04-08
121,b05-098-02-05
121,b05-083-04-03
121,b05-098-05-09
121,b05-083-01-03
121,b05-083-01-04
121,b05-083-00-07
121,b05-098-00-00
121,b05-083-05-06
121,b05-083-07-02
121,b05-083-04-05
121,b05-083-04-02
121,b05-083-04-07
121,b05-098-09-05
121,b05-098-01-07
121,b05-098-03-05
121,b05-083-06-05
121,b05-083-04-06
121,b05-098-00-08
121,b05-098-03-06
121,b05-083-02-08
121,b05-098-03-02
121,b05-098-05-02
121,b05-083-05-05
121,b05-083-03-08
121,b05-098-01-05
121,b05-083-05-03
121,b05-098-04-03
121,b05-083-06-04
121,b05-098-02-00
121,b05-083-02-02
121,b05-098-05-07
121,b05-098-04-01
121,b05-098-04-04
121,b05-098-01-03
121,b05-098-05-03
121,b05-083-03-05
121,b05-098-08-03
121,b05-098-06-00
121,b05-083-03-07
121,b05-083-03-02
121,b05-098-05-08
121,b05-083-07-05
121,b05-098-01-08
121,b05-098-05-05
121,b05-098-00-07
121,b05-098-05-01
121,b05-098-01-04
121,b05-083-02-03
121,b05-083-02-07
121,b05-098-00-02
121,b05-098-08-00
121,b05-098-07-00
121,b05-083-01-01
121,b05-083-05-02
121,b05-083-03-06
121,b05-083-02-05
121,b05-083-03-03
121,b05-098-04-02
121,b05-098-03-00
121,b05-098-05-04
121,b05-083-05-07
121,b05-083-00-00
121,b05-098-01-02
121,b05-083-06-01
121,b05-098-09-04
121,b05-098-06-04
121,b05-083-06-03
121,b05-098-05-06
121,b05-083-07-03
121,b05-083-05-00
121,b05-098-06-03
121,b05-083-00-03
121,b05-098-07-05
121,b05-083-07-04
121,b05-083-05-04
121,b05-098-09-01
121,b05-098-02-06
121,b05-098-02-03
121,b05-098-08-01
121,b05-083-02-04
121,b05-083-00-01
121,b05-098-03-07
121,b05-098-02-07
121,b05-098-03-08
122,b05-088-01-01
122,b05-088-02-04
122,b05-088-03-09
122,b05-088-02-02
122,b05-088-02-00
122,b05-088-00-05
122,b05-088-02-06
122,b05-088-02-10
122,b05-088-00-02
122,b05-088-01-08
122,b05-088-06-01
122,b05-088-03-03
122,b05-088-01-04
122,b05-088-07-05
122,b05-088-02-07
122,b05-088-01-03
122,b05-088-06-08
122,b05-088-01-09
122,b05-088-02-03
122,b05-088-01-05
122,b05-088-02-01
122,b05-088-03-06
122,b05-088-00-00
122,b05-088-03-04
122,b05-088-06-03
122,b05-088-00-01
122,b05-088-07-04
122,b05-088-06-06
122,b05-088-06-05
122,b05-088-06-04
122,b05-088-01-02
122,b05-088-01-06
122,b05-088-03-00
122,b05-088-02-09
122,b05-088-07-06
122,b05-088-07-02
122,b05-088-06-00
122,b05-088-03-07
122,b05-088-06-07
122,b05-088-03-08
122,b05-088-03-05
122,b05-088-00-04
122,b05-088-01-00
122,b05-088-07-01
122,b05-088-01-07
122,b05-088-06-02
122,b05-088-03-01
122,b05-088-07-00
122,b05-088-07-07
122,b05-088-03-10
122,b05-088-02-05
122,b05-088-07-03
122,b05-088-02-08
122,b05-088-03-02
122,b05-088-00-03
123,b06-000-02-02
123,b06-000-02-04
123,b06-000-06-01
123,b06-097-03-08
123,c06-039-04-03
123,c06-100-07-07
123,b06-000-04-06
123,b06-097-04-07
123,b06-000-05-06
123,b06-023-05-06
123,c06-039-05-08
123,c06-039-00-05
123,c06-100-04-04
123,b06-097-05-03
123,b06-000-02-08
123,b06-000-00-04
123,c06-100-06-09
123,b06-023-03-05
123,b06-000-03-01
123,c06-039-02-01
123,b06-097-07-00
123,c06-100-06-12
123,c06-100-03-06
123,b06-000-05-02
123,b06-023-07-04
123,b06-000-06-04
123,b06-023-07-02
123,c06-039-01-03
123,b06-000-07-05
123,b06-000-07-04
123,b06-097-04-08
123,c06-100-07-03
123,c06-100-06-01
123,b06-097-04-05
123,c06-100-06-07
123,c06-039-04-08
123,c06-039-02-07
123,b06-023-00-00
123,c06-100-05-03
123,b06-023-07-06
123,b06-000-00-07
123,b06-023-07-09
123,b06-023-00-06
123,b06-097-03-00
123,c06-039-05-07
123,b06-097-03-07
123,c06-100-00-09
123,c06-039-05-00
123,b06-097-04-00
123,c06-039-03-06
123,c06-100-03-10
123,c06-039-07-01
123,b06-023-03-03
123,b06-023-02-07
123,b06-023-00-04
123,b06-000-03-00
123,c06-039-01-06
123,b06-097-07-01
123,c06-100-04-10
123,b06-097-06-05
123,b06-097-05-01
123,c06-039-04-07
123,b06-097-02-01
123,b06-000-01-02
123,b06-023-03-04
123,c06-100-03-01
123,c06-039-05-02
123,c06-039-07-04
123,c06-100-00-00
123,b06-023-01-03
123,c06-039-01-08
123,c06-100-07-04
123,c06-100-04-09
123,b06-000-00-03
123,b06-000-04-07
123,b06-023-04-05
123,b06-023-00-07
123,c06-039-00-03
123,b06-023-03-01
123,b06-097-02-08
123,b06-000-03-07
123,b06-097-00-00
123,b06-000-07-00
123,b06-023-06-06
123,b06-023-01-04
123,c06-100-06-11
123,b06-000-06-00
123,c06-100-06-05
123,b06-023-01-06
123,b06-023-07-00
123,c06-039-03-00
123,c06-039-02-09
123,b06-000-05-05
123,b06-097-05-00
123,b06-023-02-04
123,c06-039-02-06
123,b06-023-04-00
123,b06-000-06-03
123,c06-039-06-08
123,b06-023-06-02
123,c06-039-01-02
123,c06-100-00-02
123,c06-100-06-00
123,c06-100-04-03
123,c06-039-01-01
123,c06-100-06-13
123,c06-039-05-09
123,b06-000-06-05
123,b06-000-03-06
123,b06-000-03-05
123,c06-039-03-05
123,b06-097-00-01
123,b06-023-05-00
123,c06-039-04-05
123,c06-100-07-02
123,b06-097-01-04
123,c06-100-00-04
123,b06-023-02-03
123,c06-100-04-07
123,b06-000-02-01
123,b06-023-07-08
123,b06-000-01-01
123,c06-039-00-07
123,c06-100-03-02
123,b06-097-00-07
123,c06-100-07-00
123,b06-023-04-08
123,b06-023-02-00
123,b06-000-02-10
123,c06-100-00-08
123,b06-097-02-03
123,c06-039-06-06
123,c06-100-04-01
123,c06-100-07-05
123,b06-097-04-01
123,c06-100-03-05
123,c06-100-06-02
123,c06-100-07-08
123,c06-100-01-02
123,b06-097-03-06
123,b06-023-04-09
123,b06-097-07-06
123,c06-039-00-00
123,c06-039-03-01
123,b06-000-06-06
123,b06-023-02-06
123,c06-039-05-04
123,c06-100-06-06
123,b06-097-02-06
123,c06-039-04-00
123,b06-023-00-01
123,c06-100-05-05
123,c06-039-05-06
123,b06-023-01-01
123,c06-039-00-04
123,c06-039-02-00
123,c06-039-00-01
123,c06-100-05-06
123,b06-023-02-10
123,b06-023-01-00
123,b06-097-04-02
123,c06-100-00-05
123,c06-100-05-02
123,b06-097-02-05
123,c06-100-00-01
123,b06-023-02-08
123,b06-097-02-09
123,b06-097-04-04
123,b06-097-04-03
123,b06-023-04-06
123,b06-023-00-05
123,b06-000-04-10
123,b06-097-03-02
123,c06-100-06-04
123,b06-097-06-01
123,b06-097-07-02
123,b06-023-05-03
123,b06-023-02-09
123,b06-000-03-04
123,b06-097-00-02
123,b06-000-04-01
123,b06-097-06-03
123,c06-100-03-04
123,c06-100-04-08
123,b06-023-04-02
123,b06-097-04-09
123,b06-000-00-00
123,c06-039-06-04
123,c06-039-06-07
123,c06-039-02-03
123,c06-100-01-01
123,b06-000-02-05
123,b06-023-03-02
123,b06-023-07-05
123,c06-100-00-10
123,c06-100-03-11
123,b06-023-06-03
123,b06-023-04-01
123,b06-000-04-09
123,b06-023-05-05
123,b06-000-05-07
123,b06-097-04-06
123,c06-039-00-02
123,c06-039-06-01
123,b06-023-00-03
123,c06-039-02-10
123,b06-023-04-03
123,b06-097-02-04
123,c06-100-07-06
123,c06-039-01-05
123,b06-023-05-04
123,c06-039-03-03
123,b06-000-02-07
123,b06-097-02-02
123,b06-023-01-05
123,b06-000-05-03
123,b06-097-05-05
123,c06-100-03-07
123,b06-000-00-11
123,b06-097-07-03
123,b06-023-05-07
123,b06-000-02-11
123,b06-023-01-02
123,c06-100-06-08
123,b06-023-04-04
123,b06-023-04-07
123,b06-023-05-02
123,b06-000-01-00
123,c06-039-04-06
123,b06-000-06-02
123,c06-100-05-00
123,b06-000-04-05
123,c06-100-01-03
123,b06-000-07-02
123,c06-100-03-08
123,b06-097-07-05
123,b06-000-04-04
123,b06-097-01-00
123,c06-100-03-09
123,b06-023-05-01
123,c06-039-05-03
123,b06-097-00-04
123,c06-039-06-05
123,b06-000-00-02
123,b06-000-03-02
123,c06-100-00-03
123,c06-039-07-05
123,b06-000-07-01
123,b06-097-03-01
123,b06-097-06-00
123,b06-097-00-06
123,c06-100-04-05
123,c06-100-05-08
123,c06-039-06-03
123,b06-023-07-10
123,b06-000-00-09
123,b06-000-02-03
123,b06-000-04-02
123,b06-023-06-01
123,b06-097-06-04
123,b06-097-07-04
123,c06-100-00-06
123,b06-023-07-11
123,b06-000-02-00
123,c06-039-06-02
123,b06-000-04-08
123,c06-100-05-01
123,b06-097-03-04
123,b06-000-04-03
123,b06-000-01-04
123,b06-000-05-01
123,b06-097-03-05
123,c06-100-04-06
123,c06-039-04-01
123,b06-023-02-01
123,b06-023-03-06
123,b06-000-00-06
123,b06-023-06-00
123,c06-100-04-00
123,b06-023-06-07
123,b06-000-02-09
123,c06-039-03-02
123,b06-023-06-05
123,b06-097-00-03
123,c06-100-06-10
123,c06-100-01-00
123,b06-097-01-01
123,b06-000-00-05
123,c06-100-01-04
123,b06-000-00-08
123,c06-039-07-06
123,c06-039-02-05
123,c06-039-07-03
123,c06-100-07-09
123,c06-039-02-04
123,b06-000-03-03
123,b06-000-05-04
123,b06-000-07-03
123,c06-039-04-04
123,c06-039-03-04
123,c06-039-04-02
123,b06-000-00-10
123,c06-100-05-07
123,c06-039-00-06
123,c06-039-01-07
123,b06-000-01-05
123,b06-000-02-06
123,b06-000-03-08
123,c06-100-04-11
123,b06-000-01-06
123,b06-097-05-04
123,c06-100-03-00
123,b06-000-00-01
123,b06-023-02-05
123,b06-023-06-04
123,c06-100-07-01
123,c06-039-05-05
123,c06-100-03-03
123,b06-097-06-02
123,c06-039-07-00
123,c06-039-05-01
123,c06-100-05-04
123,b06-023-02-02
123,b06-023-07-01
123,c06-039-06-00
123,c06-039-07-02
123,b06-000-01-03
123,b06-023-00-02
123,c06-039-03-07
123,c06-100-06-03
123,b06-023-07-07
123,b06-097-00-05
123,c06-100-00-07
123,b06-097-03-03
123,c06-039-04-09
123,b06-023-07-03
123,c06-039-01-04
123,b06-097-01-02
123,b06-097-01-05
123,b06-097-05-02
123,c06-039-02-08
123,b06-097-02-07
123,c06-100-04-02
123,b06-097-01-06
123,b06-097-02-00
124,c06-111-04-05
124,b06-075-01-03
124,b06-075-08-08
124,b06-075-02-06
124,b06-075-03-08
124,b06-075-09-02
124,b06-049-02-06
124,c06-111-05-05
124,c06-111-06-05
124,b06-049-05-04
124,b06-075-04-00
124,b06-004-06-05
124,b06-004-03-07
124,b06-004-04-02
124,b06-049-02-01
124,c06-111-03-08
124,b06-075-08-07
124,b06-075-05-01
124,b06-075-03-02
124,b06-049-04-05
124,b06-049-05-05
124,b06-075-04-03
124,c06-111-02-06
124,b06-004-00-02
124,b06-004-04-00
124,b06-049-09-01
124,b06-075-06-06
124,b06-049-00-03
124,b06-004-05-01
124,b06-049-01-01
124,c06-111-04-00
124,c06-111-03-03
124,b06-004-04-04
124,b06-075-03-07
124,c06-111-05-03
124,b06-075-01-01
124,b06-075-02-02
124,b06-049-02-07
124,b06-004-03-03
124,b06-049-02-05
124,b06-049-06-04
124,c06-111-03-06
124,c06-111-00-04
124,b06-049-05-03
124,c06-111-06-01
124,b06-049-02-03
124,b06-004-07-01
124,b06-004-06-00
124,c06-111-05-06
124,b06-049-01-07
124,b06-075-04-02
124,b06-075-03-05
124,b06-004-03-06
124,b06-049-03-02
124,c06-111-03-01
124,b06-004-03-02
124,b06-075-10-02
124,b06-049-06-05
124,b06-049-01-03
124,b06-049-00-02
124,b06-075-02-03
124,b06-004-00-04
124,b06-075-06-00
124,b06-049-04-04
124,c06-111-04-02
124,b06-075-06-03
124,c06-111-01-07
124,b06-075-01-05
124,b06-075-03-04
124,b06-049-00-00
124,c06-111-00-08
124,b06-004-06-01
124,b06-075-03-01
124,b06-075-06-07
124,b06-075-00-06
124,b06-049-02-04
124,b06-004-00-05
124,b06-075-00-07
124,b06-075-08-01
124,b06-004-01-04
124,c06-111-01-06
124,b06-075-09-05
124,b06-004-01-00
124,c06-111-05-07
124,b06-004-06-06
124,b06-049-00-01
124,b06-075-09-10
124,b06-004-02-08
124,b06-075-09-01
124,b06-075-02-04
124,b06-049-00-06
124,c06-111-06-03
124,b06-075-06-04
124,b06-049-06-06
124,b06-004-03-04
124,c06-111-00-05
124,b06-049-08-00
124,b06-004-01-01
124,b06-004-07-04
124,b06-075-10-06
124,c06-111-00-06
124,b06-049-03-07
124,b06-049-09-00
124,b06-004-06-04
124,b06-075-09-03
124,b06-075-03-03
124,b06-049-07-01
124,c06-111-00-03
124,b06-004-00-01
124,b06-075-01-07
124,b06-075-00-03
124,b06-049-07-07
124,b06-049-01-00
124,b06-049-07-08
124,b06-049-09-04
124,b06-004-02-02
124,b06-004-06-03
124,b06-004-05-05
124,b06-075-07-02
124,b06-075-05-04
124,b06-004-02-04
124,b06-004-02-06
124,b06-049-05-07
124,b06-075-00-02
124,b06-049-00-04
124,c06-111-05-01
124,c06-111-03-04
124,b06-075-02-01
124,b06-075-09-00
124,c06-111-01-09
124,b06-004-05-08
124,b06-004-00-03
124,b06-004-01-07
124,c06-111-06-02
124,b06-049-08-04
124,b06-004-05-03
124,b06-075-04-04
124,b06-049-09-06
124,c06-111-00-01
124,b06-004-02-03
124,b06-075-03-00
124,c06-111-02-04
124,b06-075-10-03
124,c06-111-02-02
124,b06-049-07-00
124,b06-004-07-00
124,b06-075-10-05
124,b06-075-04-01
124,b06-049-08-02
124,c06-111-03-07
124,c06-111-03-00
124,b06-049-06-03
124,b06-049-05-06
124,c06-111-02-07
124,b06-075-09-08
124,b06-049-08-03
124,b06-075-02-00
124,b06-004-06-07
124,b06-075-09-06
124,b06-049-00-05
124,b06-075-05-02
124,b06-049-07-04
124,b06-075-10-00
124,b06-075-08-00
124,b06-049-08-01
124,b06-075-09-04
124,b06-049-04-02
124,b06-049-03-03
124,c06-111-02-03
124,b06-049-03-06
124,b06-049-09-03
124,c06-111-01-01
124,b06-004-03-05
124,b06-075-04-06
124,c06-111-03-09
124,b06-049-05-02
124,c06-111-04-04
124,b06-075-00-05
124,b06-075-09-09
124,c06-111-04-01
124,b06-049-07-06
124,b06-075-02-05
124,c06-111-06-04
124,b06-049-09-08
124,c06-111-01-04
124,b06-004-07-06
124,b06-004-05-04
124,b06-004-03-00
124,b06-004-07-05
124,b06-075-01-00
124,b06-004-01-06
124,b06-075-08-06
124,b06-004-07-02
124,b06-075-05-00
124,b06-049-03-04
124,c06-111-06-06
124,b06-075-08-02
124,b06-049-09-05
124,b06-049-04-01
124,b06-075-00-04
124,c06-111-05-04
124,b06-075-08-05
124,c06-111-03-10
124,b06-075-06-05
124,b06-049-07-05
124,b06-049-02-02
124,b06-075-01-04
124,c06-111-01-08
124,b06-049-05-00
124,b06-004-05-02
124,b06-004-01-05
124,b06-075-08-04
124,c06-111-06-00
124,b06-004-05-07
124,b06-004-01-03
124,b06-075-07-05
124,c06-111-07-00
124,c06-111-03-11
124,c06-111-04-03
124,b06-049-01-06
124,c06-111-05-00
124,b06-075-07-06
124,b06-049-05-01
124,b06-049-04-03
124,c06-111-01-03
124,b06-049-03-00
124,b06-049-04-06
124,b06-075-06-02
124,b06-049-09-02
124,c06-111-03-05
124,b06-075-05-03
124,b06-004-04-01
124,b06-075-00-01
124,b06-075-08-03
124,b06-004-01-02
124,c06-111-07-01
124,b06-075-04-05
124,b06-004-06-02
124,b06-049-05-08
124,b06-075-06-01
124,b06-004-05-06
124,b06-004-04-05
124,b06-049-09-07
124,b06-049-07-02
124,b06-049-06-02
124,b06-049-01-04
124,b06-049-06-01
124,b06-049-01-05
124,b06-075-05-06
124,b06-075-07-01
124,b06-075-01-02
124,b06-075-07-04
124,c06-111-00-02
124,b06-004-02-05
124,c06-111-00-07
124,b06-004-00-00
124,c06-111-02-01
124,c06-111-02-00
124,b06-075-03-06
124,b06-004-03-01
124,b06-075-07-03
124,b06-075-01-08
124,b06-004-02-01
124,c06-111-02-05
124,c06-111-01-05
124,c06-111-01-00
124,c06-111-01-02
124,b06-049-03-05
124,b06-049-03-01
124,b06-049-02-00
124,b06-075-05-05
124,b06-075-01-06
124,b06-049-04-00
124,b06-049-06-00
124,b06-004-04-03
124,b06-004-07-07
124,b06-075-07-00
124,b06-004-07-03
124,c06-111-00-00
124,b06-049-01-02
124,b06-004-01-09
124,b06-004-05-00
124,b06-075-09-07
124,b06-075-10-04
124,b06-004-01-08
124,b06-004-02-00
124,b06-075-10-01
124,b06-075-00-00
124,b06-075-10-07
124,b06-004-02-07
124,c06-111-03-02
124,c06-111-05-02
124,b06-049-07-03
125,c06-005-00-06
125,b06-093-10-00
125,c06-020-05-08
125,c06-020-03-00
125,b06-008-09-02
125,b06-008-08-03
125,b06-008-03-06
125,c06-020-07-04
125,c06-020-06-05
125,b06-056-09-05
125,b06-093-03-02
125,b06-056-02-01
125,b06-056-03-03
125,b06-008-02-07
125,c06-005-01-03
125,b06-056-10-04
125,b06-093-00-00
125,b06-056-07-03
125,c06-005-03-05
125,c06-020-05-09
125,c06-005-04-06
125,b06-093-07-02
125,b06-008-00-00
125,c06-005-00-04
125,b06-056-08-05
125,c06-020-03-02
125,c06-005-02-01
125,b06-056-09-01
125,b06-056-01-04
125,c06-020-05-01
125,b06-056-01-01
125,b06-056-10-01
125,b06-056-10-02
125,b06-093-03-00
125,c06-020-03-07
125,b06-056-04-04
125,b06-056-02-00
125,b06-093-02-02
125,b06-093-08-01
125,b06-093-07-03
125,b06-056-03-02
125,c06-020-02-07
125,b06-056-02-03
125,b06-093-01-02
125,c06-005-00-02
125,b06-008-07-00
125,b06-008-05-04
125,c06-005-00-00
125,b06-008-05-05
125,c06-020-05-07
125,b06-008-09-00
125,b06-008-05-00
125,b06-093-00-03
125,c06-020-07-01
125,b06-093-06-07
125,b06-056-01-02
125,b06-008-07-01
125,b06-008-01-05
125,b06-093-04-05
125,b06-056-04-00
125,c06-005-07-02
125,c06-005-05-04
125,c06-020-06-06
125,b06-093-05-02
125,c06-005-04-00
125,b06-093-08-00
125,c06-020-02-02
125,c06-005-05-06
125,b06-056-08-02
125,b06-056-03-06
125,b06-056-04-02
125,b06-008-04-05
125,c06-020-06-09
125,c06-005-05-03
125,c06-005-03-08
125,b06-093-06-01
125,b06-008-00-05
125,b06-093-05-01
125,b06-056-03-04
125,b06-093-05-05
125,b06-056-00-02
125,b06-093-04-03
125,c06-020-06-01
125,c06-005-07-04
125,b06-056-10-06
125,b06-093-09-06
125,c06-005-04-04
125,b06-093-06-00
125,c06-020-02-12
125,b06-056-01-00
125,c06-005-06-00
125,c06-020-05-05
125,b06-008-06-04
125,b06-008-02-06
125,b06-056-08-04
125,b06-008-09-01
125,b06-093-04-01
125,c06-005-03-03
125,c06-005-07-05
125,c06-005-01-00
125,b06-008-01-02
125,c06-005-03-02
125,b06-056-02-04
125,b06-056-08-01
125,b06-093-07-06
125,b06-056-05-03
125,b06-093-09-05
125,b06-056-09-00
125,b06-056-09-03
125,b06-093-04-00
125,c06-020-04-08
125,b06-008-02-02
125,b06-008-03-04
125,b06-056-10-00
125,b06-056-01-03
125,c06-005-00-07
125,b06-008-01-00
125,c06-020-06-08
125,b06-093-01-01
125,b06-093-00-05
125,c06-005-03-00
125,c06-005-07-01
125,b06-093-09-01
125,b06-093-10-01
125,b06-093-09-03
125,b06-056-09-06
125,c06-020-05-06
125,b06-056-00-07
125,b06-008-09-04
125,c06-005-06-04
125,c06-005-07-07
125,c06-020-05-03
125,b06-008-06-07
125,b06-008-08-02
125,b06-056-00-03
125,c06-020-05-00
125,b06-056-05-00
125,b06-093-09-02
125,b06-056-03-00
125,b06-056-04-01
125,b06-056-00-05
125,c06-020-02-03
125,b06-008-08-01
125,b06-008-02-03
125,c06-020-04-07
125,b06-093-03-03
125,b06-093-06-04
125,b06-008-04-02
125,b06-008-07-07
125,b06-093-05-04
125,b06-008-02-01
125,c06-005-01-01
125,b06-093-10-04
125,b06-008-06-03
125,b06-056-09-07
125,b06-008-04-06
125,b06-008-05-03
125,b06-008-06-00
125,b06-056-08-03
125,c06-020-04-02
125,c06-005-03-04
125,c06-005-08-00
125,b06-093-03-01
125,b06-093-05-00
125,b06-056-00-04
125,b06-093-06-05
125,b06-056-03-01
125,c06-020-06-04
125,b06-008-07-03
125,c06-005-01-05
125,b06-056-00-00
125,b06-093-03-05
125,b06-093-09-00
125,b06-008-08-04
125,b06-093-04-04
125,c06-020-02-00
125,b06-008-05-01
125,b06-056-05-02
125,b06-093-09-04
125,c06-005-04-02
125,b06-093-07-04
125,b06-008-03-00
125,c06-005-04-05
125,c06-020-05-04
125,b06-093-04-06
125,c06-005-01-06
125,c06-005-02-03
125,b06-093-02-05
125,b06-093-02-06
125,b06-008-09-06
125,c06-020-05-02
125,c06-020-02-04
125,b06-056-04-03
125,b06-008-04-04
125,c06-020-03-06
125,b06-008-05-02
125,c06-020-06-02
125,b06-008-01-01
125,b06-093-06-03
125,c06-005-00-03
125,b06-093-08-02
125,c06-005-01-04
125,c06-020-07-03
125,b06-093-06-06
125,b06-056-01-05
125,b06-056-08-00
125,c06-020-04-01
125,b06-093-02-04
125,b06-093-00-04
125,c06-005-05-01
125,c06-005-05-05
125,c06-020-02-09
125,c06-005-08-01
125,c06-020-02-06
125,b06-008-06-02
125,b06-093-06-02
125,b06-093-03-04
125,b06-008-01-03
125,c06-005-06-03
125,b06-008-06-01
125,b06-008-07-02
125,c06-005-06-05
125,b06-056-10-05
125,b06-093-07-05
125,c06-005-03-07
125,b06-093-01-05
125,c06-020-06-00
125,c06-005-02-04
125,c06-020-06-07
125,b06-056-07-02
125,b06-008-04-01
125,c06-005-02-02
125,b06-093-00-02
125,c06-005-02-08
125,c06-005-08-02
125,c06-005-04-03
125,c06-005-07-00
125,b06-008-01-04
125,b06-056-05-01
125,c06-005-03-01
125,c06-005-02-07
125,b06-008-02-00
125,b06-008-02-05
125,c06-020-02-08
125,b06-056-05-06
125,b06-008-01-06
125,b06-093-08-03
125,b06-056-09-04
125,c06-005-08-06
125,c06-020-07-02
125,b06-008-09-03
125,b06-056-00-01
125,c06-020-04-00
125,c06-005-06-02
125,b06-008-08-06
125,b06-008-03-07
125,b06-093-00-01
125,b06-093-10-05
125,c06-020-03-05
125,b06-056-07-05
125,c06-005-00-05
125,b06-093-01-03
125,b06-056-05-04
125,b06-008-06-06
125,c06-005-00-08
125,b06-008-04-07
125,b06-093-02-03
125,c06-005-08-04
125,b06-093-10-02
125,c06-005-07-03
125,b06-056-02-02
125,b06-008-09-05
125,b06-008-07-05
125,c06-005-08-05
125,b06-008-03-01
125,b06-093-02-01
125,c06-020-07-00
125,b06-093-10-03
125,b06-056-05-05
125,c06-005-06-01
125,c06-005-06-06
125,c06-005-07-06
125,b06-008-02-04
125,c06-020-04-05
125,b06-056-07-04
125,c06-020-02-01
125,c06-005-01-02
125,b06-056-07-00
125,b06-056-07-01
125,c06-020-04-06
125,c06-005-05-02
125,b06-056-03-05
125,b06-008-04-03
125,b06-008-03-03
125,b06-008-00-04
125,c06-005-04-01
125,c06-020-02-11
125,b06-008-06-05
125,b06-008-03-05
125,c06-020-03-03
125,b06-008-03-02
125,b06-008-00-02
125,c06-005-01-07
125,b06-008-04-00
125,b06-056-10-03
125,b06-056-04-05
125,b06-093-01-04
125,b06-093-07-01
125,b06-008-08-07
125,c06-005-02-05
125,c06-020-07-05
125,b06-093-01-00
125,b06-093-04-02
125,c06-005-03-06
125,b06-008-00-03
125,b06-008-00-01
125,c06-005-02-09
125,b06-008-01-07
125,b06-056-02-05
125,c06-005-00-01
125,c06-020-04-04
125,c06-005-05-00
125,b06-008-08-00
125,c06-020-06-03
125,c06-020-02-05
125,c06-005-08-03
125,b06-093-07-00
125,c06-020-02-10
125,c06-005-02-10
125,b06-093-02-00
125,b06-056-09-02
125,b06-093-05-03
125,c06-020-04-03
126,c06-087-00-00
126,c06-052-03-06
126,b06-036-05-12
126,c06-087-02-06
126,b06-110-07-01
126,c06-052-00-00
126,c06-087-02-10
126,c06-052-04-09
126,b06-110-01-07
126,c06-087-04-08
126,c06-087-02-03
126,b06-036-01-00
126,b06-110-02-05
126,b06-012-04-03
126,c06-052-03-08
126,c06-052-01-12
126,c06-052-03-00
126,b06-036-04-11
126,b06-036-03-01
126,b06-036-00-03
126,b06-012-02-03
126,b06-110-05-09
126,b06-036-02-00
126,b06-110-05-05
126,b06-012-01-07
126,c06-087-05-09
126,c06-087-03-00
126,b06-036-04-01
126,b06-110-00-00
126,c06-052-03-07
126,c06-087-04-02
126,b06-110-00-07
126,b06-036-05-13
126,b06-110-06-06
126,b06-036-05-10
126,b06-036-02-06
126,b06-012-02-01
126,b06-036-05-11
126,b06-012-02-05
126,c06-052-00-02
126,b06-012-02-07
126,c06-087-04-11
126,b06-110-00-03
126,c06-052-04-02
126,c06-087-02-11
126,c06-087-04-03
126,b06-012-04-08
126,b06-110-02-00
126,b06-036-07-02
126,b06-012-02-06
126,c06-087-05-05
126,b06-012-00-05
126,b06-036-01-06
126,c06-087-04-09
126,b06-110-03-04
126,b06-036-05-08
126,b06-036-03-11
126,c06-087-05-07
126,b06-012-02-04
126,b06-110-01-03
126,c06-087-02-00
126,b06-036-03-08
126,c06-087-03-03
126,b06-110-06-02
126,b06-036-03-02
126,b06-036-03-05
126,b06-110-00-05
126,b06-036-05-02
126,b06-110-03-01
126,c06-052-03-05
126,b06-036-03-03
126,b06-036-04-02
126,b06-012-03-05
126,b06-012-03-00
126,b06-110-01-04
126,b06-110-06-05
126,b06-012-00-08
126,b06-012-00-04
126,b06-036-03-10
126,c06-087-05-08
126,b06-036-02-05
126,b06-036-02-01
126,b06-036-03-09
126,b06-012-01-03
126,c06-087-02-02
126,b06-110-06-00
126,b06-110-04-04
126,b06-036-01-05
126,c06-087-05-04
126,b06-012-01-04
126,c06-052-04-00
126,b06-036-04-06
126,b06-110-04-06
126,c06-087-04-06
126,c06-052-00-03
126,b06-036-03-06
126,b06-110-01-00
126,c06-087-04-00
126,b06-036-05-05
126,b06-110-04-05
126,c06-052-01-03
126,b06-036-04-00
126,c06-087-04-07
126,b06-110-00-09
126,b06-110-00-01
126,c06-087-05-00
126,c06-087-02-05
126,b06-036-00-05
126,b06-012-02-09
126,c06-052-01-09
126,b06-036-05-01
126,c06-052-00-01
126,b06-110-02-03
126,b06-012-03-11
126,b06-036-07-03
126,b06-110-01-06
126,c06-052-00-04
126,b06-110-03-02
126,b06-012-00-06
126,c06-052-04-05
126,c06-087-03-01
126,b06-110-02-04
126,c06-087-03-09
126,b06-110-03-06
126,b06-036-07-05
126,b06-110-03-05
126,c06-087-05-02
126,c06-087-03-08
126,b06-110-06-01
126,b06-110-05-01
126,b06-012-03-01
126,c06-087-02-01
126,b06-110-02-06
126,b06-036-07-01
126,b06-110-04-00
126,b06-036-01-03
126,c06-052-03-04
126,b06-036-00-06
126,b06-036-04-05
126,c06-052-00-07
126,c06-087-03-05
126,b06-036-00-07
126,b06-110-00-08
126,c06-052-01-06
126,b06-036-05-06
126,b06-036-01-07
126,b06-036-07-00
126,b06-012-04-07
126,b06-036-01-08
126,b06-036-04-10
126,b06-110-02-02
126,b06-036-01-04
126,b06-036-03-04
126,b06-036-02-08
126,b06-110-03-00
126,b06-036-00-02
126,c06-052-03-09
126,c06-087-03-07
126,b06-036-05-00
126,b06-012-04-09
126,c06-052-04-04
126,c06-052-01-05
126,c06-052-04-10
126,b06-110-05-07
126,b06-012-04-00
126,b06-036-00-04
126,b06-012-01-02
126,b06-036-01-01
126,b06-036-01-09
126,b06-110-04-02
126,b06-012-00-07
126,c06-087-02-04
126,c06-087-04-10
126,b06-110-05-03
126,c06-052-04-08
126,b06-110-04-07
126,b06-012-00-00
126,b06-012-01-06
126,c06-087-02-07
126,b06-110-00-10
126,b06-012-03-07
126,c06-052-04-01
126,b06-110-00-04
126,b06-036-05-04
126,b06-036-05-07
126,b06-110-02-08
126,b06-110-02-01
126,c06-052-01-07
126,b06-012-03-09
126,b06-110-07-02
126,b06-110-04-03
126,b06-012-04-05
126,b06-110-02-07
126,b06-036-04-08
126,b06-036-00-09
126,b06-036-00-00
126,c06-052-01-08
126,c06-087-05-06
126,c06-052-01-11
126,b06-110-06-07
126,b06-012-03-10
126,b06-110-05-08
126,b06-012-02-08
126,b06-110-04-08
126,b06-036-07-04
126,c06-087-04-04
126,c06-087-04-05
126,c06-087-02-09
126,b06-110-06-03
126,b06-110-05-06
126,c06-087-04-01
126,b06-036-02-03
126,b06-012-04-10
126,b06-036-04-04
126,b06-036-05-09
126,b06-110-04-01
126,c06-052-01-04
126,c06-052-04-03
126,b06-110-05-00
126,b06-110-07-00
126,b06-012-02-00
126,b06-110-00-06
126,b06-036-01-10
126,b06-012-04-01
126,c06-052-01-02
126,b06-012-01-05
126,b06-110-05-04
126,b06-110-01-02
126,c06-052-01-13
126,b06-012-03-04
126,b06-012-00-09
126,b06-036-02-10
126,b06-110-07-03
126,b06-036-00-01
126,b06-110-01-08
126,b06-110-00-02
126,b06-012-00-01
126,b06-110-05-10
126,c06-052-03-03
126,b06-036-04-07
126,c06-087-03-02
126,b06-012-00-03
126,c06-052-01-01
126,b06-036-00-10
126,b06-110-01-01
126,b06-012-04-04
126,c06-087-03-10
126,c06-087-02-08
126,c06-052-01-00
126,b06-036-02-07
126,b06-012-01-01
126,c06-052-03-02
126,b06-110-01-05
126,c06-052-00-06
126,b06-012-03-03
126,b06-012-04-06
126,b06-110-02-09
126,c06-087-05-01
126,c06-052-01-10
126,b06-012-04-02
126,b06-012-02-02
126,b06-036-04-03
126,b06-036-03-07
126,b06-036-02-09
126,b06-012-03-06
126,b06-012-03-08
126,c06-087-05-03
126,b06-036-04-09
126,b06-110-03-03
126,b06-036-02-04
126,b06-110-05-02
126,b06-012-00-02
126,b06-036-01-02
126,b06-110-06-04
126,b06-036-05-03
126,b06-012-03-02
126,c06-052-04-06
126,b06-036-00-08
127,b06-053-10-03
127,b06-053-06-01
127,b06-053-05-02
127,c06-106-09-02
127,b06-053-02-02
127,b06-053-02-03
127,c06-106-05-06
127,c06-106-06-05
127,b06-015-04-05
127,c06-106-07-00
127,b06-053-03-02
127,b06-015-08-03
127,b06-015-05-02
127,b06-015-05-05
127,b06-053-05-05
127,c06-106-07-01
127,c06-106-00-06
127,b06-053-02-01
127,b06-015-04-00
127,c06-106-00-01
127,c06-106-05-05
127,c06-106-06-03
127,c06-106-09-05
127,b06-015-08-04
127,b06-015-09-03
127,c06-106-03-00
127,c06-106-07-05
127,b06-053-10-01
127,b06-015-04-04
127,b06-053-02-00
127,c06-106-05-00
127,b06-015-10-04
127,b06-053-08-02
127,c06-106-06-00
127,b06-015-00-03
127,b06-053-00-02
127,b06-053-00-01
127,c06-106-00-02
127,b06-015-06-00
127,c06-106-01-03
127,c06-106-06-04
127,b06-053-00-00
127,b06-053-08-03
127,c06-106-01-02
127,c06-106-05-04
127,b06-053-00-03
127,b06-015-02-02
127,b06-053-00-04
127,b06-015-09-02
127,c06-106-03-03
127,b06-015-05-00
127,c06-106-06-01
127,c06-106-01-01
127,c06-106-00-07
127,b06-053-06-03
127,b06-015-06-01
127,b06-015-08-01
127,c06-106-03-07
127,b06-053-01-01
127,b06-053-01-04
127,c06-106-06-06
127,b06-053-10-00
127,c06-106-06-08
127,b06-015-00-04
127,b06-015-02-05
127,c06-106-03-08
127,b06-015-00-00
127,b06-015-10-06
127,b06-015-01-03
127,b06-053-08-01
127,b06-015-01-04
127,b06-053-06-00
127,c06-106-03-05
127,c06-106-03-02
127,b06-053-06-02
127,b06-015-10-03
127,b06-053-03-01
127,c06-106-05-03
127,b06-053-05-00
127,c06-106-09-04
127,b06-015-05-04
127,c06-106-00-03
127,b06-015-05-03
127,c06-106-06-07
127,c06-106-06-02
127,b06-053-09-01
127,b06-015-06-02
127,b06-015-10-00
127,c06-106-01-04
127,b06-015-02-03
127,c06-106-00-05
127,b06-015-00-06
127,b06-015-09-01
127,b06-015-00-02
127,b06-053-09-00
127,b06-015-09-00
127,b06-015-02-00
127,c06-106-09-01
127,b06-015-00-05
127,c06-106-00-00
127,b06-053-01-03
127,b06-053-03-04
127,c06-106-03-06
127,c06-106-05-01
127,b06-015-10-02
127,c06-106-07-06
127,c06-106-01-05
127,b06-015-01-02
127,b06-053-05-03
127,b06-015-02-01
127,b06-015-01-06
127,b06-015-10-05
127,b06-053-09-02
127,b06-053-01-02
127,b06-053-00-05
127,c06-106-09-00
127,b06-053-01-05
127,b06-015-04-01
127,b06-015-04-03
127,b06-053-02-04
127,b06-053-06-04
127,b06-015-01-01
127,b06-053-03-03
127,b06-015-01-05
127,b06-015-05-01
127,b06-015-02-04
127,b06-053-08-00
127,c06-106-07-04
127,b06-015-06-03
127,c06-106-00-04
127,b06-015-01-00
127,b06-015-08-00
127,c06-106-05-02
127,b06-053-05-04
127,c06-106-07-03
127,b06-015-08-02
127,c06-106-03-01
127,b06-053-00-06
127,b06-015-00-01
127,c06-106-03-04
127,b06-053-01-00
127,b06-015-04-02
127,b06-053-03-00
127,b06-015-10-01
127,b06-053-05-01
127,c06-106-07-02
128,c06-128-05-03
128,b06-071-03-01
128,c06-076-06-05
128,b06-019-00-04
128,c06-076-05-00
128,b06-019-00-02
128,c06-027-06-02
128,c06-076-01-01
128,c06-076-06-07
128,c06-027-06-04
128,c06-128-06-07
128,b06-071-00-00
128,c06-027-06-08
128,c06-128-08-01
128,c06-128-00-03
128,c06-027-06-10
128,c06-076-01-03
128,c06-076-06-01
128,b06-019-04-08
128,c06-027-06-01
128,b06-019-01-03
128,b06-019-01-02
128,b06-019-01-01
128,c06-027-03-00
128,c06-128-00-08
128,c06-076-02-02
128,c06-128-04-03
128,c06-027-00-11
128,c06-076-03-02
128,b06-019-07-05
128,c06-027-05-02
128,c06-128-01-04
128,b06-019-03-05
128,b06-019-04-04
128,c06-027-05-00
128,c06-027-06-07
128,c06-128-00-01
128,c06-027-03-01
128,b06-071-08-04
128,c06-027-00-08
128,c06-128-07-00
128,b06-071-07-03
128,c06-128-08-08
128,c06-027-01-06
128,b06-019-04-05
128,b06-019-04-02
128,c06-076-01-04
128,c06-128-00-05
128,b06-019-03-03
128,b06-071-08-06
128,c06-027-06-05
128,c06-076-00-00
128,c06-128-08-05
128,c06-076-09-05
128,b06-071-07-00
128,b06-071-02-02
128,c06-076-02-04
128,b06-019-07-03
128,c06-128-07-06
128,c06-128-08-04
128,c06-027-01-00
128,b06-019-04-03
128,c06-076-06-02
128,c06-027-00-10
128,b06-071-01-02
128,b06-019-05-02
128,c06-076-04-01
128,b06-019-04-00
128,c06-128-05-07
128,c06-027-04-00
128,c06-076-02-05
128,b06-019-00-07
128,c06-076-03-01
128,c06-076-02-00
128,c06-128-08-07
128,b06-071-05-03
128,c06-128-08-06
128,c06-027-04-05
128,c06-076-00-03
128,b06-071-06-00
128,b06-019-01-00
128,c06-076-04-07
128,c06-128-08-03
128,b06-071-01-01
128,c06-076-04-04
128,c06-027-00-05
128,c06-128-03-05
128,c06-128-07-03
128,c06-076-09-02
128,b06-071-00-02
128,c06-128-06-02
128,c06-128-04-01
128,b06-019-09-02
128,b06-071-02-01
128,c06-027-04-02
128,c06-128-00-02
128,c06-027-01-04
128,b06-019-04-07
128,c06-128-01-01
128,b06-019-01-05
128,c06-076-00-08
128,c06-076-06-00
128,c06-128-01-03
128,c06-076-02-06
128,c06-076-00-04
128,b06-019-09-00
128,c06-076-05-09
128,c06-076-05-02
128,b06-071-06-01
128,c06-076-09-03
128,c06-076-06-04
128,b06-071-09-00
128,b06-071-07-01
128,c06-027-06-06
128,c06-027-04-07
128,b06-019-07-04
128,b06-071-08-01
128,c06-076-01-08
128,c06-128-07-02
128,c06-027-06-00
128,c06-027-05-04
128,c06-076-01-05
128,b06-071-06-06
128,c06-076-03-08
128,c06-128-00-00
128,c06-076-04-05
128,c06-128-04-05
128,c06-027-04-01
128,c06-027-06-09
128,c06-027-05-03
128,b06-071-05-00
128,b06-071-07-06
128,c06-128-06-05
128,c06-128-08-02
128,c06-128-04-04
128,b06-071-00-04
128,b06-019-03-01
128,c06-076-09-00
128,c06-076-06-03
128,c06-027-05-08
128,c06-027-01-05
128,b06-071-08-03
128,b06-019-03-07
128,b06-071-08-00
128,c06-128-03-01
128,c06-128-00-07
128,b06-019-03-06
128,c06-076-09-06
128,b06-071-05-02
128,c06-027-01-02
128,c06-076-03-00
128,b06-071-03-02
128,c06-128-05-04
128,c06-128-03-04
128,b06-019-05-05
128,b06-071-08-05
128,b06-071-09-04
128,b06-019-05-00
128,b06-019-04-06
128,b06-019-00-00
128,b06-019-08-02
128,c06-027-05-06
128,b06-071-01-00
128,b06-019-07-01
128,b06-071-06-03
128,b06-019-01-04
128,c06-027-01-03
128,c06-076-06-09
128,c06-076-05-03
128,c06-076-05-04
128,c06-027-04-04
128,b06-071-03-06
128,c06-128-07-04
128,c06-076-03-05
128,c06-128-06-06
128,c06-128-05-06
128,b06-071-09-02
128,b06-019-00-01
128,b06-071-02-05
128,c06-027-00-07
128,b06-071-01-05
128,c06-027-03-07
128,b06-019-05-04
128,c06-027-05-05
128,c06-027-00-02
128,c06-076-00-01
128,c06-076-01-02
128,c06-076-09-07
128,c06-128-03-02
128,c06-076-05-08
128,c06-076-02-07
128,b06-019-09-01
128,c06-128-07-05
128,c06-128-06-00
128,c06-076-01-00
128,c06-027-00-06
128,b06-071-02-03
128,b06-019-08-04
128,b06-019-07-00
128,c06-027-03-09
128,c06-076-03-06
128,b06-071-06-04
128,c06-027-03-06
128,c06-076-01-06
128,b06-019-08-01
128,b06-071-03-04
128,c06-027-03-08
128,c06-128-00-04
128,c06-076-04-06
128,c06-027-00-00
128,b06-071-06-02
128,b06-071-08-07
128,b06-019-05-01
128,b06-019-08-03
128,b06-019-07-06
128,c06-076-05-06
128,c06-076-03-03
128,b06-071-07-05
128,c06-027-05-07
128,b06-071-05-01
128,b06-071-01-04
128,c06-128-05-05
128,b06-071-07-02
128,c06-076-00-07
128,c06-027-04-03
128,c06-027-03-03
128,b06-071-03-03
128,c06-076-04-09
128,c06-027-00-01
128,c06-027-03-05
128,c06-076-05-05
128,b06-019-03-00
128,c06-027-03-04
128,c06-027-00-09
128,b06-071-06-05
128,c06-076-03-07
128,c06-027-00-12
128,c06-128-00-06
128,c06-027-01-01
128,c06-128-04-02
128,b06-019-00-03
128,b06-019-04-01
128,c06-076-00-06
128,b06-071-00-03
128,c06-076-02-01
128,c06-128-05-00
128,c06-128-07-01
128,c06-128-08-00
128,b06-019-07-02
128,b06-071-07-04
128,c06-076-04-08
128,c06-076-09-01
128,c06-128-04-07
128,c06-128-06-03
128,c06-027-00-03
128,c06-027-06-03
128,c06-128-01-02
128,c06-076-00-02
128,b06-071-01-06
128,c06-076-09-04
128,c06-076-04-03
128,c06-128-03-00
128,c06-076-04-02
128,c06-076-06-06
128,c06-076-01-07
128,c06-128-05-01
128,b06-071-09-03
128,c06-128-06-01
128,b06-019-00-05
128,c06-076-06-08
128,b06-071-02-04
128,c06-076-02-03
128,b06-071-09-01
128,b06-071-00-01
128,b06-071-03-00
128,b06-071-07-07
128,b06-019-08-00
128,c06-076-00-05
128,b06-019-03-04
128,b06-019-00-06
128,c06-128-07-07
128,b06-071-05-04
128,b06-071-02-00
128,c06-027-03-02
128,c06-128-04-00
128,c06-128-01-00
128,c06-076-03-04
128,b06-019-05-03
128,c06-128-05-02
128,c06-076-05-01
128,b06-019-03-02
128,c06-027-00-04
128,b06-071-01-03
128,c06-128-03-03
128,b06-071-03-05
128,c06-128-06-04
128,c06-027-04-06
128,c06-076-04-00
128,c06-128-04-06
128,c06-027-05-01
129,c06-138-08-01
129,b06-027-09-03
129,c06-014-01-00
129,c06-138-10-01
129,b06-027-08-04
129,c06-103-04-01
129,c06-138-08-03
129,c06-138-07-00
129,c06-138-10-00
129,b06-027-00-03
129,b06-027-01-03
129,c06-138-04-00
129,b06-027-09-02
129,c06-103-04-00
129,c06-138-03-02
129,b06-027-09-04
129,c06-103-00-00
129,c06-138-03-04
129,b06-027-01-02
129,c06-014-01-03
129,c06-103-07-04
129,c06-103-04-03
129,c06-138-09-02
129,c06-014-01-04
129,b06-027-09-00
129,c06-103-05-02
129,b06-027-05-01
129,c06-103-00-02
129,c06-103-03-00
129,c06-138-09-00
129,b06-027-00-04
129,c06-103-03-02
129,c06-103-07-01
129,c06-103-00-04
129,b06-027-00-01
129,c06-103-03-04
129,c06-103-07-03
129,b06-027-00-00
129,c06-103-03-01
129,c06-138-03-03
129,c06-138-07-02
129,c06-103-00-01
129,c06-103-05-05
129,c06-103-04-02
129,b06-027-01-00
129,c06-138-08-02
129,b06-027-05-02
129,c06-138-07-03
129,b06-027-08-01
129,b06-027-05-00
129,c06-138-08-00
129,c06-103-03-05
129,c06-103-07-05
129,c06-103-05-00
129,c06-138-04-04
129,b06-027-09-01
129,c06-014-01-05
129,c06-103-05-03
129,c06-103-04-04
129,c06-138-03-00
129,c06-138-04-02
129,c06-103-05-06
129,b06-027-01-01
129,c06-103-03-03
129,c06-138-09-01
129,c06-138-03-05
129,b06-027-01-04
129,c06-014-01-02
129,c06-138-07-01
129,c06-138-07-04
129,c06-103-05-01
129,c06-103-05-04
129,b06-027-08-05
129,b06-027-00-02
129,c06-103-00-03
129,b06-027-08-03
129,b06-027-08-02
129,c06-103-07-02
129,c06-103-07-00
129,b06-027-08-00
129,b06-027-05-04
129,c06-138-04-01
129,c06-138-03-01
129,c06-014-01-01
129,c06-138-04-03
129,c06-138-09-03
130,b06-032-06-06
130,c06-031-07-02
130,b06-032-06-03
130,b06-032-05-02
130,c06-031-04-05
130,b06-032-00-07
130,b06-059-03-02
130,c06-000-06-04
130,b06-059-02-04
130,b06-079-02-05
130,b06-059-00-05
130,b06-059-01-03
130,b06-059-08-05
130,b06-059-08-06
130,b06-032-06-05
130,b06-032-03-02
130,b06-079-03-06
130,b06-079-00-02
130,b06-032-00-03
130,b06-079-03-00
130,c06-000-04-05
130,c06-000-00-08
130,b06-079-00-05
130,b06-079-09-06
130,b06-079-04-04
130,b06-059-02-01
130,b06-059-07-04
130,b06-059-01-10
130,c06-031-02-06
130,c06-031-02-07
130,b06-059-02-07
130,b06-032-02-03
130,c06-031-01-11
130,c06-000-05-00
130,c06-031-01-00
130,c06-000-01-04
130,b06-059-01-00
130,b06-079-00-07
130,b06-079-06-05
130,c06-000-05-05
130,b06-059-02-02
130,b06-079-04-07
130,b06-059-07-06
130,c06-031-06-07
130,c06-031-01-01
130,b06-079-09-05
130,b06-059-01-04
130,c06-000-03-06
130,b06-059-04-00
130,c06-000-01-03
130,b06-032-01-07
130,b06-079-05-01
130,b06-079-03-07
130,c06-031-01-06
130,b06-032-01-01
130,b06-059-01-02
130,b06-059-06-03
130,b06-032-03-07
130,b06-032-00-05
130,c06-031-02-03
130,b06-079-06-06
130,b06-032-04-06
130,b06-079-09-02
130,c06-031-07-01
130,b06-059-02-06
130,b06-079-01-00
130,b06-059-06-02
130,c06-000-02-09
130,b06-079-09-04
130,b06-059-06-00
130,b06-059-02-03
130,c06-000-05-02
130,b06-059-01-07
130,c06-031-06-00
130,c06-000-02-07
130,b06-079-04-02
130,c06-000-03-01
130,c06-031-03-04
130,c06-031-07-00
130,c06-000-01-06
130,c06-000-04-07
130,b06-032-04-00
130,b06-032-06-04
130,b06-032-05-00
130,c06-000-04-04
130,b06-079-08-05
130,c06-000-04-00
130,c06-000-01-07
130,c06-031-07-03
130,b06-079-02-02
130,b06-079-01-04
130,b06-059-07-00
130,b06-032-04-02
130,c06-031-02-00
130,b06-079-05-03
130,b06-059-04-06
130,b06-032-02-01
130,b06-079-02-04
130,b06-079-00-06
130,b06-059-07-03
130,b06-079-06-04
130,c06-000-04-08
130,b06-079-07-05
130,b06-032-03-01
130,b06-059-04-07
130,c06-000-06-02
130,c06-000-03-07
130,b06-059-00-04
130,b06-079-07-03
130,b06-079-07-06
130,c06-031-01-08
130,c06-000-00-00
130,c06-031-06-02
130,c06-031-03-05
130,b06-059-00-06
130,b06-032-00-02
130,c06-031-06-01
130,c06-031-04-04
130,c06-000-03-05
130,b06-059-09-03
130,b06-059-09-00
130,b06-079-05-00
130,b06-079-09-00
130,c06-000-00-06
130,c06-031-04-02
130,c06-000-06-00
130,c06-000-02-01
130,c06-031-03-03
130,b06-059-03-01
130,b06-059-04-04
130,b06-079-05-05
130,c06-031-01-07
130,b06-079-06-01
130,b06-032-03-06
130,c06-000-03-00
130,b06-059-03-03
130,c06-031-02-02
130,b06-079-07-01
130,b06-059-09-02
130,b06-059-02-00
130,c06-000-00-01
130,c06-000-00-04
130,b06-079-07-02
130,b06-079-09-07
130,b06-079-08-04
130,b06-079-08-01
130,b06-059-07-02
130,b06-079-06-03
130,b06-079-03-08
130,c06-031-01-02
130,b06-079-00-00
130,b06-059-01-06
130,b06-079-07-00
130,b06-079-07-04
130,b06-079-06-02
130,b06-079-08-06
130,b06-079-09-03
130,b06-079-01-05
130,b06-059-08-03
130,b06-032-02-06
130,b06-032-04-03
130,c06-031-06-04
130,b06-032-03-04
130,b06-059-08-01
130,b06-059-04-05
130,b06-032-03-00
130,b06-032-03-08
130,c06-000-01-02
130,b06-059-04-02
130,b06-032-01-03
130,c06-000-01-08
130,b06-032-00-04
130,c06-000-01-05
130,b06-079-05-07
130,b06-079-02-06
130,c06-000-06-03
130,c06-031-03-00
130,c06-000-03-03
130,c06-000-00-09
130,b06-032-05-03
130,b06-059-00-03
130,b06-032-04-07
130,b06-032-02-04
130,c06-031-03-06
130,b06-059-00-00
130,b06-079-05-04
130,c06-000-02-04
130,b06-079-01-02
130,c06-031-04-01
130,b06-032-05-05
130,c06-000-03-02
130,c06-000-00-03
130,b06-059-09-05
130,c06-000-04-06
130,b06-079-01-06
130,b06-059-09-01
130,c06-000-00-07
130,b06-059-03-00
130,b06-079-08-00
130,c06-000-06-01
130,b06-032-06-00
130,b06-079-03-09
130,b06-059-06-06
130,b06-079-03-03
130,c06-031-02-05
130,b06-032-06-01
130,c06-000-02-12
130,b06-079-02-01
130,b06-032-00-06
130,b06-032-01-06
130,b06-059-08-00
130,b06-079-02-00
130,b06-059-01-08
130,b06-059-06-01
130,b06-079-09-01
130,b06-032-04-08
130,b06-059-08-04
130,c06-031-02-01
130,c06-000-03-04
130,b06-059-03-04
130,b06-059-03-05
130,b06-079-00-04
130,b06-059-04-03
130,b06-079-06-07
130,b06-079-05-06
130,c06-031-03-02
130,b06-032-01-04
130,b06-032-02-00
130,b06-032-01-00
130,c06-000-02-03
130,c06-031-01-04
130,b06-032-04-05
130,b06-059-02-05
130,c06-000-04-03
130,b06-059-07-01
130,b06-032-01-02
130,b06-059-00-07
130,c06-031-04-07
130,c06-000-02-05
130,c06-000-01-00
130,b06-079-03-05
130,b06-059-04-01
130,c06-031-02-08
130,c06-000-02-11
130,b06-079-03-04
130,c06-000-02-00
130,c06-000-02-02
130,b06-059-00-02
130,b06-032-05-06
130,b06-032-04-04
130,b06-079-04-00
130,b06-079-05-02
130,b06-032-03-05
130,b06-079-01-03
130,b06-032-02-05
130,b06-032-05-04
130,c06-000-00-02
130,b06-032-03-03
130,b06-079-00-01
130,c06-000-05-04
130,b06-059-03-06
130,b06-032-01-08
130,c06-031-03-07
130,c06-031-03-01
130,b06-079-02-07
130,c06-000-05-03
130,b06-059-06-05
130,b06-079-08-03
130,b06-032-04-01
130,b06-059-06-04
130,b06-079-00-03
130,b06-059-09-04
130,b06-079-04-03
130,b06-079-03-02
130,b06-059-01-01
130,c06-031-04-03
130,b06-059-08-02
130,c06-031-01-05
130,c06-031-04-06
130,b06-032-02-02
130,c06-031-01-03
130,c06-031-01-09
130,c06-000-01-01
130,b06-079-04-08
130,b06-032-05-01
130,c06-031-06-03
130,b06-059-01-09
130,c06-031-06-05
130,b06-032-00-01
130,c06-000-02-08
130,b06-032-01-05
130,b06-032-06-02
130,c06-031-02-04
130,c06-031-06-08
130,c06-000-02-10
130,b06-079-04-06
130,b06-032-02-07
130,c06-031-01-10
130,c06-000-02-06
130,b06-059-00-01
130,c06-000-04-01
130,b06-079-02-03
130,b06-079-03-01
130,b06-079-04-05
130,b06-032-00-00
130,c06-000-05-01
130,c06-031-06-06
130,c06-031-04-00
130,c06-000-04-02
130,b06-079-08-02
130,b06-079-06-00
130,b06-079-04-01
130,c06-000-00-05
130,b06-059-03-07
131,b06-068-02-00
131,b06-068-06-00
131,b06-042-08-00
131,b06-042-02-00
131,c06-095-04-02
131,c06-058-06-02
131,c06-095-04-09
131,c06-058-05-06
131,c06-095-03-02
131,c06-095-06-06
131,c06-095-04-05
131,b06-042-08-03
131,b06-068-07-03
131,c06-058-04-03
131,c06-095-00-08
131,b06-042-06-04
131,c06-095-04-10
131,b06-068-04-05
131,c06-095-02-03
131,b06-068-08-03
131,b06-068-01-02
131,c06-058-03-05
131,b06-042-10-01
131,c06-058-02-01
131,c06-095-00-03
131,c06-058-02-04
131,c06-095-00-09
131,b06-042-01-00
131,c06-058-00-06
131,c06-095-07-00
131,b06-042-10-03
131,c06-095-01-03
131,c06-095-00-01
131,c06-058-00-07
131,c06-058-02-02
131,b06-068-09-07
131,c06-058-00-02
131,b06-042-04-04
131,c06-095-01-06
131,b06-068-08-01
131,b06-042-02-01
131,b06-068-07-06
131,c06-058-01-01
131,c06-095-04-08
131,c06-095-04-07
131,b06-042-03-03
131,b06-042-04-06
131,c06-058-05-02
131,c06-058-02-07
131,b06-068-06-01
131,b06-068-04-02
131,b06-042-01-03
131,b06-068-02-03
131,b06-068-09-01
131,c06-058-00-01
131,b06-042-00-02
131,c06-058-02-05
131,c06-058-00-04
131,b06-042-10-04
131,c06-058-02-03
131,c06-095-00-00
131,b06-068-10-00
131,c06-058-03-01
131,b06-068-09-04
131,c06-095-03-00
131,b06-068-08-06
131,b06-068-05-00
131,b06-042-01-01
131,c06-095-04-01
131,b06-042-07-01
131,b06-068-10-02
131,c06-095-03-01
131,c06-095-01-12
131,c06-095-04-00
131,b06-042-06-02
131,b06-042-06-08
131,c06-095-06-01
131,c06-058-01-02
131,b06-068-03-01
131,b06-068-03-03
131,b06-068-07-02
131,b06-068-05-04
131,b06-042-07-03
131,c06-095-04-03
131,b06-042-00-03
131,b06-068-05-03
131,b06-068-09-05
131,b06-068-05-01
131,c06-095-02-02
131,c06-058-06-03
131,c06-058-06-08
131,b06-042-03-07
131,b06-042-02-02
131,b06-068-03-04
131,c06-058-01-04
131,c06-058-06-07
131,b06-042-08-02
131,c06-058-03-06
131,b06-042-04-01
131,b06-042-01-05
131,b06-068-07-07
131,c06-095-06-00
131,b06-068-00-04
131,c06-095-01-07
131,b06-068-06-03
131,b06-068-08-05
131,b06-042-03-05
131,c06-095-06-02
131,c06-058-04-04
131,c06-095-00-11
131,b06-068-04-03
131,c06-058-03-04
131,c06-095-01-11
131,c06-058-06-05
131,b06-042-06-06
131,b06-068-04-04
131,b06-068-05-05
131,b06-068-06-05
131,b06-068-00-05
131,c06-095-00-06
131,b06-042-10-00
131,c06-058-01-06
131,c06-058-05-08
131,c06-058-03-07
131,b06-042-08-01
131,c06-095-03-04
131,b06-068-00-03
131,b06-068-08-04
131,c06-095-03-03
131,b06-042-00-04
131,c06-058-01-00
131,b06-068-00-01
131,b06-068-03-02
131,b06-042-04-02
131,b06-068-04-00
131,c06-058-02-08
131,b06-068-02-04
131,c06-095-01-10
131,b06-042-09-03
131,b06-042-02-05
131,c06-095-00-10
131,c06-058-05-04
131,b06-042-02-03
131,c06-058-06-09
131,b06-042-04-03
131,b06-042-00-01
131,c06-095-00-07
131,b06-042-06-01
131,b06-042-06-05
131,b06-042-07-05
131,c06-095-03-05
131,c06-058-00-03
131,b06-042-02-06
131,b06-042-10-02
131,c06-058-06-04
131,c06-095-01-05
131,b06-042-07-06
131,b06-068-01-01
131,c06-095-06-07
131,b06-042-07-00
131,c06-095-04-06
131,c06-095-06-05
131,c06-095-00-04
131,b06-042-03-06
131,b06-068-04-01
131,c06-095-02-04
131,b06-042-06-07
131,b06-068-05-06
131,c06-058-04-00
131,c06-058-05-05
131,b06-042-07-07
131,c06-058-02-00
131,b06-068-08-02
131,b06-068-06-04
131,b06-068-10-01
131,c06-058-05-07
131,c06-095-07-01
131,c06-058-04-07
131,b06-068-06-02
131,b06-068-05-02
131,b06-042-06-03
131,c06-058-06-06
131,b06-068-01-00
131,b06-042-03-00
131,b06-068-09-02
131,c06-058-03-00
131,b06-042-07-04
131,b06-042-09-02
131,b06-042-09-04
131,b06-042-09-01
131,c06-095-01-08
131,c06-095-01-02
131,b06-068-01-03
131,b06-042-08-05
131,b06-068-02-02
131,c06-058-00-05
131,b06-042-08-04
131,b06-068-01-05
131,b06-042-09-00
131,b06-042-10-05
131,c06-058-04-08
131,b06-068-09-03
131,b06-042-00-05
131,c06-058-05-01
131,b06-068-09-06
131,b06-068-00-00
131,b06-068-10-03
131,c06-058-00-00
131,b06-068-06-06
131,b06-042-10-06
131,b06-068-07-01
131,c06-095-02-05
131,c06-058-02-06
131,b06-042-04-05
131,b06-042-03-01
131,c06-058-04-06
131,b06-068-07-05
131,c06-095-00-02
131,c06-058-03-02
131,c06-095-03-06
131,b06-042-01-04
131,c06-058-04-01
131,c06-095-06-04
131,b06-068-02-01
131,c06-058-06-00
131,b06-042-07-02
131,b06-068-07-04
131,b06-042-03-04
131,c06-058-03-03
131,c06-058-05-03
131,c06-095-04-04
131,b06-042-03-02
131,c06-058-01-03
131,b06-042-00-00
131,c06-095-01-01
131,c06-095-00-05
131,c06-058-04-05
131,c06-058-01-05
131,b06-068-00-02
131,b06-068-07-00
131,b06-068-00-06
131,b06-042-06-09
131,b06-042-09-05
131,c06-095-01-04
131,b06-068-08-00
131,b06-068-09-00
131,b06-042-02-04
131,c06-058-05-00
131,b06-042-06-00
131,b06-042-04-00
131,c06-058-01-07
131,c06-058-06-01
131,b06-068-01-04
131,c06-095-01-00
131,c06-095-01-09
131,b06-068-03-00
131,c06-095-02-01
131,c06-095-02-00
131,c06-095-06-03
132,c06-091-02-09
132,c06-047-02-07
132,b06-082-07-02
132,c06-091-01-06
132,b06-082-03-04
132,b06-082-06-02
132,b06-082-05-07
132,c06-091-01-09
132,b06-082-05-00
132,b06-082-03-02
132,b06-045-04-07
132,b06-045-04-05
132,b06-082-02-01
132,b06-082-01-02
132,b06-082-05-03
132,b06-082-07-00
132,c06-091-00-00
132,c06-047-03-10
132,c06-091-03-03
132,c06-047-05-02
132,c06-091-00-03
132,b06-045-02-03
132,c06-091-03-07
132,c06-091-02-10
132,b06-082-07-06
132,c06-091-00-09
132,b06-082-05-06
132,b06-045-06-04
132,c06-091-01-05
132,c06-091-01-08
132,b06-045-00-01
132,b06-045-06-02
132,b06-045-02-09
132,b06-045-02-02
132,b06-082-04-02
132,b06-045-00-02
132,c06-047-06-06
132,c06-047-06-00
132,b06-045-04-06
132,c06-047-02-01
132,b06-082-01-06
132,c06-091-02-02
132,b06-082-00-04
132,c06-091-02-00
132,b06-082-01-08
132,c06-047-05-04
132,b06-045-05-06
132,c06-047-06-04
132,c06-047-03-06
132,b06-082-03-03
132,b06-045-05-02
132,b06-082-01-03
132,c06-091-03-00
132,b06-045-00-00
132,c06-091-01-10
132,b06-045-05-03
132,c06-047-02-03
132,c06-047-05-01
132,c06-091-00-05
132,b06-045-01-05
132,b06-082-04-08
132,b06-045-00-05
132,b06-082-06-05
132,b06-045-02-07
132,b06-082-04-06
132,b06-082-00-00
132,b06-082-07-07
132,c06-047-06-01
132,b06-082-06-08
132,b06-045-02-00
132,c06-047-02-06
132,b06-082-04-07
132,c06-091-00-02
132,c06-047-00-02
132,b06-045-00-04
132,c06-091-00-01
132,c06-047-05-08
132,c06-091-03-06
132,c06-091-02-11
132,c06-047-00-07
132,b06-082-02-04
132,c06-091-01-04
132,c06-091-03-02
132,c06-047-03-05
132,c06-047-03-04
132,c06-091-03-14
132,b06-045-07-02
132,b06-082-01-00
132,c06-047-05-05
132,c06-091-02-04
132,b06-045-01-06
132,c06-047-03-00
132,b06-045-04-03
132,b06-045-06-03
132,c06-091-01-07
132,c06-047-05-03
132,b06-045-01-03
132,b06-045-02-05
132,b06-045-03-03
132,b06-082-06-03
132,b06-082-00-03
132,c06-091-00-12
132,c06-047-00-04
132,c06-047-00-05
132,b06-082-06-07
132,c06-091-01-11
132,c06-047-06-02
132,b06-045-03-01
132,b06-045-05-01
132,b06-082-04-05
132,c06-047-02-08
132,b06-082-07-01
132,b06-045-07-00
132,c06-047-02-00
132,c06-047-00-10
132,b06-045-03-05
132,b06-045-00-07
132,b06-082-03-01
132,b06-082-02-06
132,c06-047-03-03
132,b06-082-03-00
132,b06-045-07-04
132,b06-082-02-00
132,b06-045-00-06
132,b06-045-03-00
132,b06-045-05-08
132,b06-082-00-02
132,c06-047-02-02
132,b06-045-04-01
132,b06-045-01-00
132,b06-082-03-06
132,c06-047-00-03
132,c06-091-01-01
132,b06-045-00-03
132,c06-091-03-08
132,c06-091-03-05
132,b06-082-00-01
132,c06-047-02-05
132,c06-091-02-06
132,c06-047-00-06
132,c06-091-00-10
132,b06-045-05-00
132,b06-045-02-08
132,c06-047-05-06
132,b06-082-02-03
132,b06-045-05-07
132,b06-045-04-04
132,b06-045-04-02
132,c06-047-06-03
132,c06-047-06-05
132,b06-045-02-04
132,c06-047-06-09
132,c06-047-00-00
132,b06-045-07-01
132,b06-082-01-01
132,b06-082-01-04
132,c06-047-06-07
132,c06-091-03-10
132,c06-091-02-03
132,c06-091-00-11
132,b06-082-07-03
132,b06-045-01-02
132,c06-047-00-08
132,b06-082-04-00
132,b06-082-01-05
132,b06-045-02-01
132,b06-045-01-07
132,b06-082-06-01
132,b06-045-04-08
132,b06-082-04-04
132,b06-082-07-05
132,b06-045-01-08
132,c06-091-03-04
132,b06-045-02-06
132,c06-047-05-00
132,b06-082-02-07
132,b06-045-07-03
132,b06-045-04-00
132,c06-091-01-02
132,c06-047-03-07
132,b06-045-06-01
132,c06-091-03-13
132,b06-082-03-07
132,c06-091-00-06
132,c06-047-00-01
132,b06-045-01-04
132,b06-045-03-04
132,b06-082-06-06
132,b06-045-01-01
132,c06-091-02-05
132,b06-045-00-08
132,c06-091-03-09
132,b06-082-00-07
132,c06-091-00-04
132,c06-047-05-07
132,c06-091-00-08
132,b06-082-05-01
132,c06-047-03-01
132,c06-091-03-12
132,c06-091-02-08
132,b06-082-05-02
132,b06-082-05-04
132,c06-047-02-04
132,c06-091-02-07
132,b06-082-06-04
132,c06-091-00-07
132,c06-091-02-01
132,c06-091-03-01
132,c06-047-06-08
132,b06-045-05-05
132,b06-045-03-06
132,c06-047-00-09
132,b06-045-05-04
132,b06-045-00-09
132,b06-082-00-06
132,b06-082-07-04
132,b06-082-03-05
132,b06-045-03-02
132,b06-082-02-02
132,b06-045-07-06
132,b06-082-01-07
132,b06-082-06-00
132,c06-047-03-09
132,c06-047-03-02
132,c06-091-01-00
132,c06-047-03-08
132,b06-045-07-05
132,b06-082-05-05
132,c06-091-03-11
132,b06-082-04-01
132,b06-082-04-03
132,b06-082-02-05
133,c06-043-01-03
133,c06-116-05-03
133,c06-080-03-06
133,c06-116-02-01
133,b06-100-00-02
133,b06-100-08-01
133,b06-064-02-00
133,b06-064-01-05
133,c06-043-02-05
133,c06-080-08-00
133,c06-043-07-05
133,c06-116-05-02
133,c06-116-06-08
133,c06-116-06-00
133,c06-116-10-01
133,c06-080-03-01
133,b06-100-04-02
133,b06-100-01-03
133,c06-043-09-04
133,c06-043-00-00
133,b06-100-03-00
133,b06-064-06-07
133,c06-080-06-01
133,c06-116-06-02
133,b06-064-10-01
133,c06-043-06-01
133,b06-064-01-03
133,b06-064-03-04
133,c06-080-03-03
133,b06-064-06-05
133,c06-043-07-01
133,b06-064-08-02
133,c06-043-02-04
133,b06-064-07-02
133,b06-100-02-03
133,c06-043-02-03
133,b06-064-09-03
133,b06-100-06-05
133,c06-043-04-01
133,c06-116-07-01
133,b06-064-09-01
133,c06-043-03-05
133,b06-064-05-03
133,c06-116-07-09
133,c06-080-00-00
133,b06-064-10-00
133,b06-064-01-00
133,b06-100-03-04
133,c06-116-10-00
133,c06-080-08-05
133,c06-043-09-03
133,b06-064-06-01
133,c06-043-02-01
133,b06-064-04-02
133,c06-080-08-04
133,b06-064-02-06
133,b06-100-00-03
133,c06-116-02-06
133,c06-043-03-04
133,c06-080-05-00
133,c06-116-07-07
133,c06-116-07-06
133,b06-100-09-05
133,c06-080-00-03
133,c06-043-06-06
133,c06-116-05-04
133,c06-080-03-04
133,c06-043-03-02
133,b06-100-07-03
133,b06-100-03-05
133,b06-064-07-03
133,c06-116-08-03
133,b06-064-09-00
133,b06-064-00-02
133,c06-080-02-00
133,b06-064-08-05
133,c06-080-05-04
133,c06-043-06-00
133,b06-100-07-02
133,c06-116-00-03
133,c06-116-06-04
133,c06-116-02-07
133,b06-100-01-06
133,b06-064-01-01
133,c06-080-04-02
133,c06-116-07-02
133,c06-080-04-01
133,b06-100-09-04
133,b06-100-07-04
133,c06-116-08-02
133,c06-116-06-07
133,b06-100-02-02
133,b06-064-02-02
133,b06-064-07-04
133,b06-100-08-02
133,c06-116-08-05
133,c06-080-03-00
133,b06-064-04-04
133,c06-043-09-01
133,c06-043-02-00
133,c06-043-01-00
133,c06-080-05-06
133,b06-064-05-02
133,c06-080-02-06
133,b06-064-03-05
133,c06-043-01-01
133,c06-080-03-05
133,c06-080-01-03
133,b06-100-04-03
133,c06-043-07-00
133,c06-043-04-03
133,c06-116-09-00
133,c06-043-07-06
133,b06-064-03-00
133,b06-100-01-01
133,c06-043-03-01
133,b06-100-08-03
133,c06-080-05-07
133,c06-116-08-04
133,b06-100-02-01
133,c06-116-04-03
133,b06-100-07-01
133,c06-080-03-08
133,b06-064-09-05
133,c06-116-10-02
133,b06-100-07-06
133,b06-064-00-00
133,c06-080-06-04
133,b06-100-02-04
133,c06-116-09-02
133,b06-100-09-01
133,c06-080-02-03
133,c06-116-02-00
133,b06-100-03-03
133,b06-064-09-04
133,b06-064-02-04
133,c06-043-07-04
133,c06-080-01-05
133,c06-116-04-00
133,b06-064-04-00
133,b06-064-04-01
133,c06-080-01-04
133,c06-080-00-04
133,b06-100-06-06
133,b06-064-09-02
133,c06-080-00-01
133,b06-100-01-00
133,c06-116-03-04
133,b06-064-06-04
133,b06-064-08-04
133,c06-043-06-03
133,b06-064-07-00
133,c06-080-06-05
133,b06-100-04-00
133,c06-043-08-00
133,b06-064-03-02
133,c06-043-01-02
133,c06-116-05-01
133,b06-064-03-07
133,c06-116-07-00
133,c06-116-05-00
133,c06-080-06-00
133,b06-064-00-01
133,b06-064-04-03
133,c06-043-06-04
133,c06-080-02-05
133,b06-064-03-06
133,b06-064-05-00
133,c06-116-07-08
133,c06-116-00-05
133,b06-064-06-03
133,c06-116-03-06
133,c06-043-08-05
133,b06-064-07-01
133,c06-043-09-02
133,c06-043-00-03
133,b06-064-08-00
133,b06-100-00-05
133,c06-080-06-03
133,b06-064-06-00
133,b06-064-02-05
133,c06-080-05-02
133,c06-080-00-02
133,c06-116-03-03
133,c06-116-02-03
133,b06-100-00-00
133,b06-100-01-04
133,b06-100-00-04
133,c06-080-04-03
133,b06-100-06-03
133,b06-064-08-03
133,c06-116-08-00
133,c06-080-04-00
133,c06-116-06-03
133,c06-116-06-09
133,b06-064-05-04
133,c06-043-04-04
133,c06-116-06-06
133,c06-043-03-00
133,c06-116-04-05
133,c06-116-04-04
133,b06-064-04-06
133,b06-064-10-02
133,b06-064-01-02
133,c06-080-08-01
133,c06-080-05-01
133,b06-064-02-03
133,c06-043-00-01
133,c06-080-03-02
133,c06-116-03-05
133,c06-080-08-06
133,b06-064-05-05
133,b06-100-04-04
133,c06-116-09-01
133,b06-100-08-06
133,c06-080-08-07
133,b06-064-06-06
133,c06-116-08-01
133,b06-100-02-06
133,c06-116-03-00
133,b06-100-02-05
133,c06-043-06-07
133,c06-080-06-02
133,b06-100-08-05
133,c06-080-01-02
133,c06-116-05-06
133,b06-064-01-04
133,b06-100-06-01
133,c06-043-01-05
133,c06-043-08-01
133,c06-116-03-01
133,c06-116-02-02
133,b06-064-03-01
133,c06-116-00-04
133,b06-064-06-02
133,b06-100-04-01
133,c06-116-06-05
133,c06-116-00-02
133,b06-100-09-02
133,c06-043-08-06
133,c06-116-02-04
133,b06-100-07-00
133,c06-080-01-01
133,b06-100-01-05
133,c06-116-09-05
133,b06-100-03-01
133,c06-080-03-07
133,b06-100-02-00
133,c06-080-08-02
133,c06-080-04-04
133,c06-116-05-05
133,c06-116-06-01
133,c06-080-02-01
133,c06-116-03-07
133,c06-116-02-05
133,b06-064-09-06
133,c06-043-07-02
133,b06-064-00-04
133,c06-116-00-00
133,c06-043-02-02
133,b06-100-07-05
133,b06-100-06-04
133,c06-080-08-03
133,c06-043-00-04
133,b06-064-00-03
133,b06-100-01-02
133,c06-080-05-08
133,b06-064-05-01
133,c06-043-04-00
133,c06-043-07-03
133,b06-064-04-05
133,c06-116-04-06
133,c06-080-02-02
133,b06-064-08-01
133,b06-100-03-02
133,c06-116-07-05
133,b06-064-07-05
133,b06-100-00-01
133,c06-080-05-05
133,c06-043-04-02
133,b06-100-06-02
133,c06-043-03-03
133,c06-116-09-03
133,c06-043-06-05
133,c06-043-06-02
133,c06-043-08-03
133,c06-116-09-04
133,c06-080-05-03
133,b06-100-08-00
133,c06-080-02-04
133,b06-064-00-05
133,c06-043-03-06
133,c06-116-07-03
133,c06-116-03-02
133,c06-043-01-04
133,b06-100-06-00
133,b06-064-03-03
133,c06-043-00-02
133,c06-043-08-04
133,b06-064-02-01
133,c06-116-00-01
133,c06-116-04-01
133,b06-100-03-06
133,c06-080-01-00
133,b06-100-09-00
133,c06-116-04-02
133,c06-116-07-04
133,c06-043-08-02
133,b06-100-08-04
134,b06-090-06-06
134,b06-087-06-03
134,b06-087-06-05
134,b06-087-03-03
134,b06-090-06-04
134,b06-090-05-03
134,b06-090-04-07
134,b06-090-03-00
134,b06-090-02-06
134,b06-090-01-06
134,b06-087-02-03
134,b06-090-04-06
134,b06-087-04-07
134,b06-090-01-01
134,b06-090-06-03
134,b06-087-02-01
134,b06-087-02-00
134,b06-087-05-01
134,b06-087-03-02
134,b06-090-05-05
134,b06-087-00-05
134,b06-087-05-02
134,b06-087-03-00
134,b06-087-05-06
134,b06-090-06-02
134,b06-087-04-02
134,b06-090-05-00
134,b06-087-02-05
134,b06-090-04-05
134,b06-087-01-07
134,b06-090-00-02
134,b06-090-00-00
134,b06-087-04-01
134,b06-090-02-01
134,b06-087-06-01
134,b06-087-01-04
134,b06-090-02-02
134,b06-090-04-08
134,b06-087-06-04
134,b06-087-04-06
134,b06-090-04-01
134,b06-087-07-05
134,b06-087-01-06
134,b06-087-07-00
134,b06-087-02-02
134,b06-090-02-03
134,b06-090-01-05
134,b06-090-03-01
134,b06-087-00-00
134,b06-087-00-04
134,b06-090-02-00
134,b06-090-04-02
134,b06-087-08-05
134,b06-090-06-01
134,b06-090-04-03
134,b06-090-03-04
134,b06-090-01-03
134,b06-090-02-05
134,b06-090-00-04
134,b06-087-01-02
134,b06-090-05-07
134,b06-087-07-06
134,b06-090-02-07
134,b06-090-01-07
134,b06-090-01-08
134,b06-090-00-06
134,b06-090-05-01
134,b06-090-06-05
134,b06-087-08-06
134,b06-087-05-03
134,b06-087-08-00
134,b06-087-08-01
134,b06-087-05-00
134,b06-090-04-00
134,b06-087-08-09
134,b06-087-07-01
134,b06-090-00-07
134,b06-087-00-08
134,b06-090-03-03
134,b06-087-04-04
134,b06-087-01-00
134,b06-087-01-05
134,b06-087-07-02
134,b06-090-05-02
134,b06-087-00-07
134,b06-087-01-01
134,b06-090-00-01
134,b06-087-05-05
134,b06-087-08-02
134,b06-087-03-01
134,b06-087-08-10
134,b06-087-08-07
134,b06-087-08-03
134,b06-087-00-03
134,b06-090-05-04
134,b06-087-04-05
134,b06-090-00-03
134,b06-090-00-05
134,b06-087-00-06
134,b06-090-06-07
134,b06-087-03-04
134,b06-090-03-06
134,b06-090-06-00
134,b06-087-00-02
134,b06-087-04-00
134,b06-090-01-04
134,b06-087-01-03
134,b06-087-06-06
134,b06-090-03-07
134,b06-087-06-02
134,b06-087-06-00
134,b06-087-02-06
134,b06-090-02-04
134,b06-087-04-03
134,b06-090-04-04
134,b06-087-00-01
134,b06-090-05-06
134,b06-090-03-05
134,b06-087-08-04
134,b06-087-07-03
134,b06-090-01-02
134,b06-087-05-04
134,b06-087-08-08
134,b06-090-03-02
134,b06-087-07-04
135,c01-009-05-03
135,c01-009-07-08
135,c01-009-07-06
135,c01-009-04-05
135,c01-014-05-01
135,c01-009-09-05
135,c01-014-00-04
135,c01-009-05-06
135,c01-009-04-08
135,c01-014-04-03
135,c01-009-00-02
135,c01-014-05-00
135,c01-009-02-04
135,c01-014-00-06
135,c01-014-07-02
135,c01-014-03-02
135,c01-014-09-06
135,c01-009-04-04
135,c01-009-08-03
135,c01-014-08-03
135,c01-014-08-09
135,c01-014-07-08
135,c01-014-04-06
135,c01-014-04-01
135,c01-014-03-00
135,c01-009-06-07
135,c01-014-05-02
135,c01-014-03-03
135,c01-014-01-06
135,c01-014-05-05
135,c01-014-09-04
135,c01-014-01-02
135,c01-014-09-07
135,c01-014-09-03
135,c01-009-06-03
135,c01-014-01-04
135,c01-009-04-09
135,c01-014-04-02
135,c01-014-00-03
135,c01-009-06-01
135,c01-009-06-00
135,c01-009-01-02
135,c01-009-04-01
135,c01-009-09-06
135,c01-009-07-00
135,c01-014-00-00
135,c01-009-00-03
135,c01-009-05-05
135,c01-014-07-05
135,c01-014-08-10
135,c01-014-08-07
135,c01-009-06-02
135,c01-014-04-05
135,c01-014-07-03
135,c01-014-08-05
135,c01-014-00-07
135,c01-009-02-01
135,c01-009-04-00
135,c01-009-01-03
135,c01-009-05-02
135,c01-014-03-04
135,c01-009-04-03
135,c01-014-07-06
135,c01-014-08-00
135,c01-014-09-05
135,c01-014-07-00
135,c01-009-07-01
135,c01-014-01-03
135,c01-014-01-07
135,c01-009-01-01
135,c01-009-00-01
135,c01-014-07-07
135,c01-014-08-02
135,c01-009-07-03
135,c01-014-00-05
135,c01-009-01-00
135,c01-009-07-07
135,c01-009-07-04
135,c01-009-08-05
135,c01-009-02-00
135,c01-014-05-04
135,c01-009-00-00
135,c01-014-09-00
135,c01-009-08-02
135,c01-009-08-04
135,c01-014-08-06
135,c01-009-01-04
135,c01-009-02-02
135,c01-009-08-00
135,c01-014-00-10
135,c01-014-00-09
135,c01-014-05-03
135,c01-009-08-06
135,c01-014-08-08
135,c01-014-00-02
135,c01-009-04-02
135,c01-009-07-02
135,c01-014-00-08
135,c01-014-03-05
135,c01-009-09-01
135,c01-009-09-04
135,c01-014-04-07
135,c01-014-08-01
135,c01-009-09-00
135,c01-014-07-04
135,c01-014-08-04
135,c01-014-01-01
135,c01-009-08-01
135,c01-014-01-05
135,c01-009-06-06
135,c01-009-01-05
135,c01-009-06-05
135,c01-009-07-05
135,c01-009-04-06
135,c01-009-06-04
135,c01-009-05-04
135,c01-014-00-01
135,c01-009-09-02
135,c01-009-05-00
135,c01-014-01-00
135,c01-009-04-07
135,c01-014-03-01
135,c01-014-04-04
135,c01-009-05-01
135,c01-014-04-00
135,c01-014-09-02
135,c01-009-09-03
135,c01-009-02-03
135,c01-014-09-01
135,c01-009-00-04
136,c01-066-02-05
136,c01-066-00-03
136,c01-066-01-04
136,c01-066-08-05
136,c01-066-00-02
136,c01-066-09-02
136,c01-066-01-02
136,c01-066-04-05
136,c01-066-00-06
136,c01-066-09-04
136,c01-066-03-09
136,c01-066-08-00
136,c01-066-03-08
136,c01-066-03-07
136,c01-066-05-05
136,c01-066-02-00
136,c01-066-03-01
136,c01-066-07-02
136,c01-066-09-01
136,c01-066-09-03
136,c01-066-02-01
136,c01-066-02-04
136,c01-066-03-06
136,c01-066-00-04
136,c01-066-03-05
136,c01-066-01-05
136,c01-066-06-02
136,c01-066-01-00
136,c01-066-06-05
136,c01-066-08-06
136,c01-066-05-01
136,c01-066-04-01
136,c01-066-08-02
136,c01-066-03-03
136,c01-066-01-07
136,c01-066-05-00
136,c01-066-04-03
136,c01-066-01-01
136,c01-066-09-05
136,c01-066-04-02
136,c01-066-04-00
136,c01-066-09-00
136,c01-066-06-04
136,c01-066-02-03
136,c01-066-04-06
136,c01-066-03-00
136,c01-066-08-03
136,c01-066-00-01
136,c01-066-08-04
136,c01-066-06-00
136,c01-066-04-04
136,c01-066-05-04
136,c01-066-01-03
136,c01-066-05-06
136,c01-066-06-01
136,c01-066-07-01
136,c01-066-01-06
136,c01-066-07-03
136,c01-066-06-03
136,c01-066-02-02
136,c01-066-05-02
136,c01-066-03-04
136,c01-066-05-03
136,c01-066-00-05
136,c01-066-00-00
136,c01-066-08-01
136,c01-066-03-02
137,c02-000-01-05
137,c02-000-03-01
137,c02-000-03-03
137,c02-000-06-00
137,c02-000-08-02
137,c02-000-01-04
137,c02-000-05-02
137,c02-000-07-02
137,c02-000-07-05
137,c02-000-00-05
137,c02-000-04-06
137,c02-000-05-04
137,c02-000-03-00
137,c02-000-07-06
137,c02-000-03-02
137,c02-000-05-06
137,c02-000-09-04
137,c02-000-00-03
137,c02-000-05-05
137,c02-000-05-01
137,c02-000-06-08
137,c02-000-08-08
137,c02-000-01-01
137,c02-000-09-06
137,c02-000-04-09
137,c02-000-09-05
137,c02-000-00-06
137,c02-000-02-06
137,c02-000-04-08
137,c02-000-09-01
137,c02-000-06-05
137,c02-000-03-04
137,c02-000-09-00
137,c02-000-06-02
137,c02-000-06-06
137,c02-000-04-03
137,c02-000-05-03
137,c02-000-04-02
137,c02-000-06-04
137,c02-000-07-04
137,c02-000-04-01
137,c02-000-04-05
137,c02-000-07-03
137,c02-000-01-03
137,c02-000-01-00
137,c02-000-00-02
137,c02-000-08-05
137,c02-000-09-03
137,c02-000-08-01
137,c02-000-05-00
137,c02-000-01-02
137,c02-000-07-01
137,c02-000-04-04
137,c02-000-02-00
137,c02-000-00-07
137,c02-000-00-04
137,c02-000-06-07
137,c02-000-08-04
137,c02-000-08-07
137,c02-000-09-02
137,c02-000-06-01
137,c02-000-06-03
137,c02-000-02-04
137,c02-000-05-07
137,c02-000-08-00
137,c02-000-00-00
137,c02-000-02-05
137,c02-000-02-02
137,c02-000-00-01
137,c02-000-04-07
137,c02-000-08-06
137,c02-000-04-00
137,c02-000-09-07
137,c02-000-07-00
137,c02-000-02-01
137,c02-000-02-03
137,c02-000-03-05
137,c02-000-03-06
138,c02-003-04-02
138,c02-003-02-01
138,c02-003-07-04
138,c02-003-05-03
138,c02-003-03-06
138,c02-003-02-06
138,c02-003-01-08
138,c02-003-04-04
138,c02-003-02-07
138,c02-003-06-02
138,c02-003-01-01
138,c02-003-06-01
138,c02-003-06-05
138,c02-003-07-06
138,c02-003-04-05
138,c02-003-04-03
138,c02-003-04-07
138,c02-003-03-04
138,c02-003-05-02
138,c02-003-01-05
138,c02-003-01-06
138,c02-003-07-03
138,c02-003-04-08
138,c02-003-01-02
138,c02-003-04-06
138,c02-003-05-06
138,c02-003-02-02
138,c02-003-01-04
138,c02-003-07-07
138,c02-003-06-03
138,c02-003-03-05
138,c02-003-02-04
138,c02-003-05-04
138,c02-003-02-00
138,c02-003-08-00
138,c02-003-03-03
138,c02-003-05-07
138,c02-003-07-05
138,c02-003-02-05
138,c02-003-05-00
138,c02-003-05-05
138,c02-003-06-06
138,c02-003-07-00
138,c02-003-06-00
138,c02-003-07-01
138,c02-003-03-02
138,c02-003-07-02
138,c02-003-04-01
138,c02-003-03-07
138,c02-003-01-07
138,c02-003-04-00
138,c02-003-08-01
138,c02-003-02-03
138,c02-003-05-01
138,c02-003-03-00
138,c02-003-06-04
138,c02-003-07-08
138,c02-003-08-02
138,c02-003-01-00
138,c02-003-01-09
138,c02-003-08-03
138,c02-003-03-01
138,c02-003-01-03
139,c02-017-06-05
139,c02-007-02-05
139,c02-017-03-01
139,c02-017-02-01
139,c02-007-03-00
139,c02-017-03-03
139,c02-007-06-06
139,c02-017-06-06
139,c02-017-08-03
139,c02-017-09-06
139,c02-017-07-05
139,c02-017-04-03
139,c02-017-09-04
139,c02-017-08-06
139,c02-017-02-05
139,c02-017-04-06
139,c02-007-00-01
139,c02-017-03-06
139,c02-017-05-05
139,c02-017-06-00
139,c02-007-01-04
139,c02-017-08-00
139,c02-007-05-06
139,c02-007-03-09
139,c02-007-05-03
139,c02-017-02-08
139,c02-007-02-00
139,c02-017-04-07
139,c02-007-03-02
139,c02-007-00-05
139,c02-007-03-07
139,c02-007-03-03
139,c02-017-02-03
139,c02-017-01-00
139,c02-017-06-03
139,c02-007-03-10
139,c02-017-08-04
139,c02-017-02-04
139,c02-017-03-00
139,c02-007-01-07
139,c02-017-01-05
139,c02-007-05-07
139,c02-017-04-02
139,c02-007-02-07
139,c02-017-06-01
139,c02-017-05-02
139,c02-017-09-02
139,c02-007-06-01
139,c02-007-01-06
139,c02-017-01-07
139,c02-007-05-02
139,c02-017-00-00
139,c02-017-02-06
139,c02-017-07-00
139,c02-017-01-02
139,c02-007-00-07
139,c02-017-07-03
139,c02-007-00-04
139,c02-007-08-02
139,c02-017-06-08
139,c02-007-06-08
139,c02-017-09-03
139,c02-017-05-03
139,c02-017-00-05
139,c02-017-08-05
139,c02-007-05-08
139,c02-007-02-03
139,c02-017-03-02
139,c02-007-00-02
139,c02-007-08-03
139,c02-007-03-01
139,c02-007-03-06
139,c02-017-04-04
139,c02-017-03-05
139,c02-007-01-02
139,c02-007-02-01
139,c02-007-06-04
139,c02-017-03-07
139,c02-007-06-07
139,c02-017-02-07
139,c02-017-07-02
139,c02-017-08-02
139,c02-017-03-04
139,c02-007-00-06
139,c02-007-08-00
139,c02-017-01-04
139,c02-017-06-07
139,c02-007-06-05
139,c02-017-06-04
139,c02-017-00-02
139,c02-007-01-00
139,c02-017-09-01
139,c02-007-06-02
139,c02-017-08-01
139,c02-017-05-00
139,c02-017-06-02
139,c02-007-03-08
139,c02-007-00-03
139,c02-017-04-05
139,c02-017-09-00
139,c02-017-09-05
139,c02-007-05-01
139,c02-007-08-01
139,c02-017-00-03
139,c02-017-01-03
139,c02-017-01-06
139,c02-017-04-01
139,c02-007-06-03
139,c02-017-04-00
139,c02-007-00-00
139,c02-017-08-08
139,c02-007-02-06
139,c02-007-03-04
139,c02-017-07-01
139,c02-007-05-04
139,c02-007-08-04
139,c02-007-05-05
139,c02-007-02-04
139,c02-007-01-01
139,c02-007-01-03
139,c02-007-02-02
139,c02-017-08-07
139,c02-017-00-04
139,c02-017-02-02
139,c02-017-01-01
139,c02-017-02-00
139,c02-017-07-04
139,c02-017-05-04
139,c02-007-03-05
139,c02-007-06-00
139,c02-017-00-01
139,c02-007-01-05
139,c02-007-05-00
140,c02-022-06-03
140,c02-022-04-03
140,c02-012-08-05
140,c02-012-04-08
140,c02-012-02-06
140,c02-022-04-00
140,c02-012-05-09
140,c02-022-07-06
140,c02-012-04-02
140,c02-012-00-03
140,c02-012-03-00
140,c02-022-01-07
140,c02-012-03-02
140,c02-012-03-01
140,c02-012-06-04
140,c02-022-05-03
140,c02-022-00-00
140,c02-022-04-04
140,c02-022-02-05
140,c02-012-06-02
140,c02-012-01-07
140,c02-022-04-06
140,c02-012-03-07
140,c02-022-05-05
140,c02-012-02-04
140,c02-022-03-00
140,c02-022-01-01
140,c02-012-06-08
140,c02-012-06-07
140,c02-012-06-00
140,c02-012-01-01
140,c02-012-00-00
140,c02-022-06-02
140,c02-012-01-05
140,c02-022-05-01
140,c02-022-05-06
140,c02-022-07-01
140,c02-012-04-06
140,c02-012-04-01
140,c02-012-09-05
140,c02-022-07-05
140,c02-022-00-07
140,c02-022-06-01
140,c02-012-08-06
140,c02-012-04-00
140,c02-012-06-01
140,c02-022-00-06
140,c02-022-02-01
140,c02-012-08-01
140,c02-012-06-03
140,c02-022-00-05
140,c02-022-07-00
140,c02-022-01-06
140,c02-012-00-05
140,c02-012-08-03
140,c02-012-01-02
140,c02-012-04-07
140,c02-022-02-06
140,c02-012-08-08
140,c02-012-08-02
140,c02-022-05-04
140,c02-012-02-01
140,c02-022-03-01
140,c02-012-04-05
140,c02-022-03-02
140,c02-022-02-08
140,c02-012-09-04
140,c02-022-03-03
140,c02-012-00-02
140,c02-012-01-00
140,c02-022-08-00
140,c02-022-01-02
140,c02-022-06-07
140,c02-012-05-01
140,c02-022-06-04
140,c02-022-05-07
140,c02-022-04-01
140,c02-012-09-02
140,c02-012-00-06
140,c02-022-06-05
140,c02-022-01-05
140,c02-012-09-03
140,c02-012-01-06
140,c02-022-01-04
140,c02-012-09-06
140,c02-022-01-03
140,c02-012-05-05
140,c02-022-00-08
140,c02-012-04-04
140,c02-022-02-00
140,c02-022-00-01
140,c02-012-03-06
140,c02-022-01-00
140,c02-022-07-04
140,c02-012-03-05
140,c02-022-03-05
140,c02-012-05-07
140,c02-012-05-00
140,c02-022-02-04
140,c02-012-05-04
140,c02-022-06-00
140,c02-012-06-06
140,c02-022-02-02
140,c02-012-03-08
140,c02-022-02-03
140,c02-012-05-06
140,c02-012-08-07
140,c02-012-03-03
140,c02-022-06-06
140,c02-012-01-03
140,c02-012-03-04
140,c02-012-01-04
140,c02-012-04-09
140,c02-012-02-05
140,c02-012-08-00
140,c02-012-09-01
140,c02-022-00-02
140,c02-022-04-05
140,c02-012-09-00
140,c02-022-03-04
140,c02-022-08-01
140,c02-022-02-07
140,c02-012-08-04
140,c02-022-00-04
140,c02-022-05-08
140,c02-022-04-02
140,c02-012-00-04
140,c02-012-05-03
140,c02-022-07-02
140,c02-022-05-02
140,c02-012-04-03
140,c02-022-00-03
140,c02-022-05-00
140,c02-012-00-01
140,c02-012-06-05
140,c02-012-02-03
140,c02-022-07-03
140,c02-012-02-02
140,c02-012-02-07
140,c02-012-05-02
141,c02-026-05-03
141,c02-026-04-01
141,c02-026-05-02
141,c02-026-08-02
141,c02-026-07-00
141,c02-026-03-06
141,c02-026-00-00
141,c02-026-02-07
141,c02-026-02-09
141,c02-026-03-03
141,c02-026-08-00
141,c02-026-04-07
141,c02-026-02-02
141,c02-026-00-03
141,c02-026-07-02
141,c02-026-05-01
141,c02-026-00-07
141,c02-026-04-06
141,c02-026-05-06
141,c02-026-03-02
141,c02-026-08-05
141,c02-026-03-04
141,c02-026-00-02
141,c02-026-03-00
141,c02-026-07-04
141,c02-026-00-04
141,c02-026-07-05
141,c02-026-00-05
141,c02-026-08-01
141,c02-026-02-00
141,c02-026-08-03
141,c02-026-02-01
141,c02-026-02-05
141,c02-026-08-06
141,c02-026-07-03
141,c02-026-07-06
141,c02-026-02-10
141,c02-026-00-01
141,c02-026-02-06
141,c02-026-02-04
141,c02-026-03-01
141,c02-026-04-00
141,c02-026-02-08
141,c02-026-04-03
141,c02-026-00-06
141,c02-026-05-04
141,c02-026-04-05
141,c02-026-04-04
141,c02-026-03-05
141,c02-026-05-05
141,c02-026-02-03
141,c02-026-04-02
141,c02-026-07-01
141,c02-026-05-00
141,c02-026-08-04
142,c02-030-04-06
142,c02-030-02-09
142,c02-030-02-08
142,c02-030-03-04
142,c02-030-03-03
142,c02-030-02-07
142,c02-030-04-01
142,c02-030-05-01
142,c02-030-08-03
142,c02-030-02-10
142,c02-030-04-09
142,c02-030-03-02
142,c02-030-05-03
142,c02-030-05-00
142,c02-030-05-04
142,c02-030-01-04
142,c02-030-08-02
142,c02-030-03-06
142,c02-030-03-05
142,c02-030-04-03
142,c02-030-01-07
142,c02-030-07-02
142,c02-030-07-05
142,c02-030-04-05
142,c02-030-03-01
142,c02-030-02-05
142,c02-030-01-08
142,c02-030-02-00
142,c02-030-08-00
142,c02-030-02-01
142,c02-030-01-01
142,c02-030-07-01
142,c02-030-04-07
142,c02-030-04-00
142,c02-030-08-06
142,c02-030-07-04
142,c02-030-08-04
142,c02-030-02-02
142,c02-030-01-03
142,c02-030-08-05
142,c02-030-02-06
142,c02-030-01-05
142,c02-030-01-00
142,c02-030-05-05
142,c02-030-07-03
142,c02-030-01-06
142,c02-030-04-10
142,c02-030-02-03
142,c02-030-04-08
142,c02-030-07-00
142,c02-030-04-02
142,c02-030-01-09
142,c02-030-04-04
142,c02-030-01-02
142,c02-030-08-01
142,c02-030-05-02
142,c02-030-03-07
143,c02-035-00-07
143,c02-035-00-02
143,c02-035-05-08
143,c02-035-05-07
143,c02-035-02-08
143,c02-035-05-01
143,c02-035-04-00
143,c02-035-01-05
143,c02-035-01-10
143,c02-035-02-01
143,c02-035-05-06
143,c02-035-01-12
143,c02-035-02-09
143,c02-035-01-03
143,c02-035-00-10
143,c02-035-02-06
143,c02-035-01-09
143,c02-035-01-01
143,c02-035-04-06
143,c02-035-04-03
143,c02-035-02-02
143,c02-035-02-05
143,c02-035-02-00
143,c02-035-05-02
143,c02-035-04-04
143,c02-035-04-01
143,c02-035-04-08
143,c02-035-00-00
143,c02-035-01-07
143,c02-035-00-09
143,c02-035-04-09
143,c02-035-00-04
143,c02-035-02-07
143,c02-035-00-05
143,c02-035-01-04
143,c02-035-02-03
143,c02-035-00-03
143,c02-035-01-06
143,c02-035-05-00
143,c02-035-01-00
143,c02-035-04-10
143,c02-035-05-04
143,c02-035-04-07
143,c02-035-02-04
143,c02-035-01-08
143,c02-035-01-02
143,c02-035-01-11
143,c02-035-00-08
143,c02-035-04-05
143,c02-035-00-06
143,c02-035-05-05
143,c02-035-04-02
143,c02-035-00-01
143,c02-035-05-03
144,c02-049-01-03
144,c02-049-05-07
144,c02-049-02-04
144,c02-049-06-07
144,c02-049-05-06
144,c02-049-09-06
144,c02-049-00-02
144,c02-049-05-04
144,c02-049-01-00
144,c02-049-01-07
144,c02-049-02-00
144,c02-049-09-00
144,c02-049-09-02
144,c02-049-09-05
144,c02-049-08-04
144,c02-049-08-02
144,c02-049-06-00
144,c02-049-09-03
144,c02-049-06-01
144,c02-049-02-03
144,c02-049-06-02
144,c02-049-10-02
144,c02-049-00-01
144,c02-049-08-03
144,c02-049-08-05
144,c02-049-00-03
144,c02-049-09-04
144,c02-049-00-05
144,c02-049-02-01
144,c02-049-08-01
144,c02-049-01-02
144,c02-049-10-00
144,c02-049-06-04
144,c02-049-05-00
144,c02-049-00-06
144,c02-049-10-01
144,c02-049-01-04
144,c02-049-01-01
144,c02-049-06-05
144,c02-049-02-02
144,c02-049-00-04
144,c02-049-06-03
144,c02-049-05-03
144,c02-049-05-02
144,c02-049-09-01
144,c02-049-00-00
144,c02-049-02-05
144,c02-049-05-01
144,c02-049-08-00
144,c02-049-01-05
144,c02-049-05-05
144,c02-049-06-06
144,c02-049-01-06
145,c02-056-06-09
145,c02-056-02-00
145,c02-056-02-03
145,c02-056-07-00
145,c02-056-03-07
145,c02-056-04-08
145,c02-056-07-05
145,c02-056-08-05
145,c02-056-00-05
145,c02-056-01-05
145,c02-056-01-00
145,c02-056-07-01
145,c02-056-08-02
145,c02-056-01-04
145,c02-056-04-05
145,c02-056-00-07
145,c02-056-01-06
145,c02-056-06-08
145,c02-056-03-02
145,c02-056-04-06
145,c02-056-04-02
145,c02-056-02-01
145,c02-056-03-10
145,c02-056-07-03
145,c02-056-07-04
145,c02-056-00-04
145,c02-056-02-07
145,c02-056-07-08
145,c02-056-08-04
145,c02-056-02-02
145,c02-056-03-04
145,c02-056-03-03
145,c02-056-06-05
145,c02-056-06-10
145,c02-056-07-02
145,c02-056-08-01
145,c02-056-03-08
145,c02-056-04-04
145,c02-056-07-06
145,c02-056-06-06
145,c02-056-01-08
145,c02-056-03-09
145,c02-056-06-07
145,c02-056-04-01
145,c02-056-02-05
145,c02-056-00-02
145,c02-056-04-10
145,c02-056-04-09
145,c02-056-08-06
145,c02-056-01-02
145,c02-056-06-02
145,c02-056-03-00
145,c02-056-03-05
145,c02-056-01-03
145,c02-056-04-03
145,c02-056-00-03
145,c02-056-00-01
145,c02-056-08-00
145,c02-056-06-03
145,c02-056-04-00
145,c02-056-02-06
145,c02-056-08-03
145,c02-056-07-07
145,c02-056-02-04
145,c02-056-03-06
145,c02-056-06-00
145,c02-056-00-00
145,c02-056-01-01
145,c02-056-01-07
145,c02-056-06-01
145,c02-056-03-01
145,c02-056-04-07
145,c02-056-06-04
145,c02-056-08-07
146,c02-059-01-06
146,c02-059-06-04
146,c02-059-01-05
146,c02-059-10-07
146,c02-059-08-06
146,c02-059-03-05
146,c02-059-08-00
146,c02-059-05-07
146,c02-059-05-03
146,c02-059-04-00
146,c02-059-02-03
146,c02-059-08-03
146,c02-059-09-07
146,c02-059-03-07
146,c02-059-09-08
146,c02-059-04-05
146,c02-059-07-00
146,c02-059-03-06
146,c02-059-07-08
146,c02-059-03-04
146,c02-059-10-06
146,c02-059-08-02
146,c02-059-10-01
146,c02-059-06-02
146,c02-059-09-02
146,c02-059-10-03
146,c02-059-07-03
146,c02-059-09-04
146,c02-059-10-04
146,c02-059-04-07
146,c02-059-07-04
146,c02-059-04-03
146,c02-059-06-07
146,c02-059-05-00
146,c02-059-06-03
146,c02-059-09-05
146,c02-059-04-02
146,c02-059-07-07
146,c02-059-09-00
146,c02-059-08-01
146,c02-059-07-05
146,c02-059-01-04
146,c02-059-10-00
146,c02-059-02-00
146,c02-059-03-00
146,c02-059-09-01
146,c02-059-05-02
146,c02-059-10-05
146,c02-059-02-01
146,c02-059-08-09
146,c02-059-04-04
146,c02-059-09-06
146,c02-059-07-01
146,c02-059-01-01
146,c02-059-05-04
146,c02-059-02-06
146,c02-059-01-07
146,c02-059-06-06
146,c02-059-04-06
146,c02-059-07-06
146,c02-059-04-01
146,c02-059-02-05
146,c02-059-08-05
146,c02-059-01-00
146,c02-059-06-00
146,c02-059-05-05
146,c02-059-01-08
146,c02-059-06-05
146,c02-059-05-01
146,c02-059-10-02
146,c02-059-08-07
146,c02-059-02-02
146,c02-059-07-02
146,c02-059-01-02
146,c02-059-08-08
146,c02-059-08-04
146,c02-059-09-03
146,c02-059-01-03
146,c02-059-05-06
146,c02-059-03-03
146,c02-059-02-07
146,c02-059-02-04
146,c02-059-03-02
146,c02-059-03-01
146,c02-059-03-08
147,c02-078-02-06
147,c02-078-02-01
147,c02-078-06-04
147,c02-078-01-07
147,c02-078-09-02
147,c02-078-01-05
147,c02-078-02-08
147,c02-078-00-03
147,c02-078-00-04
147,c02-078-02-07
147,c02-078-01-04
147,c02-078-05-08
147,c02-078-00-09
147,c02-078-06-02
147,c02-078-01-06
147,c02-078-04-02
147,c02-078-06-05
147,c02-078-00-05
147,c02-078-06-11
147,c02-078-05-05
147,c02-078-04-01
147,c02-078-03-07
147,c02-078-04-08
147,c02-078-01-01
147,c02-078-03-02
147,c02-078-04-06
147,c02-078-09-00
147,c02-078-05-02
147,c02-078-01-03
147,c02-078-03-05
147,c02-078-00-01
147,c02-078-00-07
147,c02-078-06-06
147,c02-078-09-08
147,c02-078-06-10
147,c02-078-02-00
147,c02-078-06-08
147,c02-078-05-10
147,c02-078-03-00
147,c02-078-09-05
147,c02-078-05-11
147,c02-078-09-04
147,c02-078-01-00
147,c02-078-03-06
147,c02-078-04-00
147,c02-078-06-03
147,c02-078-00-02
147,c02-078-05-07
147,c02-078-04-03
147,c02-078-09-01
147,c02-078-05-06
147,c02-078-02-05
147,c02-078-00-06
147,c02-078-09-06
147,c02-078-02-04
147,c02-078-05-01
147,c02-078-02-03
147,c02-078-04-07
147,c02-078-06-01
147,c02-078-01-08
147,c02-078-06-07
147,c02-078-00-08
147,c02-078-03-04
147,c02-078-04-04
147,c02-078-09-07
147,c02-078-05-04
147,c02-078-01-02
147,c02-078-02-02
147,c02-078-06-09
147,c02-078-05-00
147,c02-078-03-01
147,c02-078-00-00
147,c02-078-04-05
147,c02-078-05-09
147,c02-078-05-03
147,c02-078-06-00
147,c02-078-03-03
147,c02-078-09-03
147,c02-078-02-09
148,c02-082-04-00
148,c02-082-08-00
148,c02-082-07-01
148,c02-082-01-03
148,c02-082-06-02
148,c02-082-09-06
148,c02-082-05-02
148,c02-082-05-05
148,c02-082-08-06
148,c02-082-03-06
148,c02-082-06-04
148,c02-082-09-01
148,c02-082-04-06
148,c02-082-04-02
148,c02-082-08-02
148,c02-082-07-06
148,c02-082-01-00
148,c02-082-03-00
148,c02-082-06-01
148,c02-082-04-01
148,c02-082-09-05
148,c02-082-04-05
148,c02-082-06-03
148,c02-082-05-07
148,c02-082-07-02
148,c02-082-01-01
148,c02-082-05-03
148,c02-082-01-04
148,c02-082-05-04
148,c02-082-03-01
148,c02-082-01-02
148,c02-082-06-00
148,c02-082-07-00
148,c02-082-07-04
148,c02-082-03-05
148,c02-082-08-05
148,c02-082-05-06
148,c02-082-09-00
148,c02-082-08-01
148,c02-082-04-03
148,c02-082-03-04
148,c02-082-01-05
148,c02-082-05-01
148,c02-082-08-04
148,c02-082-04-04
148,c02-082-08-03
148,c02-082-03-07
148,c02-082-05-00
148,c02-082-09-07
148,c02-082-03-02
148,c02-082-07-03
148,c02-082-07-07
148,c02-082-07-05
148,c02-082-03-03
148,c02-082-09-03
148,c02-082-09-02
148,c02-082-09-04
149,c02-089-01-03
149,c02-089-00-03
149,c02-089-06-02
149,c02-089-00-01
149,c02-089-01-00
149,c02-089-05-05
149,c02-089-05-00
149,c02-089-05-04
149,c02-089-05-01
149,c02-089-05-02
149,c02-089-00-06
149,c02-089-00-05
149,c02-089-06-00
149,c02-089-00-00
149,c02-089-00-02
149,c02-089-06-01
149,c02-089-00-04
149,c02-089-01-02
149,c02-089-01-01
149,c02-089-06-03
150,c03-016a-02-02
150,c03-087a-00-01
150,c03-016a-06-06
150,c03-096a-06-03
150,c03-000a-05-05
150,c03-003a-05-10
150,c03-007a-07-01
150,c03-007a-01-02
150,c03-081a-09-03
150,c03-000a-03-02
150,c03-081a-04-02
150,c03-021a-05-06
150,c03-021a-09-00
150,c03-087a-05-01
150,c03-081a-05-05
150,c03-016a-02-03
150,c03-081a-08-08
150,c03-087a-00-04
150,c03-016a-03-06
150,c03-016a-05-04
150,c03-096a-08-00
150,c03-016a-03-01
150,c03-087a-04-06
150,c03-087a-00-02
150,c03-081a-06-02
150,c03-000a-01-03
150,c03-007a-02-00
150,c03-094a-08-04
150,c03-016a-00-01
150,c03-016a-09-01
150,c03-003a-01-03
150,c03-094a-01-08
150,c03-021a-09-03
150,c03-084a-05-02
150,c03-081a-06-00
150,c03-021a-02-00
150,c03-021a-07-03
150,c03-094a-02-06
150,c03-016a-09-06
150,c03-021a-03-03
150,c03-007a-06-02
150,c03-087a-00-08
150,c03-021a-06-07
150,c03-081a-07-07
150,c03-007a-00-01
150,c03-000a-03-00
150,c03-094a-05-05
150,c03-087a-00-00
150,c03-087a-05-00
150,c03-003a-02-04
150,c03-081a-08-02
150,c03-087a-02-01
150,c03-087a-06-06
150,c03-081a-00-00
150,c03-000a-04-03
150,c03-094a-06-01
150,c03-081a-07-00
150,c03-003a-08-01
150,c03-081a-00-06
150,c03-000a-05-01
150,c03-096a-05-02
150,c03-084a-04-01
150,c03-096a-00-03
150,c03-003a-00-00
150,c03-084a-05-01
150,c03-016a-08-06
150,c03-084a-02-02
150,c03-007a-04-02
150,c03-021a-03-05
150,c03-081a-08-07
150,c03-094a-08-00
150,c03-081a-04-07
150,c03-081a-06-06
150,c03-096a-06-00
150,c03-096a-01-04
150,c03-094a-00-07
150,c03-003a-02-03
150,c03-094a-06-00
150,c03-007a-00-03
150,c03-000a-04-00
150,c03-096a-05-07
150,c03-007a-03-03
150,c03-096a-05-00
150,c03-084a-03-06
150,c03-003a-05-03
150,c03-084a-07-01
150,c03-094a-06-05
150,c03-096a-04-01
150,c03-000a-07-00
150,c03-081a-03-05
150,c03-003a-07-06
150,c03-094a-04-03
150,c03-021a-08-06
150,c03-021a-06-00
150,c03-094a-03-05
150,c03-081a-03-01
150,c03-094a-04-06
150,c03-003a-00-01
150,c03-003a-07-04
150,c03-021a-05-01
150,c03-021a-00-05
150,c03-094a-09-03
150,c03-094a-02-03
150,c03-000a-02-07
150,c03-096a-02-04
150,c03-094a-08-05
150,c03-003a-05-06
150,c03-000a-01-00
150,c03-016a-01-04
150,c03-007a-04-04
150,c03-021a-05-00
150,c03-003a-00-05
150,c03-084a-03-09
150,c03-094a-05-07
150,c03-021a-09-04
150,c03-007a-06-04
150,c03-096a-05-03
150,c03-007a-05-07
150,c03-003a-05-02
150,c03-016a-09-00
150,c03-084a-05-08
150,c03-081a-00-02
150,c03-081a-01-00
150,c03-007a-04-06
150,c03-000a-06-01
150,c03-016a-07-08
150,c03-000a-02-04
150,c03-016a-00-07
150,c03-096a-06-06
150,c03-000a-05-06
150,c03-084a-01-02
150,c03-087a-03-05
150,c03-094a-02-01
150,c03-094a-06-03
150,c03-081a-05-08
150,c03-096a-01-03
150,c03-081a-07-09
150,c03-016a-02-05
150,c03-021a-04-07
150,c03-084a-02-01
150,c03-094a-04-08
150,c03-084a-02-00
150,c03-003a-03-02
150,c03-003a-01-01
150,c03-084a-04-00
150,c03-096a-07-00
150,c03-000a-01-02
150,c03-084a-02-03
150,c03-096a-00-07
150,c03-094a-03-01
150,c03-007a-03-04
150,c03-021a-09-06
150,c03-081a-02-07
150,c03-021a-04-09
150,c03-087a-06-05
150,c03-094a-06-02
150,c03-003a-00-02
150,c03-007a-02-08
150,c03-003a-08-03
150,c03-007a-04-05
150,c03-084a-01-07
150,c03-000a-01-05
150,c03-094a-04-07
150,c03-021a-04-03
150,c03-087a-03-01
150,c03-021a-06-08
150,c03-081a-04-05
150,c03-016a-03-07
150,c03-087a-04-00
150,c03-096a-07-03
150,c03-084a-04-04
150,c03-003a-00-08
150,c03-016a-01-01
150,c03-007a-06-00
150,c03-094a-01-03
150,c03-021a-05-02
150,c03-000a-01-07
150,c03-087a-08-00
150,c03-096a-07-06
150,c03-094a-03-03
150,c03-007a-00-04
150,c03-003a-03-01
150,c03-087a-08-01
150,c03-000a-02-05
150,c03-007a-02-02
150,c03-081a-04-00
150,c03-087a-00-07
150,c03-016a-07-09
150,c03-084a-05-03
150,c03-084a-06-05
150,c03-087a-06-01
150,c03-016a-07-01
150,c03-096a-04-03
150,c03-007a-03-00
150,c03-003a-00-09
150,c03-094a-00-01
150,c03-096a-07-01
150,c03-021a-08-05
150,c03-087a-00-05
150,c03-021a-03-04
150,c03-081a-07-02
150,c03-021a-00-03
150,c03-007a-06-10
150,c03-081a-07-08
150,c03-094a-03-02
150,c03-094a-05-01
150,c03-081a-03-02
150,c03-081a-03-03
150,c03-081a-09-00
150,c03-096a-03-03
150,c03-081a-04-03
150,c03-081a-06-04
150,c03-007a-02-01
150,c03-094a-03-07
150,c03-016a-02-07
150,c03-003a-01-04
150,c03-016a-05-03
150,c03-084a-05-04
150,c03-094a-01-07
150,c03-081a-05-03
150,c03-000a-06-00
150,c03-081a-01-02
150,c03-084a-00-05
150,c03-016a-00-02
150,c03-021a-03-01
150,c03-016a-09-04
150,c03-003a-07-08
150,c03-021a-08-02
150,c03-084a-03-00
150,c03-094a-08-07
150,c03-081a-08-06
150,c03-081a-08-00
150,c03-003a-00-04
150,c03-016a-09-02
150,c03-094a-03-04
150,c03-087a-01-02
150,c03-016a-00-00
150,c03-016a-08-02
150,c03-003a-02-01
150,c03-081a-00-03
150,c03-007a-00-00
150,c03-000a-05-07
150,c03-094a-04-02
150,c03-003a-01-02
150,c03-096a-03-05
150,c03-003a-01-07
150,c03-016a-05-05
150,c03-081a-04-08
150,c03-021a-09-07
150,c03-007a-02-03
150,c03-016a-01-00
150,c03-016a-05-07
150,c03-007a-05-04
150,c03-096a-02-03
150,c03-000a-03-06
150,c03-094a-06-07
150,c03-003a-05-08
150,c03-087a-06-00
150,c03-094a-01-05
150,c03-087a-05-04
150,c03-000a-03-07
150,c03-096a-01-01
150,c03-021a-00-00
150,c03-087a-05-08
150,c03-003a-03-08
150,c03-084a-03-05
150,c03-081a-08-01
150,c03-007a-06-01
150,c03-021a-04-05
150,c03-000a-05-03
150,c03-087a-05-05
150,c03-094a-01-01
150,c03-087a-06-09
150,c03-094a-03-06
150,c03-084a-03-01
150,c03-096a-05-01
150,c03-081a-06-05
150,c03-000a-02-03
150,c03-087a-04-01
150,c03-094a-02-04
150,c03-003a-03-06
150,c03-087a-01-06
150,c03-081a-05-04
150,c03-021a-03-02
150,c03-094a-01-04
150,c03-021a-02-07
150,c03-000a-04-04
150,c03-016a-07-06
150,c03-016a-08-04
150,c03-000a-02-02
150,c03-094a-02-05
150,c03-003a-02-07
150,c03-003a-00-03
150,c03-016a-06-07
150,c03-000a-04-05
150,c03-003a-03-07
150,c03-084a-07-03
150,c03-094a-00-00
150,c03-087a-06-03
150,c03-094a-01-02
150,c03-081a-07-03
150,c03-096a-05-05
150,c03-094a-08-08
150,c03-084a-01-05
150,c03-096a-03-04
150,c03-087a-04-05
150,c03-084a-06-06
150,c03-021a-07-07
150,c03-007a-01-07
150,c03-003a-02-02
150,c03-084a-05-00
150,c03-000a-05-02
150,c03-000a-06-02
150,c03-087a-05-10
150,c03-016a-01-07
150,c03-094a-00-05
150,c03-016a-04-04
150,c03-096a-07-05
150,c03-094a-06-04
150,c03-000a-04-06
150,c03-021a-07-06
150,c03-094a-09-00
150,c03-081a-00-05
150,c03-021a-05-03
150,c03-016a-04-01
150,c03-081a-05-07
150,c03-003a-03-00
150,c03-021a-02-03
150,c03-021a-07-05
150,c03-016a-05-02
150,c03-096a-00-05
150,c03-021a-04-02
150,c03-081a-09-04
150,c03-000a-03-09
150,c03-021a-08-08
150,c03-016a-00-08
150,c03-084a-06-07
150,c03-000a-04-02
150,c03-084a-00-04
150,c03-016a-06-05
150,c03-003a-03-09
150,c03-007a-03-01
150,c03-007a-05-02
150,c03-084a-07-02
150,c03-081a-04-06
150,c03-096a-04-00
150,c03-081a-03-06
150,c03-096a-01-06
150,c03-007a-06-07
150,c03-000a-01-06
150,c03-021a-02-04
150,c03-094a-09-01
150,c03-094a-05-03
150,c03-084a-01-04
150,c03-021a-05-04
150,c03-094a-05-02
150,c03-081a-02-06
150,c03-096a-04-04
150,c03-094a-08-03
150,c03-016a-08-01
150,c03-084a-00-03
150,c03-021a-08-03
150,c03-007a-00-07
150,c03-003a-01-00
150,c03-084a-04-06
150,c03-021a-02-02
150,c03-087a-03-03
150,c03-094a-04-05
150,c03-007a-05-00
150,c03-087a-01-04
150,c03-003a-05-01
150,c03-084a-05-07
150,c03-094a-02-02
150,c03-081a-03-00
150,c03-094a-05-00
150,c03-096a-05-06
150,c03-000a-03-01
150,c03-016a-04-02
150,c03-081a-04-04
150,c03-094a-05-04
150,c03-081a-07-04
150,c03-094a-04-04
150,c03-084a-04-05
150,c03-016a-05-08
150,c03-007a-03-02
150,c03-016a-08-00
150,c03-094a-03-00
150,c03-016a-08-07
150,c03-081a-01-03
150,c03-087a-06-08
150,c03-096a-02-02
150,c03-084a-01-08
150,c03-021a-06-03
150,c03-003a-02-06
150,c03-003a-05-07
150,c03-021a-04-06
150,c03-087a-01-01
150,c03-084a-06-03
150,c03-081a-07-06
150,c03-003a-07-01
150,c03-016a-07-00
150,c03-096a-06-07
150,c03-087a-02-04
150,c03-016a-09-03
150,c03-094a-00-08
150,c03-003a-02-08
150,c03-007a-06-03
150,c03-016a-00-09
150,c03-084a-01-06
150,c03-084a-03-08
150,c03-087a-04-04
150,c03-021a-08-00
150,c03-016a-09-05
150,c03-003a-08-02
150,c03-016a-06-08
150,c03-084a-03-03
150,c03-007a-03-07
150,c03-021a-04-01
150,c03-000a-06-06
150,c03-000a-01-08
150,c03-081a-03-04
150,c03-096a-07-02
150,c03-016a-06-01
150,c03-021a-08-01
150,c03-096a-04-06
150,c03-081a-03-07
150,c03-094a-00-04
150,c03-016a-07-05
150,c03-021a-02-05
150,c03-000a-07-01
150,c03-096a-02-01
150,c03-000a-07-02
150,c03-084a-03-07
150,c03-094a-00-02
150,c03-081a-06-07
150,c03-016a-06-03
150,c03-081a-02-01
150,c03-007a-01-01
150,c03-016a-07-07
150,c03-016a-07-04
150,c03-081a-09-05
150,c03-007a-05-01
150,c03-096a-00-01
150,c03-081a-08-05
150,c03-007a-04-07
150,c03-084a-06-01
150,c03-094a-01-00
150,c03-016a-01-02
150,c03-021a-04-00
150,c03-094a-08-02
150,c03-003a-05-00
150,c03-000a-05-04
150,c03-007a-01-06
150,c03-007a-01-08
150,c03-003a-07-00
150,c03-096a-06-04
150,c03-003a-05-09
150,c03-096a-01-00
150,c03-003a-03-03
150,c03-003a-05-05
150,c03-021a-06-02
150,c03-003a-01-06
150,c03-081a-07-01
150,c03-016a-05-01
150,c03-094a-01-06
150,c03-021a-00-04
150,c03-087a-02-03
150,c03-081a-02-00
150,c03-081a-00-01
150,c03-016a-04-05
150,c03-007a-06-05
150,c03-021a-05-07
150,c03-081a-01-06
150,c03-081a-02-03
150,c03-094a-08-06
150,c03-094a-00-03
150,c03-081a-02-05
150,c03-087a-03-00
150,c03-094a-06-06
150,c03-096a-04-07
150,c03-021a-04-04
150,c03-096a-01-05
150,c03-016a-01-06
150,c03-021a-06-05
150,c03-087a-06-04
150,c03-087a-01-00
150,c03-087a-02-02
150,c03-021a-06-04
150,c03-016a-01-05
150,c03-016a-05-06
150,c03-003a-03-04
150,c03-087a-03-04
150,c03-096a-08-01
150,c03-084a-03-02
150,c03-016a-02-06
150,c03-096a-02-08
150,c03-016a-06-02
150,c03-021a-07-02
150,c03-021a-02-06
150,c03-081a-05-01
150,c03-007a-06-11
150,c03-081a-02-04
150,c03-007a-04-00
150,c03-081a-09-02
150,c03-081a-01-04
150,c03-084a-05-10
150,c03-096a-05-08
150,c03-096a-03-01
150,c03-096a-07-04
150,c03-084a-01-03
150,c03-084a-06-02
150,c03-007a-07-03
150,c03-021a-09-02
150,c03-084a-07-00
150,c03-016a-06-00
150,c03-081a-00-04
150,c03-007a-04-01
150,c03-084a-00-02
150,c03-000a-06-04
150,c03-021a-08-04
150,c03-016a-07-02
150,c03-016a-00-04
150,c03-021a-03-00
150,c03-096a-02-05
150,c03-007a-01-04
150,c03-000a-04-07
150,c03-016a-00-06
150,c03-007a-05-05
150,c03-007a-07-05
150,c03-003a-08-05
150,c03-003a-08-00
150,c03-021a-05-05
150,c03-007a-00-05
150,c03-084a-06-04
150,c03-021a-07-04
150,c03-021a-00-06
150,c03-096a-00-06
150,c03-084a-06-00
150,c03-016a-06-04
150,c03-000a-01-01
150,c03-007a-06-09
150,c03-087a-01-05
150,c03-096a-06-05
150,c03-094a-09-02
150,c03-087a-06-07
150,c03-084a-05-09
150,c03-081a-05-02
150,c03-096a-01-02
150,c03-094a-02-00
150,c03-000a-06-03
150,c03-021a-00-01
150,c03-087a-05-07
150,c03-003a-01-05
150,c03-007a-01-05
150,c03-007a-04-03
150,c03-021a-06-01
150,c03-003a-02-05
150,c03-007a-02-04
150,c03-021a-00-07
150,c03-021a-02-01
150,c03-016a-02-01
150,c03-087a-05-06
150,c03-087a-04-07
150,c03-081a-05-06
150,c03-016a-08-05
150,c03-003a-07-02
150,c03-087a-03-02
150,c03-096a-02-00
150,c03-021a-05-08
150,c03-016a-03-04
150,c03-007a-05-03
150,c03-084a-04-07
150,c03-021a-00-02
150,c03-096a-05-04
150,c03-016a-05-00
150,c03-021a-08-07
150,c03-000a-03-05
150,c03-087a-04-03
150,c03-000a-02-00
150,c03-081a-08-04
150,c03-016a-03-00
150,c03-007a-05-06
150,c03-084a-01-01
150,c03-016a-07-03
150,c03-087a-01-03
150,c03-087a-03-06
150,c03-000a-04-01
150,c03-007a-07-00
150,c03-007a-03-06
150,c03-081a-08-03
150,c03-087a-00-06
150,c03-007a-02-09
150,c03-087a-02-00
150,c03-084a-03-04
150,c03-096a-06-01
150,c03-081a-01-01
150,c03-096a-00-04
150,c03-016a-03-05
150,c03-003a-07-03
150,c03-016a-03-02
150,c03-000a-03-08
150,c03-016a-09-07
150,c03-087a-05-02
150,c03-096a-02-06
150,c03-021a-09-01
150,c03-000a-06-05
150,c03-094a-04-00
150,c03-016a-08-08
150,c03-007a-03-05
150,c03-003a-02-00
150,c03-087a-06-02
150,c03-000a-02-01
150,c03-087a-05-03
150,c03-084a-02-04
150,c03-096a-06-08
150,c03-007a-02-05
150,c03-084a-07-04
150,c03-081a-06-01
150,c03-007a-00-02
150,c03-094a-00-06
150,c03-081a-02-02
150,c03-081a-07-05
150,c03-087a-05-09
150,c03-021a-07-01
150,c03-021a-06-06
150,c03-096a-04-05
150,c03-016a-02-00
150,c03-003a-03-05
150,c03-016a-00-05
150,c03-016a-02-04
150,c03-087a-04-02
150,c03-007a-00-06
150,c03-084a-00-01
150,c03-007a-02-06
150,c03-000a-01-04
150,c03-084a-05-06
150,c03-003a-08-04
150,c03-096a-03-00
150,c03-016a-08-03
150,c03-016a-04-03
150,c03-016a-01-03
150,c03-003a-00-06
150,c03-007a-01-03
150,c03-021a-08-09
150,c03-000a-03-04
150,c03-087a-00-03
150,c03-081a-09-01
150,c03-096a-03-02
150,c03-016a-03-03
150,c03-084a-00-00
150,c03-003a-07-05
150,c03-003a-00-07
150,c03-084a-03-10
150,c03-081a-06-03
150,c03-094a-08-01
150,c03-094a-02-07
150,c03-007a-02-07
150,c03-094a-04-01
150,c03-021a-07-00
150,c03-021a-03-06
150,c03-096a-02-07
150,c03-096a-01-07
150,c03-000a-05-00
150,c03-094a-05-06
150,c03-084a-04-03
150,c03-096a-04-02
150,c03-021a-09-08
150,c03-081a-04-01
150,c03-084a-04-02
150,c03-096a-00-02
150,c03-021a-06-09
150,c03-007a-07-02
150,c03-081a-05-00
150,c03-007a-07-04
150,c03-000a-03-03
150,c03-000a-02-06
150,c03-016a-00-03
150,c03-003a-05-04
150,c03-084a-01-00
150,c03-003a-07-07
150,c03-084a-05-05
150,c03-016a-04-00
150,c03-021a-04-08
150,c03-096a-03-06
150,c03-021a-09-05
151,c03-021b-04-01
151,c03-081b-07-01
151,c03-094b-07-01
151,c03-081b-02-07
151,c03-003b-05-05
151,c03-016b-06-06
151,c03-007b-04-07
151,c03-003b-07-02
151,c03-021b-04-07
151,c03-096b-03-03
151,c03-021b-06-01
151,c03-003b-06-09
151,c03-094b-08-06
151,c03-021b-02-00
151,c03-081b-05-02
151,c03-094b-04-00
151,c03-096b-00-04
151,c03-096b-06-02
151,c03-007b-03-05
151,c03-087b-01-00
151,c03-094b-01-00
151,c03-016b-01-07
151,c03-084b-03-04
151,c03-096b-07-04
151,c03-016b-09-04
151,c03-007b-05-02
151,c03-003b-04-07
151,c03-000b-05-06
151,c03-016b-06-02
151,c03-007b-00-06
151,c03-016b-04-02
151,c03-094b-09-00
151,c03-016b-03-03
151,c03-003b-06-01
151,c03-003b-02-07
151,c03-021b-04-00
151,c03-096b-07-02
151,c03-016b-09-03
151,c03-003b-05-07
151,c03-021b-05-11
151,c03-021b-06-04
151,c03-081b-08-00
151,c03-094b-05-01
151,c03-087b-00-06
151,c03-000b-04-07
151,c03-087b-08-02
151,c03-096b-00-05
151,c03-000b-01-03
151,c03-094b-02-03
151,c03-016b-04-04
151,c03-007b-03-00
151,c03-000b-04-05
151,c03-096b-03-02
151,c03-021b-04-11
151,c03-094b-06-00
151,c03-016b-07-09
151,c03-016b-06-04
151,c03-021b-07-03
151,c03-094b-02-06
151,c03-081b-04-02
151,c03-016b-08-03
151,c03-094b-07-06
151,c03-021b-05-06
151,c03-000b-01-00
151,c03-094b-07-09
151,c03-081b-09-02
151,c03-007b-06-02
151,c03-003b-06-07
151,c03-081b-04-03
151,c03-084b-07-02
151,c03-081b-09-01
151,c03-016b-08-04
151,c03-087b-04-07
151,c03-081b-01-07
151,c03-084b-03-01
151,c03-007b-03-02
151,c03-096b-05-00
151,c03-084b-00-01
151,c03-000b-01-01
151,c03-081b-09-00
151,c03-000b-01-06
151,c03-087b-04-06
151,c03-003b-06-08
151,c03-081b-01-05
151,c03-021b-06-03
151,c03-087b-03-04
151,c03-094b-04-06
151,c03-096b-02-08
151,c03-021b-04-05
151,c03-003b-07-03
151,c03-094b-01-06
151,c03-096b-00-03
151,c03-003b-05-03
151,c03-094b-08-01
151,c03-084b-06-03
151,c03-007b-04-04
151,c03-007b-02-10
151,c03-003b-00-10
151,c03-094b-05-00
151,c03-007b-03-04
151,c03-016b-07-06
151,c03-000b-03-00
151,c03-000b-01-05
151,c03-096b-02-07
151,c03-084b-03-06
151,c03-007b-04-01
151,c03-087b-00-03
151,c03-007b-06-06
151,c03-003b-05-00
151,c03-081b-07-09
151,c03-081b-08-04
151,c03-007b-02-09
151,c03-096b-07-01
151,c03-084b-03-02
151,c03-021b-07-07
151,c03-000b-00-06
151,c03-000b-04-06
151,c03-096b-04-06
151,c03-000b-02-03
151,c03-021b-00-07
151,c03-087b-00-01
151,c03-094b-04-09
151,c03-000b-03-04
151,c03-003b-07-06
151,c03-094b-07-07
151,c03-094b-06-05
151,c03-096b-02-00
151,c03-007b-00-09
151,c03-007b-05-03
151,c03-003b-03-06
151,c03-094b-09-01
151,c03-016b-08-06
151,c03-081b-07-04
151,c03-007b-05-04
151,c03-096b-03-04
151,c03-087b-03-06
151,c03-007b-03-01
151,c03-000b-06-01
151,c03-021b-05-02
151,c03-021b-04-02
151,c03-096b-07-00
151,c03-021b-05-10
151,c03-096b-06-04
151,c03-081b-05-00
151,c03-096b-07-03
151,c03-021b-06-05
151,c03-094b-02-02
151,c03-096b-06-05
151,c03-096b-06-06
151,c03-000b-02-00
151,c03-021b-06-07
151,c03-087b-05-05
151,c03-003b-03-00
151,c03-016b-04-00
151,c03-007b-06-09
151,c03-087b-02-00
151,c03-003b-03-03
151,c03-007b-02-03
151,c03-016b-01-09
151,c03-094b-02-04
151,c03-003b-07-07
151,c03-007b-02-00
151,c03-021b-02-01
151,c03-081b-07-02
151,c03-003b-04-05
151,c03-087b-04-03
151,c03-081b-02-05
151,c03-087b-05-01
151,c03-087b-02-01
151,c03-087b-05-04
151,c03-016b-01-00
151,c03-007b-04-06
151,c03-003b-05-08
151,c03-000b-03-03
151,c03-003b-03-07
151,c03-016b-09-00
151,c03-016b-03-04
151,c03-016b-03-05
151,c03-000b-01-04
151,c03-007b-04-05
151,c03-007b-00-03
151,c03-000b-04-09
151,c03-094b-02-08
151,c03-087b-08-00
151,c03-094b-06-04
151,c03-096b-06-03
151,c03-007b-05-05
151,c03-021b-02-06
151,c03-007b-07-02
151,c03-096b-02-02
151,c03-081b-04-01
151,c03-094b-04-07
151,c03-081b-08-06
151,c03-096b-07-06
151,c03-081b-03-02
151,c03-016b-07-03
151,c03-021b-07-00
151,c03-081b-04-07
151,c03-016b-04-01
151,c03-084b-07-01
151,c03-087b-05-08
151,c03-096b-02-05
151,c03-094b-01-02
151,c03-084b-07-03
151,c03-003b-02-05
151,c03-084b-03-03
151,c03-003b-02-08
151,c03-084b-07-00
151,c03-094b-04-05
151,c03-084b-00-00
151,c03-016b-07-07
151,c03-087b-04-00
151,c03-000b-03-02
151,c03-087b-05-00
151,c03-021b-07-04
151,c03-084b-06-05
151,c03-081b-02-00
151,c03-087b-03-02
151,c03-081b-02-03
151,c03-000b-03-07
151,c03-003b-02-03
151,c03-094b-04-08
151,c03-000b-03-05
151,c03-094b-08-03
151,c03-003b-03-05
151,c03-016b-08-05
151,c03-081b-03-03
151,c03-081b-01-01
151,c03-003b-07-01
151,c03-000b-05-08
151,c03-007b-02-11
151,c03-081b-04-08
151,c03-021b-00-00
151,c03-096b-00-01
151,c03-096b-03-06
151,c03-016b-07-01
151,c03-003b-00-08
151,c03-087b-05-03
151,c03-096b-03-01
151,c03-021b-05-05
151,c03-016b-03-00
151,c03-000b-06-00
151,c03-084b-03-10
151,c03-087b-00-00
151,c03-007b-04-02
151,c03-003b-03-02
151,c03-087b-05-02
151,c03-087b-04-05
151,c03-084b-06-04
151,c03-003b-02-06
151,c03-021b-06-08
151,c03-081b-01-03
151,c03-087b-05-10
151,c03-007b-05-00
151,c03-081b-05-05
151,c03-000b-05-07
151,c03-007b-02-01
151,c03-003b-05-04
151,c03-021b-04-08
151,c03-021b-06-00
151,c03-081b-00-01
151,c03-021b-00-08
151,c03-081b-07-05
151,c03-007b-00-08
151,c03-003b-06-04
151,c03-000b-04-08
151,c03-000b-00-07
151,c03-016b-01-06
151,c03-016b-07-04
151,c03-087b-05-06
151,c03-081b-05-03
151,c03-094b-08-00
151,c03-096b-04-01
151,c03-087b-04-02
151,c03-096b-07-05
151,c03-087b-05-07
151,c03-016b-04-05
151,c03-084b-07-04
151,c03-081b-03-01
151,c03-084b-06-01
151,c03-084b-00-04
151,c03-096b-04-04
151,c03-016b-06-08
151,c03-087b-01-03
151,c03-016b-08-09
151,c03-096b-03-00
151,c03-007b-06-04
151,c03-081b-08-01
151,c03-016b-07-05
151,c03-081b-03-07
151,c03-016b-01-05
151,c03-003b-00-09
151,c03-007b-06-07
151,c03-007b-00-01
151,c03-081b-02-01
151,c03-007b-02-04
151,c03-081b-08-07
151,c03-007b-06-00
151,c03-003b-04-00
151,c03-081b-00-06
151,c03-021b-04-04
151,c03-007b-06-01
151,c03-081b-01-06
151,c03-007b-03-06
151,c03-096b-02-01
151,c03-081b-00-00
151,c03-081b-04-09
151,c03-094b-05-06
151,c03-000b-05-00
151,c03-087b-00-05
151,c03-087b-00-07
151,c03-081b-08-03
151,c03-021b-02-03
151,c03-003b-00-02
151,c03-087b-04-04
151,c03-000b-05-01
151,c03-003b-06-02
151,c03-084b-03-08
151,c03-096b-02-09
151,c03-000b-03-01
151,c03-096b-02-03
151,c03-000b-02-06
151,c03-096b-03-07
151,c03-016b-06-00
151,c03-003b-02-00
151,c03-094b-05-05
151,c03-000b-03-06
151,c03-081b-07-00
151,c03-016b-01-08
151,c03-096b-04-02
151,c03-000b-03-08
151,c03-084b-06-07
151,c03-016b-09-01
151,c03-094b-08-02
151,c03-094b-06-02
151,c03-021b-05-00
151,c03-021b-00-06
151,c03-081b-08-05
151,c03-096b-02-04
151,c03-094b-06-03
151,c03-021b-02-04
151,c03-081b-00-02
151,c03-003b-03-04
151,c03-096b-04-05
151,c03-081b-01-02
151,c03-096b-05-09
151,c03-084b-00-05
151,c03-007b-00-07
151,c03-096b-05-04
151,c03-094b-01-01
151,c03-021b-07-01
151,c03-021b-04-10
151,c03-000b-01-07
151,c03-096b-00-07
151,c03-087b-03-01
151,c03-081b-09-03
151,c03-007b-06-08
151,c03-084b-03-09
151,c03-003b-04-03
151,c03-000b-05-09
151,c03-096b-02-06
151,c03-016b-08-08
151,c03-000b-02-01
151,c03-096b-06-07
151,c03-021b-00-09
151,c03-000b-06-02
151,c03-081b-08-02
151,c03-096b-04-00
151,c03-000b-05-04
151,c03-000b-00-01
151,c03-096b-06-08
151,c03-096b-05-06
151,c03-084b-03-07
151,c03-096b-05-05
151,c03-084b-00-02
151,c03-096b-03-05
151,c03-016b-09-05
151,c03-016b-04-08
151,c03-087b-08-01
151,c03-016b-06-05
151,c03-021b-02-02
151,c03-000b-02-05
151,c03-003b-00-06
151,c03-081b-03-08
151,c03-000b-00-03
151,c03-021b-02-05
151,c03-021b-00-04
151,c03-084b-00-03
151,c03-094b-06-07
151,c03-087b-02-02
151,c03-016b-06-03
151,c03-016b-01-02
151,c03-021b-00-02
151,c03-000b-00-05
151,c03-087b-01-04
151,c03-084b-03-05
151,c03-087b-00-04
151,c03-003b-04-08
151,c03-081b-07-03
151,c03-094b-05-07
151,c03-081b-02-02
151,c03-081b-00-04
151,c03-096b-05-08
151,c03-096b-04-08
151,c03-021b-05-01
151,c03-081b-05-07
151,c03-003b-00-07
151,c03-094b-02-07
151,c03-003b-05-09
151,c03-021b-07-02
151,c03-094b-04-01
151,c03-021b-06-02
151,c03-003b-04-02
151,c03-003b-02-02
151,c03-007b-04-00
151,c03-007b-07-00
151,c03-021b-05-07
151,c03-003b-02-04
151,c03-003b-04-10
151,c03-003b-05-01
151,c03-081b-04-00
151,c03-081b-02-04
151,c03-081b-03-06
151,c03-096b-00-02
151,c03-016b-04-06
151,c03-081b-00-05
151,c03-081b-03-00
151,c03-003b-03-01
151,c03-000b-00-00
151,c03-081b-03-05
151,c03-000b-00-02
151,c03-000b-02-02
151,c03-094b-07-00
151,c03-021b-05-08
151,c03-094b-06-01
151,c03-000b-02-08
151,c03-094b-05-02
151,c03-084b-06-02
151,c03-003b-02-10
151,c03-081b-05-01
151,c03-094b-04-03
151,c03-084b-06-00
151,c03-096b-05-02
151,c03-096b-06-00
151,c03-003b-04-01
151,c03-094b-04-02
151,c03-007b-07-01
151,c03-081b-05-04
151,c03-021b-07-08
151,c03-094b-04-04
151,c03-094b-08-05
151,c03-094b-01-04
151,c03-003b-02-09
151,c03-084b-03-00
151,c03-096b-00-06
151,c03-094b-08-04
151,c03-003b-06-03
151,c03-081b-04-04
151,c03-003b-04-04
151,c03-007b-00-05
151,c03-021b-07-05
151,c03-087b-02-04
151,c03-021b-05-03
151,c03-016b-08-01
151,c03-021b-00-03
151,c03-007b-00-04
151,c03-087b-03-00
151,c03-021b-07-06
151,c03-094b-07-02
151,c03-007b-03-03
151,c03-087b-02-03
151,c03-021b-00-05
151,c03-003b-07-04
151,c03-016b-08-00
151,c03-096b-05-01
151,c03-081b-07-08
151,c03-016b-07-08
151,c03-021b-04-03
151,c03-081b-05-06
151,c03-087b-01-01
151,c03-003b-00-05
151,c03-087b-00-02
151,c03-087b-03-03
151,c03-021b-04-06
151,c03-003b-04-06
151,c03-081b-01-04
151,c03-016b-07-02
151,c03-007b-05-08
151,c03-003b-06-00
151,c03-000b-06-03
151,c03-007b-06-05
151,c03-000b-05-03
151,c03-003b-00-03
151,c03-000b-04-04
151,c03-003b-05-06
151,c03-000b-05-05
151,c03-094b-02-09
151,c03-003b-00-01
151,c03-007b-02-05
151,c03-016b-09-02
151,c03-007b-05-06
151,c03-021b-00-01
151,c03-096b-05-03
151,c03-094b-07-04
151,c03-003b-06-05
151,c03-016b-06-07
151,c03-087b-04-01
151,c03-084b-06-06
151,c03-096b-04-07
151,c03-016b-03-02
151,c03-081b-02-08
151,c03-000b-01-08
151,c03-007b-06-03
151,c03-087b-05-09
151,c03-016b-03-01
151,c03-081b-04-06
151,c03-007b-02-08
151,c03-087b-01-05
151,c03-007b-06-10
151,c03-094b-02-01
151,c03-016b-04-07
151,c03-003b-05-02
151,c03-007b-00-00
151,c03-087b-00-08
151,c03-096b-00-00
151,c03-094b-07-05
151,c03-003b-06-06
151,c03-007b-04-03
151,c03-021b-02-07
151,c03-007b-02-02
151,c03-003b-07-05
151,c03-081b-00-03
151,c03-003b-02-01
151,c03-003b-04-09
151,c03-007b-02-07
151,c03-087b-03-05
151,c03-081b-04-05
151,c03-016b-01-03
151,c03-000b-04-00
151,c03-000b-04-03
151,c03-094b-07-08
151,c03-096b-06-01
151,c03-016b-01-01
151,c03-016b-06-01
151,c03-016b-03-06
151,c03-094b-02-00
151,c03-087b-01-02
151,c03-000b-05-02
151,c03-016b-04-03
151,c03-094b-01-03
151,c03-003b-07-00
151,c03-016b-01-04
151,c03-094b-07-03
151,c03-000b-01-02
151,c03-007b-00-02
151,c03-021b-02-09
151,c03-021b-05-09
151,c03-094b-02-05
151,c03-081b-07-07
151,c03-000b-02-04
151,c03-094b-05-03
151,c03-081b-02-06
151,c03-007b-02-06
151,c03-094b-05-04
151,c03-016b-08-02
151,c03-087b-01-06
151,c03-000b-00-08
151,c03-016b-07-00
151,c03-081b-07-06
151,c03-003b-00-04
151,c03-094b-01-05
151,c03-021b-06-06
151,c03-021b-05-04
151,c03-096b-04-03
151,c03-081b-01-00
151,c03-094b-06-06
151,c03-007b-03-07
151,c03-007b-05-07
151,c03-007b-05-01
151,c03-000b-00-04
151,c03-021b-02-08
152,c03-016c-02-01
152,c03-081c-00-00
152,c03-087c-04-09
152,c03-096c-05-08
152,c03-007c-02-07
152,c03-081c-04-09
152,c03-007c-06-05
152,c03-087c-04-00
152,c03-007c-07-00
152,c03-081c-03-07
152,c03-021c-08-04
152,c03-096c-05-01
152,c03-007c-06-08
152,c03-000c-04-01
152,c03-081c-06-05
152,c03-094c-06-00
152,c03-003c-01-08
152,c03-096c-01-08
152,c03-021c-03-02
152,c03-081c-03-05
152,c03-007c-00-06
152,c03-016c-04-02
152,c03-087c-01-08
152,c03-000c-03-03
152,c03-096c-00-05
152,c03-081c-03-00
152,c03-000c-05-07
152,c03-016c-09-08
152,c03-094c-07-01
152,c03-081c-08-03
152,c03-087c-02-06
152,c03-007c-07-05
152,c03-096c-06-04
152,c03-021c-03-08
152,c03-021c-02-01
152,c03-081c-04-01
152,c03-007c-06-02
152,c03-096c-01-02
152,c03-003c-00-06
152,c03-021c-02-03
152,c03-016c-00-04
152,c03-003c-00-05
152,c03-016c-00-08
152,c03-081c-04-04
152,c03-021c-06-07
152,c03-081c-06-00
152,c03-094c-03-02
152,c03-087c-03-04
152,c03-094c-05-00
152,c03-003c-03-02
152,c03-016c-08-00
152,c03-094c-06-04
152,c03-007c-02-04
152,c03-081c-05-02
152,c03-016c-06-03
152,c03-007c-00-00
152,c03-087c-03-05
152,c03-081c-05-01
152,c03-003c-06-02
152,c03-021c-04-03
152,c03-016c-00-01
152,c03-094c-02-04
152,c03-000c-01-00
152,c03-087c-00-09
152,c03-007c-01-07
152,c03-021c-08-06
152,c03-094c-07-03
152,c03-081c-05-04
152,c03-096c-04-00
152,c03-021c-04-06
152,c03-087c-01-01
152,c03-007c-03-05
152,c03-096c-02-02
152,c03-003c-07-02
152,c03-084c-00-02
152,c03-021c-07-03
152,c03-007c-03-04
152,c03-003c-01-05
152,c03-096c-06-01
152,c03-016c-08-04
152,c03-007c-01-02
152,c03-003c-01-07
152,c03-000c-04-08
152,c03-016c-04-04
152,c03-021c-07-05
152,c03-081c-01-01
152,c03-081c-02-07
152,c03-096c-03-00
152,c03-081c-01-03
152,c03-094c-08-03
152,c03-003c-02-05
152,c03-096c-05-05
152,c03-003c-07-03
152,c03-094c-07-02
152,c03-087c-03-06
152,c03-003c-08-00
152,c03-016c-06-04
152,c03-081c-00-05
152,c03-003c-00-04
152,c03-003c-02-06
152,c03-081c-01-02
152,c03-007c-06-07
152,c03-087c-01-03
152,c03-016c-06-00
152,c03-021c-08-05
152,c03-081c-02-00
152,c03-087c-04-01
152,c03-094c-07-05
152,c03-000c-00-01
152,c03-003c-03-01
152,c03-094c-07-09
152,c03-096c-03-03
152,c03-000c-02-04
152,c03-021c-07-06
152,c03-087c-03-00
152,c03-094c-03-06
152,c03-021c-00-05
152,c03-087c-05-07
152,c03-081c-02-03
152,c03-096c-05-04
152,c03-094c-01-06
152,c03-003c-05-07
152,c03-007c-00-08
152,c03-081c-06-07
152,c03-007c-03-06
152,c03-084c-05-02
152,c03-081c-01-06
152,c03-096c-02-08
152,c03-021c-00-03
152,c03-007c-03-07
152,c03-016c-09-06
152,c03-021c-07-01
152,c03-000c-06-01
152,c03-003c-08-03
152,c03-000c-01-03
152,c03-081c-03-03
152,c03-000c-04-06
152,c03-084c-06-05
152,c03-021c-07-02
152,c03-016c-06-08
152,c03-016c-00-00
152,c03-087c-02-00
152,c03-000c-03-02
152,c03-021c-01-06
152,c03-016c-06-07
152,c03-081c-04-06
152,c03-081c-05-05
152,c03-007c-01-00
152,c03-096c-06-07
152,c03-021c-01-09
152,c03-094c-01-08
152,c03-016c-00-05
152,c03-084c-00-04
152,c03-094c-06-02
152,c03-094c-03-08
152,c03-094c-02-09
152,c03-081c-03-01
152,c03-016c-01-01
152,c03-007c-07-01
152,c03-003c-05-03
152,c03-021c-04-08
152,c03-081c-00-02
152,c03-003c-00-01
152,c03-003c-04-03
152,c03-087c-00-03
152,c03-094c-07-10
152,c03-021c-02-02
152,c03-003c-08-05
152,c03-094c-02-08
152,c03-094c-07-06
152,c03-000c-03-08
152,c03-016c-08-03
152,c03-084c-05-07
152,c03-094c-04-06
152,c03-003c-04-00
152,c03-007c-07-03
152,c03-094c-07-00
152,c03-016c-06-06
152,c03-081c-06-04
152,c03-094c-05-06
152,c03-094c-08-05
152,c03-096c-02-05
152,c03-087c-01-05
152,c03-016c-09-07
152,c03-021c-01-10
152,c03-096c-05-03
152,c03-000c-03-07
152,c03-021c-02-05
152,c03-003c-05-08
152,c03-000c-05-06
152,c03-094c-07-07
152,c03-094c-01-03
152,c03-016c-01-06
152,c03-096c-04-06
152,c03-087c-05-00
152,c03-081c-01-00
152,c03-003c-01-01
152,c03-021c-08-01
152,c03-003c-01-03
152,c03-000c-00-04
152,c03-081c-04-08
152,c03-007c-07-08
152,c03-094c-06-01
152,c03-087c-02-02
152,c03-021c-09-00
152,c03-003c-04-07
152,c03-096c-02-04
152,c03-081c-08-06
152,c03-000c-01-08
152,c03-094c-04-03
152,c03-084c-05-00
152,c03-021c-02-07
152,c03-000c-04-07
152,c03-096c-05-02
152,c03-021c-09-03
152,c03-016c-09-01
152,c03-096c-04-07
152,c03-087c-06-00
152,c03-096c-04-02
152,c03-016c-04-05
152,c03-087c-04-07
152,c03-094c-06-05
152,c03-007c-05-05
152,c03-094c-02-02
152,c03-094c-03-01
152,c03-007c-01-06
152,c03-081c-01-04
152,c03-003c-02-02
152,c03-007c-01-01
152,c03-087c-03-08
152,c03-003c-05-00
152,c03-007c-02-02
152,c03-003c-01-02
152,c03-087c-01-04
152,c03-016c-08-05
152,c03-096c-00-01
152,c03-003c-00-09
152,c03-096c-01-10
152,c03-084c-00-05
152,c03-007c-06-04
152,c03-003c-02-01
152,c03-087c-01-00
152,c03-096c-06-02
152,c03-087c-02-05
152,c03-000c-05-00
152,c03-087c-06-08
152,c03-016c-02-03
152,c03-087c-04-06
152,c03-021c-03-04
152,c03-000c-00-06
152,c03-096c-06-08
152,c03-003c-08-06
152,c03-096c-05-09
152,c03-094c-06-07
152,c03-094c-02-07
152,c03-003c-03-03
152,c03-084c-06-01
152,c03-084c-06-03
152,c03-081c-03-04
152,c03-003c-07-05
152,c03-003c-02-08
152,c03-021c-06-04
152,c03-081c-00-06
152,c03-007c-02-08
152,c03-021c-00-02
152,c03-087c-05-06
152,c03-021c-06-01
152,c03-021c-08-02
152,c03-087c-06-05
152,c03-087c-03-01
152,c03-021c-01-07
152,c03-084c-05-08
152,c03-003c-07-04
152,c03-003c-03-07
152,c03-003c-03-04
152,c03-021c-06-08
152,c03-081c-01-08
152,c03-000c-00-03
152,c03-084c-00-01
152,c03-016c-01-02
152,c03-000c-02-02
152,c03-021c-06-02
152,c03-096c-00-03
152,c03-003c-05-02
152,c03-016c-08-07
152,c03-084c-06-06
152,c03-087c-00-01
152,c03-081c-01-05
152,c03-003c-01-00
152,c03-000c-06-00
152,c03-096c-03-04
152,c03-007c-06-01
152,c03-021c-07-07
152,c03-003c-05-09
152,c03-021c-00-04
152,c03-003c-04-01
152,c03-007c-05-00
152,c03-003c-07-00
152,c03-096c-03-05
152,c03-084c-06-00
152,c03-096c-06-00
152,c03-021c-01-04
152,c03-007c-01-05
152,c03-003c-07-06
152,c03-087c-00-00
152,c03-021c-08-00
152,c03-003c-03-08
152,c03-096c-03-06
152,c03-007c-00-01
152,c03-003c-06-06
152,c03-096c-05-00
152,c03-096c-01-09
152,c03-084c-00-00
152,c03-021c-03-06
152,c03-096c-04-05
152,c03-000c-00-02
152,c03-081c-03-06
152,c03-003c-00-00
152,c03-003c-06-01
152,c03-094c-04-05
152,c03-000c-02-07
152,c03-021c-01-02
152,c03-007c-00-04
152,c03-094c-08-00
152,c03-094c-02-01
152,c03-016c-04-03
152,c03-007c-02-06
152,c03-087c-06-04
152,c03-016c-09-00
152,c03-000c-04-00
152,c03-000c-06-06
152,c03-000c-01-07
152,c03-021c-04-00
152,c03-094c-05-05
152,c03-003c-05-10
152,c03-021c-08-03
152,c03-016c-02-00
152,c03-087c-00-06
152,c03-007c-05-03
152,c03-081c-04-05
152,c03-094c-05-02
152,c03-000c-02-06
152,c03-087c-04-05
152,c03-003c-01-04
152,c03-094c-04-01
152,c03-096c-05-07
152,c03-016c-09-04
152,c03-021c-01-05
152,c03-007c-07-07
152,c03-081c-06-03
152,c03-094c-04-02
152,c03-007c-01-04
152,c03-081c-04-03
152,c03-021c-00-07
152,c03-094c-02-06
152,c03-087c-04-08
152,c03-081c-00-04
152,c03-000c-00-07
152,c03-016c-09-03
152,c03-096c-04-01
152,c03-016c-06-05
152,c03-084c-06-04
152,c03-084c-06-02
152,c03-096c-02-01
152,c03-016c-02-08
152,c03-096c-01-05
152,c03-016c-01-05
152,c03-084c-00-06
152,c03-000c-05-05
152,c03-081c-04-10
152,c03-000c-06-04
152,c03-007c-07-02
152,c03-094c-05-03
152,c03-000c-05-02
152,c03-084c-05-01
152,c03-016c-00-07
152,c03-007c-03-03
152,c03-021c-00-01
152,c03-021c-03-07
152,c03-087c-04-03
152,c03-000c-00-05
152,c03-094c-01-00
152,c03-021c-01-00
152,c03-016c-08-06
152,c03-000c-02-01
152,c03-021c-00-08
152,c03-000c-03-01
152,c03-021c-08-07
152,c03-016c-02-04
152,c03-087c-06-02
152,c03-081c-06-01
152,c03-000c-06-03
152,c03-003c-00-07
152,c03-003c-02-03
152,c03-003c-02-04
152,c03-096c-04-03
152,c03-007c-02-05
152,c03-021c-02-04
152,c03-007c-00-07
152,c03-081c-00-03
152,c03-096c-07-02
152,c03-096c-01-07
152,c03-094c-01-02
152,c03-084c-00-07
152,c03-007c-07-04
152,c03-021c-09-04
152,c03-007c-02-03
152,c03-016c-09-05
152,c03-003c-08-04
152,c03-007c-05-02
152,c03-096c-00-06
152,c03-087c-02-03
152,c03-087c-03-03
152,c03-084c-05-04
152,c03-087c-05-04
152,c03-000c-05-03
152,c03-016c-01-07
152,c03-096c-01-00
152,c03-016c-04-06
152,c03-087c-01-07
152,c03-096c-00-02
152,c03-081c-06-06
152,c03-094c-03-05
152,c03-081c-06-02
152,c03-007c-06-06
152,c03-000c-04-03
152,c03-081c-02-04
152,c03-021c-09-01
152,c03-094c-08-04
152,c03-087c-00-07
152,c03-003c-06-00
152,c03-000c-05-04
152,c03-081c-02-02
152,c03-021c-07-04
152,c03-007c-05-07
152,c03-007c-02-01
152,c03-096c-00-04
152,c03-000c-05-01
152,c03-016c-04-07
152,c03-007c-01-03
152,c03-094c-02-03
152,c03-007c-00-02
152,c03-087c-02-01
152,c03-094c-01-04
152,c03-007c-06-00
152,c03-007c-05-06
152,c03-081c-00-01
152,c03-084c-05-03
152,c03-094c-05-07
152,c03-094c-03-04
152,c03-087c-06-07
152,c03-081c-08-01
152,c03-021c-00-00
152,c03-087c-02-04
152,c03-021c-01-03
152,c03-021c-06-05
152,c03-094c-04-04
152,c03-016c-02-02
152,c03-003c-06-04
152,c03-016c-02-05
152,c03-096c-03-02
152,c03-000c-03-00
152,c03-003c-01-06
152,c03-021c-02-00
152,c03-094c-02-00
152,c03-094c-06-06
152,c03-021c-03-03
152,c03-000c-03-04
152,c03-096c-03-01
152,c03-094c-06-03
152,c03-003c-07-01
152,c03-021c-04-01
152,c03-096c-04-08
152,c03-007c-00-05
152,c03-081c-08-04
152,c03-016c-02-06
152,c03-096c-01-01
152,c03-087c-05-05
152,c03-021c-03-00
152,c03-007c-03-02
152,c03-087c-06-03
152,c03-003c-05-04
152,c03-000c-01-06
152,c03-094c-05-04
152,c03-094c-08-02
152,c03-021c-06-03
152,c03-003c-04-05
152,c03-003c-03-05
152,c03-094c-01-05
152,c03-000c-01-02
152,c03-081c-05-03
152,c03-007c-05-01
152,c03-081c-06-08
152,c03-087c-00-04
152,c03-094c-01-01
152,c03-003c-00-03
152,c03-021c-01-08
152,c03-003c-00-02
152,c03-084c-05-06
152,c03-094c-07-04
152,c03-000c-06-05
152,c03-096c-05-06
152,c03-096c-07-00
152,c03-087c-06-06
152,c03-096c-00-08
152,c03-094c-05-08
152,c03-096c-04-04
152,c03-087c-01-06
152,c03-081c-08-05
152,c03-003c-02-07
152,c03-000c-04-04
152,c03-000c-03-06
152,c03-087c-04-02
152,c03-021c-07-08
152,c03-003c-03-06
152,c03-084c-00-03
152,c03-003c-00-10
152,c03-016c-00-03
152,c03-081c-05-00
152,c03-081c-03-02
152,c03-094c-03-00
152,c03-021c-01-01
152,c03-003c-00-08
152,c03-096c-02-00
152,c03-081c-04-07
152,c03-003c-08-02
152,c03-000c-01-04
152,c03-016c-06-01
152,c03-016c-02-07
152,c03-021c-02-06
152,c03-021c-06-00
152,c03-000c-03-09
152,c03-096c-07-01
152,c03-003c-05-01
152,c03-087c-05-01
152,c03-016c-04-01
152,c03-021c-03-09
152,c03-000c-02-00
152,c03-007c-00-03
152,c03-003c-06-03
152,c03-081c-04-00
152,c03-021c-00-06
152,c03-007c-06-03
152,c03-016c-06-02
152,c03-096c-02-07
152,c03-003c-04-06
152,c03-021c-06-06
152,c03-016c-00-06
152,c03-087c-05-03
152,c03-021c-02-08
152,c03-007c-03-00
152,c03-000c-02-05
152,c03-094c-05-01
152,c03-003c-06-08
152,c03-094c-03-03
152,c03-016c-04-00
152,c03-016c-08-02
152,c03-096c-02-03
152,c03-081c-05-06
152,c03-096c-01-03
152,c03-016c-08-08
152,c03-094c-01-07
152,c03-094c-02-05
152,c03-016c-00-02
152,c03-081c-08-02
152,c03-003c-05-06
152,c03-000c-02-03
152,c03-087c-03-07
152,c03-081c-02-01
152,c03-003c-04-02
152,c03-021c-04-02
152,c03-087c-03-02
152,c03-096c-06-05
152,c03-007c-03-01
152,c03-016c-08-01
152,c03-000c-00-00
152,c03-003c-08-01
152,c03-094c-01-09
152,c03-021c-03-05
152,c03-000c-07-00
152,c03-000c-06-02
152,c03-094c-04-00
152,c03-094c-03-07
152,c03-081c-00-07
152,c03-021c-03-01
152,c03-003c-03-00
152,c03-096c-01-04
152,c03-084c-05-05
152,c03-087c-04-04
152,c03-087c-05-08
152,c03-087c-06-01
152,c03-081c-03-08
152,c03-007c-07-06
152,c03-016c-01-03
152,c03-003c-04-04
152,c03-000c-07-01
152,c03-094c-07-08
152,c03-081c-08-00
152,c03-021c-07-00
152,c03-003c-06-05
152,c03-003c-06-07
152,c03-087c-01-02
152,c03-000c-04-05
152,c03-007c-02-00
152,c03-021c-04-05
152,c03-021c-04-04
152,c03-003c-02-00
152,c03-007c-05-04
152,c03-000c-03-05
152,c03-087c-05-02
152,c03-000c-04-02
152,c03-000c-01-05
152,c03-081c-04-02
152,c03-081c-05-08
152,c03-021c-09-02
152,c03-096c-06-03
152,c03-081c-05-07
152,c03-081c-02-05
152,c03-003c-05-05
152,c03-081c-01-07
152,c03-087c-00-08
152,c03-000c-01-01
152,c03-016c-01-04
152,c03-096c-00-00
152,c03-096c-00-07
152,c03-021c-04-07
152,c03-096c-02-06
152,c03-016c-00-09
152,c03-096c-06-06
152,c03-016c-01-00
152,c03-087c-00-02
152,c03-087c-00-05
152,c03-016c-09-02
153,c03-007d-06-04
153,c03-021d-04-00
153,c03-081d-07-05
153,c03-016d-02-05
153,c03-087d-00-07
153,c03-021d-06-07
153,c03-084d-04-00
153,c03-021d-00-07
153,c03-003d-05-01
153,c03-000d-05-03
153,c03-000d-06-07
153,c03-087d-00-06
153,c03-081d-07-01
153,c03-084d-01-00
153,c03-094d-07-01
153,c03-016d-00-09
153,c03-000d-06-03
153,c03-000d-04-01
153,c03-003d-00-10
153,c03-084d-01-06
153,c03-021d-02-01
153,c03-021d-02-04
153,c03-003d-05-05
153,c03-021d-05-02
153,c03-003d-06-08
153,c03-087d-00-04
153,c03-084d-02-03
153,c03-016d-04-05
153,c03-021d-08-07
153,c03-016d-01-01
153,c03-021d-03-03
153,c03-021d-04-04
153,c03-096d-02-04
153,c03-003d-06-02
153,c03-084d-01-07
153,c03-081d-06-07
153,c03-021d-00-02
153,c03-081d-10-00
153,c03-096d-02-08
153,c03-007d-01-06
153,c03-094d-10-01
153,c03-021d-04-08
153,c03-096d-04-04
153,c03-084d-05-05
153,c03-000d-01-02
153,c03-084d-07-00
153,c03-094d-03-06
153,c03-007d-04-03
153,c03-016d-04-03
153,c03-094d-09-06
153,c03-084d-06-05
153,c03-000d-02-01
153,c03-003d-08-02
153,c03-016d-08-07
153,c03-087d-05-06
153,c03-081d-03-01
153,c03-087d-09-01
153,c03-021d-05-00
153,c03-021d-09-06
153,c03-096d-05-03
153,c03-003d-03-06
153,c03-084d-04-08
153,c03-003d-03-00
153,c03-003d-08-01
153,c03-000d-05-01
153,c03-016d-03-01
153,c03-016d-03-03
153,c03-081d-02-02
153,c03-094d-05-01
153,c03-094d-03-05
153,c03-016d-03-07
153,c03-084d-00-00
153,c03-087d-07-08
153,c03-094d-08-02
153,c03-087d-08-04
153,c03-081d-08-07
153,c03-000d-05-08
153,c03-000d-04-04
153,c03-016d-06-06
153,c03-003d-02-07
153,c03-081d-07-04
153,c03-096d-01-04
153,c03-094d-01-02
153,c03-021d-09-05
153,c03-000d-01-03
153,c03-000d-00-01
153,c03-081d-03-05
153,c03-081d-00-06
153,c03-000d-03-04
153,c03-021d-00-00
153,c03-081d-00-02
153,c03-021d-05-05
153,c03-000d-03-00
153,c03-007d-01-00
153,c03-007d-08-01
153,c03-087d-07-04
153,c03-007d-08-04
153,c03-003d-00-03
153,c03-094d-05-04
153,c03-003d-05-07
153,c03-003d-06-01
153,c03-087d-00-03
153,c03-087d-02-03
153,c03-094d-07-02
153,c03-003d-04-02
153,c03-081d-06-05
153,c03-087d-09-02
153,c03-087d-04-04
153,c03-000d-05-05
153,c03-016d-08-01
153,c03-084d-03-06
153,c03-003d-01-02
153,c03-016d-01-00
153,c03-007d-02-07
153,c03-094d-03-07
153,c03-007d-05-01
153,c03-087d-05-07
153,c03-007d-00-07
153,c03-007d-05-03
153,c03-007d-08-02
153,c03-000d-06-05
153,c03-081d-09-03
153,c03-084d-04-07
153,c03-081d-05-05
153,c03-084d-02-01
153,c03-087d-03-03
153,c03-000d-01-01
153,c03-000d-06-02
153,c03-084d-01-05
153,c03-007d-02-01
153,c03-096d-02-05
153,c03-016d-01-02
153,c03-096d-02-03
153,c03-003d-06-07
153,c03-021d-02-03
153,c03-021d-00-04
153,c03-021d-03-05
153,c03-096d-00-00
153,c03-021d-06-10
153,c03-081d-05-04
153,c03-021d-05-01
153,c03-094d-06-03
153,c03-003d-00-04
153,c03-081d-10-02
153,c03-021d-04-05
153,c03-021d-01-09
153,c03-000d-03-07
153,c03-007d-07-05
153,c03-081d-07-06
153,c03-094d-02-02
153,c03-016d-00-08
153,c03-094d-00-03
153,c03-007d-05-04
153,c03-081d-08-05
153,c03-094d-09-04
153,c03-016d-10-01
153,c03-021d-06-04
153,c03-081d-09-04
153,c03-021d-04-06
153,c03-003d-00-01
153,c03-094d-01-01
153,c03-087d-03-02
153,c03-003d-01-06
153,c03-096d-03-01
153,c03-021d-01-01
153,c03-021d-03-06
153,c03-007d-05-02
153,c03-021d-01-04
153,c03-021d-01-02
153,c03-096d-01-01
153,c03-087d-07-01
153,c03-003d-02-02
153,c03-016d-06-02
153,c03-000d-01-06
153,c03-000d-02-00
153,c03-021d-07-00
153,c03-094d-03-02
153,c03-016d-02-04
153,c03-081d-00-04
153,c03-003d-06-04
153,c03-094d-00-02
153,c03-094d-03-04
153,c03-007d-06-05
153,c03-021d-07-04
153,c03-081d-04-04
153,c03-096d-06-03
153,c03-021d-01-08
153,c03-096d-06-00
153,c03-007d-01-07
153,c03-003d-05-03
153,c03-094d-09-05
153,c03-007d-04-04
153,c03-096d-00-04
153,c03-087d-07-07
153,c03-016d-06-05
153,c03-087d-00-02
153,c03-084d-00-05
153,c03-094d-00-05
153,c03-081d-08-04
153,c03-096d-03-07
153,c03-081d-02-06
153,c03-007d-00-01
153,c03-003d-04-03
153,c03-094d-03-03
153,c03-081d-03-04
153,c03-007d-04-05
153,c03-000d-02-07
153,c03-087d-00-05
153,c03-094d-05-06
153,c03-000d-05-07
153,c03-003d-03-08
153,c03-094d-09-08
153,c03-081d-05-02
153,c03-016d-04-02
153,c03-016d-00-05
153,c03-016d-02-00
153,c03-096d-07-03
153,c03-094d-04-07
153,c03-016d-00-07
153,c03-003d-08-04
153,c03-003d-06-06
153,c03-007d-01-02
153,c03-016d-05-00
153,c03-094d-08-01
153,c03-021d-02-07
153,c03-084d-03-00
153,c03-003d-02-08
153,c03-084d-05-08
153,c03-081d-01-04
153,c03-084d-06-03
153,c03-087d-05-00
153,c03-000d-05-00
153,c03-000d-04-03
153,c03-087d-03-04
153,c03-003d-02-01
153,c03-003d-00-08
153,c03-084d-04-02
153,c03-087d-08-05
153,c03-016d-02-02
153,c03-084d-07-05
153,c03-094d-06-05
153,c03-021d-02-05
153,c03-084d-06-06
153,c03-084d-03-07
153,c03-016d-04-00
153,c03-087d-06-04
153,c03-000d-05-04
153,c03-087d-01-02
153,c03-007d-06-02
153,c03-007d-04-02
153,c03-081d-06-08
153,c03-087d-01-01
153,c03-000d-07-00
153,c03-087d-05-04
153,c03-081d-04-06
153,c03-084d-05-01
153,c03-084d-00-02
153,c03-096d-01-05
153,c03-021d-00-03
153,c03-081d-08-00
153,c03-096d-04-00
153,c03-081d-06-01
153,c03-081d-04-02
153,c03-000d-03-02
153,c03-094d-02-03
153,c03-003d-05-00
153,c03-087d-06-05
153,c03-096d-05-00
153,c03-021d-02-02
153,c03-021d-05-07
153,c03-003d-04-01
153,c03-000d-04-00
153,c03-000d-04-02
153,c03-016d-05-06
153,c03-016d-03-00
153,c03-094d-10-04
153,c03-096d-05-02
153,c03-094d-09-01
153,c03-016d-05-02
153,c03-007d-01-01
153,c03-087d-06-03
153,c03-096d-07-06
153,c03-096d-06-02
153,c03-081d-01-02
153,c03-084d-05-00
153,c03-096d-04-03
153,c03-096d-06-07
153,c03-003d-04-07
153,c03-003d-06-00
153,c03-000d-00-06
153,c03-003d-00-09
153,c03-007d-03-02
153,c03-016d-03-06
153,c03-007d-02-03
153,c03-081d-02-03
153,c03-016d-06-09
153,c03-084d-05-09
153,c03-094d-10-03
153,c03-084d-06-08
153,c03-087d-05-01
153,c03-003d-04-04
153,c03-081d-02-04
153,c03-003d-05-06
153,c03-007d-02-02
153,c03-021d-03-04
153,c03-007d-00-05
153,c03-007d-07-08
153,c03-003d-02-06
153,c03-021d-02-06
153,c03-096d-03-02
153,c03-016d-05-01
153,c03-094d-04-03
153,c03-084d-05-03
153,c03-000d-01-07
153,c03-096d-07-00
153,c03-016d-09-04
153,c03-003d-00-00
153,c03-081d-04-05
153,c03-096d-07-05
153,c03-094d-07-03
153,c03-087d-08-00
153,c03-084d-05-06
153,c03-021d-09-07
153,c03-096d-04-01
153,c03-096d-07-01
153,c03-081d-08-03
153,c03-016d-06-00
153,c03-016d-00-06
153,c03-021d-05-06
153,c03-007d-06-00
153,c03-081d-05-06
153,c03-087d-04-00
153,c03-003d-02-00
153,c03-016d-08-03
153,c03-021d-08-08
153,c03-094d-09-00
153,c03-087d-06-06
153,c03-000d-02-06
153,c03-094d-02-04
153,c03-000d-03-01
153,c03-094d-04-01
153,c03-087d-02-02
153,c03-007d-07-09
153,c03-081d-07-00
153,c03-084d-02-05
153,c03-007d-06-01
153,c03-021d-08-05
153,c03-021d-09-08
153,c03-084d-08-00
153,c03-096d-03-05
153,c03-016d-10-00
153,c03-003d-01-04
153,c03-007d-08-05
153,c03-096d-08-00
153,c03-081d-07-07
153,c03-003d-04-05
153,c03-081d-02-07
153,c03-007d-01-05
153,c03-096d-05-07
153,c03-094d-10-02
153,c03-094d-05-02
153,c03-007d-00-06
153,c03-003d-01-07
153,c03-081d-06-06
153,c03-081d-08-02
153,c03-016d-08-09
153,c03-007d-03-00
153,c03-096d-08-03
153,c03-003d-00-02
153,c03-003d-06-03
153,c03-096d-06-05
153,c03-081d-09-05
153,c03-096d-00-03
153,c03-084d-04-06
153,c03-007d-06-03
153,c03-007d-00-00
153,c03-016d-05-04
153,c03-087d-07-06
153,c03-087d-02-01
153,c03-096d-06-06
153,c03-021d-09-01
153,c03-016d-06-04
153,c03-087d-01-03
153,c03-003d-03-02
153,c03-087d-03-01
153,c03-021d-09-03
153,c03-096d-00-07
153,c03-016d-09-06
153,c03-084d-02-00
153,c03-084d-06-01
153,c03-094d-07-06
153,c03-096d-03-04
153,c03-021d-08-02
153,c03-081d-09-01
153,c03-094d-00-07
153,c03-021d-01-06
153,c03-021d-06-03
153,c03-000d-07-02
153,c03-021d-05-04
153,c03-094d-09-03
153,c03-007d-02-08
153,c03-007d-01-03
153,c03-081d-01-00
153,c03-087d-05-05
153,c03-087d-07-05
153,c03-096d-01-00
153,c03-094d-03-01
153,c03-003d-05-08
153,c03-000d-02-04
153,c03-021d-08-00
153,c03-084d-01-01
153,c03-081d-00-05
153,c03-021d-09-02
153,c03-016d-03-05
153,c03-021d-08-04
153,c03-021d-08-09
153,c03-081d-02-05
153,c03-096d-02-00
153,c03-096d-06-01
153,c03-087d-08-01
153,c03-016d-01-04
153,c03-087d-03-00
153,c03-021d-05-03
153,c03-000d-00-02
153,c03-021d-01-07
153,c03-016d-05-05
153,c03-084d-04-04
153,c03-021d-00-01
153,c03-003d-06-05
153,c03-016d-05-03
153,c03-081d-10-01
153,c03-007d-05-00
153,c03-000d-07-03
153,c03-007d-00-03
153,c03-087d-02-04
153,c03-084d-00-01
153,c03-021d-00-05
153,c03-016d-09-03
153,c03-016d-01-07
153,c03-016d-02-06
153,c03-096d-01-03
153,c03-087d-07-03
153,c03-094d-04-05
153,c03-094d-04-04
153,c03-094d-01-03
153,c03-084d-03-05
153,c03-094d-07-04
153,c03-016d-00-01
153,c03-087d-01-05
153,c03-021d-06-05
153,c03-096d-03-00
153,c03-016d-02-01
153,c03-081d-04-03
153,c03-094d-02-05
153,c03-003d-01-00
153,c03-007d-04-01
153,c03-087d-00-01
153,c03-081d-04-00
153,c03-000d-04-06
153,c03-081d-00-00
153,c03-021d-01-00
153,c03-096d-00-06
153,c03-000d-07-04
153,c03-081d-03-03
153,c03-084d-00-03
153,c03-007d-00-04
153,c03-081d-06-03
153,c03-003d-05-04
153,c03-003d-08-05
153,c03-096d-04-05
153,c03-094d-01-00
153,c03-081d-02-00
153,c03-007d-05-05
153,c03-021d-09-04
153,c03-081d-08-06
153,c03-003d-08-06
153,c03-000d-00-00
153,c03-007d-07-01
153,c03-016d-05-07
153,c03-016d-00-02
153,c03-081d-05-07
153,c03-000d-00-03
153,c03-016d-04-01
153,c03-084d-01-04
153,c03-094d-08-03
153,c03-096d-05-01
153,c03-021d-02-00
153,c03-016d-04-04
153,c03-084d-05-07
153,c03-016d-08-02
153,c03-094d-02-06
153,c03-081d-01-06
153,c03-094d-06-01
153,c03-096d-05-06
153,c03-021d-04-07
153,c03-081d-06-02
153,c03-003d-01-01
153,c03-094d-04-06
153,c03-096d-07-02
153,c03-084d-06-02
153,c03-084d-05-04
153,c03-003d-08-00
153,c03-096d-02-07
153,c03-081d-05-00
153,c03-007d-03-04
153,c03-016d-08-04
153,c03-016d-03-02
153,c03-081d-03-06
153,c03-094d-02-07
153,c03-007d-02-00
153,c03-003d-00-06
153,c03-094d-01-05
153,c03-094d-10-00
153,c03-084d-01-02
153,c03-021d-04-01
153,c03-081d-01-01
153,c03-094d-09-02
153,c03-016d-09-01
153,c03-081d-00-01
153,c03-021d-03-00
153,c03-003d-01-03
153,c03-003d-03-03
153,c03-021d-07-01
153,c03-096d-01-02
153,c03-094d-00-01
153,c03-016d-08-10
153,c03-094d-00-06
153,c03-094d-06-00
153,c03-096d-00-02
153,c03-016d-09-02
153,c03-094d-06-04
153,c03-087d-04-06
153,c03-003d-02-03
153,c03-000d-03-06
153,c03-003d-08-03
153,c03-021d-08-06
153,c03-016d-09-07
153,c03-087d-05-02
153,c03-081d-07-03
153,c03-087d-00-00
153,c03-094d-05-05
153,c03-096d-04-02
153,c03-003d-00-05
153,c03-021d-04-03
153,c03-084d-07-03
153,c03-094d-06-02
153,c03-096d-00-05
153,c03-094d-02-00
153,c03-000d-06-06
153,c03-000d-03-03
153,c03-096d-02-01
153,c03-007d-05-06
153,c03-021d-06-00
153,c03-094d-00-00
153,c03-084d-05-02
153,c03-021d-06-08
153,c03-007d-07-06
153,c03-007d-07-02
153,c03-081d-04-01
153,c03-007d-02-05
153,c03-084d-00-04
153,c03-016d-03-04
153,c03-094d-05-03
153,c03-003d-04-00
153,c03-096d-06-08
153,c03-096d-02-06
153,c03-096d-06-04
153,c03-087d-04-01
153,c03-081d-09-02
153,c03-081d-06-00
153,c03-000d-06-04
153,c03-016d-01-06
153,c03-094d-08-00
153,c03-021d-01-03
153,c03-087d-02-00
153,c03-007d-03-01
153,c03-087d-06-01
153,c03-021d-01-05
153,c03-096d-03-06
153,c03-016d-01-03
153,c03-016d-08-00
153,c03-000d-06-01
153,c03-084d-08-01
153,c03-087d-04-07
153,c03-000d-05-06
153,c03-021d-06-01
153,c03-096d-02-02
153,c03-081d-02-01
153,c03-021d-08-03
153,c03-021d-05-08
153,c03-007d-07-04
153,c03-003d-01-08
153,c03-087d-04-02
153,c03-081d-03-00
153,c03-021d-07-06
153,c03-087d-04-05
153,c03-003d-02-05
153,c03-007d-08-03
153,c03-000d-02-03
153,c03-084d-07-02
153,c03-094d-02-01
153,c03-000d-01-00
153,c03-087d-01-00
153,c03-016d-09-00
153,c03-094d-07-00
153,c03-007d-06-07
153,c03-081d-00-03
153,c03-016d-06-08
153,c03-094d-07-05
153,c03-021d-08-01
153,c03-016d-00-03
153,c03-000d-00-05
153,c03-007d-03-06
153,c03-016d-06-03
153,c03-084d-02-04
153,c03-094d-00-04
153,c03-007d-02-04
153,c03-081d-06-04
153,c03-094d-04-02
153,c03-000d-03-05
153,c03-096d-05-04
153,c03-081d-01-03
153,c03-096d-08-01
153,c03-016d-01-05
153,c03-000d-02-02
153,c03-003d-03-05
153,c03-003d-00-07
153,c03-087d-06-00
153,c03-016d-00-04
153,c03-003d-05-09
153,c03-081d-05-01
153,c03-000d-01-05
153,c03-087d-07-00
153,c03-021d-07-05
153,c03-016d-09-08
153,c03-087d-05-03
153,c03-081d-01-05
153,c03-094d-08-04
153,c03-000d-01-04
153,c03-096d-03-03
153,c03-096d-05-08
153,c03-021d-03-02
153,c03-000d-01-08
153,c03-081d-03-02
153,c03-003d-05-02
153,c03-084d-03-01
153,c03-096d-08-02
153,c03-016d-00-00
153,c03-084d-04-03
153,c03-007d-07-03
153,c03-016d-08-06
153,c03-021d-07-03
153,c03-000d-00-04
153,c03-087d-03-05
153,c03-007d-01-04
153,c03-007d-03-03
153,c03-084d-04-05
153,c03-094d-05-00
153,c03-021d-03-01
153,c03-021d-07-02
153,c03-016d-02-03
153,c03-021d-09-00
153,c03-087d-06-02
153,c03-007d-03-05
153,c03-007d-04-00
153,c03-007d-02-06
153,c03-084d-06-00
153,c03-016d-09-05
153,c03-016d-06-07
153,c03-094d-08-06
153,c03-081d-07-02
153,c03-084d-06-04
153,c03-016d-06-01
153,c03-081d-08-08
153,c03-000d-06-00
153,c03-000d-02-05
153,c03-084d-01-03
153,c03-007d-06-06
153,c03-016d-08-08
153,c03-084d-03-02
153,c03-081d-03-07
153,c03-084d-07-01
153,c03-094d-01-04
153,c03-096d-07-07
153,c03-081d-08-01
153,c03-087d-08-02
153,c03-096d-00-01
153,c03-087d-09-00
153,c03-003d-03-01
153,c03-094d-08-05
153,c03-016d-08-05
153,c03-021d-06-02
153,c03-003d-02-04
153,c03-096d-07-04
153,c03-094d-09-07
153,c03-007d-07-00
153,c03-000d-05-02
153,c03-021d-04-02
153,c03-081d-05-03
153,c03-094d-03-00
153,c03-003d-03-07
153,c03-021d-00-06
153,c03-007d-08-00
153,c03-021d-06-06
153,c03-087d-04-03
153,c03-084d-04-01
153,c03-084d-02-02
153,c03-021d-01-10
153,c03-087d-01-04
153,c03-084d-06-07
153,c03-081d-04-07
153,c03-003d-03-04
153,c03-094d-04-00
153,c03-007d-07-07
153,c03-003d-01-05
153,c03-084d-07-06
153,c03-084d-03-04
153,c03-096d-05-05
153,c03-000d-07-01
153,c03-081d-09-00
153,c03-016d-02-07
153,c03-003d-04-06
153,c03-007d-00-02
154,c03-087e-01-00
154,c03-003e-07-02
154,c03-084e-05-09
154,c03-003e-00-00
154,c03-021e-01-05
154,c03-087e-05-00
154,c03-081e-07-02
154,c03-084e-02-04
154,c03-096e-00-03
154,c03-021e-01-02
154,c03-003e-04-02
154,c03-087e-08-02
154,c03-007e-06-06
154,c03-021e-03-01
154,c03-000e-05-00
154,c03-003e-00-08
154,c03-087e-04-01
154,c03-016e-04-05
154,c03-021e-09-03
154,c03-084e-00-01
154,c03-007e-04-01
154,c03-081e-01-01
154,c03-003e-03-05
154,c03-081e-06-07
154,c03-081e-05-05
154,c03-016e-07-00
154,c03-081e-04-04
154,c03-003e-07-06
154,c03-016e-05-06
154,c03-007e-05-06
154,c03-081e-02-02
154,c03-003e-07-07
154,c03-084e-02-01
154,c03-087e-01-03
154,c03-087e-01-02
154,c03-087e-07-07
154,c03-021e-00-02
154,c03-016e-01-06
154,c03-007e-02-01
154,c03-096e-03-03
154,c03-087e-07-03
154,c03-081e-02-03
154,c03-007e-06-05
154,c03-003e-02-03
154,c03-096e-02-02
154,c03-003e-03-01
154,c03-007e-05-04
154,c03-007e-06-07
154,c03-016e-10-05
154,c03-096e-04-09
154,c03-021e-01-09
154,c03-081e-00-04
154,c03-087e-06-01
154,c03-016e-07-05
154,c03-021e-09-04
154,c03-081e-00-03
154,c03-081e-03-07
154,c03-096e-04-05
154,c03-021e-03-05
154,c03-094e-03-05
154,c03-096e-02-04
154,c03-016e-00-07
154,c03-007e-00-05
154,c03-016e-10-04
154,c03-000e-05-05
154,c03-096e-05-04
154,c03-094e-09-06
154,c03-094e-01-00
154,c03-007e-06-04
154,c03-007e-03-02
154,c03-007e-00-00
154,c03-081e-10-00
154,c03-087e-03-02
154,c03-084e-01-06
154,c03-021e-01-04
154,c03-094e-07-03
154,c03-003e-00-04
154,c03-081e-04-03
154,c03-016e-10-01
154,c03-021e-06-03
154,c03-081e-05-04
154,c03-021e-02-05
154,c03-094e-09-00
154,c03-016e-06-02
154,c03-081e-05-03
154,c03-016e-08-03
154,c03-016e-00-03
154,c03-016e-02-05
154,c03-000e-06-01
154,c03-094e-01-01
154,c03-021e-04-07
154,c03-081e-01-06
154,c03-084e-02-00
154,c03-087e-05-01
154,c03-087e-07-04
154,c03-016e-09-03
154,c03-084e-01-02
154,c03-096e-03-07
154,c03-007e-04-02
154,c03-096e-00-02
154,c03-084e-03-04
154,c03-003e-06-01
154,c03-084e-06-04
154,c03-016e-04-00
154,c03-087e-01-04
154,c03-021e-00-00
154,c03-000e-07-04
154,c03-016e-10-03
154,c03-081e-07-08
154,c03-094e-07-01
154,c03-084e-05-10
154,c03-081e-07-07
154,c03-000e-01-05
154,c03-021e-06-04
154,c03-000e-06-00
154,c03-096e-07-02
154,c03-084e-00-04
154,c03-081e-06-01
154,c03-081e-04-01
154,c03-003e-02-07
154,c03-016e-02-04
154,c03-087e-05-02
154,c03-016e-00-09
154,c03-094e-03-04
154,c03-000e-07-00
154,c03-087e-07-06
154,c03-094e-01-06
154,c03-096e-00-01
154,c03-003e-08-06
154,c03-094e-09-03
154,c03-021e-04-06
154,c03-021e-02-03
154,c03-081e-03-00
154,c03-016e-07-06
154,c03-087e-06-04
154,c03-016e-05-01
154,c03-003e-00-06
154,c03-003e-02-01
154,c03-021e-07-00
154,c03-096e-07-00
154,c03-007e-07-06
154,c03-087e-06-02
154,c03-084e-03-05
154,c03-087e-06-05
154,c03-016e-08-07
154,c03-016e-06-04
154,c03-016e-08-00
154,c03-094e-07-05
154,c03-007e-06-03
154,c03-000e-01-06
154,c03-081e-05-01
154,c03-016e-08-06
154,c03-084e-01-05
154,c03-081e-01-04
154,c03-003e-01-06
154,c03-016e-07-04
154,c03-003e-01-07
154,c03-094e-07-06
154,c03-007e-03-04
154,c03-087e-04-06
154,c03-084e-07-02
154,c03-021e-08-06
154,c03-007e-06-00
154,c03-003e-00-02
154,c03-003e-03-00
154,c03-081e-06-05
154,c03-021e-01-01
154,c03-096e-02-08
154,c03-096e-05-07
154,c03-087e-02-01
154,c03-016e-09-05
154,c03-003e-07-00
154,c03-081e-01-00
154,c03-021e-03-07
154,c03-021e-05-02
154,c03-021e-08-01
154,c03-007e-00-04
154,c03-007e-04-06
154,c03-096e-04-02
154,c03-096e-06-04
154,c03-021e-07-01
154,c03-096e-05-06
154,c03-096e-06-07
154,c03-021e-07-06
154,c03-000e-03-07
154,c03-000e-01-01
154,c03-003e-07-04
154,c03-003e-06-04
154,c03-081e-04-05
154,c03-021e-09-06
154,c03-094e-08-04
154,c03-003e-07-01
154,c03-094e-06-01
154,c03-016e-10-00
154,c03-021e-00-01
154,c03-003e-02-04
154,c03-094e-02-00
154,c03-003e-08-00
154,c03-081e-05-07
154,c03-096e-06-00
154,c03-000e-01-00
154,c03-094e-03-02
154,c03-081e-01-02
154,c03-094e-03-01
154,c03-087e-07-02
154,c03-081e-05-02
154,c03-081e-03-06
154,c03-003e-06-00
154,c03-087e-04-05
154,c03-000e-06-02
154,c03-000e-05-03
154,c03-094e-01-07
154,c03-096e-01-05
154,c03-096e-07-01
154,c03-081e-06-03
154,c03-096e-05-08
154,c03-094e-08-02
154,c03-007e-03-01
154,c03-094e-08-09
154,c03-094e-09-04
154,c03-081e-03-03
154,c03-096e-02-05
154,c03-016e-06-01
154,c03-003e-00-05
154,c03-087e-04-03
154,c03-081e-07-03
154,c03-003e-04-06
154,c03-003e-07-05
154,c03-016e-05-04
154,c03-084e-05-01
154,c03-021e-07-04
154,c03-081e-09-03
154,c03-096e-00-00
154,c03-096e-02-06
154,c03-084e-03-06
154,c03-007e-02-03
154,c03-084e-01-03
154,c03-016e-05-02
154,c03-021e-03-03
154,c03-000e-03-08
154,c03-000e-05-02
154,c03-016e-10-06
154,c03-016e-09-04
154,c03-016e-09-00
154,c03-096e-04-08
154,c03-081e-10-01
154,c03-003e-03-06
154,c03-096e-01-04
154,c03-007e-02-04
154,c03-007e-02-02
154,c03-000e-03-05
154,c03-094e-08-06
154,c03-084e-07-01
154,c03-096e-06-03
154,c03-021e-05-03
154,c03-087e-00-02
154,c03-000e-04-01
154,c03-084e-05-07
154,c03-087e-06-03
154,c03-016e-07-02
154,c03-021e-08-02
154,c03-094e-09-02
154,c03-016e-00-00
154,c03-096e-05-02
154,c03-003e-07-03
154,c03-081e-00-01
154,c03-087e-04-02
154,c03-084e-05-00
154,c03-087e-05-04
154,c03-081e-05-06
154,c03-021e-04-04
154,c03-094e-02-01
154,c03-021e-01-03
154,c03-081e-07-06
154,c03-087e-00-03
154,c03-021e-06-09
154,c03-007e-07-05
154,c03-003e-01-00
154,c03-021e-05-01
154,c03-084e-01-08
154,c03-007e-05-01
154,c03-007e-03-00
154,c03-081e-04-06
154,c03-081e-03-01
154,c03-007e-00-06
154,c03-021e-03-00
154,c03-021e-06-05
154,c03-003e-01-01
154,c03-021e-07-07
154,c03-021e-08-05
154,c03-007e-01-00
154,c03-000e-07-02
154,c03-087e-06-00
154,c03-096e-06-06
154,c03-081e-06-06
154,c03-007e-01-02
154,c03-007e-00-02
154,c03-000e-04-06
154,c03-003e-01-03
154,c03-007e-03-03
154,c03-084e-00-02
154,c03-016e-05-03
154,c03-087e-02-02
154,c03-087e-06-06
154,c03-021e-09-01
154,c03-087e-02-00
154,c03-094e-02-04
154,c03-016e-02-07
154,c03-016e-02-08
154,c03-007e-04-03
154,c03-087e-05-07
154,c03-081e-06-02
154,c03-021e-01-06
154,c03-084e-05-03
154,c03-084e-00-05
154,c03-084e-06-06
154,c03-016e-01-00
154,c03-087e-06-08
154,c03-003e-04-01
154,c03-087e-07-01
154,c03-000e-06-03
154,c03-007e-08-01
154,c03-007e-02-05
154,c03-094e-07-00
154,c03-081e-03-02
154,c03-084e-03-03
154,c03-084e-03-08
154,c03-021e-01-07
154,c03-096e-06-01
154,c03-094e-06-06
154,c03-094e-01-02
154,c03-081e-02-07
154,c03-096e-05-00
154,c03-021e-05-00
154,c03-087e-02-03
154,c03-021e-00-06
154,c03-081e-00-06
154,c03-016e-08-02
154,c03-016e-09-07
154,c03-096e-00-05
154,c03-000e-05-07
154,c03-021e-07-02
154,c03-003e-04-05
154,c03-096e-02-09
154,c03-007e-07-09
154,c03-094e-08-05
154,c03-084e-07-00
154,c03-084e-06-05
154,c03-007e-07-01
154,c03-016e-10-02
154,c03-094e-01-05
154,c03-087e-05-06
154,c03-003e-02-02
154,c03-081e-09-01
154,c03-084e-03-00
154,c03-084e-03-09
154,c03-007e-00-01
154,c03-007e-01-07
154,c03-087e-03-05
154,c03-021e-02-06
154,c03-007e-07-02
154,c03-096e-03-01
154,c03-000e-05-06
154,c03-096e-02-00
154,c03-096e-05-05
154,c03-081e-04-00
154,c03-003e-04-03
154,c03-007e-07-08
154,c03-096e-06-08
154,c03-087e-00-08
154,c03-096e-03-02
154,c03-007e-05-00
154,c03-003e-02-00
154,c03-094e-09-05
154,c03-003e-01-02
154,c03-007e-02-00
154,c03-016e-08-05
154,c03-087e-01-01
154,c03-094e-02-02
154,c03-007e-02-08
154,c03-087e-00-00
154,c03-016e-06-05
154,c03-007e-01-03
154,c03-021e-05-05
154,c03-096e-01-01
154,c03-081e-04-02
154,c03-007e-03-05
154,c03-096e-02-01
154,c03-087e-06-07
154,c03-007e-02-06
154,c03-007e-01-04
154,c03-081e-09-04
154,c03-081e-01-05
154,c03-000e-03-03
154,c03-016e-08-08
154,c03-016e-00-02
154,c03-021e-00-04
154,c03-021e-06-06
154,c03-087e-08-01
154,c03-016e-01-04
154,c03-094e-08-00
154,c03-021e-08-00
154,c03-003e-08-03
154,c03-094e-01-08
154,c03-021e-08-04
154,c03-007e-07-03
154,c03-021e-01-08
154,c03-000e-01-07
154,c03-081e-00-00
154,c03-084e-06-00
154,c03-007e-07-00
154,c03-081e-03-04
154,c03-087e-05-09
154,c03-016e-02-03
154,c03-000e-04-00
154,c03-016e-01-02
154,c03-021e-04-03
154,c03-096e-06-05
154,c03-007e-01-01
154,c03-007e-00-07
154,c03-081e-02-04
154,c03-021e-00-03
154,c03-096e-01-03
154,c03-016e-02-06
154,c03-021e-00-05
154,c03-016e-09-01
154,c03-003e-02-08
154,c03-003e-02-06
154,c03-081e-03-05
154,c03-084e-02-03
154,c03-087e-07-05
154,c03-087e-07-08
154,c03-003e-02-05
154,c03-087e-00-07
154,c03-021e-04-01
154,c03-016e-04-04
154,c03-016e-04-01
154,c03-016e-09-08
154,c03-003e-04-04
154,c03-007e-08-04
154,c03-016e-07-07
154,c03-084e-03-01
154,c03-003e-01-05
154,c03-021e-08-03
154,c03-000e-01-04
154,c03-000e-01-08
154,c03-016e-04-03
154,c03-016e-02-00
154,c03-087e-05-10
154,c03-094e-06-00
154,c03-094e-03-00
154,c03-007e-01-05
154,c03-081e-04-07
154,c03-094e-08-03
154,c03-087e-05-05
154,c03-016e-09-06
154,c03-016e-08-01
154,c03-000e-04-05
154,c03-021e-02-01
154,c03-021e-05-04
154,c03-016e-07-03
154,c03-087e-03-00
154,c03-084e-05-06
154,c03-007e-05-02
154,c03-003e-06-05
154,c03-081e-01-03
154,c03-096e-04-03
154,c03-094e-02-03
154,c03-081e-05-00
154,c03-021e-04-08
154,c03-021e-01-10
154,c03-021e-09-02
154,c03-021e-07-03
154,c03-003e-03-07
154,c03-081e-06-00
154,c03-003e-03-04
154,c03-003e-03-03
154,c03-094e-01-04
154,c03-081e-07-00
154,c03-003e-08-05
154,c03-084e-06-02
154,c03-016e-01-03
154,c03-000e-04-03
154,c03-081e-02-05
154,c03-087e-04-00
154,c03-096e-05-09
154,c03-087e-00-06
154,c03-007e-08-03
154,c03-007e-04-04
154,c03-021e-02-02
154,c03-021e-06-10
154,c03-007e-05-03
154,c03-000e-03-00
154,c03-016e-07-01
154,c03-096e-03-05
154,c03-094e-07-02
154,c03-096e-01-02
154,c03-094e-01-03
154,c03-003e-08-04
154,c03-096e-02-07
154,c03-087e-05-08
154,c03-087e-03-06
154,c03-003e-00-01
154,c03-081e-00-02
154,c03-081e-00-05
154,c03-021e-06-01
154,c03-084e-00-00
154,c03-084e-03-07
154,c03-016e-00-04
154,c03-016e-09-02
154,c03-096e-07-04
154,c03-084e-01-07
154,c03-016e-01-05
154,c03-021e-03-02
154,c03-096e-00-07
154,c03-081e-07-04
154,c03-084e-05-08
154,c03-096e-05-01
154,c03-087e-01-06
154,c03-096e-05-03
154,c03-016e-06-06
154,c03-000e-01-02
154,c03-081e-02-00
154,c03-016e-00-08
154,c03-096e-03-04
154,c03-021e-09-05
154,c03-096e-04-04
154,c03-016e-02-02
154,c03-081e-07-05
154,c03-003e-00-09
154,c03-081e-09-02
154,c03-084e-07-03
154,c03-016e-05-05
154,c03-003e-03-02
154,c03-016e-05-00
154,c03-087e-08-00
154,c03-003e-04-00
154,c03-016e-01-01
154,c03-003e-08-02
154,c03-016e-01-07
154,c03-084e-03-10
154,c03-021e-04-05
154,c03-087e-08-03
154,c03-094e-02-07
154,c03-084e-06-03
154,c03-087e-04-04
154,c03-081e-02-01
154,c03-096e-02-03
154,c03-021e-03-06
154,c03-021e-06-08
154,c03-084e-05-04
154,c03-087e-00-01
154,c03-021e-09-00
154,c03-094e-08-01
154,c03-007e-01-06
154,c03-016e-06-00
154,c03-003e-01-04
154,c03-003e-03-09
154,c03-007e-07-04
154,c03-000e-06-06
154,c03-084e-01-00
154,c03-016e-06-03
154,c03-000e-06-04
154,c03-003e-00-07
154,c03-000e-05-04
154,c03-003e-06-07
154,c03-021e-04-00
154,c03-094e-09-01
154,c03-021e-09-07
154,c03-016e-00-01
154,c03-007e-05-05
154,c03-084e-05-02
154,c03-096e-00-06
154,c03-094e-06-02
154,c03-007e-03-06
154,c03-003e-00-10
154,c03-096e-07-03
154,c03-087e-05-03
154,c03-094e-02-06
154,c03-003e-00-03
154,c03-003e-03-08
154,c03-007e-08-02
154,c03-087e-03-07
154,c03-003e-06-06
154,c03-094e-07-04
154,c03-000e-04-02
154,c03-007e-06-01
154,c03-021e-02-00
154,c03-021e-01-00
154,c03-000e-01-03
154,c03-000e-07-01
154,c03-000e-05-01
154,c03-094e-06-03
154,c03-084e-05-05
154,c03-021e-04-02
154,c03-016e-02-01
154,c03-087e-03-03
154,c03-021e-08-07
154,c03-000e-06-05
154,c03-087e-01-05
154,c03-081e-06-04
154,c03-007e-06-02
154,c03-084e-01-04
154,c03-087e-00-05
154,c03-094e-03-06
154,c03-096e-02-10
154,c03-000e-03-02
154,c03-016e-04-02
154,c03-000e-04-04
154,c03-000e-03-06
154,c03-007e-04-00
154,c03-096e-04-06
154,c03-007e-08-00
154,c03-081e-02-06
154,c03-096e-06-02
154,c03-084e-06-01
154,c03-021e-06-00
154,c03-096e-03-06
154,c03-016e-00-06
154,c03-000e-07-03
154,c03-094e-08-07
154,c03-087e-03-04
154,c03-003e-06-03
154,c03-081e-09-00
154,c03-084e-07-04
154,c03-021e-02-07
154,c03-007e-00-03
154,c03-084e-00-03
154,c03-016e-00-05
154,c03-081e-09-05
154,c03-000e-03-01
154,c03-021e-03-04
154,c03-094e-02-05
154,c03-003e-06-08
154,c03-094e-08-08
154,c03-096e-04-07
154,c03-084e-03-02
154,c03-016e-05-07
154,c03-021e-06-02
154,c03-096e-00-04
154,c03-087e-07-00
154,c03-081e-07-01
154,c03-007e-04-05
154,c03-007e-07-07
154,c03-021e-05-07
154,c03-021e-07-05
154,c03-094e-06-04
154,c03-000e-03-04
154,c03-094e-03-03
154,c03-016e-08-04
154,c03-087e-03-01
154,c03-021e-06-07
154,c03-096e-04-00
154,c03-096e-03-00
154,c03-021e-02-04
154,c03-096e-01-00
154,c03-021e-05-06
154,c03-016e-05-08
155,c03-084f-05-04
155,c03-000f-07-03
155,c03-021f-08-02
155,c03-007f-06-00
155,c03-094f-01-04
155,c03-007f-06-04
155,c03-084f-05-01
155,c03-021f-04-05
155,c03-094f-05-01
155,c03-000f-03-01
155,c03-084f-00-03
155,c03-084f-00-02
155,c03-007f-05-06
155,c03-087f-02-01
155,c03-087f-03-06
155,c03-096f-08-01
155,c03-094f-09-01
155,c03-084f-07-01
155,c03-003f-00-03
155,c03-096f-02-08
155,c03-000f-04-03
155,c03-003f-03-04
155,c03-081f-03-05
155,c03-087f-02-03
155,c03-084f-07-03
155,c03-081f-01-03
155,c03-021f-02-00
155,c03-096f-02-00
155,c03-096f-04-02
155,c03-021f-06-02
155,c03-081f-09-05
155,c03-003f-01-02
155,c03-007f-00-01
155,c03-003f-02-08
155,c03-003f-02-03
155,c03-084f-02-02
155,c03-000f-08-01
155,c03-087f-05-00
155,c03-000f-07-00
155,c03-003f-04-04
155,c03-003f-01-01
155,c03-096f-07-06
155,c03-003f-00-00
155,c03-081f-03-00
155,c03-084f-08-03
155,c03-081f-05-06
155,c03-021f-06-07
155,c03-021f-08-04
155,c03-094f-06-06
155,c03-000f-05-03
155,c03-000f-03-03
155,c03-087f-00-00
155,c03-087f-06-04
155,c03-007f-01-06
155,c03-021f-07-05
155,c03-007f-07-08
155,c03-094f-08-02
155,c03-000f-06-02
155,c03-087f-01-06
155,c03-094f-07-05
155,c03-084f-07-02
155,c03-081f-05-01
155,c03-000f-06-04
155,c03-081f-00-03
155,c03-094f-06-04
155,c03-094f-02-03
155,c03-084f-02-05
155,c03-084f-08-00
155,c03-000f-02-00
155,c03-096f-02-04
155,c03-096f-05-08
155,c03-096f-07-04
155,c03-081f-07-06
155,c03-003f-08-05
155,c03-087f-06-06
155,c03-000f-05-04
155,c03-084f-02-00
155,c03-003f-00-10
155,c03-084f-03-01
155,c03-087f-08-02
155,c03-094f-06-05
155,c03-003f-02-06
155,c03-003f-09-00
155,c03-084f-04-09
155,c03-007f-08-04
155,c03-094f-02-04
155,c03-000f-05-06
155,c03-096f-05-07
155,c03-094f-02-06
155,c03-000f-04-00
155,c03-084f-04-01
155,c03-081f-01-00
155,c03-084f-03-03
155,c03-021f-02-06
155,c03-087f-07-03
155,c03-087f-07-04
155,c03-007f-02-04
155,c03-000f-01-06
155,c03-087f-01-00
155,c03-081f-04-06
155,c03-021f-02-03
155,c03-003f-03-07
155,c03-096f-06-05
155,c03-081f-03-06
155,c03-021f-08-05
155,c03-096f-03-04
155,c03-007f-05-04
155,c03-096f-06-00
155,c03-096f-04-04
155,c03-096f-05-06
155,c03-021f-04-06
155,c03-094f-07-01
155,c03-007f-01-03
155,c03-081f-01-05
155,c03-021f-00-00
155,c03-081f-04-00
155,c03-007f-02-02
155,c03-000f-01-00
155,c03-081f-01-06
155,c03-003f-00-01
155,c03-007f-00-06
155,c03-003f-05-04
155,c03-003f-08-03
155,c03-081f-04-02
155,c03-003f-09-01
155,c03-094f-00-08
155,c03-007f-05-05
155,c03-094f-02-05
155,c03-096f-02-05
155,c03-084f-04-02
155,c03-087f-05-02
155,c03-021f-06-05
155,c03-087f-06-01
155,c03-000f-03-02
155,c03-000f-05-07
155,c03-003f-05-08
155,c03-081f-05-04
155,c03-021f-06-08
155,c03-084f-05-07
155,c03-007f-03-03
155,c03-021f-07-03
155,c03-096f-05-05
155,c03-000f-07-05
155,c03-000f-03-05
155,c03-094f-00-05
155,c03-084f-04-06
155,c03-081f-09-01
155,c03-084f-03-05
155,c03-007f-05-00
155,c03-000f-04-01
155,c03-094f-09-05
155,c03-096f-05-00
155,c03-003f-02-01
155,c03-096f-03-06
155,c03-003f-00-07
155,c03-094f-01-07
155,c03-081f-00-05
155,c03-007f-03-00
155,c03-094f-08-03
155,c03-096f-06-04
155,c03-021f-06-03
155,c03-021f-02-04
155,c03-007f-05-03
155,c03-003f-05-09
155,c03-003f-04-02
155,c03-021f-02-05
155,c03-081f-07-03
155,c03-087f-00-04
155,c03-000f-00-01
155,c03-021f-08-01
155,c03-007f-04-01
155,c03-021f-00-01
155,c03-087f-01-04
155,c03-021f-03-06
155,c03-007f-00-03
155,c03-094f-09-02
155,c03-003f-01-00
155,c03-094f-02-00
155,c03-087f-00-05
155,c03-007f-07-02
155,c03-087f-05-01
155,c03-084f-04-00
155,c03-003f-03-00
155,c03-003f-03-02
155,c03-096f-06-06
155,c03-087f-02-02
155,c03-094f-05-04
155,c03-003f-02-07
155,c03-007f-08-02
155,c03-096f-05-04
155,c03-094f-01-01
155,c03-021f-06-06
155,c03-087f-05-07
155,c03-081f-05-02
155,c03-096f-03-03
155,c03-003f-03-06
155,c03-007f-00-07
155,c03-096f-07-07
155,c03-094f-08-04
155,c03-084f-04-07
155,c03-007f-04-02
155,c03-000f-05-01
155,c03-087f-02-04
155,c03-021f-02-02
155,c03-096f-00-00
155,c03-087f-01-05
155,c03-007f-04-04
155,c03-094f-06-00
155,c03-096f-00-07
155,c03-094f-01-03
155,c03-084f-02-04
155,c03-096f-00-06
155,c03-087f-05-06
155,c03-096f-00-01
155,c03-081f-03-07
155,c03-094f-02-01
155,c03-087f-01-01
155,c03-087f-03-05
155,c03-096f-02-01
155,c03-096f-01-03
155,c03-096f-06-03
155,c03-084f-02-03
155,c03-081f-02-03
155,c03-081f-02-01
155,c03-003f-01-03
155,c03-084f-08-01
155,c03-087f-06-07
155,c03-000f-07-04
155,c03-007f-02-05
155,c03-087f-07-06
155,c03-096f-07-02
155,c03-094f-09-03
155,c03-007f-03-02
155,c03-094f-08-06
155,c03-084f-03-00
155,c03-007f-07-01
155,c03-081f-00-06
155,c03-094f-07-02
155,c03-003f-08-04
155,c03-094f-02-07
155,c03-096f-00-02
155,c03-081f-06-01
155,c03-087f-00-07
155,c03-021f-07-04
155,c03-003f-00-04
155,c03-087f-08-03
155,c03-087f-03-02
155,c03-007f-04-00
155,c03-094f-08-08
155,c03-003f-05-05
155,c03-000f-06-03
155,c03-087f-00-02
155,c03-096f-03-00
155,c03-094f-02-02
155,c03-007f-04-03
155,c03-003f-02-02
155,c03-021f-04-07
155,c03-094f-09-04
155,c03-087f-05-03
155,c03-087f-06-08
155,c03-094f-07-06
155,c03-081f-01-02
155,c03-084f-00-00
155,c03-084f-02-01
155,c03-087f-06-00
155,c03-003f-04-03
155,c03-003f-08-02
155,c03-081f-04-07
155,c03-096f-06-02
155,c03-081f-09-02
155,c03-094f-09-00
155,c03-081f-06-02
155,c03-021f-06-04
155,c03-096f-05-03
155,c03-007f-05-01
155,c03-087f-01-03
155,c03-094f-08-07
155,c03-084f-00-01
155,c03-000f-00-06
155,c03-094f-00-02
155,c03-003f-05-07
155,c03-081f-05-00
155,c03-081f-06-05
155,c03-007f-07-04
155,c03-081f-06-07
155,c03-021f-07-06
155,c03-021f-08-06
155,c03-021f-02-01
155,c03-000f-02-01
155,c03-021f-04-02
155,c03-081f-07-00
155,c03-003f-02-05
155,c03-007f-00-04
155,c03-081f-06-04
155,c03-094f-03-03
155,c03-000f-07-01
155,c03-096f-00-03
155,c03-003f-01-06
155,c03-003f-03-01
155,c03-094f-05-03
155,c03-096f-01-00
155,c03-084f-04-05
155,c03-007f-00-02
155,c03-021f-03-00
155,c03-007f-08-05
155,c03-096f-02-02
155,c03-021f-03-05
155,c03-000f-00-04
155,c03-096f-05-01
155,c03-094f-03-04
155,c03-081f-07-02
155,c03-000f-08-00
155,c03-081f-07-07
155,c03-000f-04-06
155,c03-081f-06-00
155,c03-007f-08-03
155,c03-094f-08-05
155,c03-087f-08-01
155,c03-094f-03-01
155,c03-094f-07-03
155,c03-081f-09-04
155,c03-094f-01-08
155,c03-021f-07-07
155,c03-081f-07-01
155,c03-000f-04-05
155,c03-003f-01-04
155,c03-094f-03-06
155,c03-094f-00-04
155,c03-007f-01-01
155,c03-007f-08-00
155,c03-021f-06-09
155,c03-000f-01-03
155,c03-094f-09-06
155,c03-000f-06-05
155,c03-007f-00-05
155,c03-021f-00-05
155,c03-003f-03-08
155,c03-021f-03-04
155,c03-003f-04-01
155,c03-081f-04-01
155,c03-096f-05-02
155,c03-084f-05-05
155,c03-084f-07-05
155,c03-094f-05-02
155,c03-000f-02-03
155,c03-007f-02-08
155,c03-021f-04-00
155,c03-003f-01-05
155,c03-084f-08-02
155,c03-000f-06-00
155,c03-000f-02-02
155,c03-094f-00-01
155,c03-084f-03-04
155,c03-081f-09-03
155,c03-081f-03-08
155,c03-087f-03-03
155,c03-096f-00-04
155,c03-003f-09-02
155,c03-021f-03-02
155,c03-000f-05-08
155,c03-096f-07-05
155,c03-081f-01-04
155,c03-096f-06-07
155,c03-087f-00-03
155,c03-084f-03-02
155,c03-081f-00-01
155,c03-081f-02-05
155,c03-087f-07-08
155,c03-000f-01-04
155,c03-003f-05-06
155,c03-003f-05-00
155,c03-081f-00-00
155,c03-081f-05-03
155,c03-081f-01-01
155,c03-094f-06-01
155,c03-087f-05-08
155,c03-096f-02-07
155,c03-096f-03-05
155,c03-003f-02-04
155,c03-096f-02-06
155,c03-084f-04-08
155,c03-000f-00-05
155,c03-081f-07-05
155,c03-000f-00-03
155,c03-096f-01-02
155,c03-007f-07-00
155,c03-003f-05-03
155,c03-096f-04-05
155,c03-021f-00-06
155,c03-084f-05-02
155,c03-084f-05-06
155,c03-000f-03-06
155,c03-096f-08-03
155,c03-094f-01-02
155,c03-081f-03-02
155,c03-087f-03-00
155,c03-084f-04-04
155,c03-007f-02-03
155,c03-003f-08-01
155,c03-087f-00-06
155,c03-003f-00-05
155,c03-003f-08-00
155,c03-003f-00-06
155,c03-081f-03-01
155,c03-084f-07-00
155,c03-000f-06-06
155,c03-096f-01-04
155,c03-081f-02-04
155,c03-007f-07-07
155,c03-007f-05-07
155,c03-094f-03-02
155,c03-084f-07-04
155,c03-007f-06-01
155,c03-007f-07-06
155,c03-087f-01-02
155,c03-087f-07-05
155,c03-081f-03-04
155,c03-003f-02-00
155,c03-000f-02-05
155,c03-007f-02-07
155,c03-007f-02-00
155,c03-094f-00-03
155,c03-000f-01-05
155,c03-007f-03-04
155,c03-021f-07-02
155,c03-007f-01-04
155,c03-094f-01-05
155,c03-094f-03-00
155,c03-096f-08-00
155,c03-021f-04-01
155,c03-000f-04-04
155,c03-007f-02-01
155,c03-094f-00-07
155,c03-021f-03-03
155,c03-000f-03-04
155,c03-094f-03-05
155,c03-081f-00-04
155,c03-096f-04-03
155,c03-096f-06-01
155,c03-094f-06-02
155,c03-021f-04-03
155,c03-081f-07-08
155,c03-081f-02-06
155,c03-087f-03-01
155,c03-000f-06-01
155,c03-021f-03-01
155,c03-081f-02-07
155,c03-096f-03-07
155,c03-094f-05-00
155,c03-003f-00-08
155,c03-003f-03-05
155,c03-081f-02-02
155,c03-081f-03-03
155,c03-003f-08-06
155,c03-003f-05-01
155,c03-007f-01-02
155,c03-000f-01-02
155,c03-021f-00-02
155,c03-094f-00-00
155,c03-087f-05-04
155,c03-096f-05-09
155,c03-084f-05-00
155,c03-094f-00-06
155,c03-007f-01-07
155,c03-021f-06-01
155,c03-084f-04-03
155,c03-007f-07-03
155,c03-096f-02-03
155,c03-084f-00-04
155,c03-087f-07-02
155,c03-087f-06-03
155,c03-000f-00-02
155,c03-096f-04-00
155,c03-007f-07-05
155,c03-094f-08-00
155,c03-003f-04-05
155,c03-003f-05-02
155,c03-000f-01-01
155,c03-087f-08-00
155,c03-081f-02-00
155,c03-021f-08-00
155,c03-007f-00-00
155,c03-081f-04-05
155,c03-096f-07-03
155,c03-087f-05-05
155,c03-087f-00-01
155,c03-094f-07-04
155,c03-087f-08-04
155,c03-003f-00-09
155,c03-087f-06-05
155,c03-094f-07-00
155,c03-021f-06-00
155,c03-007f-06-06
155,c03-084f-05-03
155,c03-081f-07-04
155,c03-000f-00-00
155,c03-007f-03-05
155,c03-087f-02-00
155,c03-096f-00-05
155,c03-096f-01-01
155,c03-007f-02-06
155,c03-094f-06-03
155,c03-096f-03-01
155,c03-000f-03-00
155,c03-021f-00-03
155,c03-021f-04-04
155,c03-094f-08-01
155,c03-087f-06-02
155,c03-000f-02-04
155,c03-096f-08-02
155,c03-094f-01-06
155,c03-000f-02-06
155,c03-007f-07-09
155,c03-007f-03-01
155,c03-087f-07-00
155,c03-007f-06-02
155,c03-094f-08-09
155,c03-007f-06-07
155,c03-087f-03-04
155,c03-021f-07-00
155,c03-007f-04-05
155,c03-021f-00-04
155,c03-007f-06-03
155,c03-087f-07-01
155,c03-003f-04-00
155,c03-096f-01-05
155,c03-096f-07-01
155,c03-000f-07-02
155,c03-007f-08-01
155,c03-087f-07-07
155,c03-081f-04-04
155,c03-000f-05-00
155,c03-000f-01-07
155,c03-081f-06-03
155,c03-094f-05-05
155,c03-003f-03-03
155,c03-081f-06-06
155,c03-081f-09-00
155,c03-007f-01-05
155,c03-094f-01-00
155,c03-000f-05-05
155,c03-003f-00-02
155,c03-003f-01-07
155,c03-007f-06-05
155,c03-081f-00-02
155,c03-096f-04-01
155,c03-021f-07-01
155,c03-096f-03-02
155,c03-007f-03-06
155,c03-021f-08-03
156,c03-007-03-07
156,c03-007-06-09
156,c03-007-03-02
156,c03-007-03-04
156,c03-007-02-06
156,c03-007-01-00
156,c03-007-02-07
156,c03-007-06-10
156,c03-007-06-00
156,c03-007-06-03
156,c03-007-04-02
156,c03-007-00-08
156,c03-007-05-03
156,c03-007-05-01
156,c03-007-04-04
156,c03-007-03-05
156,c03-007-00-05
156,c03-007-06-02
156,c03-007-04-01
156,c03-007-00-07
156,c03-007-01-07
156,c03-007-01-02
156,c03-007-02-00
156,c03-007-02-02
156,c03-007-02-04
156,c03-007-04-05
156,c03-007-00-02
156,c03-007-06-06
156,c03-007-01-05
156,c03-007-05-02
156,c03-007-05-05
156,c03-007-02-08
156,c03-007-03-00
156,c03-007-05-06
156,c03-007-00-01
156,c03-007-03-01
156,c03-007-02-03
156,c03-007-01-03
156,c03-007-03-03
156,c03-007-01-06
156,c03-007-01-01
156,c03-007-06-07
156,c03-007-06-11
156,c03-007-00-03
156,c03-007-03-06
156,c03-007-01-04
156,c03-007-02-05
156,c03-007-06-04
156,c03-007-00-00
156,c03-007-05-00
156,c03-007-00-06
156,c03-007-00-04
156,c03-007-06-08
156,c03-007-06-05
156,c03-007-04-03
156,c03-007-02-01
156,c03-007-04-00
157,c04-000-00-03
157,c04-000-03-04
157,c04-000-00-00
157,c04-000-00-01
157,c04-004-00-08
157,c04-000-04-04
157,c04-004-07-00
157,c04-004-04-05
157,c04-004-02-04
157,c04-000-02-10
157,c04-004-01-09
157,c04-000-04-01
157,c04-000-02-06
157,c04-004-06-04
157,c04-004-04-07
157,c04-000-00-04
157,c04-004-00-03
157,c04-000-02-03
157,c04-000-01-05
157,c04-000-01-00
157,c04-004-07-02
157,c04-000-02-04
157,c04-004-01-00
157,c04-004-04-01
157,c04-004-03-06
157,c04-004-06-02
157,c04-004-05-01
157,c04-004-06-05
157,c04-004-04-09
157,c04-004-00-10
157,c04-000-03-11
157,c04-004-02-05
157,c04-004-01-05
157,c04-004-01-07
157,c04-000-02-00
157,c04-000-01-04
157,c04-004-06-03
157,c04-004-03-01
157,c04-004-04-08
157,c04-004-07-06
157,c04-004-00-02
157,c04-004-00-04
157,c04-004-02-02
157,c04-004-07-04
157,c04-004-00-05
157,c04-000-02-02
157,c04-000-02-07
157,c04-000-04-05
157,c04-004-05-03
157,c04-004-05-05
157,c04-004-01-04
157,c04-000-03-00
157,c04-004-05-07
157,c04-004-00-12
157,c04-004-01-08
157,c04-000-03-05
157,c04-004-04-04
157,c04-000-04-03
157,c04-004-02-09
157,c04-000-03-01
157,c04-004-06-01
157,c04-004-03-02
157,c04-004-00-01
157,c04-004-01-01
157,c04-004-05-06
157,c04-000-02-08
157,c04-004-07-01
157,c04-000-03-03
157,c04-000-00-07
157,c04-004-06-06
157,c04-004-01-06
157,c04-000-04-00
157,c04-004-04-02
157,c04-004-03-08
157,c04-000-01-03
157,c04-000-00-05
157,c04-004-00-07
157,c04-000-02-01
157,c04-000-04-07
157,c04-000-04-02
157,c04-004-04-03
157,c04-004-05-02
157,c04-004-07-03
157,c04-004-05-00
157,c04-004-06-07
157,c04-004-05-04
157,c04-004-04-00
157,c04-004-04-06
157,c04-004-01-03
157,c04-000-03-07
157,c04-000-03-02
157,c04-000-04-06
157,c04-000-03-08
157,c04-000-02-09
157,c04-000-03-10
157,c04-004-02-08
157,c04-000-03-06
157,c04-004-00-11
157,c04-000-03-13
157,c04-004-03-05
157,c04-004-00-06
157,c04-004-03-07
157,c04-004-05-08
157,c04-000-02-05
157,c04-000-03-12
157,c04-004-03-04
157,c04-004-01-10
157,c04-004-02-03
157,c04-004-02-01
157,c04-004-07-05
157,c04-004-00-09
157,c04-004-01-02
157,c04-000-00-02
157,c04-004-04-10
157,c04-000-00-06
157,c04-000-03-09
157,c04-000-01-02
157,c04-000-01-06
157,c04-004-03-03
157,c04-000-01-07
157,c04-000-01-01
157,c04-004-02-07
157,c04-004-06-00
157,c04-004-02-06
158,e04-000-00-04
158,c04-008-03-00
158,e04-000-03-00
158,e04-000-07-00
158,c04-013-02-00
158,c04-013-03-02
158,e04-000-07-02
158,e04-000-06-08
158,c04-008-02-07
158,c04-008-02-04
158,c04-008-03-06
158,e04-000-00-02
158,c04-013-00-07
158,c04-013-03-06
158,e04-000-06-02
158,e04-000-05-00
158,c04-013-00-09
158,e04-000-07-03
158,e04-000-00-00
158,c04-013-02-10
158,e04-000-03-05
158,c04-008-03-02
158,c04-008-02-08
158,e04-000-02-01
158,c04-008-07-09
158,c04-013-05-07
158,c04-008-07-06
158,c04-013-02-08
158,c04-008-07-04
158,c04-008-07-08
158,c04-008-01-00
158,c04-008-07-01
158,e04-000-04-01
158,e04-000-06-09
158,e04-000-03-03
158,e04-000-01-03
158,e04-000-07-01
158,c04-013-00-00
158,e04-000-03-07
158,c04-008-03-05
158,c04-008-01-03
158,c04-013-00-01
158,c04-008-03-01
158,c04-013-06-00
158,c04-013-05-05
158,c04-008-07-00
158,c04-008-03-09
158,c04-013-00-03
158,e04-000-02-00
158,c04-013-03-04
158,c04-013-00-02
158,c04-008-06-03
158,e04-000-01-02
158,e04-000-00-05
158,e04-000-04-00
158,c04-008-07-07
158,e04-000-00-01
158,c04-008-07-02
158,e04-000-07-04
158,e04-000-03-04
158,c04-008-06-04
158,c04-008-02-09
158,c04-013-05-08
158,c04-008-06-08
158,c04-008-02-01
158,c04-013-06-01
158,c04-008-02-00
158,e04-000-05-06
158,e04-000-01-06
158,c04-013-02-07
158,c04-013-02-04
158,e04-000-00-08
158,e04-000-06-06
158,c04-008-06-10
158,e04-000-04-04
158,c04-008-06-05
158,c04-008-02-02
158,c04-013-03-01
158,c04-008-08-03
158,e04-000-00-03
158,c04-008-03-10
158,e04-000-06-01
158,e04-000-04-03
158,e04-000-01-01
158,c04-008-01-04
158,e04-000-05-07
158,c04-013-02-05
158,e04-000-06-07
158,c04-013-00-04
158,e04-000-06-03
158,c04-008-03-03
158,c04-008-01-07
158,c04-008-08-00
158,e04-000-01-05
158,e04-000-02-04
158,e04-000-03-06
158,c04-013-02-06
158,c04-013-00-05
158,c04-013-03-00
158,e04-000-05-03
158,c04-008-06-09
158,c04-013-02-03
158,e04-000-03-01
158,c04-013-02-09
158,c04-013-02-02
158,e04-000-05-02
158,c04-013-03-05
158,c04-013-03-03
158,c04-013-05-00
158,c04-008-08-02
158,e04-000-04-05
158,e04-000-04-06
158,c04-013-03-07
158,c04-008-02-05
158,e04-000-01-00
158,e04-000-05-01
158,e04-000-06-05
158,e04-000-03-02
158,c04-013-00-06
158,e04-000-06-00
158,c04-008-07-10
158,e04-000-01-04
158,e04-000-02-07
158,c04-008-03-08
158,c04-008-01-06
158,c04-008-01-02
158,e04-000-05-04
158,c04-013-05-02
158,e04-000-05-05
158,e04-000-02-03
158,c04-013-03-08
158,e04-000-02-02
158,e04-000-02-05
158,c04-008-07-03
158,e04-000-00-06
158,c04-008-03-04
158,c04-013-05-04
158,c04-008-02-03
158,c04-013-06-02
158,c04-013-00-08
158,c04-013-03-09
158,c04-008-01-05
158,c04-013-05-01
158,c04-008-06-01
158,c04-008-01-01
158,c04-008-07-05
158,c04-008-03-07
158,c04-008-06-02
158,c04-008-06-07
158,c04-008-06-00
158,e04-000-00-07
158,e04-000-02-08
158,c04-013-02-01
158,c04-008-02-06
158,c04-013-05-06
158,e04-000-04-02
158,e04-000-06-04
158,e04-000-02-06
158,e04-000-00-09
158,c04-013-05-03
158,c04-008-08-01
158,c04-008-06-06
159,c04-017-05-07
159,c04-035-03-00
159,c04-017-01-07
159,c04-035-07-05
159,c04-017-06-06
159,c04-035-00-01
159,c04-035-03-02
159,c04-035-00-06
159,c04-017-02-00
159,c04-017-02-08
159,c04-035-07-02
159,c04-017-05-04
159,c04-035-07-00
159,c04-017-06-02
159,c04-017-02-03
159,c04-035-06-03
159,c04-017-01-03
159,c04-035-03-08
159,c04-035-07-01
159,c04-017-04-04
159,c04-035-06-05
159,c04-017-01-02
159,c04-017-06-01
159,c04-017-00-09
159,c04-017-02-04
159,c04-017-04-06
159,c04-017-06-04
159,c04-017-04-07
159,c04-017-06-00
159,c04-017-01-08
159,c04-035-06-00
159,c04-035-02-00
159,c04-035-03-09
159,c04-035-03-04
159,c04-017-05-06
159,c04-017-00-07
159,c04-035-06-01
159,c04-035-03-05
159,c04-035-03-10
159,c04-035-02-03
159,c04-035-02-05
159,c04-017-00-05
159,c04-017-00-10
159,c04-017-05-01
159,c04-017-00-06
159,c04-017-02-07
159,c04-017-06-08
159,c04-017-01-01
159,c04-035-00-03
159,c04-017-04-03
159,c04-017-00-04
159,c04-035-03-06
159,c04-017-00-00
159,c04-017-01-04
159,c04-017-06-05
159,c04-035-02-04
159,c04-017-04-05
159,c04-017-04-00
159,c04-035-07-06
159,c04-035-02-07
159,c04-035-02-01
159,c04-035-02-02
159,c04-017-03-00
159,c04-035-01-02
159,c04-017-01-06
159,c04-035-07-03
159,c04-035-01-05
159,c04-017-01-09
159,c04-035-00-02
159,c04-017-05-08
159,c04-017-05-02
159,c04-017-05-09
159,c04-017-06-07
159,c04-017-01-11
159,c04-035-00-04
159,c04-035-01-03
159,c04-017-00-01
159,c04-035-00-05
159,c04-017-05-03
159,c04-035-06-02
159,c04-017-03-02
159,c04-017-02-01
159,c04-035-03-01
159,c04-017-05-05
159,c04-017-03-01
159,c04-035-02-08
159,c04-017-04-01
159,c04-035-00-00
159,c04-035-01-00
159,c04-017-06-03
159,c04-017-02-02
159,c04-017-05-10
159,c04-035-06-04
159,c04-035-02-06
159,c04-017-00-08
159,c04-017-04-02
159,c04-017-01-10
159,c04-017-00-02
159,c04-035-01-04
159,c04-035-03-07
159,c04-035-07-04
159,c04-017-02-05
159,c04-017-01-00
159,c04-035-01-06
159,c04-017-05-00
159,c04-035-00-07
159,c04-035-03-03
159,c04-017-02-06
159,c04-017-02-09
159,c04-017-04-08
159,c04-017-00-03
159,c04-035-01-01
159,c04-017-01-05
160,c04-028-05-06
160,c04-028-02-00
160,c04-023-00-03
160,c04-023-03-06
160,c04-023-02-06
160,c04-028-00-05
160,c04-028-06-07
160,c04-028-05-07
160,c04-023-01-00
160,c04-028-00-01
160,c04-028-02-09
160,c04-023-03-04
160,c04-023-03-00
160,c04-028-02-03
160,c04-028-04-09
160,c04-023-03-01
160,c04-028-04-05
160,c04-023-02-12
160,c04-023-00-04
160,c04-023-04-00
160,c04-023-04-07
160,c04-028-05-03
160,c04-028-05-01
160,c04-023-02-03
160,c04-023-03-05
160,c04-028-05-00
160,c04-023-04-05
160,c04-028-06-02
160,c04-023-02-08
160,c04-023-00-06
160,c04-023-00-02
160,c04-028-00-04
160,c04-028-00-07
160,c04-023-01-05
160,c04-023-02-09
160,c04-028-02-04
160,c04-023-02-04
160,c04-028-06-01
160,c04-023-00-05
160,c04-028-00-02
160,c04-023-00-09
160,c04-028-06-08
160,c04-028-01-05
160,c04-023-04-06
160,c04-023-01-08
160,c04-023-01-04
160,c04-023-02-00
160,c04-023-05-00
160,c04-028-06-03
160,c04-023-04-08
160,c04-023-02-01
160,c04-028-00-00
160,c04-028-02-05
160,c04-028-02-06
160,c04-028-04-04
160,c04-023-01-07
160,c04-028-01-07
160,c04-028-02-07
160,c04-028-02-02
160,c04-028-01-02
160,c04-028-05-08
160,c04-023-03-02
160,c04-028-06-09
160,c04-028-04-01
160,c04-023-04-03
160,c04-023-04-02
160,c04-028-04-07
160,c04-028-01-03
160,c04-023-05-03
160,c04-023-02-10
160,c04-028-06-04
160,c04-023-01-02
160,c04-028-04-02
160,c04-028-04-00
160,c04-028-01-01
160,c04-023-04-01
160,c04-028-04-06
160,c04-023-01-01
160,c04-028-04-03
160,c04-023-05-01
160,c04-023-01-06
160,c04-023-02-02
160,c04-028-06-05
160,c04-023-00-08
160,c04-028-05-04
160,c04-028-00-03
160,c04-028-05-05
160,c04-028-06-06
160,c04-028-06-10
160,c04-023-05-02
160,c04-028-02-08
160,c04-028-01-06
160,c04-023-00-10
160,c04-028-06-00
160,c04-023-00-00
160,c04-028-02-01
160,c04-028-01-08
160,c04-023-02-11
160,c04-028-00-06
160,c04-023-02-07
160,c04-028-06-11
160,c04-028-01-00
160,c04-023-01-03
160,c04-028-04-08
160,c04-023-02-05
160,c04-028-01-04
160,c04-023-00-07
160,c04-023-01-09
160,c04-028-05-02
160,c04-023-00-01
161,c04-044-08-06
161,c04-039-07-06
161,c04-039-02-07
161,c04-039-02-05
161,c04-039-07-00
161,c04-044-00-00
161,c04-039-05-00
161,c04-039-07-04
161,c04-044-08-01
161,c04-039-02-09
161,c04-039-07-05
161,c04-044-08-03
161,c04-044-00-07
161,c04-044-05-03
161,c04-044-00-01
161,c04-039-06-00
161,c04-044-08-05
161,c04-044-07-00
161,c04-044-07-01
161,c04-039-02-06
161,c04-044-05-02
161,c04-039-05-07
161,c04-044-08-02
161,c04-039-01-05
161,c04-044-07-06
161,c04-039-02-08
161,c04-044-00-08
161,c04-039-01-07
161,c04-044-08-04
161,c04-044-07-05
161,c04-044-05-06
161,c04-044-07-02
161,c04-039-06-02
161,c04-039-05-01
161,c04-044-08-00
161,c04-044-00-05
161,c04-044-05-05
161,c04-044-00-03
161,c04-039-02-00
161,c04-039-01-06
161,c04-044-05-04
161,c04-044-07-04
161,c04-039-08-02
161,c04-039-05-06
161,c04-044-00-06
161,c04-039-02-02
161,c04-039-08-03
161,c04-039-02-03
161,c04-044-00-04
161,c04-039-07-03
161,c04-039-01-00
161,c04-039-05-03
161,c04-044-05-00
161,c04-044-00-02
161,c04-039-01-04
161,c04-039-01-01
161,c04-039-06-03
161,c04-039-05-05
161,c04-039-02-01
161,c04-044-07-03
161,c04-039-01-03
161,c04-039-05-04
161,c04-039-08-01
161,c04-039-08-00
161,c04-039-07-01
161,c04-039-01-02
161,c04-044-05-01
161,c04-039-02-04
161,c04-039-07-02
162,c04-050-02-07
162,c04-056-04-07
162,c04-050-06-04
162,c04-056-05-03
162,c04-056-04-01
162,c04-050-08-05
162,c04-050-03-03
162,c04-050-04-08
162,c04-050-02-03
162,c04-056-04-04
162,c04-050-06-00
162,c04-050-01-02
162,c04-050-08-08
162,c04-050-00-02
162,c04-050-05-06
162,c04-056-03-00
162,c04-056-06-04
162,c04-056-04-05
162,c04-056-05-02
162,c04-050-05-00
162,c04-050-06-08
162,c04-050-01-04
162,c04-050-08-02
162,c04-056-01-00
162,c04-050-02-01
162,c04-050-06-02
162,c04-050-05-09
162,c04-056-03-01
162,c04-050-07-02
162,c04-056-03-08
162,c04-056-02-06
162,c04-050-02-08
162,c04-050-04-00
162,c04-056-02-05
162,c04-056-06-03
162,c04-050-08-06
162,c04-050-01-05
162,c04-050-07-03
162,c04-050-01-03
162,c04-050-03-02
162,c04-056-06-06
162,c04-056-04-00
162,c04-050-03-04
162,c04-056-06-01
162,c04-050-08-07
162,c04-050-00-05
162,c04-056-01-04
162,c04-050-01-01
162,c04-056-02-00
162,c04-056-04-03
162,c04-056-05-07
162,c04-050-02-10
162,c04-050-03-07
162,c04-050-06-07
162,c04-050-05-01
162,c04-050-05-07
162,c04-050-06-06
162,c04-056-01-02
162,c04-050-02-00
162,c04-050-05-03
162,c04-056-01-09
162,c04-050-08-00
162,c04-050-02-06
162,c04-056-03-02
162,c04-056-08-04
162,c04-050-05-05
162,c04-050-02-02
162,c04-050-07-06
162,c04-050-03-05
162,c04-056-08-00
162,c04-056-05-05
162,c04-056-01-08
162,c04-050-04-02
162,c04-050-05-04
162,c04-056-03-05
162,c04-056-06-05
162,c04-050-04-03
162,c04-050-00-03
162,c04-050-04-07
162,c04-056-05-00
162,c04-050-01-00
162,c04-050-00-04
162,c04-050-04-06
162,c04-056-08-01
162,c04-056-01-06
162,c04-056-02-02
162,c04-050-04-04
162,c04-050-02-09
162,c04-050-01-08
162,c04-050-02-05
162,c04-050-06-03
162,c04-056-03-03
162,c04-056-06-07
162,c04-050-05-08
162,c04-056-05-04
162,c04-050-08-04
162,c04-050-05-02
162,c04-056-04-06
162,c04-050-02-04
162,c04-056-06-02
162,c04-056-02-04
162,c04-056-05-06
162,c04-056-04-02
162,c04-050-04-01
162,c04-056-08-02
162,c04-050-06-10
162,c04-050-07-01
162,c04-056-08-07
162,c04-056-05-01
162,c04-056-01-07
162,c04-050-06-01
162,c04-050-07-05
162,c04-056-01-05
162,c04-056-03-06
162,c04-056-08-03
162,c04-050-07-04
162,c04-056-08-06
162,c04-056-02-07
162,c04-050-03-06
162,c04-050-03-08
162,c04-056-03-04
162,c04-050-03-00
162,c04-050-00-00
162,c04-050-01-06
162,c04-056-06-00
162,c04-056-03-09
162,c04-050-00-01
162,c04-050-01-07
162,c04-056-03-07
162,c04-050-06-11
162,c04-056-02-01
162,c04-056-04-08
162,c04-050-06-05
162,c04-056-02-08
162,c04-050-06-09
162,c04-050-07-00
162,c04-050-04-05
162,c04-056-01-01
162,c04-050-08-03
162,c04-050-08-01
162,c04-050-03-01
162,c04-056-01-03
162,c04-056-08-05
163,c04-061-05-05
163,c04-066-07-04
163,c04-066-08-01
163,c04-066-01-02
163,c04-061-02-04
163,c04-066-02-10
163,c04-066-03-09
163,c04-066-02-07
163,c04-061-01-07
163,c04-066-03-06
163,c04-066-00-04
163,c04-066-02-01
163,c04-066-07-08
163,c04-066-04-03
163,c04-066-03-05
163,c04-061-01-06
163,c04-061-04-07
163,c04-066-02-00
163,c04-066-04-09
163,c04-066-07-03
163,c04-061-02-01
163,c04-061-00-03
163,c04-061-02-02
163,c04-066-07-00
163,c04-066-07-02
163,c04-061-02-06
163,c04-066-03-03
163,c04-066-01-00
163,c04-066-00-11
163,c04-066-07-07
163,c04-061-04-03
163,c04-066-03-02
163,c04-061-05-01
163,c04-066-03-00
163,c04-066-02-04
163,c04-066-01-07
163,c04-066-01-08
163,c04-061-00-02
163,c04-066-04-07
163,c04-061-01-04
163,c04-066-00-07
163,c04-061-01-02
163,c04-061-04-04
163,c04-066-02-02
163,c04-061-04-10
163,c04-061-02-09
163,c04-066-00-00
163,c04-061-05-04
163,c04-061-01-01
163,c04-061-01-05
163,c04-066-04-06
163,c04-066-00-06
163,c04-061-05-02
163,c04-066-04-02
163,c04-066-03-04
163,c04-066-03-08
163,c04-066-02-09
163,c04-066-04-04
163,c04-061-04-12
163,c04-066-08-03
163,c04-061-05-00
163,c04-061-05-07
163,c04-066-00-02
163,c04-066-00-05
163,c04-061-02-03
163,c04-066-01-03
163,c04-061-00-07
163,c04-061-01-08
163,c04-066-02-08
163,c04-066-07-09
163,c04-066-00-01
163,c04-066-03-01
163,c04-066-07-01
163,c04-061-04-08
163,c04-061-04-11
163,c04-061-04-06
163,c04-061-04-09
163,c04-061-00-00
163,c04-061-00-01
163,c04-066-04-08
163,c04-066-03-07
163,c04-066-01-04
163,c04-061-01-03
163,c04-066-00-10
163,c04-061-02-00
163,c04-066-02-03
163,c04-066-07-06
163,c04-061-04-01
163,c04-061-04-05
163,c04-061-05-06
163,c04-061-02-05
163,c04-061-00-04
163,c04-066-01-01
163,c04-066-02-06
163,c04-061-04-02
163,c04-066-00-08
163,c04-061-02-07
163,c04-066-08-00
163,c04-061-02-08
163,c04-061-00-06
163,c04-066-08-02
163,c04-066-00-09
163,c04-061-00-05
163,c04-066-01-05
163,c04-066-04-01
163,c04-066-04-00
163,c04-066-02-05
163,c04-061-01-00
163,c04-066-04-05
163,c04-061-05-03
163,c04-066-00-03
163,c04-066-07-05
164,c04-122-06-07
164,c04-075-04-10
164,c04-075-05-05
164,c04-075-01-09
164,c04-075-05-07
164,c04-122-05-08
164,c04-122-02-08
164,c04-122-07-00
164,c04-075-04-08
164,c04-075-06-04
164,c04-122-06-02
164,c04-075-05-08
164,c04-122-07-05
164,c04-122-06-09
164,c04-122-06-08
164,c04-075-05-02
164,c04-122-07-04
164,c04-122-07-06
164,c04-075-05-15
164,c04-122-05-00
164,c04-075-04-03
164,c04-075-05-03
164,c04-075-04-07
164,c04-075-04-00
164,c04-122-02-05
164,c04-122-02-07
164,c04-075-06-07
164,c04-075-05-11
164,c04-122-07-03
164,c04-075-06-03
164,c04-075-04-04
164,c04-075-06-08
164,c04-122-05-05
164,c04-122-05-12
164,c04-075-04-06
164,c04-122-05-06
164,c04-122-02-10
164,c04-075-05-12
164,c04-122-05-01
164,c04-122-06-00
164,c04-075-01-07
164,c04-075-01-08
164,c04-075-06-09
164,c04-075-04-09
164,c04-075-01-02
164,c04-122-02-06
164,c04-122-05-11
164,c04-122-02-02
164,c04-122-02-11
164,c04-122-02-03
164,c04-075-01-01
164,c04-075-04-01
164,c04-075-05-09
164,c04-122-05-10
164,c04-075-04-11
164,c04-075-01-06
164,c04-075-05-01
164,c04-075-06-10
164,c04-122-06-04
164,c04-122-06-03
164,c04-075-01-05
164,c04-075-01-00
164,c04-075-05-14
164,c04-075-06-02
164,c04-122-06-05
164,c04-122-07-02
164,c04-075-04-05
164,c04-075-05-04
164,c04-075-06-05
164,c04-122-05-02
164,c04-075-01-04
164,c04-075-05-13
164,c04-122-07-07
164,c04-122-06-10
164,c04-122-02-01
164,c04-075-05-10
164,c04-075-06-01
164,c04-122-06-06
164,c04-122-06-01
164,c04-122-07-01
164,c04-075-01-03
164,c04-075-06-00
164,c04-122-06-12
164,c04-075-04-02
164,c04-122-05-07
164,c04-075-05-00
164,c04-122-05-13
164,c04-075-06-06
164,c04-075-05-06
164,c04-122-02-09
164,c04-122-05-04
164,c04-122-02-00
164,c04-122-06-11
164,c04-122-05-09
164,c04-122-05-03
164,c04-122-02-04
165,c04-080-00-03
165,c04-080-02-04
165,c04-080-02-06
165,c04-128-06-00
165,c04-080-06-02
165,c04-080-00-06
165,c04-080-06-01
165,c04-080-03-07
165,c04-080-00-01
165,c04-080-04-02
165,c04-128-03-01
165,c04-128-00-01
165,c04-080-03-08
165,c04-128-03-06
165,c04-080-01-08
165,c04-080-05-04
165,c04-128-04-00
165,c04-128-03-07
165,c04-080-03-00
165,c04-080-00-07
165,c04-080-00-02
165,c04-080-03-05
165,c04-128-06-02
165,c04-080-03-06
165,c04-128-00-14
165,c04-080-06-05
165,c04-128-04-02
165,c04-128-00-07
165,c04-080-02-10
165,c04-128-01-02
165,c04-128-01-06
165,c04-080-06-04
165,c04-080-04-05
165,c04-080-02-11
165,c04-080-02-05
165,c04-128-03-05
165,c04-128-00-11
165,c04-080-05-03
165,c04-080-01-03
165,c04-128-03-04
165,c04-128-00-04
165,c04-080-01-09
165,c04-080-00-05
165,c04-080-04-03
165,c04-128-01-09
165,c04-128-03-03
165,c04-128-00-10
165,c04-080-06-06
165,c04-080-04-01
165,c04-128-06-03
165,c04-128-03-08
165,c04-080-06-07
165,c04-080-06-00
165,c04-080-02-03
165,c04-128-06-01
165,c04-128-00-09
165,c04-128-01-04
165,c04-128-00-08
165,c04-128-00-06
165,c04-128-01-03
165,c04-080-02-07
165,c04-128-01-08
165,c04-080-02-00
165,c04-080-03-02
165,c04-080-01-07
165,c04-128-06-04
165,c04-080-04-09
165,c04-080-00-08
165,c04-080-02-01
165,c04-080-04-06
165,c04-080-03-04
165,c04-128-00-05
165,c04-080-03-01
165,c04-128-04-03
165,c04-080-01-00
165,c04-128-01-07
165,c04-080-02-09
165,c04-080-05-05
165,c04-128-03-02
165,c04-128-04-05
165,c04-080-03-03
165,c04-128-04-01
165,c04-128-01-01
165,c04-128-00-13
165,c04-080-01-01
165,c04-080-01-04
165,c04-128-01-05
165,c04-128-00-12
165,c04-128-00-00
165,c04-080-02-02
165,c04-080-01-02
165,c04-080-00-00
165,c04-128-04-04
165,c04-080-04-00
165,c04-080-02-08
165,c04-128-00-02
165,c04-080-05-00
165,c04-080-06-03
165,c04-128-06-05
165,c04-080-04-07
165,c04-080-01-05
165,c04-128-01-00
165,c04-080-00-09
165,c04-080-04-08
165,c04-080-00-04
165,c04-080-04-04
165,c04-080-01-06
165,c04-128-00-03
165,c04-128-03-00
166,c04-089-00-09
166,c04-089-00-00
166,c04-098-03-05
166,c04-089-02-16
166,c04-089-03-10
166,c04-098-04-00
166,c04-089-02-09
166,c04-089-04-06
166,c04-089-06-01
166,c04-098-05-00
166,c04-098-05-11
166,c04-098-04-02
166,c04-089-04-00
166,c04-089-00-08
166,c04-089-06-12
166,c04-098-05-02
166,c04-089-02-05
166,c04-089-06-10
166,c04-089-03-11
166,c04-089-06-08
166,c04-098-04-06
166,c04-098-00-07
166,c04-098-04-09
166,c04-098-02-06
166,c04-098-03-07
166,c04-089-00-05
166,c04-098-04-03
166,c04-098-03-03
166,c04-089-00-04
166,c04-089-03-12
166,c04-098-02-00
166,c04-089-04-02
166,c04-089-02-08
166,c04-098-05-08
166,c04-089-06-02
166,c04-089-06-07
166,c04-098-00-03
166,c04-089-00-10
166,c04-098-01-06
166,c04-098-03-09
166,c04-098-03-11
166,c04-098-01-09
166,c04-098-00-09
166,c04-089-03-08
166,c04-098-02-03
166,c04-098-03-12
166,c04-089-02-10
166,c04-098-04-07
166,c04-089-06-03
166,c04-089-03-09
166,c04-098-00-08
166,c04-098-00-02
166,c04-089-04-07
166,c04-089-03-04
166,c04-098-02-05
166,c04-098-03-01
166,c04-089-04-05
166,c04-089-04-09
166,c04-098-00-04
166,c04-089-02-04
166,c04-089-02-13
166,c04-098-01-04
166,c04-098-05-04
166,c04-098-01-01
166,c04-098-05-13
166,c04-098-01-08
166,c04-089-00-01
166,c04-089-03-03
166,c04-098-03-04
166,c04-098-04-10
166,c04-098-05-03
166,c04-089-02-00
166,c04-089-03-07
166,c04-098-01-10
166,c04-089-02-14
166,c04-098-04-01
166,c04-089-02-15
166,c04-098-02-02
166,c04-098-02-09
166,c04-098-01-05
166,c04-098-01-00
166,c04-089-02-12
166,c04-098-03-14
166,c04-098-05-07
166,c04-098-03-06
166,c04-089-04-04
166,c04-089-00-07
166,c04-098-03-13
166,c04-098-04-05
166,c04-089-03-00
166,c04-098-01-07
166,c04-098-00-00
166,c04-098-03-15
166,c04-098-01-03
166,c04-089-00-03
166,c04-098-01-02
166,c04-089-06-00
166,c04-098-05-05
166,c04-089-06-11
166,c04-098-05-06
166,c04-089-03-01
166,c04-089-06-05
166,c04-098-03-10
166,c04-089-00-02
166,c04-098-05-10
166,c04-089-06-04
166,c04-089-04-10
166,c04-089-02-07
166,c04-098-02-04
166,c04-098-04-08
166,c04-089-04-01
166,c04-089-04-03
166,c04-098-03-02
166,c04-098-02-08
166,c04-098-05-09
166,c04-089-06-06
166,c04-098-04-04
166,c04-098-02-07
166,c04-098-04-11
166,c04-098-05-12
166,c04-089-06-09
166,c04-089-00-11
166,c04-089-02-02
166,c04-098-05-01
166,c04-089-03-06
166,c04-089-02-11
166,c04-098-03-00
166,c04-089-02-06
166,c04-089-02-03
166,c04-098-04-12
166,c04-089-00-06
166,c04-089-03-02
166,c04-089-02-01
166,c04-098-02-01
166,c04-098-00-01
166,c04-098-00-05
166,c04-098-03-08
166,c04-098-00-06
166,c04-089-04-08
166,c04-089-03-05
167,c04-105-02-00
167,c04-105-07-00
167,c04-105-03-05
167,c04-105-02-03
167,c04-105-01-02
167,c04-105-06-04
167,c04-105-06-06
167,c04-105-04-04
167,c04-105-02-04
167,c04-105-01-04
167,c04-105-04-00
167,c04-105-02-05
167,c04-105-04-06
167,c04-105-05-04
167,c04-105-03-06
167,c04-105-05-00
167,c04-105-00-03
167,c04-105-06-02
167,c04-105-01-05
167,c04-105-05-08
167,c04-105-04-05
167,c04-105-03-09
167,c04-105-04-08
167,c04-105-02-02
167,c04-105-01-00
167,c04-105-01-06
167,c04-105-00-05
167,c04-105-03-01
167,c04-105-03-00
167,c04-105-04-07
167,c04-105-05-06
167,c04-105-00-06
167,c04-105-05-07
167,c04-105-04-02
167,c04-105-04-09
167,c04-105-05-05
167,c04-105-04-03
167,c04-105-02-07
167,c04-105-07-01
167,c04-105-03-02
167,c04-105-03-08
167,c04-105-05-02
167,c04-105-05-03
167,c04-105-05-09
167,c04-105-06-00
167,c04-105-04-01
167,c04-105-06-05
167,c04-105-00-04
167,c04-105-03-04
167,c04-105-01-01
167,c04-105-00-01
167,c04-105-06-03
167,c04-105-02-01
167,c04-105-00-02
167,c04-105-02-06
167,c04-105-06-01
167,c04-105-01-03
167,c04-105-00-00
167,c04-105-07-02
167,c04-105-02-08
171,c04-156-06-00
171,c04-160-01-00
171,c04-156-00-03
171,c04-156-02-06
171,c04-160-06-04
171,c04-160-04-02
171,c04-160-01-01
171,c04-160-05-05
171,c04-160-02-07
171,c04-160-06-07
171,c04-160-00-06
171,c04-160-02-03
171,c04-160-02-01
171,c04-156-04-02
171,c04-160-01-03
171,c04-156-01-02
171,c04-160-05-07
171,c04-156-00-00
171,c04-160-04-00
171,c04-160-01-02
171,c04-160-00-08
171,c04-156-04-01
171,c04-160-06-01
171,c04-160-04-05
171,c04-156-03-04
171,c04-160-06-00
171,c04-156-01-10
171,c04-156-04-05
171,c04-156-01-07
171,c04-156-04-03
171,c04-160-02-05
171,c04-160-06-05
171,c04-160-06-06
171,c04-160-04-01
171,c04-160-05-06
171,c04-160-00-01
171,c04-156-00-06
171,c04-156-01-04
171,c04-156-02-08
171,c04-156-05-01
171,c04-160-04-04
171,c04-156-05-03
171,c04-156-02-04
171,c04-160-05-04
171,c04-160-00-03
171,c04-156-00-01
171,c04-156-05-02
171,c04-156-05-04
171,c04-156-03-02
171,c04-156-06-01
171,c04-160-05-01
171,c04-160-02-00
171,c04-156-03-00
171,c04-156-01-09
171,c04-156-01-03
171,c04-156-02-05
171,c04-160-02-06
171,c04-156-00-05
171,c04-156-00-02
171,c04-160-06-02
171,c04-156-03-06
171,c04-156-02-03
171,c04-160-00-00
171,c04-160-04-03
171,c04-156-05-00
171,c04-156-01-00
171,c04-156-06-03
171,c04-156-02-02
171,c04-160-00-07
171,c04-160-02-08
171,c04-160-01-04
171,c04-156-04-00
171,c04-160-01-05
171,c04-156-03-01
171,c04-156-06-02
171,c04-160-01-06
171,c04-160-06-03
171,c04-156-01-01
171,c04-160-05-00
171,c04-156-05-05
171,c04-160-00-05
171,c04-156-02-00
171,c04-156-06-05
171,c04-160-02-02
171,c04-160-02-04
171,c04-156-03-05
171,c04-156-03-03
171,c04-156-01-05
171,c04-156-01-08
171,c04-156-06-04
171,c04-160-04-06
171,c04-156-02-01
171,c04-156-02-07
171,c04-156-00-04
171,c04-160-00-02
171,c04-156-01-06
171,c04-160-05-03
171,c04-160-00-04
171,c04-156-04-04
174,c06-083-08-00
174,c06-083-06-02
174,d06-082-01-07
174,c06-083-02-07
174,d06-050-01-04
174,d06-030-01-08
174,c06-083-07-04
174,d06-050-02-09
174,d06-050-04-09
174,d06-015-00-10
174,d06-082-01-02
174,d06-015-02-04
174,d06-030-01-12
174,c06-083-01-09
174,d06-050-01-03
174,d06-050-04-04
174,d06-050-05-04
174,d06-030-03-09
174,d06-082-03-01
174,c06-083-01-08
174,d06-050-05-00
174,d06-030-02-03
174,d06-050-05-12
174,d06-030-01-01
174,d06-015-02-03
174,d06-050-04-08
174,d06-015-05-00
174,d06-015-02-01
174,d06-050-02-01
174,d06-082-03-06
174,d06-015-04-07
174,d06-030-02-07
174,d06-082-04-00
174,d06-050-03-02
174,d06-050-01-09
174,c06-083-01-05
174,d06-015-03-15
174,d06-015-04-03
174,d06-015-00-03
174,d06-015-03-09
174,d06-050-01-12
174,d06-082-00-01
174,d06-015-02-07
174,c06-083-06-04
174,d06-015-01-01
174,d06-050-00-06
174,d06-082-00-04
174,d06-050-01-00
174,c06-083-00-09
174,d06-050-03-05
174,d06-015-00-00
174,d06-030-01-09
174,d06-050-03-09
174,d06-015-05-01
174,d06-015-02-05
174,d06-050-04-05
174,c06-083-04-00
174,d06-015-03-08
174,d06-082-04-03
174,d06-030-03-02
174,d06-015-04-08
174,d06-050-00-04
174,d06-050-05-09
174,c06-083-05-04
174,d06-015-04-04
174,d06-050-04-06
174,d06-030-03-03
174,c06-083-04-05
174,d06-030-01-11
174,d06-015-02-00
174,c06-083-07-02
174,d06-082-00-07
174,d06-015-03-12
174,d06-015-01-10
174,c06-083-00-03
174,d06-082-03-03
174,c06-083-05-08
174,d06-015-02-11
174,d06-050-03-00
174,d06-050-00-11
174,d06-050-00-10
174,d06-015-02-06
174,d06-082-03-02
174,c06-083-05-05
174,d06-030-02-00
174,d06-050-03-06
174,d06-030-01-07
174,d06-015-01-08
174,c06-083-03-01
174,d06-082-00-02
174,d06-030-00-06
174,d06-082-03-08
174,c06-083-03-05
174,c06-083-02-00
174,d06-015-03-13
174,d06-030-01-06
174,d06-050-04-03
174,d06-030-03-06
174,c06-083-01-04
174,d06-030-02-02
174,d06-030-04-09
174,d06-015-01-06
174,d06-082-03-05
174,c06-083-07-09
174,c06-083-04-03
174,d06-082-01-05
174,d06-015-01-04
174,d06-030-01-13
174,d06-050-02-02
174,d06-030-00-05
174,d06-050-02-00
174,d06-030-02-09
174,d06-082-05-01
174,c06-083-00-01
174,d06-030-04-04
174,d06-030-03-10
174,c06-083-00-06
174,d06-030-01-00
174,c06-083-04-08
174,c06-083-04-09
174,d06-015-03-00
174,d06-015-02-10
174,d06-015-03-06
174,c06-083-02-10
174,d06-050-01-08
174,d06-050-04-00
174,d06-030-01-03
174,d06-082-04-06
174,d06-030-04-00
174,d06-015-00-05
174,c06-083-06-06
174,c06-083-02-05
174,d06-015-01-03
174,d06-015-00-11
174,d06-050-02-12
174,c06-083-04-04
174,d06-050-06-00
174,d06-082-03-04
174,d06-082-04-07
174,d06-082-04-09
174,d06-015-03-11
174,d06-050-06-04
174,d06-015-01-05
174,d06-050-01-02
174,d06-050-05-06
174,c06-083-01-06
174,d06-015-01-11
174,d06-050-06-03
174,d06-015-03-14
174,d06-030-02-11
174,d06-050-02-07
174,d06-050-02-08
174,d06-082-03-07
174,d06-015-03-01
174,d06-082-00-12
174,d06-050-02-11
174,c06-083-06-08
174,d06-082-01-12
174,d06-050-04-02
174,c06-083-07-06
174,d06-015-04-00
174,d06-030-01-10
174,d06-015-01-02
174,c06-083-01-07
174,c06-083-06-05
174,d06-050-06-05
174,d06-050-03-08
174,c06-083-01-02
174,c06-083-02-03
174,d06-030-00-07
174,d06-015-00-04
174,d06-015-02-08
174,d06-050-06-01
174,d06-082-00-00
174,d06-030-04-08
174,d06-050-05-02
174,d06-030-03-11
174,d06-050-03-10
174,d06-030-03-08
174,d06-050-05-10
174,d06-050-02-04
174,c06-083-03-02
174,c06-083-00-00
174,d06-015-00-06
174,d06-050-00-02
174,d06-030-00-03
174,d06-082-01-09
174,d06-050-02-05
174,c06-083-00-04
174,d06-030-02-06
174,d06-082-00-03
174,d06-030-02-05
174,c06-083-05-07
174,d06-015-01-07
174,d06-050-00-09
174,d06-030-04-01
174,d06-030-00-02
174,d06-030-01-04
174,d06-082-01-01
174,d06-015-03-04
174,d06-050-02-03
174,d06-050-01-01
174,c06-083-07-03
174,d06-015-03-16
174,c06-083-03-06
174,d06-030-00-04
174,c06-083-06-00
174,d06-030-00-09
174,d06-030-03-12
174,d06-082-04-08
174,d06-050-01-06
174,d06-082-04-04
174,d06-082-01-06
174,c06-083-02-01
174,d06-030-00-08
174,c06-083-02-06
174,d06-082-05-00
174,c06-083-00-02
174,d06-015-04-06
174,d06-082-01-08
174,d06-082-01-11
174,d06-030-04-07
174,d06-030-01-02
174,d06-030-01-05
174,d06-082-04-02
174,c06-083-07-08
174,d06-015-03-02
174,d06-050-00-07
174,d06-015-03-05
174,d06-050-01-10
174,c06-083-03-03
174,c06-083-04-01
174,d06-030-02-04
174,c06-083-07-07
174,d06-015-00-01
174,d06-015-04-01
174,c06-083-05-03
174,d06-015-04-09
174,d06-030-04-05
174,c06-083-07-05
174,d06-050-05-08
174,d06-015-01-00
174,d06-015-01-09
174,d06-082-00-10
174,d06-050-02-10
174,c06-083-02-09
174,d06-082-04-01
174,c06-083-02-08
174,c06-083-00-07
174,d06-050-00-00
174,d06-050-05-01
174,d06-050-05-05
174,d06-015-00-02
174,d06-050-03-04
174,d06-030-03-00
174,c06-083-02-04
174,c06-083-05-02
174,c06-083-05-01
174,d06-082-01-03
174,d06-015-03-10
174,c06-083-06-01
174,d06-050-00-08
174,c06-083-07-10
174,d06-050-00-05
174,d06-050-03-01
174,d06-030-02-08
174,d06-015-03-07
174,c06-083-00-08
174,d06-082-03-00
174,d06-050-03-07
174,c06-083-06-07
174,d06-082-01-04
174,d06-030-02-01
174,d06-050-05-11
174,c06-083-03-08
174,c06-083-08-01
174,d06-030-03-04
174,d06-015-00-09
174,c06-083-02-02
174,d06-030-02-12
174,d06-082-00-11
174,d06-015-03-03
174,d06-050-00-01
174,d06-082-01-00
174,d06-015-04-05
174,c06-083-01-01
174,c06-083-07-01
174,d06-082-00-09
174,d06-030-00-00
174,d06-050-03-03
174,d06-050-01-05
174,c06-083-04-02
174,d06-015-04-02
174,d06-050-00-03
174,d06-030-04-06
174,c06-083-04-07
174,d06-030-03-07
174,c06-083-04-06
174,d06-082-04-05
174,d06-015-02-09
174,d06-050-06-02
174,d06-050-01-07
174,d06-082-00-08
174,d06-082-03-09
174,d06-030-02-10
174,c06-083-03-07
174,c06-083-05-06
174,d06-050-05-07
174,d06-082-00-06
174,c06-083-01-03
174,d06-030-03-05
174,d06-082-04-10
174,d06-030-00-01
174,c06-083-01-00
174,c06-083-03-00
174,c06-083-06-03
174,c06-083-02-11
174,d06-030-04-02
174,c06-083-00-05
174,d06-015-00-07
174,d06-015-02-02
174,d06-050-05-03
174,d06-030-04-03
174,d06-015-00-08
174,d06-082-00-05
174,d06-082-01-10
174,c06-083-05-00
174,d06-050-01-11
174,d06-050-04-01
174,d06-050-04-07
174,d06-030-03-01
176,d01-024-03-03
176,d01-024-00-03
176,d01-024-00-00
176,d01-024-01-03
176,d01-024-03-04
176,d01-024-06-06
176,d01-024-04-06
176,d01-024-04-00
176,d01-024-01-01
176,d01-024-05-00
176,d01-024-02-06
176,d01-024-04-03
176,d01-024-06-05
176,d01-024-02-03
176,d01-024-08-00
176,d01-024-03-00
176,d01-024-05-02
176,d01-024-05-07
176,d01-024-04-02
176,d01-024-05-04
176,d01-024-05-06
176,d01-024-00-04
176,d01-024-02-02
176,d01-024-00-02
176,d01-024-06-00
176,d01-024-01-08
176,d01-024-05-01
176,d01-024-06-02
176,d01-024-06-01
176,d01-024-01-06
176,d01-024-01-04
176,d01-024-01-05
176,d01-024-04-01
176,d01-024-08-01
176,d01-024-01-00
176,d01-024-01-07
176,d01-024-00-07
176,d01-024-02-04
176,d01-024-05-03
176,d01-024-03-01
176,d01-024-03-06
176,d01-024-04-05
176,d01-024-03-05
176,d01-024-02-05
176,d01-024-06-04
176,d01-024-02-00
176,d01-024-06-03
176,d01-024-06-08
176,d01-024-00-06
176,d01-024-00-05
176,d01-024-04-07
176,d01-024-00-08
176,d01-024-05-05
176,d01-024-01-02
176,d01-024-03-07
176,d01-024-02-01
176,d01-024-03-08
176,d01-024-06-07
176,d01-024-04-04
178,d01-056-01-03
178,d01-060-06-04
178,d01-056-06-03
178,d01-056-01-01
178,d01-060-01-03
178,d01-056-01-07
178,d01-060-09-05
178,d01-060-01-00
178,d01-060-07-02
178,d01-056-01-00
178,d01-056-08-06
178,d01-060-07-06
178,d01-060-03-00
178,d01-056-04-06
178,d01-056-00-00
178,d01-056-06-07
178,d01-056-08-08
178,d01-056-07-10
178,d01-060-02-06
178,d01-056-06-01
178,d01-060-08-03
178,d01-056-03-01
178,d01-056-04-01
178,d01-056-01-05
178,d01-056-02-02
178,d01-060-05-03
178,d01-060-06-03
178,d01-060-06-02
178,d01-056-02-00
178,d01-056-04-00
178,d01-056-08-02
178,d01-060-02-05
178,d01-060-05-00
178,d01-060-03-02
178,d01-056-03-00
178,d01-056-06-06
178,d01-060-02-02
178,d01-060-07-03
178,d01-060-05-08
178,d01-060-01-02
178,d01-056-08-01
178,d01-060-04-00
178,d01-056-07-01
178,d01-056-03-02
178,d01-060-03-04
178,d01-056-00-03
178,d01-060-08-00
178,d01-060-02-01
178,d01-060-07-08
178,d01-060-03-01
178,d01-060-01-01
178,d01-060-03-05
178,d01-060-00-05
178,d01-060-00-01
178,d01-056-00-01
178,d01-056-04-07
178,d01-060-09-02
178,d01-060-08-02
178,d01-060-07-00
178,d01-060-05-05
178,d01-056-07-11
178,d01-056-07-06
178,d01-060-04-04
178,d01-056-06-05
178,d01-060-05-04
178,d01-060-05-07
178,d01-056-02-03
178,d01-056-01-08
178,d01-056-02-04
178,d01-056-07-08
178,d01-056-09-03
178,d01-056-06-04
178,d01-056-00-04
178,d01-056-07-05
178,d01-060-02-03
178,d01-060-03-03
178,d01-060-06-01
178,d01-056-03-06
178,d01-056-07-00
178,d01-060-08-05
178,d01-056-08-05
178,d01-056-07-02
178,d01-056-02-07
178,d01-060-07-07
178,d01-060-09-06
178,d01-056-08-07
178,d01-060-07-05
178,d01-056-06-02
178,d01-060-09-03
178,d01-056-06-00
178,d01-060-09-00
178,d01-056-00-05
178,d01-060-06-00
178,d01-060-06-05
178,d01-056-09-04
178,d01-060-09-04
178,d01-060-05-02
178,d01-060-08-04
178,d01-056-03-04
178,d01-060-00-02
178,d01-056-03-03
178,d01-056-02-01
178,d01-056-09-02
178,d01-056-08-04
178,d01-060-02-04
178,d01-056-03-07
178,d01-056-07-04
178,d01-056-08-00
178,d01-060-04-06
178,d01-056-01-04
178,d01-060-05-01
178,d01-056-08-03
178,d01-060-00-03
178,d01-056-00-02
178,d01-056-09-00
178,d01-056-04-04
178,d01-060-04-02
178,d01-056-01-09
178,d01-060-02-00
178,d01-060-05-06
178,d01-060-08-06
178,d01-056-01-02
178,d01-056-03-05
178,d01-060-04-01
178,d01-060-07-04
178,d01-056-04-05
178,d01-056-07-09
178,d01-056-04-03
178,d01-056-07-07
178,d01-060-08-01
178,d01-056-07-03
178,d01-060-04-05
178,d01-056-04-02
178,d01-060-07-01
178,d01-060-04-03
178,d01-056-02-06
178,d01-060-01-04
178,d01-056-01-06
178,d01-060-09-01
178,d01-056-02-05
178,d01-060-01-05
178,d01-056-09-01
178,d01-060-00-04
178,d01-056-00-06
182,d03-112-00-02
182,d03-112-02-00
182,d03-112-08-01
182,d03-112-02-02
182,d03-112-07-03
182,d03-112-00-04
182,d03-112-08-03
182,d03-112-04-02
182,d03-112-06-02
182,d03-112-08-02
182,d03-112-03-05
182,d03-112-01-06
182,d03-112-05-04
182,d03-112-03-06
182,d03-112-05-05
182,d03-112-01-11
182,d03-112-05-00
182,d03-112-08-05
182,d03-112-03-01
182,d03-112-08-04
182,d03-112-07-06
182,d03-112-01-02
182,d03-112-04-04
182,d03-112-01-05
182,d03-112-07-00
182,d03-112-01-00
182,d03-112-00-01
182,d03-112-06-05
182,d03-112-06-04
182,d03-112-04-01
182,d03-112-07-02
182,d03-112-02-01
182,d03-112-01-08
182,d03-112-00-05
182,d03-112-00-07
182,d03-112-04-00
182,d03-112-06-03
182,d03-112-07-04
182,d03-112-08-07
182,d03-112-07-01
182,d03-112-08-06
182,d03-112-08-00
182,d03-112-01-01
182,d03-112-01-10
182,d03-112-02-06
182,d03-112-03-03
182,d03-112-01-03
182,d03-112-05-01
182,d03-112-03-02
182,d03-112-00-03
182,d03-112-02-03
182,d03-112-00-00
182,d03-112-03-00
182,d03-112-05-03
182,d03-112-05-06
182,d03-112-01-07
182,d03-112-05-02
182,d03-112-06-00
182,d03-112-04-03
182,d03-112-06-01
182,d03-112-07-05
182,d03-112-04-05
182,d03-112-02-05
182,d03-112-08-08
182,d03-112-01-04
182,d03-112-02-04
182,d03-112-04-06
182,d03-112-01-09
184,d04-008-00-07
184,d04-008-05-03
184,d04-005-00-06
184,d04-008-03-00
184,d04-005-05-00
184,d04-005-03-06
184,d04-005-03-05
184,d04-008-01-07
184,d04-005-05-02
184,d04-005-05-04
184,d04-005-06-03
184,d04-008-01-03
184,d04-008-04-02
184,d04-005-05-05
184,d04-005-06-02
184,d04-008-02-00
184,d04-005-02-07
184,d04-005-00-02
184,d04-005-06-06
184,d04-005-06-07
184,d04-008-03-10
184,d04-005-06-04
184,d04-008-04-11
184,d04-008-05-01
184,d04-008-03-08
184,d04-008-01-08
184,d04-008-01-01
184,d04-008-01-02
184,d04-008-04-03
184,d04-008-04-08
184,d04-005-07-02
184,d04-008-02-10
184,d04-008-02-09
184,d04-008-01-06
184,d04-008-04-04
184,d04-005-00-00
184,d04-005-06-01
184,d04-008-00-06
184,d04-008-00-04
184,d04-008-02-05
184,d04-008-04-06
184,d04-005-00-05
184,d04-005-06-00
184,d04-005-05-03
184,d04-005-03-08
184,d04-008-05-04
184,d04-005-07-01
184,d04-008-05-02
184,d04-008-04-07
184,d04-008-02-01
184,d04-005-00-07
184,d04-005-03-02
184,d04-008-02-02
184,d04-008-04-05
184,d04-005-07-00
184,d04-008-03-09
184,d04-008-00-00
184,d04-005-03-01
184,d04-008-02-06
184,d04-005-03-03
184,d04-005-03-09
184,d04-008-02-03
184,d04-005-02-03
184,d04-008-01-00
184,d04-008-03-05
184,d04-005-03-00
184,d04-008-02-08
184,d04-005-02-00
184,d04-005-00-04
184,d04-008-03-02
184,d04-005-00-08
184,d04-008-02-07
184,d04-008-05-07
184,d04-008-02-04
184,d04-005-06-08
184,d04-005-00-01
184,d04-008-03-03
184,d04-008-00-05
184,d04-005-02-04
184,d04-005-06-05
184,d04-005-02-02
184,d04-008-00-03
184,d04-005-05-06
184,d04-008-04-10
184,d04-005-07-03
184,d04-008-05-06
184,d04-008-03-07
184,d04-008-05-05
184,d04-008-05-00
184,d04-008-04-09
184,d04-005-02-01
184,d04-008-04-01
184,d04-005-02-06
184,d04-008-03-06
184,d04-008-03-04
184,d04-005-03-07
184,d04-008-01-05
184,d04-005-03-04
184,d04-005-05-01
184,d04-005-00-03
184,d04-008-03-01
184,d04-005-05-07
184,d04-008-01-04
184,d04-008-00-02
184,d04-008-00-01
184,d04-008-05-08
192,d04-071-05-05
192,d04-075-06-00
192,d04-071-02-07
192,d04-075-06-07
192,d04-071-07-03
192,d04-075-08-03
192,d04-075-00-01
192,d04-071-02-04
192,d04-071-01-02
192,d04-075-05-07
192,d04-071-02-02
192,d04-075-05-10
192,d04-075-06-01
192,d04-071-02-06
192,d04-075-08-04
192,d04-071-03-08
192,d04-071-05-03
192,d04-071-02-00
192,d04-075-03-04
192,d04-075-08-02
192,d04-075-05-02
192,d04-075-07-07
192,d04-075-00-03
192,d04-071-01-04
192,d04-075-09-00
192,d04-075-00-08
192,d04-075-00-05
192,d04-071-04-05
192,d04-071-04-08
192,d04-075-05-04
192,d04-075-08-00
192,d04-071-00-07
192,d04-075-05-03
192,d04-071-04-01
192,d04-071-01-03
192,d04-071-04-03
192,d04-075-06-03
192,d04-075-07-03
192,d04-071-04-00
192,d04-075-07-02
192,d04-071-02-05
192,d04-071-00-05
192,d04-071-04-06
192,d04-071-07-02
192,d04-071-01-00
192,d04-071-05-00
192,d04-071-05-04
192,d04-071-00-02
192,d04-071-03-04
192,d04-071-00-01
192,d04-075-05-05
192,d04-075-09-01
192,d04-071-04-04
192,d04-075-01-04
192,d04-075-00-00
192,d04-075-03-06
192,d04-071-04-02
192,d04-075-00-02
192,d04-071-03-03
192,d04-075-06-02
192,d04-075-06-05
192,d04-071-02-01
192,d04-075-08-07
192,d04-075-05-06
192,d04-071-02-03
192,d04-071-01-07
192,d04-071-00-00
192,d04-075-01-03
192,d04-071-04-07
192,d04-071-03-06
192,d04-075-09-05
192,d04-071-01-08
192,d04-075-01-00
192,d04-071-03-02
192,d04-075-00-07
192,d04-071-05-06
192,d04-071-03-00
192,d04-071-00-03
192,d04-075-09-03
192,d04-071-07-00
192,d04-075-01-05
192,d04-071-03-07
192,d04-075-05-00
192,d04-071-00-04
192,d04-075-09-02
192,d04-075-06-08
192,d04-075-03-05
192,d04-075-07-00
192,d04-075-06-09
192,d04-075-05-09
192,d04-071-03-01
192,d04-075-09-04
192,d04-075-07-04
192,d04-071-05-02
192,d04-071-05-07
192,d04-075-03-00
192,d04-075-05-01
192,d04-075-09-06
192,d04-075-05-08
192,d04-075-08-01
192,d04-075-00-04
192,d04-075-03-03
192,d04-071-07-04
192,d04-071-03-05
192,d04-071-02-08
192,d04-075-08-06
192,d04-075-09-07
192,d04-071-05-01
192,d04-071-04-09
192,d04-075-07-08
192,d04-071-01-01
192,d04-075-08-08
192,d04-075-01-06
192,d04-075-01-02
192,d04-075-01-01
192,d04-071-07-05
192,d04-071-01-09
192,d04-071-01-06
192,d04-075-00-06
192,d04-075-06-04
192,d04-075-03-07
192,d04-075-07-01
192,d04-075-06-06
192,d04-075-07-05
192,d04-071-07-01
192,d04-071-01-05
192,d04-075-03-02
192,d04-075-03-01
193,f04-100-10-05
193,f04-093-09-01
193,f04-100-01-03
193,f04-093-08-00
193,d04-081-03-05
193,f04-100-06-03
193,f04-096-09-03
193,d04-081-03-00
193,f04-096-08-03
193,f04-096-06-04
193,f04-096-04-01
193,d04-081-08-06
193,f04-100-10-06
193,f04-100-01-06
193,f04-096-05-02
193,f04-100-09-04
193,f04-096-08-02
193,f04-093-01-02
193,f04-093-07-05
193,f04-100-01-00
193,f04-096-00-03
193,f04-100-04-06
193,f04-096-05-06
193,f04-100-09-06
193,d04-081-01-02
193,d04-081-06-01
193,d04-081-05-01
193,d04-081-00-03
193,f04-096-10-02
193,d04-081-02-07
193,f04-100-02-04
193,d04-081-03-06
193,f04-100-03-01
193,f04-100-06-06
193,f04-096-06-01
193,f04-096-02-03
193,f04-096-02-00
193,f04-096-01-02
193,f04-096-01-05
193,f04-093-05-02
193,f04-093-07-00
193,f04-100-01-05
193,d04-081-05-00
193,d04-081-05-05
193,f04-100-07-02
193,f04-100-01-01
193,d04-081-00-09
193,f04-093-00-03
193,f04-093-02-01
193,f04-093-09-04
193,f04-093-04-07
193,d04-081-00-04
193,f04-096-09-04
193,f04-093-02-09
193,f04-096-02-05
193,f04-096-04-03
193,d04-081-07-05
193,d04-081-01-05
193,f04-093-08-05
193,f04-100-00-00
193,f04-093-08-06
193,f04-096-04-00
193,f04-093-04-03
193,d04-081-08-04
193,d04-081-01-04
193,f04-096-02-04
193,f04-093-05-03
193,f04-100-00-02
193,d04-081-02-06
193,f04-093-04-00
193,f04-093-08-03
193,f04-093-06-04
193,f04-100-02-02
193,f04-096-05-07
193,f04-096-00-01
193,f04-093-00-04
193,f04-096-03-04
193,f04-100-05-00
193,f04-096-05-04
193,f04-093-04-06
193,f04-100-09-05
193,f04-096-00-02
193,f04-100-06-01
193,d04-081-05-09
193,d04-081-05-06
193,f04-093-01-00
193,f04-096-04-02
193,f04-093-04-01
193,f04-093-06-03
193,d04-081-00-08
193,d04-081-03-07
193,d04-081-00-02
193,f04-096-09-05
193,d04-081-05-07
193,f04-100-07-03
193,f04-100-06-00
193,f04-093-06-08
193,f04-100-04-03
193,f04-093-07-01
193,f04-093-08-07
193,f04-096-02-02
193,f04-093-06-07
193,f04-093-01-04
193,d04-081-02-03
193,f04-100-00-04
193,f04-100-02-06
193,f04-096-01-04
193,f04-093-05-00
193,d04-081-02-04
193,f04-100-06-05
193,f04-093-06-00
193,f04-100-02-03
193,f04-093-06-02
193,f04-093-06-06
193,d04-081-01-06
193,f04-096-00-05
193,f04-100-05-03
193,f04-096-08-01
193,f04-096-00-00
193,d04-081-03-03
193,d04-081-00-07
193,f04-096-05-05
193,f04-100-10-02
193,f04-093-05-06
193,f04-100-03-04
193,f04-100-08-03
193,f04-096-06-03
193,f04-100-07-08
193,d04-081-01-08
193,d04-081-07-03
193,f04-100-07-01
193,f04-096-09-01
193,f04-096-08-04
193,f04-093-02-02
193,f04-100-04-00
193,f04-093-00-00
193,d04-081-02-05
193,f04-096-10-00
193,f04-100-05-05
193,f04-100-08-02
193,f04-100-03-00
193,d04-081-06-02
193,f04-096-04-04
193,f04-093-07-06
193,f04-096-07-04
193,f04-096-07-03
193,f04-093-01-06
193,f04-100-04-02
193,f04-096-09-02
193,f04-100-07-09
193,f04-093-04-02
193,f04-093-08-01
193,f04-096-06-05
193,f04-096-01-03
193,d04-081-01-01
193,f04-100-08-00
193,d04-081-05-02
193,d04-081-05-04
193,d04-081-02-00
193,f04-093-05-07
193,f04-093-02-00
193,f04-093-07-03
193,f04-093-00-01
193,f04-096-03-02
193,f04-100-10-04
193,f04-100-08-01
193,d04-081-03-04
193,f04-100-00-01
193,d04-081-02-02
193,f04-093-02-04
193,f04-096-06-00
193,d04-081-00-01
193,f04-093-05-04
193,d04-081-08-07
193,f04-096-01-07
193,f04-093-06-01
193,f04-096-01-00
193,d04-081-00-05
193,d04-081-06-03
193,f04-100-08-04
193,f04-096-01-01
193,f04-093-02-08
193,f04-100-04-05
193,f04-100-10-03
193,f04-100-01-04
193,f04-096-01-06
193,f04-096-06-02
193,f04-096-10-03
193,f04-093-08-04
193,d04-081-08-00
193,f04-096-10-05
193,f04-096-03-03
193,d04-081-01-07
193,f04-100-05-04
193,d04-081-08-01
193,f04-100-07-00
193,f04-096-00-04
193,f04-100-06-02
193,f04-100-07-04
193,f04-100-10-01
193,d04-081-00-06
193,f04-100-02-05
193,f04-100-04-01
193,f04-093-05-05
193,f04-093-04-08
193,f04-093-02-05
193,f04-100-07-06
193,d04-081-07-01
193,f04-100-05-01
193,d04-081-03-02
193,d04-081-01-03
193,d04-081-01-00
193,f04-100-04-07
193,d04-081-03-01
193,f04-100-02-00
193,f04-093-09-03
193,f04-093-02-03
193,f04-096-10-04
193,f04-100-09-03
193,f04-096-05-00
193,f04-093-08-02
193,f04-096-09-00
193,f04-100-10-00
193,f04-100-06-04
193,f04-096-00-06
193,f04-096-08-00
193,f04-093-05-01
193,f04-093-04-05
193,f04-100-03-03
193,f04-100-09-01
193,f04-093-09-02
193,d04-081-07-02
193,f04-096-05-03
193,f04-096-10-01
193,f04-100-09-02
193,f04-093-01-05
193,f04-093-01-07
193,d04-081-07-00
193,f04-100-03-02
193,f04-096-07-00
193,f04-096-03-00
193,f04-093-01-01
193,f04-096-02-01
193,f04-093-07-02
193,f04-093-09-05
193,f04-093-01-03
193,f04-096-09-06
193,d04-081-08-03
193,f04-093-09-00
193,f04-093-02-06
193,f04-100-00-03
193,f04-093-06-05
193,f04-100-04-04
193,f04-100-07-07
193,f04-096-05-01
193,d04-081-00-00
193,f04-100-02-01
193,f04-100-07-05
193,f04-100-09-00
193,f04-100-01-02
193,f04-096-08-05
193,d04-081-05-08
193,f04-093-00-02
193,f04-096-08-06
193,d04-081-06-00
193,f04-093-07-04
193,d04-081-07-04
193,d04-081-05-03
193,f04-096-07-01
193,f04-093-02-07
193,f04-100-05-02
193,f04-093-04-04
193,f04-096-07-02
193,f04-096-03-01
193,d04-081-08-05
193,d04-081-02-01
197,d04-117-04-06
197,d04-121-05-03
197,d04-121-05-06
197,d04-121-02-05
197,d04-117-06-05
197,d04-117-03-01
197,d04-117-05-06
197,d04-117-04-09
197,d04-117-00-04
197,d04-117-04-01
197,d04-121-00-10
197,d04-117-05-04
197,d04-117-05-08
197,d04-117-05-11
197,d04-121-02-00
197,d04-117-05-03
197,d04-117-04-07
197,d04-117-03-04
197,d04-121-00-09
197,d04-121-00-01
197,d04-121-00-02
197,d04-121-05-09
197,d04-121-06-00
197,d04-117-05-02
197,d04-117-03-03
197,d04-117-04-03
197,d04-117-05-12
197,d04-121-05-05
197,d04-121-02-01
197,d04-121-00-06
197,d04-117-06-11
197,d04-121-00-12
197,d04-121-00-11
197,d04-117-00-06
197,d04-117-05-05
197,d04-117-03-06
197,d04-117-04-05
197,d04-121-02-08
197,d04-117-00-08
197,d04-117-06-06
197,d04-117-03-11
197,d04-117-07-02
197,d04-117-06-04
197,d04-117-00-07
197,d04-117-05-09
197,d04-121-05-00
197,d04-121-05-01
197,d04-121-05-04
197,d04-117-06-08
197,d04-117-05-01
197,d04-117-00-05
197,d04-117-07-01
197,d04-121-00-00
197,d04-121-02-09
197,d04-121-02-02
197,d04-117-06-09
197,d04-117-04-04
197,d04-121-00-07
197,d04-121-02-07
197,d04-117-04-02
197,d04-117-03-07
197,d04-121-02-03
197,d04-117-06-03
197,d04-117-05-10
197,d04-121-00-03
197,d04-121-02-04
197,d04-121-06-02
197,d04-117-03-02
197,d04-117-03-00
197,d04-121-02-06
197,d04-121-05-07
197,d04-117-04-08
197,d04-121-00-04
197,d04-121-00-08
197,d04-117-00-01
197,d04-121-02-10
197,d04-117-06-02
197,d04-117-00-00
197,d04-117-03-05
197,d04-117-03-10
197,d04-117-03-08
197,d04-117-00-03
197,d04-121-05-02
197,d04-117-03-09
197,d04-117-05-00
197,d04-117-06-10
197,d04-117-03-12
197,d04-121-06-01
197,d04-117-07-00
197,d04-117-06-07
197,d04-121-06-03
197,d04-117-05-07
197,d04-117-00-02
197,d04-117-06-00
197,d04-117-04-00
197,d04-121-05-08
197,d04-117-06-01
197,d04-121-00-05
202,d06-091-07-08
202,d06-000-06-01
202,d06-000-02-07
202,d06-091-04-05
202,d06-091-05-00
202,e06-037-04-06
202,e06-006-09-05
202,e06-037-00-05
202,e06-006-08-06
202,d06-091-09-06
202,e06-041-08-07
202,e06-041-07-05
202,d06-000-06-00
202,d06-000-01-03
202,e06-041-00-04
202,d06-091-09-03
202,d06-000-06-08
202,d06-091-06-05
202,e06-041-06-01
202,e06-037-02-05
202,d06-091-09-07
202,e06-037-10-06
202,d06-091-02-00
202,e06-037-06-04
202,e06-037-10-03
202,e06-006-04-02
202,e06-006-00-05
202,e06-037-00-08
202,e06-037-02-03
202,e06-037-08-02
202,e06-037-04-05
202,d06-000-00-08
202,d06-091-06-07
202,e06-006-08-03
202,d06-091-00-00
202,e06-041-08-06
202,d06-000-00-03
202,e06-041-00-02
202,e06-006-03-04
202,e06-006-04-04
202,e06-041-03-04
202,e06-006-01-03
202,d06-000-01-08
202,e06-006-03-00
202,d06-000-02-06
202,e06-037-09-00
202,d06-091-09-02
202,d06-000-03-06
202,d06-091-01-08
202,d06-000-03-01
202,e06-006-09-01
202,e06-037-06-02
202,d06-091-00-04
202,e06-041-09-03
202,e06-037-05-01
202,d06-091-04-04
202,e06-037-05-06
202,e06-006-00-03
202,d06-000-09-03
202,e06-037-02-08
202,e06-006-06-06
202,e06-041-04-00
202,e06-037-10-01
202,e06-006-06-02
202,d06-000-01-07
202,e06-006-07-03
202,d06-000-01-06
202,e06-006-08-04
202,e06-037-05-04
202,e06-037-02-06
202,e06-037-01-06
202,d06-000-06-07
202,e06-037-01-05
202,e06-006-06-00
202,e06-041-09-01
202,d06-091-07-03
202,e06-006-02-06
202,e06-006-07-07
202,d06-091-08-03
202,d06-000-05-04
202,e06-037-00-03
202,e06-006-01-02
202,e06-041-01-05
202,e06-037-01-01
202,e06-041-07-03
202,e06-006-06-04
202,e06-006-05-07
202,d06-000-03-00
202,e06-041-04-05
202,d06-000-07-05
202,e06-041-07-00
202,e06-037-03-01
202,e06-037-00-04
202,e06-041-05-02
202,d06-000-00-05
202,d06-091-06-00
202,e06-037-09-07
202,e06-041-02-07
202,e06-006-04-01
202,e06-006-04-08
202,e06-006-02-02
202,d06-000-09-01
202,e06-037-01-03
202,e06-006-03-05
202,e06-037-06-05
202,e06-041-05-03
202,d06-091-01-07
202,e06-006-09-00
202,e06-041-07-01
202,e06-037-07-04
202,d06-091-06-03
202,e06-037-05-02
202,e06-041-06-00
202,e06-037-00-00
202,e06-041-06-07
202,e06-006-04-07
202,e06-006-01-00
202,d06-091-03-05
202,d06-000-04-01
202,d06-000-04-05
202,d06-091-01-01
202,e06-037-02-01
202,e06-006-03-02
202,e06-041-05-00
202,d06-000-04-04
202,d06-091-02-06
202,e06-037-10-00
202,e06-041-03-02
202,d06-000-00-04
202,e06-037-01-04
202,d06-000-08-01
202,e06-006-07-00
202,e06-006-09-03
202,e06-041-01-06
202,e06-041-08-04
202,e06-006-05-08
202,e06-037-02-07
202,e06-037-10-02
202,d06-000-04-03
202,d06-091-02-01
202,d06-000-01-04
202,d06-091-02-07
202,e06-041-02-05
202,d06-000-05-01
202,d06-091-09-00
202,d06-000-07-03
202,d06-091-01-05
202,d06-091-01-04
202,d06-091-06-01
202,d06-091-09-05
202,e06-006-06-08
202,d06-091-00-06
202,e06-006-02-05
202,d06-000-02-05
202,e06-037-06-03
202,e06-006-05-06
202,e06-037-01-02
202,d06-000-07-04
202,e06-037-04-01
202,e06-037-04-00
202,e06-006-08-02
202,d06-000-06-02
202,d06-000-04-07
202,d06-000-06-03
202,d06-000-07-07
202,d06-091-03-00
202,e06-041-03-01
202,e06-041-02-04
202,d06-091-08-02
202,e06-041-08-08
202,e06-041-01-01
202,e06-006-05-01
202,e06-041-06-06
202,e06-037-06-07
202,d06-091-09-08
202,d06-091-02-10
202,e06-041-08-03
202,d06-000-02-04
202,e06-037-04-03
202,e06-006-01-01
202,e06-041-06-03
202,e06-006-10-00
202,d06-000-07-00
202,e06-006-00-06
202,e06-041-09-00
202,d06-091-05-01
202,e06-037-09-04
202,d06-000-08-00
202,e06-006-02-04
202,e06-041-08-01
202,d06-000-00-07
202,d06-091-08-06
202,e06-037-09-05
202,e06-037-05-07
202,e06-006-00-00
202,e06-041-08-02
202,d06-091-08-07
202,e06-006-05-00
202,e06-041-04-06
202,e06-037-08-01
202,d06-091-05-02
202,e06-006-03-07
202,e06-041-07-02
202,e06-041-02-03
202,e06-037-03-00
202,e06-006-06-03
202,e06-006-04-06
202,d06-000-00-09
202,e06-041-03-00
202,e06-006-02-03
202,d06-091-06-08
202,e06-041-09-05
202,e06-037-09-06
202,d06-000-09-04
202,d06-000-01-02
202,d06-000-07-01
202,e06-006-09-02
202,e06-006-00-04
202,e06-006-00-02
202,e06-006-01-05
202,e06-041-06-02
202,e06-041-04-04
202,d06-000-00-06
202,e06-037-05-00
202,d06-091-03-02
202,e06-037-08-00
202,e06-037-07-03
202,e06-006-05-04
202,e06-041-01-03
202,d06-091-01-03
202,e06-037-02-00
202,e06-037-07-00
202,d06-000-02-00
202,e06-037-09-02
202,d06-091-07-10
202,d06-091-07-05
202,d06-000-04-00
202,e06-006-06-05
202,e06-037-09-01
202,d06-091-07-07
202,e06-037-03-03
202,e06-037-04-02
202,d06-091-04-01
202,d06-000-09-00
202,e06-006-06-01
202,e06-006-07-01
202,d06-091-02-05
202,e06-006-04-00
202,d06-000-03-02
202,e06-006-07-06
202,d06-091-07-06
202,d06-000-06-05
202,e06-041-03-03
202,d06-000-00-00
202,e06-006-03-03
202,e06-037-09-03
202,d06-091-04-03
202,e06-041-00-00
202,e06-006-05-03
202,e06-037-08-06
202,e06-041-04-03
202,e06-037-06-06
202,d06-000-07-08
202,e06-037-00-06
202,e06-041-03-05
202,e06-041-01-00
202,e06-041-09-04
202,d06-000-09-05
202,e06-041-04-01
202,e06-041-04-02
202,d06-091-02-02
202,e06-037-00-02
202,e06-037-04-04
202,d06-091-00-02
202,e06-041-05-04
202,d06-091-04-00
202,d06-000-05-05
202,d06-091-01-06
202,d06-091-01-00
202,d06-000-08-02
202,d06-091-03-04
202,d06-091-08-05
202,e06-006-08-05
202,e06-006-06-07
202,e06-041-09-06
202,e06-041-00-03
202,e06-041-00-01
202,e06-006-02-01
202,d06-000-04-08
202,e06-037-07-02
202,d06-091-01-02
202,e06-041-08-00
202,d06-091-09-04
202,d06-000-06-06
202,d06-000-01-00
202,d06-000-07-02
202,d06-091-02-04
202,d06-000-05-00
202,d06-000-08-04
202,e06-006-08-01
202,e06-037-03-04
202,e06-041-06-05
202,e06-041-01-04
202,d06-091-07-04
202,e06-037-08-03
202,e06-006-04-05
202,d06-000-05-06
202,e06-037-08-05
202,d06-000-06-04
202,e06-041-02-02
202,e06-037-05-03
202,e06-041-05-01
202,e06-037-09-08
202,d06-000-04-02
202,e06-006-04-03
202,e06-041-02-00
202,d06-000-01-05
202,d06-000-03-05
202,d06-091-02-09
202,d06-091-02-03
202,d06-091-00-05
202,e06-006-02-00
202,d06-000-07-06
202,d06-091-06-02
202,e06-041-01-02
202,e06-037-01-00
202,e06-041-02-06
202,e06-041-00-05
202,e06-037-05-05
202,d06-091-00-01
202,e06-006-09-04
202,e06-006-05-05
202,d06-091-03-01
202,d06-091-01-09
202,e06-037-03-05
202,d06-091-07-02
202,e06-006-03-01
202,e06-041-09-02
202,d06-091-03-03
202,d06-000-02-01
202,d06-000-03-03
202,e06-037-02-04
202,d06-091-05-03
202,e06-037-02-02
202,d06-000-07-09
202,d06-000-05-03
202,d06-000-09-02
202,d06-000-04-06
202,d06-091-06-04
202,d06-000-05-07
202,d06-091-09-01
202,d06-091-07-01
202,d06-000-00-01
202,e06-037-03-02
202,d06-091-08-04
202,d06-091-06-06
202,e06-041-02-08
202,e06-006-00-01
202,d06-091-07-09
202,e06-037-08-04
202,d06-091-08-01
202,e06-041-06-04
202,e06-037-03-06
202,d06-000-08-03
202,e06-037-07-01
202,e06-006-10-01
202,e06-006-05-02
202,e06-006-03-06
202,e06-037-00-07
202,e06-037-06-00
202,e06-006-08-00
202,d06-091-02-08
202,e06-037-00-01
202,e06-041-07-04
202,d06-000-05-02
202,e06-006-07-05
202,e06-037-09-09
202,e06-041-01-07
202,e06-006-07-02
202,e06-037-10-04
202,d06-091-08-00
202,e06-006-07-04
202,e06-041-08-05
202,d06-091-04-02
202,e06-041-02-01
202,d06-000-03-04
202,d06-000-02-03
202,e06-037-10-05
202,d06-000-02-02
202,d06-000-01-01
202,d06-000-00-02
210,e01-014-06-02
210,e01-018-04-04
210,e01-018-05-02
210,e01-018-02-07
210,e01-014-03-00
210,e01-018-07-06
210,e01-018-06-02
210,e01-018-05-00
210,e01-018-04-07
210,e01-014-03-05
210,e01-014-00-05
210,e01-018-02-05
210,e01-014-01-08
210,e01-014-04-06
210,e01-018-06-08
210,e01-014-00-02
210,e01-014-01-01
210,e01-018-03-05
210,e01-018-02-04
210,e01-014-05-01
210,e01-018-07-05
210,e01-014-04-09
210,e01-014-03-06
210,e01-018-03-00
210,e01-018-01-10
210,e01-014-04-01
210,e01-014-05-07
210,e01-014-04-03
210,e01-014-06-01
210,e01-014-01-00
210,e01-014-04-08
210,e01-014-00-03
210,e01-018-06-01
210,e01-018-07-00
210,e01-018-01-00
210,e01-014-06-05
210,e01-018-08-03
210,e01-014-00-06
210,e01-018-01-03
210,e01-014-02-02
210,e01-018-07-03
210,e01-018-07-04
210,e01-018-03-08
210,e01-018-06-04
210,e01-018-07-01
210,e01-018-02-02
210,e01-014-02-07
210,e01-018-01-11
210,e01-018-01-05
210,e01-018-01-01
210,e01-014-06-04
210,e01-014-04-05
210,e01-018-03-07
210,e01-014-01-02
210,e01-014-05-08
210,e01-014-00-04
210,e01-018-01-09
210,e01-018-06-00
210,e01-018-04-05
210,e01-018-08-04
210,e01-018-05-01
210,e01-018-06-09
210,e01-018-03-03
210,e01-014-06-06
210,e01-014-05-04
210,e01-014-00-01
210,e01-018-06-06
210,e01-014-04-04
210,e01-018-04-02
210,e01-014-05-05
210,e01-018-05-07
210,e01-014-04-00
210,e01-018-01-06
210,e01-018-04-06
210,e01-018-01-08
210,e01-018-07-07
210,e01-014-04-11
210,e01-018-01-04
210,e01-014-01-04
210,e01-014-05-02
210,e01-018-04-03
210,e01-014-01-07
210,e01-014-03-01
210,e01-018-06-03
210,e01-014-03-08
210,e01-014-02-09
210,e01-014-03-03
210,e01-018-07-02
210,e01-014-06-03
210,e01-014-05-03
210,e01-018-01-02
210,e01-014-05-00
210,e01-014-05-06
210,e01-014-02-00
210,e01-018-08-01
210,e01-018-08-00
210,e01-018-06-05
210,e01-014-01-09
210,e01-014-06-00
210,e01-018-02-00
210,e01-014-04-02
210,e01-018-01-07
210,e01-018-03-04
210,e01-018-06-07
210,e01-018-03-02
210,e01-018-03-01
210,e01-014-02-01
210,e01-018-05-04
210,e01-014-04-10
210,e01-014-02-05
210,e01-018-02-01
210,e01-018-02-06
210,e01-014-02-03
210,e01-014-02-06
210,e01-014-00-00
210,e01-014-01-03
210,e01-018-04-00
210,e01-018-04-01
210,e01-018-04-08
210,e01-014-02-08
210,e01-018-08-02
210,e01-014-00-07
210,e01-014-02-04
210,e01-014-01-05
210,e01-018-05-05
210,e01-014-04-07
210,e01-014-03-04
210,e01-018-02-03
210,e01-018-05-03
210,e01-014-03-02
210,e01-018-03-06
210,e01-014-02-10
210,e01-018-05-06
210,e01-014-01-06
210,e01-018-08-05
210,e01-014-03-07
211,e01-025-07-07
211,e01-025-04-02
211,e01-022-03-02
211,e01-022-05-06
211,e01-025-07-04
211,e01-022-05-01
211,e01-025-00-07
211,e01-022-06-01
211,e01-025-02-01
211,e01-025-04-00
211,e01-025-04-03
211,e01-025-01-00
211,e01-025-05-05
211,e01-022-02-04
211,e01-022-04-03
211,e01-022-06-03
211,e01-022-05-07
211,e01-025-09-04
211,e01-025-00-00
211,e01-025-01-06
211,e01-025-07-00
211,e01-025-05-01
211,e01-022-02-02
211,e01-022-00-04
211,e01-025-07-03
211,e01-022-05-04
211,e01-025-01-01
211,e01-025-06-00
211,e01-025-03-02
211,e01-022-06-02
211,e01-022-04-06
211,e01-022-01-07
211,e01-025-02-04
211,e01-025-03-04
211,e01-025-08-06
211,e01-025-00-06
211,e01-022-06-05
211,e01-025-02-03
211,e01-022-00-00
211,e01-022-02-03
211,e01-025-06-03
211,e01-025-06-06
211,e01-022-04-07
211,e01-022-05-05
211,e01-025-05-00
211,e01-025-09-03
211,e01-025-01-05
211,e01-025-07-05
211,e01-025-08-00
211,e01-022-03-05
211,e01-022-02-00
211,e01-025-05-02
211,e01-025-09-07
211,e01-022-00-01
211,e01-022-06-00
211,e01-022-04-04
211,e01-025-04-06
211,e01-025-07-01
211,e01-022-00-02
211,e01-022-04-01
211,e01-022-05-03
211,e01-022-04-05
211,e01-022-05-02
211,e01-025-08-04
211,e01-022-06-04
211,e01-022-01-05
211,e01-025-09-05
211,e01-025-06-04
211,e01-025-09-02
211,e01-025-02-05
211,e01-025-10-02
211,e01-025-06-07
211,e01-022-00-05
211,e01-022-02-01
211,e01-025-05-07
211,e01-025-06-08
211,e01-022-00-03
211,e01-025-05-06
211,e01-025-01-03
211,e01-025-03-00
211,e01-025-02-00
211,e01-025-07-06
211,e01-025-08-03
211,e01-022-03-00
211,e01-025-00-05
211,e01-022-01-03
211,e01-025-06-05
211,e01-025-04-07
211,e01-025-08-02
211,e01-022-01-06
211,e01-025-00-02
211,e01-025-08-01
211,e01-025-04-05
211,e01-025-05-08
211,e01-025-00-03
211,e01-025-08-05
211,e01-025-04-01
211,e01-025-06-09
211,e01-025-09-00
211,e01-025-02-02
211,e01-022-02-05
211,e01-022-03-03
211,e01-025-01-08
211,e01-022-01-01
211,e01-025-00-01
211,e01-025-00-04
211,e01-022-04-02
211,e01-025-06-02
211,e01-025-01-04
211,e01-025-05-04
211,e01-025-06-01
211,e01-025-05-03
211,e01-025-07-02
211,e01-022-01-00
211,e01-025-04-04
211,e01-022-03-04
211,e01-025-01-02
211,e01-025-09-06
211,e01-025-10-00
211,e01-022-01-02
211,e01-022-04-00
211,e01-022-03-01
211,e01-025-01-07
211,e01-025-10-01
211,e01-025-03-01
211,e01-025-09-01
211,e01-022-05-00
211,e01-022-01-04
212,e01-032-08-08
212,e01-035-00-04
212,e01-032-03-02
212,e01-032-04-02
212,e01-029-04-02
212,e01-029-01-02
212,e01-032-06-06
212,e01-032-07-04
212,e01-035-00-09
212,e01-035-06-00
212,e01-032-05-08
212,e01-035-05-02
212,e01-029-05-08
212,e01-032-01-02
212,e01-032-02-05
212,e01-032-10-06
212,e01-032-04-06
212,e01-029-05-02
212,e01-035-03-00
212,e01-035-02-02
212,e01-035-06-02
212,e01-032-09-01
212,e01-032-00-01
212,e01-029-03-05
212,e01-032-02-04
212,e01-035-03-04
212,e01-029-00-08
212,e01-035-03-05
212,e01-032-10-03
212,e01-029-08-01
212,e01-032-06-01
212,e01-029-00-01
212,e01-032-01-04
212,e01-032-02-00
212,e01-029-01-06
212,e01-035-01-05
212,e01-032-04-07
212,e01-029-07-03
212,e01-032-09-00
212,e01-032-03-01
212,e01-032-06-05
212,e01-029-01-04
212,e01-029-04-00
212,e01-029-00-04
212,e01-032-09-03
212,e01-032-10-05
212,e01-032-08-02
212,e01-029-04-01
212,e01-035-01-02
212,e01-029-06-04
212,e01-029-00-07
212,e01-029-03-01
212,e01-035-00-00
212,e01-032-07-05
212,e01-035-02-00
212,e01-032-05-07
212,e01-035-02-05
212,e01-032-01-05
212,e01-035-07-05
212,e01-032-03-04
212,e01-035-01-01
212,e01-035-02-03
212,e01-032-10-08
212,e01-035-06-06
212,e01-029-00-06
212,e01-032-04-03
212,e01-032-08-05
212,e01-029-01-00
212,e01-029-06-02
212,e01-029-08-00
212,e01-029-04-07
212,e01-032-02-02
212,e01-029-04-04
212,e01-032-05-06
212,e01-032-05-05
212,e01-035-05-04
212,e01-035-07-01
212,e01-029-01-07
212,e01-032-08-03
212,e01-029-05-06
212,e01-035-05-00
212,e01-029-05-07
212,e01-035-02-01
212,e01-032-10-00
212,e01-035-05-03
212,e01-032-09-02
212,e01-032-05-03
212,e01-032-10-07
212,e01-029-02-04
212,e01-029-01-01
212,e01-029-06-00
212,e01-032-08-07
212,e01-035-00-07
212,e01-032-01-03
212,e01-029-03-00
212,e01-035-03-03
212,e01-035-01-00
212,e01-029-02-05
212,e01-029-00-02
212,e01-032-01-01
212,e01-032-08-00
212,e01-029-03-06
212,e01-035-06-08
212,e01-035-03-07
212,e01-032-05-09
212,e01-035-02-06
212,e01-032-04-00
212,e01-032-09-04
212,e01-032-03-06
212,e01-029-02-02
212,e01-032-06-03
212,e01-035-00-03
212,e01-029-06-03
212,e01-029-06-01
212,e01-029-06-06
212,e01-032-02-01
212,e01-035-06-03
212,e01-032-04-04
212,e01-032-08-01
212,e01-029-07-02
212,e01-032-04-05
212,e01-029-01-05
212,e01-029-05-00
212,e01-035-07-00
212,e01-035-01-07
212,e01-035-01-06
212,e01-029-05-05
212,e01-029-03-03
212,e01-032-05-02
212,e01-035-06-05
212,e01-035-03-01
212,e01-035-00-08
212,e01-035-02-07
212,e01-032-10-01
212,e01-029-00-05
212,e01-029-06-05
212,e01-035-00-06
212,e01-035-02-04
212,e01-029-02-03
212,e01-035-03-06
212,e01-032-04-09
212,e01-032-09-07
212,e01-035-07-02
212,e01-029-03-02
212,e01-035-00-01
212,e01-029-00-03
212,e01-032-00-03
212,e01-035-01-03
212,e01-035-00-05
212,e01-029-05-01
212,e01-032-06-02
212,e01-032-08-04
212,e01-035-03-08
212,e01-029-08-04
212,e01-032-10-02
212,e01-032-05-01
212,e01-032-04-08
212,e01-035-05-01
212,e01-032-07-06
212,e01-035-01-04
212,e01-029-02-00
212,e01-032-01-06
212,e01-029-07-00
212,e01-032-03-00
212,e01-029-08-05
212,e01-032-05-04
212,e01-035-06-01
212,e01-032-04-01
212,e01-032-10-04
212,e01-029-04-03
212,e01-035-03-09
212,e01-035-03-02
212,e01-035-07-03
212,e01-032-00-00
212,e01-029-05-03
212,e01-029-06-07
212,e01-029-08-02
212,e01-029-04-08
212,e01-035-06-04
212,e01-032-09-06
212,e01-032-08-06
212,e01-032-02-03
212,e01-032-01-07
212,e01-035-06-07
212,e01-029-03-04
212,e01-032-00-05
212,e01-029-07-01
212,e01-032-00-02
212,e01-032-05-00
212,e01-032-09-05
212,e01-032-03-03
212,e01-032-07-03
212,e01-032-07-02
212,e01-032-03-07
212,e01-032-07-00
212,e01-032-01-00
212,e01-032-07-01
212,e01-029-04-05
212,e01-032-00-04
212,e01-029-00-00
212,e01-029-08-03
212,e01-029-04-09
212,e01-032-06-00
212,e01-035-07-04
212,e01-035-00-02
212,e01-032-02-06
212,e01-029-05-04
212,e01-029-04-06
212,e01-029-01-03
212,e01-032-03-05
212,e01-032-06-04
212,e01-029-02-01
213,e01-062-02-07
213,e01-059-05-04
213,e01-050-03-05
213,e01-062-00-06
213,e01-050-03-02
213,e01-050-00-02
213,e01-062-02-03
213,e01-050-06-00
213,e01-050-07-00
213,e01-050-05-04
213,e01-059-06-04
213,e01-059-00-04
213,e01-059-02-10
213,e01-059-01-00
213,e01-059-05-00
213,e01-059-06-07
213,e01-062-03-06
213,e01-062-00-07
213,e01-062-00-05
213,e01-062-06-04
213,e01-062-07-01
213,e01-050-03-00
213,e01-059-04-01
213,e01-059-04-00
213,e01-062-01-03
213,e01-062-03-00
213,e01-059-04-05
213,e01-050-04-02
213,e01-062-00-01
213,e01-050-07-01
213,e01-062-00-03
213,e01-050-05-07
213,e01-062-05-02
213,e01-050-05-06
213,e01-050-06-02
213,e01-062-03-02
213,e01-050-01-02
213,e01-050-00-03
213,e01-050-07-02
213,e01-059-00-05
213,e01-050-06-06
213,e01-059-05-03
213,e01-050-06-05
213,e01-050-05-08
213,e01-050-01-03
213,e01-050-03-09
213,e01-059-03-01
213,e01-059-06-01
213,e01-062-04-04
213,e01-062-01-01
213,e01-059-03-07
213,e01-059-04-03
213,e01-059-03-03
213,e01-050-06-07
213,e01-062-07-02
213,e01-062-06-08
213,e01-050-02-07
213,e01-062-05-04
213,e01-059-05-09
213,e01-062-06-06
213,e01-062-00-00
213,e01-062-00-02
213,e01-050-06-03
213,e01-059-06-08
213,e01-059-03-05
213,e01-059-05-07
213,e01-059-02-03
213,e01-062-03-08
213,e01-050-04-00
213,e01-062-03-03
213,e01-059-03-04
213,e01-062-06-01
213,e01-062-00-08
213,e01-062-04-00
213,e01-062-03-01
213,e01-062-04-09
213,e01-062-04-08
213,e01-062-06-07
213,e01-059-06-00
213,e01-062-01-00
213,e01-059-00-02
213,e01-050-02-03
213,e01-050-05-05
213,e01-050-04-07
213,e01-050-06-04
213,e01-062-06-05
213,e01-050-05-03
213,e01-059-04-06
213,e01-062-05-01
213,e01-059-06-03
213,e01-062-06-00
213,e01-062-04-02
213,e01-062-00-10
213,e01-062-05-00
213,e01-059-05-05
213,e01-059-00-01
213,e01-062-01-04
213,e01-062-01-06
213,e01-062-06-03
213,e01-059-04-04
213,e01-062-00-09
213,e01-050-03-01
213,e01-062-03-04
213,e01-062-04-03
213,e01-062-02-08
213,e01-062-04-07
213,e01-059-00-00
213,e01-059-00-07
213,e01-062-02-06
213,e01-050-02-08
213,e01-050-01-00
213,e01-050-04-04
213,e01-059-01-03
213,e01-050-01-05
213,e01-059-00-06
213,e01-062-01-07
213,e01-059-03-08
213,e01-062-02-00
213,e01-050-00-01
213,e01-050-03-08
213,e01-062-04-06
213,e01-062-04-01
213,e01-050-02-01
213,e01-062-03-07
213,e01-059-02-01
213,e01-062-01-02
213,e01-059-02-06
213,e01-062-07-00
213,e01-050-03-04
213,e01-050-05-02
213,e01-050-01-06
213,e01-062-03-05
213,e01-062-05-03
213,e01-059-02-11
213,e01-050-04-05
213,e01-059-01-05
213,e01-059-02-00
213,e01-050-05-09
213,e01-059-02-02
213,e01-059-03-00
213,e01-050-01-04
213,e01-059-03-06
213,e01-050-02-02
213,e01-059-04-02
213,e01-062-03-09
213,e01-062-00-04
213,e01-059-06-05
213,e01-050-04-01
213,e01-059-01-01
213,e01-050-00-00
213,e01-062-05-06
213,e01-050-02-05
213,e01-062-05-05
213,e01-059-03-02
213,e01-062-02-01
213,e01-059-05-02
213,e01-050-00-05
213,e01-062-06-02
213,e01-050-05-01
213,e01-050-04-06
213,e01-050-03-07
213,e01-062-02-05
213,e01-059-06-02
213,e01-059-02-04
213,e01-050-02-06
213,e01-062-01-05
213,e01-050-04-03
213,e01-050-01-01
213,e01-062-02-02
213,e01-059-02-08
213,e01-050-03-06
213,e01-050-02-00
213,e01-062-02-04
213,e01-059-05-01
213,e01-059-01-04
213,e01-059-05-06
213,e01-059-02-07
213,e01-059-01-02
213,e01-059-06-06
213,e01-050-05-00
213,e01-062-04-05
213,e01-059-00-03
213,e01-059-04-07
213,e01-050-03-03
213,e01-050-06-01
213,e01-050-00-04
213,e01-059-02-05
213,e01-059-05-08
214,e01-086-02-02
214,e01-081-04-04
214,e01-081-04-09
214,e01-086-03-03
214,e01-081-05-01
214,e01-081-03-04
214,e01-086-03-06
214,e01-081-02-06
214,e01-086-00-08
214,e01-081-02-01
214,e01-086-00-01
214,e01-081-03-07
214,e01-086-02-04
214,e01-086-02-01
214,e01-086-02-08
214,e01-086-03-02
214,e01-081-05-08
214,e01-081-03-00
214,e01-081-05-10
214,e01-081-05-09
214,e01-086-00-06
214,e01-081-02-05
214,e01-081-05-03
214,e01-081-02-03
214,e01-086-03-07
214,e01-086-03-01
214,e01-081-04-02
214,e01-081-05-00
214,e01-086-02-05
214,e01-086-00-04
214,e01-081-02-00
214,e01-081-00-06
214,e01-081-02-04
214,e01-086-03-04
214,e01-081-00-07
214,e01-081-04-06
214,e01-086-02-03
214,e01-081-03-01
214,e01-086-00-12
214,e01-081-03-06
214,e01-086-00-11
214,e01-086-00-09
214,e01-086-00-05
214,e01-081-00-03
214,e01-086-00-07
214,e01-086-03-00
214,e01-081-00-08
214,e01-086-00-02
214,e01-081-04-03
214,e01-086-02-07
214,e01-081-02-02
214,e01-081-05-06
214,e01-081-05-07
214,e01-081-00-01
214,e01-086-02-06
214,e01-086-00-10
214,e01-081-05-11
214,e01-081-00-02
214,e01-081-04-05
214,e01-081-02-07
214,e01-081-03-05
214,e01-081-02-08
214,e01-081-03-09
214,e01-081-03-08
214,e01-081-05-05
214,e01-081-04-08
214,e01-081-04-01
214,e01-081-04-00
214,e01-081-00-04
214,e01-086-03-08
214,e01-081-04-07
214,e01-086-03-05
214,e01-086-02-09
214,e01-081-02-09
214,e01-081-03-02
214,e01-086-02-00
214,e01-081-00-05
214,e01-081-00-00
214,e01-081-05-04
214,e01-086-00-00
214,e01-081-03-03
214,e01-086-00-03
215,e01-092-01-02
215,e01-092-02-05
215,e01-092-07-02
215,e01-092-02-04
215,e01-092-06-05
215,e01-092-02-07
215,e01-102-00-04
215,e01-092-05-02
215,e01-092-05-07
215,e01-102-05-01
215,e01-102-05-03
215,e01-102-04-07
215,e01-092-07-08
215,e01-102-08-03
215,e01-092-04-07
215,e01-102-07-01
215,e01-092-05-04
215,e01-102-03-01
215,e01-092-07-01
215,e01-092-06-07
215,e01-102-07-08
215,e01-092-07-07
215,e01-092-04-02
215,e01-102-04-04
215,e01-092-05-00
215,e01-092-00-05
215,e01-092-05-09
215,e01-102-04-03
215,e01-092-06-09
215,e01-092-04-09
215,e01-102-03-06
215,e01-092-06-04
215,e01-092-00-02
215,e01-102-03-03
215,e01-102-04-02
215,e01-102-02-06
215,e01-092-00-07
215,e01-102-01-05
215,e01-102-01-03
215,e01-102-05-07
215,e01-092-07-05
215,e01-102-03-00
215,e01-092-00-08
215,e01-102-06-09
215,e01-102-05-00
215,e01-102-01-08
215,e01-102-07-05
215,e01-102-06-02
215,e01-102-02-05
215,e01-092-01-00
215,e01-102-01-00
215,e01-092-02-02
215,e01-102-05-04
215,e01-102-05-05
215,e01-102-00-05
215,e01-102-00-00
215,e01-092-00-00
215,e01-102-06-00
215,e01-092-02-06
215,e01-102-02-04
215,e01-102-00-02
215,e01-102-08-01
215,e01-102-08-09
215,e01-102-08-08
215,e01-102-07-00
215,e01-102-02-08
215,e01-092-05-05
215,e01-102-06-03
215,e01-102-06-01
215,e01-102-02-02
215,e01-092-04-04
215,e01-092-00-06
215,e01-102-04-05
215,e01-102-06-07
215,e01-092-02-00
215,e01-092-05-08
215,e01-102-05-06
215,e01-092-04-08
215,e01-092-05-03
215,e01-092-03-05
215,e01-092-06-06
215,e01-092-03-01
215,e01-092-06-03
215,e01-092-03-02
215,e01-102-04-00
215,e01-102-03-08
215,e01-102-08-02
215,e01-102-07-06
215,e01-102-08-04
215,e01-102-05-02
215,e01-092-07-06
215,e01-092-03-03
215,e01-092-04-03
215,e01-092-03-00
215,e01-102-01-02
215,e01-102-06-05
215,e01-102-04-06
215,e01-102-08-00
215,e01-092-06-08
215,e01-092-01-03
215,e01-092-05-06
215,e01-092-07-03
215,e01-102-01-01
215,e01-102-04-01
215,e01-102-02-03
215,e01-092-03-06
215,e01-092-01-04
215,e01-102-02-00
215,e01-092-06-02
215,e01-102-07-04
215,e01-092-04-05
215,e01-102-02-01
215,e01-102-00-01
215,e01-092-05-01
215,e01-102-03-05
215,e01-102-01-04
215,e01-092-03-04
215,e01-102-07-02
215,e01-092-04-06
215,e01-102-08-07
215,e01-102-00-03
215,e01-092-06-01
215,e01-102-02-07
215,e01-102-06-08
215,e01-092-01-01
215,e01-102-01-06
215,e01-092-02-08
215,e01-102-07-03
215,e01-102-08-05
215,e01-092-00-03
215,e01-092-04-00
215,e01-092-03-07
215,e01-102-00-06
215,e01-102-01-07
215,e01-092-02-03
215,e01-092-00-04
215,e01-092-07-00
215,e01-102-03-04
215,e01-092-07-04
215,e01-102-08-06
215,e01-092-04-01
215,e01-102-03-07
215,e01-092-02-01
215,e01-092-06-00
215,e01-102-00-07
215,e01-092-00-01
215,e01-102-06-04
216,e01-113-03-06
216,e01-107-08-04
216,e01-107-03-02
216,e01-107-02-01
216,e01-107-03-04
216,e01-107-00-07
216,e01-113-04-05
216,e01-107-01-02
216,e01-113-04-10
216,e01-107-00-04
216,e01-113-04-03
216,e01-107-01-06
216,e01-113-05-03
216,e01-107-08-06
216,e01-113-00-00
216,e01-107-03-05
216,e01-107-00-02
216,e01-107-07-04
216,e01-107-02-03
216,e01-113-01-01
216,e01-107-04-05
216,e01-113-05-08
216,e01-113-01-07
216,e01-107-00-00
216,e01-107-00-06
216,e01-113-02-02
216,e01-107-02-04
216,e01-113-07-02
216,e01-107-08-00
216,e01-113-03-02
216,e01-107-08-03
216,e01-113-04-04
216,e01-113-06-03
216,e01-107-06-04
216,e01-113-07-04
216,e01-113-05-06
216,e01-113-03-00
216,e01-113-02-01
216,e01-113-07-00
216,e01-107-04-03
216,e01-107-00-10
216,e01-107-01-03
216,e01-113-01-00
216,e01-107-02-08
216,e01-107-02-05
216,e01-107-01-00
216,e01-113-02-06
216,e01-107-01-04
216,e01-107-05-03
216,e01-107-04-04
216,e01-113-01-08
216,e01-113-05-05
216,e01-113-00-04
216,e01-107-00-01
216,e01-107-07-05
216,e01-107-08-01
216,e01-113-05-07
216,e01-113-04-07
216,e01-113-06-02
216,e01-113-05-01
216,e01-107-09-01
216,e01-107-06-00
216,e01-107-09-07
216,e01-113-06-01
216,e01-107-01-07
216,e01-107-00-05
216,e01-113-01-05
216,e01-107-05-02
216,e01-113-05-02
216,e01-107-02-06
216,e01-107-03-03
216,e01-107-04-02
216,e01-113-00-02
216,e01-107-02-00
216,e01-107-01-09
216,e01-107-09-06
216,e01-107-00-08
216,e01-107-02-07
216,e01-113-01-03
216,e01-113-01-04
216,e01-107-06-07
216,e01-113-04-02
216,e01-113-02-04
216,e01-113-05-00
216,e01-113-02-05
216,e01-113-04-06
216,e01-113-01-02
216,e01-107-09-02
216,e01-113-00-03
216,e01-113-04-09
216,e01-107-04-01
216,e01-107-01-08
216,e01-113-04-01
216,e01-107-05-06
216,e01-107-06-03
216,e01-113-06-00
216,e01-107-05-05
216,e01-113-00-05
216,e01-113-01-06
216,e01-107-06-08
216,e01-113-06-06
216,e01-107-06-05
216,e01-113-06-05
216,e01-113-03-07
216,e01-113-03-03
216,e01-113-04-08
216,e01-113-06-04
216,e01-113-07-03
216,e01-107-04-00
216,e01-107-07-02
216,e01-107-03-00
216,e01-107-07-01
216,e01-113-02-03
216,e01-107-06-02
216,e01-113-03-05
216,e01-107-08-02
216,e01-107-05-01
216,e01-107-09-04
216,e01-107-09-00
216,e01-113-03-04
216,e01-113-07-01
216,e01-113-07-05
216,e01-113-03-01
216,e01-113-00-06
216,e01-107-01-01
216,e01-107-02-09
216,e01-107-05-00
216,e01-107-06-01
216,e01-107-02-02
216,e01-107-04-06
216,e01-107-00-03
216,e01-107-03-07
216,e01-107-00-09
216,e01-107-05-04
216,e01-113-00-01
216,e01-113-04-00
216,e01-107-07-00
216,e01-107-03-06
216,e01-107-09-03
216,e01-107-08-05
216,e01-107-06-06
216,e01-113-02-00
216,e01-113-00-07
216,e01-107-07-03
216,e01-107-09-05
216,e01-107-03-01
216,e01-107-01-05
217,e01-119-03-00
217,e01-119-03-06
217,g01-000-06-06
217,e01-119-05-09
217,e01-119-04-06
217,f01-139-06-04
217,f01-139-00-11
217,f01-139-03-03
217,e01-119-02-05
217,e01-119-02-06
217,e01-119-01-05
217,e01-119-04-03
217,e01-119-02-08
217,f01-139-00-01
217,e01-119-06-08
217,f01-139-03-08
217,g01-000-05-01
217,g01-000-06-01
217,f01-139-05-05
217,g01-000-01-01
217,g01-000-00-07
217,f01-139-02-02
217,g01-000-01-04
217,g01-000-00-01
217,e01-119-00-03
217,g01-000-01-09
217,e01-119-07-02
217,g01-000-00-04
217,f01-139-00-04
217,g01-000-08-00
217,e01-119-00-07
217,f01-139-02-00
217,f01-139-07-00
217,g01-000-00-03
217,e01-119-06-04
217,e01-119-02-00
217,g01-000-04-04
217,g01-000-03-08
217,g01-000-04-02
217,f01-139-02-04
217,g01-000-07-08
217,g01-000-01-05
217,e01-119-03-03
217,f01-139-00-06
217,f01-139-02-09
217,e01-119-05-07
217,f01-139-02-01
217,e01-119-07-06
217,f01-139-00-09
217,f01-139-03-01
217,f01-139-02-03
217,g01-000-04-01
217,e01-119-07-07
217,e01-119-00-06
217,g01-000-06-02
217,f01-139-00-07
217,g01-000-00-08
217,g01-000-02-03
217,e01-119-04-07
217,f01-139-00-10
217,f01-139-06-06
217,e01-119-01-04
217,e01-119-02-04
217,g01-000-04-00
217,e01-119-03-08
217,e01-119-04-04
217,g01-000-03-02
217,g01-000-08-01
217,e01-119-03-04
217,e01-119-01-03
217,e01-119-05-02
217,g01-000-03-03
217,e01-119-05-06
217,g01-000-05-03
217,e01-119-02-09
217,g01-000-00-06
217,g01-000-08-02
217,e01-119-04-01
217,g01-000-06-05
217,e01-119-03-02
217,e01-119-07-04
217,e01-119-01-06
217,f01-139-02-07
217,f01-139-05-04
217,g01-000-01-06
217,g01-000-02-01
217,e01-119-00-08
217,e01-119-04-02
217,e01-119-01-11
217,g01-000-03-07
217,g01-000-05-00
217,e01-119-00-00
217,f01-139-03-04
217,f01-139-03-00
217,f01-139-02-08
217,f01-139-04-06
217,f01-139-04-09
217,f01-139-07-01
217,e01-119-01-00
217,e01-119-06-10
217,f01-139-04-04
217,g01-000-00-02
217,g01-000-02-02
217,e01-119-01-10
217,g01-000-02-08
217,f01-139-04-05
217,g01-000-02-00
217,e01-119-05-01
217,g01-000-04-06
217,e01-119-07-08
217,g01-000-05-02
217,g01-000-03-01
217,f01-139-03-07
217,e01-119-06-09
217,e01-119-05-03
217,g01-000-03-09
217,e01-119-07-09
217,f01-139-04-08
217,g01-000-01-03
217,g01-000-02-05
217,g01-000-03-04
217,f01-139-06-01
217,f01-139-05-02
217,g01-000-01-10
217,e01-119-05-04
217,e01-119-01-07
217,f01-139-00-03
217,f01-139-02-05
217,e01-119-02-07
217,g01-000-02-04
217,f01-139-07-03
217,g01-000-05-05
217,f01-139-06-03
217,f01-139-05-01
217,g01-000-07-03
217,g01-000-06-07
217,f01-139-04-11
217,e01-119-01-09
217,g01-000-05-04
217,e01-119-01-02
217,e01-119-02-01
217,e01-119-00-05
217,g01-000-06-03
217,g01-000-07-00
217,e01-119-01-08
217,g01-000-00-00
217,e01-119-06-01
217,f01-139-03-05
217,f01-139-00-08
217,e01-119-07-01
217,g01-000-04-07
217,e01-119-04-00
217,f01-139-04-01
217,g01-000-02-07
217,f01-139-03-06
217,e01-119-05-05
217,e01-119-06-05
217,g01-000-05-09
217,f01-139-03-02
217,g01-000-07-06
217,e01-119-03-01
217,f01-139-04-07
217,g01-000-02-06
217,e01-119-04-05
217,g01-000-00-05
217,e01-119-06-07
217,f01-139-04-10
217,f01-139-06-07
217,g01-000-03-06
217,e01-119-00-01
217,g01-000-07-01
217,g01-000-05-08
217,f01-139-05-06
217,g01-000-04-05
217,f01-139-00-02
217,g01-000-05-10
217,e01-119-03-07
217,f01-139-06-02
217,g01-000-06-04
217,e01-119-02-02
217,e01-119-07-00
217,e01-119-02-03
217,f01-139-06-00
217,f01-139-00-05
217,g01-000-01-02
217,g01-000-07-02
217,f01-139-05-03
217,e01-119-03-05
217,e01-119-06-06
217,g01-000-07-04
217,e01-119-05-08
217,g01-000-08-03
217,g01-000-01-07
217,g01-000-07-05
217,g01-000-01-08
217,f01-139-05-00
217,e01-119-05-00
217,e01-119-00-04
217,f01-139-06-05
217,f01-139-04-03
217,f01-139-05-07
217,e01-119-06-02
217,f01-139-04-02
217,g01-000-04-03
217,g01-000-05-07
217,g01-000-03-00
217,f01-139-02-06
217,e01-119-00-02
217,f01-139-04-00
217,g01-000-05-06
217,f01-139-00-00
217,e01-119-07-05
217,e01-119-06-00
217,g01-000-03-05
217,g01-000-06-00
217,e01-119-06-03
217,g01-000-01-00
217,e01-119-07-03
217,g01-000-07-07
217,e01-119-01-01
218,e02-000-02-06
218,e02-000-00-02
218,e02-000-07-00
218,e02-000-05-05
218,e02-000-02-00
218,e02-000-03-04
218,e02-000-05-04
218,e02-000-01-02
218,e02-000-03-00
218,e02-000-01-03
218,e02-000-05-01
218,e02-000-01-05
218,e02-000-00-04
218,e02-000-06-02
218,e02-000-03-05
218,e02-000-06-04
218,e02-000-06-00
218,e02-000-03-03
218,e02-000-02-03
218,e02-000-05-07
218,e02-000-07-01
218,e02-000-06-05
218,e02-000-02-01
218,e02-000-05-00
218,e02-000-00-06
218,e02-000-01-01
218,e02-000-00-05
218,e02-000-07-02
218,e02-000-05-08
218,e02-000-05-02
218,e02-000-02-05
218,e02-000-03-08
218,e02-000-02-02
218,e02-000-00-07
218,e02-000-00-00
218,e02-000-00-03
218,e02-000-07-03
218,e02-000-02-07
218,e02-000-03-07
218,e02-000-06-07
218,e02-000-03-01
218,e02-000-01-00
218,e02-000-00-01
218,e02-000-01-07
218,e02-000-06-03
218,e02-000-03-02
218,e02-000-06-06
218,e02-000-05-09
218,e02-000-06-01
218,e02-000-05-06
218,e02-000-03-06
218,e02-000-01-06
218,e02-000-02-04
219,e02-014-03-01
219,e02-014-03-10
219,e02-014-01-03
219,e02-014-02-03
219,e02-014-01-06
219,e02-014-01-10
219,e02-014-02-06
219,e02-014-02-01
219,e02-014-01-01
219,e02-014-03-07
219,e02-014-03-08
219,e02-014-00-00
219,e02-014-03-04
219,e02-014-01-00
219,e02-014-02-05
219,e02-014-05-08
219,e02-014-05-01
219,e02-014-05-06
219,e02-014-05-02
219,e02-014-02-00
219,e02-014-00-01
219,e02-014-01-05
219,e02-014-05-05
219,e02-014-03-00
219,e02-014-01-04
219,e02-014-03-06
219,e02-014-05-00
219,e02-014-02-08
219,e02-014-05-04
219,e02-014-01-02
219,e02-014-00-09
219,e02-014-01-09
219,e02-014-00-05
219,e02-014-00-06
219,e02-014-02-07
219,e02-014-00-02
219,e02-014-01-07
219,e02-014-02-02
219,e02-014-00-08
219,e02-014-05-07
219,e02-014-03-03
219,e02-014-01-08
219,e02-014-03-02
219,e02-014-03-05
219,e02-014-00-07
219,e02-014-00-04
219,e02-014-00-03
219,e02-014-02-04
219,e02-014-05-03
219,e02-014-03-09
220,e02-018-03-04
220,e02-018-02-01
220,e02-018-04-07
220,e02-018-01-01
220,e02-018-02-03
220,e02-018-01-05
220,e02-018-02-08
220,e02-018-00-08
220,e02-018-02-02
220,e02-018-00-01
220,e02-018-05-04
220,e02-018-06-00
220,e02-018-00-02
220,e02-018-05-05
220,e02-018-00-06
220,e02-018-02-04
220,e02-018-00-03
220,e02-018-03-06
220,e02-018-01-00
220,e02-018-06-02
220,e02-018-00-07
220,e02-018-04-05
220,e02-018-05-06
220,e02-018-06-01
220,e02-018-03-01
220,e02-018-04-01
220,e02-018-03-07
220,e02-018-00-00
220,e02-018-05-01
220,e02-018-05-03
220,e02-018-06-06
220,e02-018-05-00
220,e02-018-04-04
220,e02-018-04-09
220,e02-018-00-05
220,e02-018-03-05
220,e02-018-04-02
220,e02-018-02-00
220,e02-018-01-04
220,e02-018-06-05
220,e02-018-03-02
220,e02-018-01-03
220,e02-018-06-07
220,e02-018-04-03
220,e02-018-03-00
220,e02-018-04-08
220,e02-018-02-07
220,e02-018-02-05
220,e02-018-04-00
220,e02-018-04-06
220,e02-018-03-03
220,e02-018-05-02
220,e02-018-06-04
220,e02-018-01-02
220,e02-018-02-06
220,e02-018-00-04
220,e02-018-06-03
221,e02-021-00-04
221,e02-021-00-03
221,e02-021-06-00
221,e02-021-00-00
221,e02-021-00-02
221,e02-021-06-06
221,e02-021-05-03
221,e02-021-06-12
221,e02-021-06-01
221,e02-021-06-07
221,e02-021-06-10
221,e02-021-06-02
221,e02-021-05-02
221,e02-021-06-09
221,e02-021-06-11
221,e02-021-06-05
221,e02-021-00-01
221,e02-021-05-04
221,e02-021-06-08
221,e02-021-05-00
221,e02-021-00-05
221,e02-021-06-13
221,e02-021-05-05
221,e02-021-06-04
221,e02-021-05-01
221,e02-021-06-03
222,e02-025-05-02
222,e02-025-00-00
222,e02-025-04-02
222,e02-025-06-03
222,e02-025-02-00
222,e02-025-01-02
222,e02-025-00-04
222,e02-025-06-02
222,e02-025-09-00
222,e02-025-10-02
222,e02-025-03-00
222,e02-025-02-03
222,e02-025-08-03
222,e02-025-03-03
222,e02-025-05-04
222,e02-025-01-01
222,e02-025-02-04
222,e02-025-10-01
222,e02-025-03-05
222,e02-025-08-01
222,e02-025-09-02
222,e02-025-04-04
222,e02-025-01-03
222,e02-025-01-00
222,e02-025-09-04
222,e02-025-02-01
222,e02-025-00-02
222,e02-025-05-01
222,e02-025-02-02
222,e02-025-09-05
222,e02-025-08-04
222,e02-025-09-03
222,e02-025-05-05
222,e02-025-03-04
222,e02-025-00-03
222,e02-025-08-00
222,e02-025-04-05
222,e02-025-05-06
222,e02-025-03-02
222,e02-025-08-02
222,e02-025-06-01
222,e02-025-01-04
222,e02-025-04-03
222,e02-025-02-06
222,e02-025-02-05
222,e02-025-09-06
222,e02-025-00-01
222,e02-025-05-03
222,e02-025-01-05
222,e02-025-03-06
222,e02-025-08-05
222,e02-025-06-00
222,e02-025-10-00
222,e02-025-04-00
222,e02-025-03-01
222,e02-025-04-01
222,e02-025-01-06
222,e02-025-09-01
222,e02-025-05-00
223,e02-074-04-05
223,e02-074-01-00
223,e02-074-05-04
223,e02-074-07-05
223,e02-074-07-04
223,e02-074-02-00
223,e02-074-07-01
223,e02-074-03-01
223,e02-074-07-00
223,e02-074-02-02
223,e02-074-06-01
223,e02-074-05-03
223,e02-074-09-02
223,e02-074-06-02
223,e02-074-03-04
223,e02-074-10-05
223,e02-074-09-08
223,e02-074-02-01
223,e02-074-10-00
223,e02-074-03-03
223,e02-074-07-07
223,e02-074-09-07
223,e02-074-05-01
223,e02-074-09-01
223,e02-074-06-03
223,e02-074-01-08
223,e02-074-10-01
223,e02-074-02-06
223,e02-074-09-06
223,e02-074-05-06
223,e02-074-05-00
223,e02-074-06-05
223,e02-074-01-03
223,e02-074-03-02
223,e02-074-04-07
223,e02-074-06-00
223,e02-074-02-05
223,e02-074-09-00
223,e02-074-05-02
223,e02-074-02-03
223,e02-074-06-04
223,e02-074-10-06
223,e02-074-04-06
223,e02-074-04-08
223,e02-074-10-02
223,e02-074-02-04
223,e02-074-09-05
223,e02-074-04-10
223,e02-074-04-03
223,e02-074-03-00
223,e02-074-07-06
223,e02-074-10-04
223,e02-074-07-02
223,e02-074-09-04
223,e02-074-01-02
223,e02-074-01-01
223,e02-074-01-04
223,e02-074-04-01
223,e02-074-04-00
223,e02-074-02-07
223,e02-074-01-05
223,e02-074-04-09
223,e02-074-01-06
223,e02-074-01-07
223,e02-074-04-02
223,e02-074-10-03
223,e02-074-06-07
223,e02-074-06-06
223,e02-074-05-05
223,e02-074-09-03
223,e02-074-04-04
224,e02-082-07-03
224,e02-082-03-00
224,e02-082-02-00
224,e02-082-03-07
224,e02-082-06-00
224,e02-082-00-01
224,e02-082-06-03
224,e02-082-07-05
224,e02-082-07-01
224,e02-082-03-08
224,e02-082-00-00
224,e02-082-00-07
224,e02-082-00-03
224,e02-082-07-04
224,e02-082-03-06
224,e02-082-00-02
224,e02-082-00-06
224,e02-082-02-09
224,e02-082-06-07
224,e02-082-02-04
224,e02-082-03-03
224,e02-082-00-05
224,e02-082-03-01
224,e02-082-02-07
224,e02-082-02-08
224,e02-082-02-01
224,e02-082-06-02
224,e02-082-03-05
224,e02-082-07-02
224,e02-082-03-02
224,e02-082-03-04
224,e02-082-06-06
224,e02-082-06-01
224,e02-082-00-04
224,e02-082-07-06
224,e02-082-02-03
224,e02-082-02-05
224,e02-082-06-04
224,e02-082-02-02
224,e02-082-02-06
224,e02-082-07-00
224,e02-082-06-05
225,e02-086-06-07
225,e02-086-00-07
225,e02-086-08-05
225,e02-086-00-08
225,e02-086-08-08
225,e02-086-05-04
225,e02-086-06-03
225,e02-086-08-06
225,e02-086-07-02
225,e02-086-01-08
225,e02-086-04-02
225,e02-086-06-06
225,e02-086-05-09
225,e02-086-05-06
225,e02-086-02-08
225,e02-086-04-01
225,e02-086-01-01
225,e02-086-08-07
225,e02-086-03-10
225,e02-086-04-05
225,e02-086-09-01
225,e02-086-04-08
225,e02-086-00-03
225,e02-086-06-00
225,e02-086-02-03
225,e02-086-04-07
225,e02-086-03-00
225,e02-086-07-12
225,e02-086-07-13
225,e02-086-01-03
225,e02-086-05-00
225,e02-086-02-07
225,e02-086-07-01
225,e02-086-08-01
225,e02-086-00-00
225,e02-086-07-10
225,e02-086-07-07
225,e02-086-04-00
225,e02-086-05-10
225,e02-086-02-09
225,e02-086-05-05
225,e02-086-00-01
225,e02-086-07-03
225,e02-086-03-03
225,e02-086-06-08
225,e02-086-00-06
225,e02-086-03-08
225,e02-086-02-11
225,e02-086-08-04
225,e02-086-03-02
225,e02-086-04-04
225,e02-086-08-00
225,e02-086-03-05
225,e02-086-07-08
225,e02-086-07-00
225,e02-086-07-09
225,e02-086-06-01
225,e02-086-02-01
225,e02-086-07-11
225,e02-086-05-03
225,e02-086-02-10
225,e02-086-02-04
225,e02-086-00-04
225,e02-086-03-07
225,e02-086-06-04
225,e02-086-03-09
225,e02-086-08-02
225,e02-086-01-09
225,e02-086-02-06
225,e02-086-00-09
225,e02-086-05-08
225,e02-086-05-11
225,e02-086-06-05
225,e02-086-00-10
225,e02-086-02-00
225,e02-086-01-02
225,e02-086-04-03
225,e02-086-07-04
225,e02-086-03-01
225,e02-086-04-06
225,e02-086-00-11
225,e02-086-05-02
225,e02-086-04-09
225,e02-086-09-02
225,e02-086-08-03
225,e02-086-01-05
225,e02-086-01-10
225,e02-086-07-05
225,e02-086-00-02
225,e02-086-06-02
225,e02-086-01-04
225,e02-086-01-00
225,e02-086-03-04
225,e02-086-07-06
225,e02-086-09-00
225,e02-086-05-07
225,e02-086-03-06
225,e02-086-02-02
225,e02-086-01-06
225,e02-086-05-01
225,e02-086-01-07
225,e02-086-02-05
225,e02-086-00-05
226,e02-091-00-07
226,e02-091-06-04
226,e02-091-00-05
226,e02-091-04-05
226,e02-091-00-00
226,e02-091-05-02
226,e02-091-07-00
226,e02-091-04-02
226,e02-091-01-02
226,e02-091-01-01
226,e02-091-06-03
226,e02-091-00-02
226,e02-091-05-06
226,e02-091-04-03
226,e02-091-05-03
226,e02-091-07-03
226,e02-091-05-00
226,e02-091-05-04
226,e02-091-08-00
226,e02-091-01-07
226,e02-091-00-06
226,e02-091-07-02
226,e02-091-06-02
226,e02-091-06-01
226,e02-091-01-00
226,e02-091-01-03
226,e02-091-07-01
226,e02-091-06-00
226,e02-091-07-04
226,e02-091-04-01
226,e02-091-08-01
226,e02-091-00-01
226,e02-091-00-04
226,e02-091-01-06
226,e02-091-00-03
226,e02-091-04-06
226,e02-091-01-04
226,e02-091-05-05
226,e02-091-01-05
226,e02-091-05-01
226,e02-091-04-00
226,e02-091-04-04
227,e02-094-01-01
227,e02-094-02-01
227,e02-094-02-04
227,e02-094-04-02
227,e02-094-00-03
227,e02-094-03-01
227,e02-094-01-00
227,e02-094-09-02
227,e02-094-05-01
227,e02-094-06-05
227,e02-094-05-02
227,e02-094-06-06
227,e02-094-09-03
227,e02-094-00-02
227,e02-094-08-07
227,e02-094-09-06
227,e02-094-05-03
227,e02-094-08-06
227,e02-094-07-03
227,e02-094-04-05
227,e02-094-02-03
227,e02-094-06-00
227,e02-094-07-00
227,e02-094-05-06
227,e02-094-08-01
227,e02-094-09-00
227,e02-094-05-07
227,e02-094-08-03
227,e02-094-03-00
227,e02-094-07-02
227,e02-094-02-02
227,e02-094-00-05
227,e02-094-09-04
227,e02-094-04-03
227,e02-094-09-05
227,e02-094-06-03
227,e02-094-02-00
227,e02-094-05-04
227,e02-094-06-07
227,e02-094-04-06
227,e02-094-03-02
227,e02-094-04-07
227,e02-094-07-01
227,e02-094-07-06
227,e02-094-00-06
227,e02-094-04-08
227,e02-094-05-05
227,e02-094-04-04
227,e02-094-06-02
227,e02-094-09-01
227,e02-094-06-01
227,e02-094-08-02
227,e02-094-09-07
227,e02-094-04-00
227,e02-094-00-04
227,e02-094-03-04
227,e02-094-00-01
227,e02-094-03-06
227,e02-094-04-01
227,e02-094-02-05
227,e02-094-00-00
227,e02-094-07-05
227,e02-094-08-04
227,e02-094-00-07
227,e02-094-01-03
227,e02-094-03-05
227,e02-094-03-03
227,e02-094-06-04
227,e02-094-01-06
227,e02-094-01-04
227,e02-094-07-04
227,e02-094-05-00
227,e02-094-01-02
227,e02-094-08-00
227,e02-094-08-05
228,e02-100-04-01
228,e02-100-04-03
228,e02-100-05-03
228,e02-100-04-11
228,e02-100-04-04
228,e02-100-04-00
228,e02-100-05-08
228,e02-100-01-04
228,e02-100-02-00
228,e02-100-01-10
228,e02-100-05-00
228,e02-100-05-04
228,e02-100-02-09
228,e02-100-01-07
228,e02-100-05-02
228,e02-100-06-03
228,e02-100-00-03
228,e02-100-01-05
228,e02-100-04-07
228,e02-100-02-06
228,e02-100-02-03
228,e02-100-02-05
228,e02-100-01-02
228,e02-100-02-08
228,e02-100-04-05
228,e02-100-00-09
228,e02-100-02-07
228,e02-100-04-06
228,e02-100-01-03
228,e02-100-04-10
228,e02-100-01-06
228,e02-100-05-07
228,e02-100-02-10
228,e02-100-02-02
228,e02-100-01-08
228,e02-100-00-08
228,e02-100-00-04
228,e02-100-01-01
228,e02-100-06-01
228,e02-100-06-04
228,e02-100-06-05
228,e02-100-05-05
228,e02-100-00-07
228,e02-100-05-06
228,e02-100-06-02
228,e02-100-01-09
228,e02-100-04-09
228,e02-100-02-01
228,e02-100-00-05
228,e02-100-04-02
228,e02-100-00-00
228,e02-100-06-00
228,e02-100-05-01
228,e02-100-04-08
228,e02-100-00-01
228,e02-100-00-10
228,e02-100-01-00
228,e02-100-00-02
228,e02-100-02-04
228,e02-100-00-06
229,e02-117-00-00
229,e02-117-07-03
229,e02-117-06-05
229,e02-117-01-03
229,e02-117-03-06
229,e02-117-01-09
229,e02-117-00-03
229,e02-117-05-06
229,e02-117-03-09
229,e02-117-06-06
229,e02-117-02-05
229,e02-117-06-01
229,e02-117-08-03
229,e02-117-02-01
229,e02-117-03-05
229,e02-117-08-02
229,e02-117-01-05
229,e02-117-00-02
229,e02-117-01-00
229,e02-117-01-08
229,e02-117-01-04
229,e02-117-07-04
229,e02-117-06-04
229,e02-117-03-07
229,e02-117-05-01
229,e02-117-00-04
229,e02-117-03-02
229,e02-117-05-03
229,e02-117-06-03
229,e02-117-05-08
229,e02-117-03-10
229,e02-117-05-04
229,e02-117-03-01
229,e02-117-02-02
229,e02-117-05-00
229,e02-117-07-02
229,e02-117-03-04
229,e02-117-05-07
229,e02-117-02-07
229,e02-117-08-00
229,e02-117-01-02
229,e02-117-05-05
229,e02-117-00-01
229,e02-117-08-04
229,e02-117-02-03
229,e02-117-05-02
229,e02-117-01-01
229,e02-117-08-05
229,e02-117-07-01
229,e02-117-02-06
229,e02-117-03-00
229,e02-117-08-01
229,e02-117-06-02
229,e02-117-03-08
229,e02-117-00-05
229,e02-117-02-04
229,e02-117-01-07
229,e02-117-07-00
229,e02-117-06-00
229,e02-117-03-03
229,e02-117-01-06
230,e04-008-00-08
230,e04-004-02-05
230,e04-004-03-07
230,e04-004-02-10
230,e04-008-00-00
230,e04-004-03-03
230,e04-004-01-02
230,e04-004-06-03
230,e04-008-00-07
230,e04-004-00-07
230,e04-004-02-00
230,e04-004-05-03
230,e04-004-06-02
230,e04-004-03-04
230,e04-004-03-06
230,e04-004-01-11
230,e04-004-03-08
230,e04-004-03-09
230,e04-008-00-05
230,e04-004-00-10
230,e04-004-05-07
230,e04-004-00-13
230,e04-004-01-08
230,e04-004-01-05
230,e04-004-00-03
230,e04-004-06-05
230,e04-004-05-08
230,e04-004-05-05
230,e04-008-01-09
230,e04-008-01-06
230,e04-004-01-09
230,e04-008-00-09
230,e04-008-01-00
230,e04-004-04-04
230,e04-008-01-03
230,e04-004-02-04
230,e04-004-01-12
230,e04-004-03-02
230,e04-004-01-00
230,e04-004-01-04
230,e04-004-00-05
230,e04-008-01-04
230,e04-004-02-06
230,e04-004-00-00
230,e04-004-03-01
230,e04-008-00-01
230,e04-004-06-01
230,e04-004-02-01
230,e04-004-04-09
230,e04-008-01-08
230,e04-004-00-06
230,e04-004-00-04
230,e04-004-05-11
230,e04-004-05-02
230,e04-008-04-03
230,e04-008-04-02
230,e04-004-00-08
230,e04-004-05-04
230,e04-004-01-01
230,e04-008-01-02
230,e04-004-00-01
230,e04-004-05-09
230,e04-004-03-05
230,e04-004-05-10
230,e04-004-04-06
230,e04-004-00-14
230,e04-004-03-00
230,e04-004-00-09
230,e04-008-00-04
230,e04-008-01-07
230,e04-004-01-10
230,e04-004-04-08
230,e04-004-00-02
230,e04-008-01-01
230,e04-004-02-08
230,e04-004-01-03
230,e04-008-04-00
230,e04-008-00-03
230,e04-004-02-02
230,e04-008-00-02
230,e04-008-00-10
230,e04-004-02-03
230,e04-004-00-11
230,e04-004-05-00
230,e04-004-05-12
230,e04-004-05-01
230,e04-008-00-06
230,e04-004-04-03
230,e04-004-02-09
230,e04-004-02-07
230,e04-008-04-01
230,e04-004-03-10
230,e04-004-06-04
230,e04-008-04-04
230,e04-004-04-05
230,e04-004-06-00
230,e04-004-04-01
230,e04-004-04-02
230,e04-004-05-06
230,e04-008-01-10
230,e04-004-04-10
230,e04-004-04-07
230,e04-004-01-06
230,e04-004-01-07
231,e04-011-03-02
231,e04-011-01-07
231,e04-011-02-00
231,e04-011-08-03
231,e04-011-05-02
231,e04-011-07-01
231,e04-015-04-03
231,e04-015-01-06
231,e04-011-00-04
231,e04-015-06-05
231,e04-011-03-01
231,e04-011-07-06
231,e04-011-00-01
231,e04-015-01-04
231,e04-011-02-08
231,e04-015-06-00
231,e04-015-05-00
231,e04-015-03-07
231,e04-015-02-01
231,e04-011-01-03
231,e04-015-01-02
231,e04-011-02-07
231,e04-011-07-05
231,e04-015-05-02
231,e04-011-04-05
231,e04-011-00-03
231,e04-011-07-00
231,e04-015-01-07
231,e04-011-01-01
231,e04-015-03-08
231,e04-015-06-02
231,e04-011-00-06
231,e04-015-04-06
231,e04-011-03-05
231,e04-011-05-01
231,e04-015-02-06
231,e04-015-00-03
231,e04-015-01-01
231,e04-015-06-01
231,e04-011-01-02
231,e04-011-03-04
231,e04-011-05-04
231,e04-011-04-00
231,e04-011-06-05
231,e04-015-01-03
231,e04-015-01-05
231,e04-015-02-03
231,e04-015-00-06
231,e04-011-04-01
231,e04-011-05-00
231,e04-011-08-00
231,e04-015-02-08
231,e04-011-02-03
231,e04-015-01-00
231,e04-011-04-06
231,e04-011-03-00
231,e04-011-06-00
231,e04-011-08-02
231,e04-011-00-08
231,e04-011-04-02
231,e04-011-03-07
231,e04-015-03-02
231,e04-015-02-04
231,e04-015-03-00
231,e04-011-01-08
231,e04-015-05-06
231,e04-015-02-07
231,e04-011-05-03
231,e04-015-05-05
231,e04-011-00-00
231,e04-015-05-08
231,e04-011-00-02
231,e04-015-02-02
231,e04-011-08-01
231,e04-015-06-04
231,e04-015-05-07
231,e04-011-06-01
231,e04-015-04-04
231,e04-011-02-04
231,e04-015-00-00
231,e04-015-04-02
231,e04-015-00-02
231,e04-011-07-02
231,e04-015-04-07
231,e04-015-03-03
231,e04-011-02-10
231,e04-015-04-05
231,e04-015-02-00
231,e04-011-03-08
231,e04-011-04-03
231,e04-011-01-09
231,e04-011-00-07
231,e04-015-05-03
231,e04-011-06-03
231,e04-011-01-04
231,e04-015-03-05
231,e04-011-06-02
231,e04-011-00-05
231,e04-015-04-01
231,e04-011-07-03
231,e04-011-07-04
231,e04-015-06-03
231,e04-015-04-00
231,e04-015-03-04
231,e04-011-04-08
231,e04-011-03-06
231,e04-011-05-05
231,e04-015-02-05
231,e04-011-01-00
231,e04-011-01-05
231,e04-015-00-04
231,e04-011-02-05
231,e04-015-05-01
231,e04-011-03-03
231,e04-011-02-09
231,e04-015-00-01
231,e04-011-04-07
231,e04-015-00-05
231,e04-011-06-04
231,e04-011-01-06
231,e04-015-05-04
231,e04-011-06-06
231,e04-015-03-01
231,e04-015-00-07
231,e04-015-06-06
231,e04-011-04-04
232,e04-022-00-07
232,e04-022-06-00
232,e04-019-05-03
232,e04-022-00-03
232,e04-022-05-02
232,e04-019-04-00
232,e04-022-01-09
232,e04-019-05-06
232,e04-019-03-06
232,e04-019-01-04
232,e04-019-00-01
232,e04-019-02-04
232,e04-019-03-05
232,e04-022-02-03
232,e04-022-01-01
232,e04-022-03-08
232,e04-022-02-07
232,e04-022-01-02
232,e04-019-02-00
232,e04-022-02-05
232,e04-022-03-03
232,e04-019-04-05
232,e04-022-06-07
232,e04-019-04-02
232,e04-019-03-08
232,e04-019-03-04
232,e04-019-00-06
232,e04-022-03-06
232,e04-019-07-06
232,e04-019-01-06
232,e04-019-01-00
232,e04-022-06-05
232,e04-022-00-05
232,e04-022-02-00
232,e04-022-05-01
232,e04-019-03-01
232,e04-019-07-03
232,e04-019-08-01
232,e04-019-02-02
232,e04-019-05-05
232,e04-019-03-03
232,e04-019-07-02
232,e04-019-01-01
232,e04-019-03-07
232,e04-019-05-02
232,e04-019-05-01
232,e04-022-03-01
232,e04-022-01-05
232,e04-019-03-02
232,e04-019-01-03
232,e04-022-01-08
232,e04-022-03-07
232,e04-022-02-04
232,e04-019-08-00
232,e04-019-00-03
232,e04-022-00-04
232,e04-019-03-00
232,e04-019-07-05
232,e04-019-01-02
232,e04-019-07-04
232,e04-022-02-02
232,e04-019-07-01
232,e04-019-04-03
232,e04-019-02-05
232,e04-019-02-03
232,e04-022-01-04
232,e04-019-07-00
232,e04-022-05-08
232,e04-019-01-07
232,e04-019-04-06
232,e04-022-03-00
232,e04-022-00-01
232,e04-022-01-03
232,e04-019-05-07
232,e04-022-06-04
232,e04-019-00-00
232,e04-022-05-04
232,e04-019-02-06
232,e04-019-00-05
232,e04-022-06-06
232,e04-022-05-00
232,e04-019-05-00
232,e04-019-04-04
232,e04-022-02-06
232,e04-019-04-01
232,e04-019-00-02
232,e04-019-02-01
232,e04-022-06-01
232,e04-022-02-08
232,e04-022-00-00
232,e04-022-03-09
232,e04-022-06-03
232,e04-019-01-05
232,e04-022-00-06
232,e04-022-05-07
232,e04-022-02-01
232,e04-022-05-03
232,e04-022-05-05
232,e04-022-06-02
232,e04-022-01-07
232,e04-019-04-07
232,e04-019-05-04
232,e04-022-01-00
232,e04-022-03-02
232,e04-022-03-05
232,e04-022-00-02
232,e04-022-05-06
232,e04-022-03-04
232,e04-022-01-06
232,e04-019-00-04
233,e04-030-04-00
233,e04-030-03-01
233,e04-026-03-09
233,e04-026-00-07
233,e04-030-04-05
233,e04-026-00-06
233,e04-030-00-04
233,e04-030-01-06
233,e04-030-06-02
233,e04-026-01-04
233,e04-026-01-03
233,e04-026-00-03
233,e04-030-01-08
233,e04-030-05-08
233,e04-030-00-07
233,e04-026-01-01
233,e04-030-05-00
233,e04-026-04-05
233,e04-030-03-06
233,e04-026-04-08
233,e04-030-05-06
233,e04-030-03-07
233,e04-030-01-05
233,e04-030-06-04
233,e04-026-00-02
233,e04-030-00-01
233,e04-026-03-00
233,e04-030-01-01
233,e04-030-00-05
233,e04-030-06-06
233,e04-030-04-03
233,e04-026-03-06
233,e04-030-04-07
233,e04-030-05-02
233,e04-030-05-07
233,e04-030-03-02
233,e04-030-05-01
233,e04-030-06-03
233,e04-030-00-00
233,e04-026-00-08
233,e04-030-05-03
233,e04-026-01-02
233,e04-026-03-03
233,e04-030-03-00
233,e04-026-03-10
233,e04-026-04-06
233,e04-030-01-03
233,e04-030-04-06
233,e04-026-04-04
233,e04-026-01-06
233,e04-026-03-08
233,e04-030-03-03
233,e04-026-04-00
233,e04-026-03-01
233,e04-030-03-08
233,e04-030-05-04
233,e04-026-00-04
233,e04-030-03-05
233,e04-026-00-05
233,e04-026-04-03
233,e04-026-04-02
233,e04-030-00-06
233,e04-030-06-00
233,e04-030-01-00
233,e04-026-03-05
233,e04-026-04-07
233,e04-030-00-02
233,e04-026-01-00
233,e04-030-04-08
233,e04-030-01-04
233,e04-030-04-10
233,e04-026-01-07
233,e04-026-00-01
233,e04-030-05-05
233,e04-030-06-05
233,e04-030-04-09
233,e04-030-01-02
233,e04-026-01-08
233,e04-026-01-09
233,e04-026-01-05
233,e04-030-06-01
233,e04-030-06-07
233,e04-026-03-04
233,e04-030-00-03
233,e04-026-04-09
233,e04-030-00-08
233,e04-030-04-01
233,e04-030-03-04
233,e04-026-00-00
233,e04-026-03-07
233,e04-030-00-09
233,e04-026-03-02
233,e04-030-01-10
233,e04-030-04-04
233,e04-030-01-09
234,e04-034-06-06
234,e04-038-01-01
234,e04-034-07-01
234,e04-038-04-05
234,e04-038-06-04
234,e04-038-01-09
234,e04-038-00-03
234,e04-034-01-04
234,e04-034-04-01
234,e04-038-00-04
234,e04-038-02-06
234,e04-038-04-06
234,e04-034-01-01
234,e04-038-01-03
234,e04-034-07-02
234,e04-038-01-04
234,e04-034-06-08
234,e04-034-06-10
234,e04-038-01-13
234,e04-038-01-05
234,e04-034-05-00
234,e04-034-07-04
234,e04-038-02-08
234,e04-034-06-02
234,e04-034-01-03
234,e04-038-03-05
234,e04-034-06-00
234,e04-034-05-07
234,e04-038-03-03
234,e04-038-02-03
234,e04-034-05-01
234,e04-034-04-03
234,e04-034-06-05
234,e04-038-03-07
234,e04-034-06-04
234,e04-038-02-04
234,e04-038-00-00
234,e04-038-01-11
234,e04-038-02-05
234,e04-034-05-05
234,e04-038-00-07
234,e04-038-00-06
234,e04-038-03-04
234,e04-038-00-05
234,e04-038-00-01
234,e04-038-02-01
234,e04-034-01-02
234,e04-038-01-08
234,e04-038-06-03
234,e04-034-01-08
234,e04-034-06-07
234,e04-038-03-01
234,e04-038-03-02
234,e04-038-00-02
234,e04-034-01-07
234,e04-038-02-07
234,e04-038-06-02
234,e04-038-01-12
234,e04-034-05-08
234,e04-034-06-09
234,e04-034-04-05
234,e04-034-04-02
234,e04-034-04-07
234,e04-038-01-06
234,e04-034-01-06
234,e04-034-04-00
234,e04-038-06-00
234,e04-034-01-00
234,e04-034-04-04
234,e04-034-04-09
234,e04-038-04-03
234,e04-034-07-03
234,e04-034-05-03
234,e04-034-01-05
234,e04-034-05-02
234,e04-038-02-09
234,e04-038-03-00
234,e04-034-05-06
234,e04-038-04-04
234,e04-038-01-07
234,e04-038-03-06
234,e04-038-01-10
234,e04-038-04-01
234,e04-034-06-01
234,e04-038-01-02
234,e04-038-00-08
234,e04-034-04-06
234,e04-038-01-00
234,e04-034-04-08
234,e04-038-02-02
234,e04-034-06-03
234,e04-038-04-02
234,e04-038-04-00
234,e04-034-05-04
234,e04-038-06-01
235,e04-043-01-01
235,e04-052-01-05
235,e04-052-01-02
235,e04-043-02-08
235,e04-043-07-03
235,e04-043-05-05
235,e04-052-06-10
235,e04-043-01-05
235,e04-043-02-07
235,e04-043-04-04
235,e04-043-00-01
235,e04-052-03-09
235,e04-052-03-08
235,e04-052-03-04
235,e04-052-00-02
235,e04-043-03-03
235,e04-043-05-06
235,e04-043-01-08
235,e04-043-05-04
235,e04-043-03-00
235,e04-052-01-01
235,e04-043-02-01
235,e04-043-00-07
235,e04-043-03-04
235,e04-052-01-06
235,e04-043-02-05
235,e04-052-00-05
235,e04-052-00-07
235,e04-043-00-06
235,e04-052-07-01
235,e04-052-06-09
235,e04-052-06-00
235,e04-052-06-06
235,e04-052-07-02
235,e04-043-00-04
235,e04-043-05-00
235,e04-052-06-02
235,e04-043-00-03
235,e04-052-01-03
235,e04-052-06-05
235,e04-052-00-08
235,e04-052-03-06
235,e04-052-00-01
235,e04-043-04-06
235,e04-043-04-01
235,e04-052-00-06
235,e04-043-06-01
235,e04-043-00-08
235,e04-052-03-07
235,e04-043-04-05
235,e04-052-01-08
235,e04-052-07-04
235,e04-052-03-01
235,e04-052-03-03
235,e04-043-01-00
235,e04-043-04-07
235,e04-052-03-10
235,e04-043-01-04
235,e04-043-06-06
235,e04-043-03-06
235,e04-052-06-08
235,e04-043-07-01
235,e04-052-03-02
235,e04-043-02-03
235,e04-043-05-02
235,e04-052-00-03
235,e04-043-06-05
235,e04-052-01-10
235,e04-052-06-07
235,e04-043-05-03
235,e04-052-03-11
235,e04-043-07-02
235,e04-052-00-00
235,e04-043-04-00
235,e04-052-07-03
235,e04-052-01-07
235,e04-043-01-03
235,e04-043-06-00
235,e04-043-00-02
235,e04-052-07-05
235,e04-043-01-02
235,e04-043-06-03
235,e04-043-05-01
235,e04-052-03-05
235,e04-043-01-06
235,e04-043-03-01
235,e04-043-04-08
235,e04-043-00-05
235,e04-043-01-07
235,e04-043-02-04
235,e04-043-05-08
235,e04-052-03-00
235,e04-052-06-03
235,e04-052-01-00
235,e04-052-01-04
235,e04-043-05-07
235,e04-043-02-06
235,e04-043-03-02
235,e04-052-07-00
235,e04-043-04-02
235,e04-043-02-00
235,e04-043-02-02
235,e04-043-07-00
235,e04-052-01-09
235,e04-043-04-03
235,e04-052-01-11
235,e04-043-06-04
235,e04-052-06-01
235,e04-043-03-07
235,e04-043-00-00
235,e04-043-03-05
235,e04-052-00-04
235,e04-052-06-04
236,e04-058-03-00
236,e04-058-03-02
236,e04-058-05-00
236,e04-058-05-05
236,e04-058-00-00
236,e04-058-03-01
236,e04-058-03-11
236,e04-058-06-01
236,e04-058-03-09
236,e04-058-02-12
236,e04-058-05-07
236,e04-058-04-01
236,e04-058-01-06
236,e04-058-01-00
236,e04-058-06-00
236,e04-058-01-01
236,e04-058-02-09
236,e04-058-00-07
236,e04-058-03-10
236,e04-058-01-08
236,e04-058-03-04
236,e04-058-05-04
236,e04-058-05-02
236,e04-058-02-05
236,e04-058-02-11
236,e04-058-02-10
236,e04-058-01-11
236,e04-058-03-05
236,e04-058-02-02
236,e04-058-04-06
236,e04-058-01-05
236,e04-058-00-11
236,e04-058-04-04
236,e04-058-04-03
236,e04-058-00-08
236,e04-058-00-06
236,e04-058-04-07
236,e04-058-03-08
236,e04-058-04-08
236,e04-058-02-04
236,e04-058-00-03
236,e04-058-00-04
236,e04-058-03-06
236,e04-058-01-10
236,e04-058-02-06
236,e04-058-02-03
236,e04-058-00-05
236,e04-058-04-09
236,e04-058-01-04
236,e04-058-01-09
236,e04-058-02-01
236,e04-058-04-02
236,e04-058-02-00
236,e04-058-00-02
236,e04-058-00-01
236,e04-058-03-07
236,e04-058-01-03
236,e04-058-01-02
236,e04-058-01-07
236,e04-058-05-06
236,e04-058-04-00
236,e04-058-02-08
236,e04-058-03-12
236,e04-058-00-09
236,e04-058-05-03
236,e04-058-03-03
236,e04-058-04-05
236,e04-058-02-07
237,e04-068-03-03
237,e04-068-02-11
237,e04-068-00-05
237,e04-062-00-04
237,e04-062-00-05
237,e04-068-00-06
237,e04-068-02-07
237,e04-068-03-00
237,e04-068-00-07
237,e04-062-01-07
237,e04-062-00-02
237,e04-068-03-07
237,e04-062-07-07
237,e04-068-00-08
237,e04-062-01-03
237,e04-062-01-01
237,e04-068-02-10
237,e04-068-00-03
237,e04-068-03-06
237,e04-068-04-08
237,e04-062-00-06
237,e04-062-07-06
237,e04-068-03-02
237,e04-068-04-05
237,e04-062-07-04
237,e04-068-04-00
237,e04-068-02-06
237,e04-062-01-05
237,e04-068-04-04
237,e04-062-08-01
237,e04-062-01-06
237,e04-062-07-09
237,e04-068-02-03
237,e04-068-04-03
237,e04-068-03-05
237,e04-062-00-00
237,e04-062-07-08
237,e04-062-00-08
237,e04-068-03-09
237,e04-068-04-06
237,e04-062-00-03
237,e04-068-03-01
237,e04-068-02-04
237,e04-068-04-02
237,e04-068-02-05
237,e04-068-02-09
237,e04-062-07-05
237,e04-062-07-01
237,e04-062-07-03
237,e04-068-04-09
237,e04-068-02-01
237,e04-068-00-00
237,e04-062-01-02
237,e04-068-00-04
237,e04-062-07-00
237,e04-068-03-04
237,e04-068-04-07
237,e04-068-02-02
237,e04-068-00-02
237,e04-068-03-08
237,e04-068-02-00
237,e04-062-00-07
237,e04-068-02-08
237,e04-062-01-00
237,e04-068-04-10
237,e04-062-07-02
237,e04-068-00-10
237,e04-062-01-08
237,e04-068-00-01
237,e04-062-01-04
237,e04-068-00-09
237,e04-062-00-01
238,e04-079-07-05
238,e04-079-08-02
238,e04-079-09-02
238,e04-079-03-02
238,e04-079-01-05
238,e04-079-05-02
238,e04-079-05-01
238,e04-079-03-03
238,e04-079-09-00
238,e04-079-01-03
238,e04-079-00-04
238,e04-079-08-05
238,e04-079-01-02
238,e04-079-03-00
238,e04-079-01-01
238,e04-079-01-04
238,e04-079-02-03
238,e04-079-02-01
238,e04-079-07-03
238,e04-079-07-04
238,e04-079-07-06
238,e04-079-01-00
238,e04-079-05-00
238,e04-079-00-02
238,e04-079-02-02
238,e04-079-05-06
238,e04-079-09-01
238,e04-079-02-04
238,e04-079-05-05
238,e04-079-05-03
238,e04-079-08-04
238,e04-079-00-03
238,e04-079-03-04
238,e04-079-02-00
238,e04-079-07-00
238,e04-079-05-04
238,e04-079-08-01
238,e04-079-00-01
238,e04-079-03-01
238,e04-079-08-03
238,e04-079-07-01
238,e04-079-02-05
238,e04-079-08-06
238,e04-079-07-02
238,e04-079-00-00
238,e04-079-08-00
239,e04-083-01-04
239,h04-000-02-05
239,g04-003-03-07
239,h04-000-03-05
239,h04-000-03-04
239,k04-017-09-02
239,h04-000-01-00
239,h04-000-06-03
239,h04-000-05-02
239,h04-000-04-03
239,h04-000-08-06
239,k04-017-02-03
239,e04-083-01-02
239,h04-000-06-00
239,k04-017-02-05
239,g04-003-01-05
239,h04-000-05-04
239,k04-017-02-01
239,e04-083-05-02
239,h04-000-04-00
239,g04-003-03-01
239,k04-017-02-04
239,k04-017-02-10
239,h04-000-01-04
239,h04-000-09-02
239,e04-083-02-08
239,e04-083-02-04
239,k04-017-00-06
239,g04-003-01-00
239,k04-017-08-01
239,e04-083-06-05
239,k04-017-04-01
239,g04-003-02-06
239,k04-017-02-00
239,k04-017-03-00
239,h04-000-02-03
239,k04-017-02-06
239,e04-083-05-07
239,g04-003-06-05
239,g04-003-01-02
239,h04-000-06-08
239,e04-083-03-06
239,g04-003-05-01
239,e04-083-00-00
239,h04-000-01-02
239,k04-017-03-02
239,e04-083-00-05
239,e04-083-05-04
239,g04-003-06-00
239,h04-000-07-03
239,h04-000-04-04
239,e04-083-00-08
239,e04-083-02-10
239,g04-003-06-07
239,e04-083-04-04
239,g04-003-08-00
239,k04-017-03-06
239,h04-000-09-05
239,k04-017-05-06
239,e04-083-02-06
239,e04-083-04-01
239,h04-000-09-01
239,g04-003-01-06
239,h04-000-04-01
239,e04-083-00-07
239,e04-083-04-02
239,h04-000-00-00
239,g04-003-06-04
239,e04-083-06-01
239,e04-083-04-07
239,e04-083-02-00
239,e04-083-05-00
239,e04-083-02-05
239,h04-000-09-03
239,k04-017-08-03
239,e04-083-00-02
239,h04-000-03-02
239,h04-000-07-05
239,g04-003-03-03
239,h04-000-07-04
239,e04-083-00-03
239,h04-000-02-04
239,k04-017-03-04
239,h04-000-03-03
239,g04-003-08-05
239,h04-000-08-04
239,k04-017-08-05
239,e04-083-04-00
239,k04-017-06-00
239,k04-017-05-01
239,g04-003-04-02
239,k04-017-06-01
239,e04-083-05-06
239,h04-000-03-00
239,g04-003-05-00
239,g04-003-05-03
239,g04-003-07-02
239,e04-083-03-04
239,e04-083-05-05
239,g04-003-06-02
239,g04-003-02-01
239,k04-017-09-00
239,k04-017-03-01
239,e04-083-02-02
239,e04-083-05-03
239,k04-017-08-04
239,k04-017-00-08
239,g04-003-08-01
239,e04-083-03-08
239,k04-017-08-08
239,h04-000-04-06
239,h04-000-02-06
239,g04-003-01-04
239,h04-000-00-03
239,e04-083-01-05
239,h04-000-09-00
239,e04-083-02-01
239,k04-017-05-05
239,k04-017-03-08
239,g04-003-03-05
239,e04-083-01-06
239,g04-003-08-03
239,h04-000-06-02
239,e04-083-01-00
239,k04-017-04-02
239,k04-017-06-03
239,h04-000-05-00
239,k04-017-02-09
239,k04-017-02-11
239,h04-000-06-01
239,h04-000-00-02
239,h04-000-04-05
239,g04-003-03-06
239,k04-017-06-04
239,k04-017-02-08
239,e04-083-00-06
239,h04-000-07-02
239,k04-017-05-02
239,g04-003-08-06
239,h04-000-01-05
239,g04-003-02-03
239,e04-083-03-02
239,k04-017-03-05
239,e04-083-03-01
239,h04-000-00-04
239,k04-017-06-02
239,k04-017-08-09
239,h04-000-03-01
239,h04-000-06-06
239,k04-017-09-03
239,g04-003-07-01
239,k04-017-06-05
239,k04-017-08-06
239,e04-083-03-05
239,e04-083-02-03
239,e04-083-06-04
239,e04-083-01-01
239,h04-000-05-01
239,g04-003-02-00
239,k04-017-04-00
239,g04-003-07-04
239,k04-017-08-00
239,k04-017-02-07
239,g04-003-03-04
239,g04-003-08-04
239,k04-017-08-07
239,k04-017-09-04
239,k04-017-00-09
239,k04-017-04-04
239,e04-083-00-04
239,e04-083-01-09
239,k04-017-08-02
239,e04-083-04-08
239,h04-000-06-05
239,k04-017-00-03
239,e04-083-06-02
239,k04-017-05-07
239,g04-003-07-05
239,e04-083-00-01
239,h04-000-05-05
239,g04-003-05-04
239,e04-083-03-07
239,h04-000-02-07
239,h04-000-08-00
239,g04-003-08-02
239,k04-017-05-03
239,h04-000-04-02
239,e04-083-03-03
239,g04-003-06-01
239,k04-017-09-01
239,h04-000-06-04
239,g04-003-07-06
239,e04-083-05-01
239,h04-000-09-04
239,k04-017-03-03
239,g04-003-07-03
239,h04-000-01-03
239,k04-017-00-00
239,g04-003-04-00
239,k04-017-02-02
239,k04-017-04-03
239,g04-003-05-05
239,k04-017-05-00
239,g04-003-04-03
239,g04-003-04-01
239,g04-003-02-05
239,k04-017-00-02
239,e04-083-01-08
239,k04-017-05-04
239,h04-000-02-01
239,e04-083-01-03
239,e04-083-06-00
239,e04-083-02-07
239,g04-003-02-02
239,g04-003-05-02
239,h04-000-05-03
239,h04-000-07-00
239,g04-003-02-04
239,g04-003-07-00
239,h04-000-02-00
239,h04-000-05-07
239,h04-000-08-03
239,e04-083-06-03
239,g04-003-04-04
239,k04-017-09-05
239,h04-000-07-06
239,g04-003-06-03
239,k04-017-00-05
239,h04-000-06-07
239,e04-083-02-09
239,h04-000-08-05
239,e04-083-01-07
239,e04-083-04-06
239,k04-017-00-07
239,e04-083-04-03
239,h04-000-05-06
239,h04-000-01-01
239,g04-003-01-07
239,g04-003-01-01
239,h04-000-08-01
239,g04-003-02-07
239,k04-017-04-05
239,g04-003-03-00
239,h04-000-00-01
239,k04-017-00-04
239,e04-083-04-05
239,g04-003-06-06
239,g04-003-03-02
239,k04-017-03-07
239,h04-000-08-02
239,h04-000-07-01
239,h04-000-00-05
239,k04-017-00-01
239,e04-083-03-00
239,h04-000-02-02
239,g04-003-04-05
239,g04-003-01-03
240,e04-086-04-02
240,e04-086-04-07
240,k04-022-06-07
240,k04-022-06-05
240,k04-022-02-09
240,k04-022-07-03
240,e04-086-00-08
240,e04-086-00-00
240,e04-086-00-01
240,e04-086-03-00
240,k04-022-01-02
240,k04-022-06-06
240,k04-022-07-04
240,e04-086-06-01
240,k04-022-02-04
240,e04-086-04-04
240,e04-086-06-02
240,e04-086-04-00
240,e04-086-03-03
240,k04-022-01-07
240,k04-022-04-02
240,e04-086-06-00
240,e04-086-04-03
240,k04-022-06-00
240,e04-086-04-06
240,k04-022-04-04
240,k04-022-04-00
240,k04-022-07-05
240,k04-022-01-01
240,k04-022-01-04
240,k04-022-04-05
240,k04-022-06-03
240,k04-022-04-03
240,k04-022-06-04
240,k04-022-02-07
240,e04-086-00-02
240,k04-022-02-01
240,k04-022-01-00
240,e04-086-00-03
240,e04-086-03-07
240,k04-022-02-00
240,k04-022-06-02
240,e04-086-03-10
240,k04-022-04-06
240,k04-022-02-06
240,e04-086-04-01
240,k04-022-01-03
240,k04-022-04-01
240,e04-086-03-09
240,k04-022-02-08
240,e04-086-00-09
240,e04-086-00-05
240,k04-022-02-05
240,k04-022-07-01
240,k04-022-06-08
240,k04-022-02-10
240,e04-086-04-08
240,k04-022-01-08
240,e04-086-06-03
240,k04-022-07-00
240,e04-086-00-06
240,e04-086-00-04
240,e04-086-00-07
240,e04-086-03-05
240,k04-022-01-06
240,k04-022-01-05
240,e04-086-04-05
240,k04-022-04-07
240,k04-022-01-09
240,k04-022-07-02
240,e04-086-03-08
240,k04-022-02-02
240,k04-022-04-09
240,e04-086-03-02
240,e04-086-03-04
240,k04-022-04-08
240,e04-086-03-01
240,e04-086-03-06
240,k04-022-02-03
240,k04-022-01-10
240,k04-022-06-01
241,e04-095-01-04
241,e04-099-02-04
241,e04-095-01-09
241,e04-095-00-09
241,e04-095-02-07
241,e04-132-04-00
241,e04-091-01-08
241,e04-091-00-00
241,e04-091-03-08
241,e04-099-05-06
241,e04-095-02-01
241,e04-091-04-05
241,e04-091-01-03
241,e04-099-02-07
241,e04-132-02-04
241,e04-132-01-05
241,e04-095-03-05
241,e04-099-05-03
241,e04-099-05-05
241,e04-132-01-08
241,e04-095-05-01
241,e04-132-01-06
241,e04-095-00-06
241,e04-091-02-05
241,e04-095-05-05
241,e04-099-06-00
241,e04-091-01-07
241,e04-099-03-08
241,e04-099-00-08
241,e04-132-00-07
241,e04-095-00-00
241,e04-095-01-00
241,e04-132-00-06
241,e04-099-03-03
241,e04-099-02-02
241,e04-099-05-09
241,e04-099-05-08
241,e04-091-03-04
241,e04-091-00-07
241,e04-099-05-04
241,e04-095-02-03
241,e04-099-04-02
241,e04-099-01-04
241,e04-099-06-08
241,e04-132-02-02
241,e04-095-05-06
241,e04-095-00-07
241,e04-095-00-02
241,e04-091-02-08
241,e04-099-04-05
241,e04-091-01-00
241,e04-091-02-01
241,e04-099-03-02
241,e04-095-03-03
241,e04-099-06-10
241,e04-095-04-02
241,e04-132-03-03
241,e04-132-00-08
241,e04-099-04-04
241,e04-091-00-05
241,e04-095-04-03
241,e04-099-00-03
241,e04-091-04-01
241,e04-095-00-08
241,e04-095-06-02
241,e04-095-06-07
241,e04-091-02-02
241,e04-132-03-06
241,e04-095-04-01
241,e04-095-04-04
241,e04-132-01-07
241,e04-132-00-01
241,e04-091-03-02
241,e04-091-01-01
241,e04-095-00-04
241,e04-091-03-06
241,e04-095-01-06
241,e04-091-03-01
241,e04-132-02-00
241,e04-095-03-04
241,e04-091-04-02
241,e04-095-02-05
241,e04-099-04-10
241,e04-099-04-08
241,e04-095-02-08
241,e04-091-02-06
241,e04-099-00-05
241,e04-095-05-03
241,e04-099-03-07
241,e04-099-02-06
241,e04-099-06-03
241,e04-095-06-08
241,e04-132-01-04
241,e04-095-05-02
241,e04-099-03-01
241,e04-095-06-10
241,e04-099-03-04
241,e04-132-01-03
241,e04-099-02-00
241,e04-099-00-01
241,e04-095-04-00
241,e04-091-01-04
241,e04-095-05-04
241,e04-132-03-04
241,e04-099-04-01
241,e04-099-01-00
241,e04-099-02-01
241,e04-091-04-03
241,e04-099-05-00
241,e04-132-01-02
241,e04-132-03-00
241,e04-099-01-05
241,e04-099-01-01
241,e04-132-00-02
241,e04-132-02-01
241,e04-099-03-09
241,e04-095-02-02
241,e04-095-05-07
241,e04-095-01-01
241,e04-099-06-09
241,e04-132-03-01
241,e04-095-00-01
241,e04-132-01-01
241,e04-091-00-08
241,e04-095-06-05
241,e04-091-01-05
241,e04-099-06-02
241,e04-095-04-05
241,e04-132-00-04
241,e04-095-00-03
241,e04-099-06-11
241,e04-091-00-06
241,e04-091-04-04
241,e04-091-00-01
241,e04-095-03-00
241,e04-095-00-05
241,e04-132-02-08
241,e04-091-02-03
241,e04-095-06-01
241,e04-099-06-05
241,e04-099-02-09
241,e04-099-04-07
241,e04-095-02-06
241,e04-099-06-04
241,e04-099-01-02
241,e04-091-04-00
241,e04-095-06-03
241,e04-099-03-00
241,e04-095-04-08
241,e04-099-06-06
241,e04-099-06-07
241,e04-095-04-07
241,e04-095-01-07
241,e04-099-01-03
241,e04-099-04-09
241,e04-099-05-01
241,e04-099-05-02
241,e04-132-01-09
241,e04-132-00-00
241,e04-091-02-04
241,e04-099-04-00
241,e04-132-01-00
241,e04-099-00-07
241,e04-099-00-04
241,e04-132-03-05
241,e04-099-06-01
241,e04-099-05-07
241,e04-091-03-03
241,e04-099-02-03
241,e04-091-03-00
241,e04-091-03-05
241,e04-095-02-00
241,e04-099-02-05
241,e04-091-04-08
241,e04-091-00-02
241,e04-095-03-06
241,e04-091-00-04
241,e04-099-04-06
241,e04-132-02-05
241,e04-099-01-06
241,e04-091-00-03
241,e04-091-03-07
241,e04-091-02-07
241,e04-099-05-10
241,e04-099-04-03
241,e04-091-02-00
241,e04-132-02-06
241,e04-095-06-09
241,e04-091-04-07
241,e04-095-01-02
241,e04-099-03-05
241,e04-095-05-00
241,e04-132-00-05
241,e04-132-02-03
241,e04-132-04-01
241,e04-095-04-06
241,e04-132-00-03
241,e04-095-03-02
241,e04-099-02-08
241,e04-095-01-08
241,e04-091-01-02
241,e04-095-03-01
241,e04-132-02-07
241,e04-099-00-00
241,e04-095-06-04
241,e04-091-01-06
241,e04-099-00-06
241,e04-095-06-06
241,e04-095-01-03
241,e04-095-01-05
241,e04-099-00-02
241,e04-095-06-00
241,e04-132-03-02
241,e04-095-02-04
242,e04-114-07-03
242,e04-109-04-06
242,e04-114-00-07
242,e04-109-02-04
242,e04-103-04-08
242,e04-109-01-01
242,e04-114-02-09
242,e04-109-02-05
242,e04-109-01-08
242,e04-103-06-08
242,e04-114-02-02
242,e04-114-04-08
242,e04-109-05-03
242,e04-109-05-01
242,e04-114-06-06
242,e04-103-01-09
242,e04-103-01-00
242,e04-109-00-04
242,e04-103-04-03
242,e04-109-01-06
242,e04-109-02-03
242,e04-109-01-07
242,e04-109-02-02
242,e04-109-00-06
242,e04-114-04-09
242,e04-103-00-08
242,e04-114-04-00
242,e04-109-06-00
242,e04-109-00-11
242,e04-103-04-02
242,e04-114-02-05
242,e04-103-04-04
242,e04-114-03-02
242,e04-109-05-08
242,e04-114-00-04
242,e04-114-06-05
242,e04-114-06-07
242,e04-114-02-07
242,e04-103-03-00
242,e04-103-00-02
242,e04-109-06-01
242,e04-114-02-11
242,e04-114-00-00
242,e04-103-05-08
242,e04-103-00-03
242,e04-114-06-04
242,e04-103-06-06
242,e04-109-02-09
242,e04-114-07-00
242,e04-103-05-03
242,e04-114-05-01
242,e04-103-03-01
242,e04-103-04-07
242,e04-114-02-04
242,e04-103-01-04
242,e04-114-04-06
242,e04-114-03-01
242,e04-114-05-10
242,e04-103-06-04
242,e04-114-02-06
242,e04-103-03-06
242,e04-114-00-05
242,e04-103-01-08
242,e04-109-05-02
242,e04-103-05-07
242,e04-114-02-10
242,e04-103-05-01
242,e04-103-06-09
242,e04-109-02-01
242,e04-103-06-00
242,e04-103-01-10
242,e04-114-04-01
242,e04-109-01-04
242,e04-103-03-03
242,e04-114-05-09
242,e04-114-07-02
242,e04-114-06-09
242,e04-114-02-00
242,e04-109-05-06
242,e04-109-01-02
242,e04-103-03-07
242,e04-109-02-00
242,e04-109-00-09
242,e04-103-01-06
242,e04-103-04-09
242,e04-114-06-01
242,e04-103-04-06
242,e04-114-05-06
242,e04-114-04-02
242,e04-109-05-07
242,e04-114-05-05
242,e04-103-04-10
242,e04-114-04-07
242,e04-103-03-08
242,e04-114-04-03
242,e04-103-04-01
242,e04-114-03-03
242,e04-103-03-09
242,e04-114-06-03
242,e04-103-06-05
242,e04-103-00-06
242,e04-109-04-10
242,e04-103-00-09
242,e04-114-06-08
242,e04-103-01-05
242,e04-109-02-07
242,e04-114-07-04
242,e04-109-04-07
242,e04-114-04-05
242,e04-114-02-03
242,e04-114-05-03
242,e04-114-07-01
242,e04-114-05-02
242,e04-109-00-03
242,e04-114-03-04
242,e04-103-00-05
242,e04-109-06-04
242,e04-109-04-05
242,e04-114-03-09
242,e04-114-02-01
242,e04-103-05-02
242,e04-109-06-03
242,e04-109-04-04
242,e04-103-05-05
242,e04-109-00-00
242,e04-103-05-00
242,e04-109-00-05
242,e04-114-02-08
242,e04-103-04-00
242,e04-114-05-07
242,e04-103-01-07
242,e04-109-04-00
242,e04-109-00-10
242,e04-114-00-01
242,e04-114-00-03
242,e04-103-00-01
242,e04-114-03-07
242,e04-114-06-00
242,e04-114-00-06
242,e04-103-05-04
242,e04-114-04-04
242,e04-114-03-06
242,e04-114-03-00
242,e04-109-05-05
242,e04-103-00-00
242,e04-103-01-02
242,e04-103-05-06
242,e04-103-06-02
242,e04-109-04-03
242,e04-109-00-02
242,e04-109-04-09
242,e04-109-00-07
242,e04-114-06-02
242,e04-103-04-05
242,e04-114-05-04
242,e04-114-00-09
242,e04-109-02-08
242,e04-103-00-07
242,e04-103-06-07
242,e04-103-03-05
242,e04-114-00-02
242,e04-103-06-01
242,e04-109-02-10
242,e04-109-04-08
242,e04-114-05-08
242,e04-109-05-04
242,e04-109-01-00
242,e04-114-03-08
242,e04-103-00-04
242,e04-114-00-08
242,e04-109-01-05
242,e04-103-03-04
242,e04-109-06-02
242,e04-109-00-08
242,e04-109-02-06
242,e04-103-01-01
242,e04-114-03-05
242,e04-109-05-09
242,e04-103-03-02
242,e04-109-04-02
242,e04-109-05-00
242,e04-103-06-03
242,e04-103-03-10
242,e04-114-05-00
243,e04-124-04-09
243,e04-127-03-05
243,e04-127-04-08
243,e04-124-06-04
243,e04-124-04-10
243,e04-124-01-05
243,e04-127-04-06
243,e04-127-05-04
243,e04-119-01-07
243,e04-119-04-05
243,e04-119-04-04
243,e04-127-05-01
243,e04-119-02-07
243,e04-124-01-09
243,e04-119-02-12
243,e04-119-03-00
243,e04-124-06-02
243,e04-127-05-10
243,e04-119-03-01
243,e04-119-03-08
243,e04-124-04-00
243,e04-127-04-02
243,e04-119-01-10
243,e04-124-01-06
243,e04-119-02-04
243,e04-119-04-00
243,e04-127-00-08
243,e04-119-03-06
243,e04-124-02-08
243,e04-124-02-06
243,e04-124-02-02
243,e04-124-04-04
243,e04-124-01-07
243,e04-124-02-05
243,e04-127-05-03
243,e04-119-01-01
243,e04-124-01-11
243,e04-124-04-03
243,e04-119-01-04
243,e04-124-02-03
243,e04-119-04-06
243,e04-124-01-08
243,e04-127-01-08
243,e04-127-03-04
243,e04-119-03-05
243,e04-119-03-10
243,e04-124-02-07
243,e04-119-01-02
243,e04-119-02-00
243,e04-124-01-10
243,e04-127-04-05
243,e04-119-04-09
243,e04-124-04-08
243,e04-127-05-05
243,e04-119-04-02
243,e04-127-01-03
243,e04-127-05-06
243,e04-119-02-09
243,e04-127-03-08
243,e04-124-04-05
243,e04-124-01-04
243,e04-119-01-06
243,e04-124-02-04
243,e04-119-01-08
243,e04-127-00-03
243,e04-124-02-09
243,e04-119-01-03
243,e04-127-03-03
243,e04-119-03-11
243,e04-127-01-07
243,e04-124-01-02
243,e04-127-04-04
243,e04-119-03-12
243,e04-124-01-00
243,e04-127-00-10
243,e04-124-06-03
243,e04-119-01-05
243,e04-127-00-01
243,e04-124-04-07
243,e04-127-03-06
243,e04-127-01-05
243,e04-127-01-00
243,e04-127-01-04
243,e04-127-05-02
243,e04-127-00-06
243,e04-127-01-02
243,e04-124-04-01
243,e04-127-04-00
243,e04-119-03-09
243,e04-119-02-02
243,e04-124-02-10
243,e04-119-02-03
243,e04-124-01-03
243,e04-127-04-03
243,e04-127-03-00
243,e04-127-04-01
243,e04-119-04-08
243,e04-124-06-05
243,e04-127-03-02
243,e04-119-02-06
243,e04-119-02-10
243,e04-124-06-01
243,e04-127-03-01
243,e04-119-01-11
243,e04-127-01-06
243,e04-127-03-07
243,e04-119-04-03
243,e04-127-00-00
243,e04-127-00-09
243,e04-124-04-02
243,e04-127-00-04
243,e04-127-05-00
243,e04-127-01-01
243,e04-119-03-03
243,e04-119-02-08
243,e04-127-04-07
243,e04-127-03-09
243,e04-124-02-01
243,e04-127-05-07
243,e04-119-03-02
243,e04-127-00-05
243,e04-124-06-00
243,e04-124-02-00
243,e04-124-04-06
243,e04-127-05-09
243,e04-127-01-09
243,e04-119-02-11
243,e04-119-03-07
243,e04-127-00-07
243,e04-119-01-00
243,e04-119-02-05
243,e04-119-04-07
243,e04-127-00-02
243,e04-124-01-01
243,e04-119-04-01
243,e04-127-05-08
244,e07-003-02-03
244,e07-003-07-07
244,e07-003-03-04
244,e07-003-07-08
244,e07-003-02-05
244,e07-003-02-02
244,e07-003-03-01
244,e07-003-02-06
244,e07-003-07-06
244,e07-003-06-05
244,e07-003-08-00
244,e07-003-03-03
244,e07-003-02-00
244,e07-003-08-04
244,e07-003-08-02
244,e07-003-07-04
244,e07-003-01-08
244,e07-003-01-02
244,e07-003-06-06
244,e07-003-01-04
244,e07-003-07-01
244,e07-003-02-01
244,e07-003-01-07
244,e07-003-04-04
244,e07-003-03-00
244,e07-003-02-04
244,e07-003-04-01
244,e07-003-08-03
244,e07-003-04-06
244,e07-003-07-02
244,e07-003-06-04
244,e07-003-07-00
244,e07-003-03-05
244,e07-003-01-00
244,e07-003-03-06
244,e07-003-04-05
244,e07-003-06-03
244,e07-003-02-08
244,e07-003-03-02
244,e07-003-01-03
244,e07-003-04-02
244,e07-003-06-07
244,e07-003-04-00
244,e07-003-06-00
244,e07-003-04-03
244,e07-003-01-01
244,e07-003-06-01
244,e07-003-02-07
244,e07-003-08-05
244,e07-003-08-01
244,e07-003-01-06
244,e07-003-07-05
244,e07-003-01-05
244,e07-003-03-07
244,e07-003-07-03
244,e07-003-06-02
245,e07-007-07-06
245,e07-007-04-01
245,e07-007-05-07
245,e07-007-05-04
245,e07-007-04-07
245,e07-007-02-01
245,e07-007-02-05
245,e07-007-03-09
245,e07-007-03-07
245,e07-007-01-00
245,e07-007-00-06
245,e07-007-07-04
245,e07-007-00-04
245,e07-007-00-00
245,e07-007-01-07
245,e07-007-02-00
245,e07-007-06-00
245,e07-007-06-02
245,e07-007-05-03
245,e07-007-06-07
245,e07-007-07-03
245,e07-007-04-06
245,e07-007-05-01
245,e07-007-07-01
245,e07-007-01-02
245,e07-007-07-05
245,e07-007-00-02
245,e07-007-05-02
245,e07-007-06-01
245,e07-007-01-08
245,e07-007-00-07
245,e07-007-00-03
245,e07-007-05-09
245,e07-007-01-04
245,e07-007-04-08
245,e07-007-03-01
245,e07-007-03-06
245,e07-007-06-04
245,e07-007-03-02
245,e07-007-00-01
245,e07-007-02-06
245,e07-007-01-06
245,e07-007-06-06
245,e07-007-05-00
245,e07-007-05-06
245,e07-007-06-05
245,e07-007-05-05
245,e07-007-06-03
245,e07-007-01-05
245,e07-007-04-03
245,e07-007-02-02
245,e07-007-01-03
245,e07-007-05-08
245,e07-007-01-01
245,e07-007-04-02
245,e07-007-04-05
245,e07-007-04-10
245,e07-007-04-09
245,e07-007-07-00
245,e07-007-04-00
245,e07-007-03-08
245,e07-007-02-04
245,e07-007-07-02
245,e07-007-03-04
245,e07-007-02-03
245,e07-007-03-05
245,e07-007-03-00
245,e07-007-00-05
245,e07-007-04-04
246,e07-012-00-05
246,e07-072-04-01
246,e07-066-03-07
246,e07-061-01-03
246,e07-072-11-04
246,e07-012-04-02
246,e07-061-05-02
246,e07-061-04-06
246,e07-066-07-04
246,e07-012-00-06
246,e07-061-05-08
246,e07-061-06-07
246,e07-072-00-04
246,e07-061-03-03
246,e07-066-05-09
246,e07-072-09-01
246,e07-061-08-06
246,e07-066-06-00
246,e07-012-11-00
246,e07-066-02-05
246,e07-066-07-01
246,e07-061-07-05
246,e07-072-01-07
246,e07-012-05-02
246,e07-012-06-06
246,e07-066-02-03
246,e07-072-08-06
246,e07-061-00-00
246,e07-012-03-03
246,e07-066-04-02
246,e07-061-10-01
246,e07-066-01-02
246,e07-072-03-03
246,e07-061-10-00
246,e07-061-10-02
246,e07-061-00-03
246,e07-072-09-02
246,e07-066-05-02
246,e07-066-04-00
246,e07-072-02-07
246,e07-072-05-03
246,e07-012-03-01
246,e07-072-04-04
246,e07-012-08-06
246,e07-012-08-05
246,e07-072-04-00
246,e07-012-02-05
246,e07-066-07-03
246,e07-061-09-07
246,e07-066-04-01
246,e07-072-03-04
246,e07-061-04-02
246,e07-012-00-04
246,e07-012-01-01
246,e07-012-02-02
246,e07-066-03-06
246,e07-061-06-02
246,e07-066-04-04
246,e07-072-10-01
246,e07-066-01-05
246,e07-072-10-06
246,e07-061-06-04
246,e07-061-03-00
246,e07-066-02-04
246,e07-061-06-06
246,e07-012-08-03
246,e07-072-02-05
246,e07-012-04-00
246,e07-072-00-01
246,e07-072-02-02
246,e07-061-01-00
246,e07-072-01-02
246,e07-066-03-03
246,e07-066-06-04
246,e07-061-09-01
246,e07-061-02-07
246,e07-072-04-03
246,e07-072-05-04
246,e07-061-00-01
246,e07-061-06-01
246,e07-072-08-05
246,e07-061-05-06
246,e07-012-05-03
246,e07-072-06-00
246,e07-012-05-06
246,e07-012-08-04
246,e07-012-08-00
246,e07-072-05-01
246,e07-061-02-05
246,e07-072-01-06
246,e07-072-08-01
246,e07-061-04-07
246,e07-012-02-03
246,e07-012-04-06
246,e07-072-05-05
246,e07-066-05-03
246,e07-072-01-09
246,e07-066-01-03
246,e07-072-03-00
246,e07-061-02-06
246,e07-012-08-02
246,e07-072-02-06
246,e07-061-03-05
246,e07-061-05-05
246,e07-061-05-04
246,e07-072-01-03
246,e07-072-06-01
246,e07-061-01-02
246,e07-072-09-05
246,e07-066-04-05
246,e07-066-05-00
246,e07-061-02-02
246,e07-061-03-06
246,e07-061-01-04
246,e07-072-09-07
246,e07-012-05-01
246,e07-072-02-03
246,e07-012-07-01
246,e07-061-05-00
246,e07-061-02-01
246,e07-066-01-04
246,e07-066-08-00
246,e07-066-01-01
246,e07-012-07-00
246,e07-061-05-03
246,e07-072-00-02
246,e07-066-07-07
246,e07-066-00-00
246,e07-012-04-04
246,e07-072-02-04
246,e07-072-05-06
246,e07-012-06-08
246,e07-066-06-06
246,e07-072-06-02
246,e07-066-05-06
246,e07-012-06-04
246,e07-066-03-01
246,e07-066-01-06
246,e07-072-00-05
246,e07-072-00-00
246,e07-072-09-03
246,e07-066-08-03
246,e07-066-07-00
246,e07-012-04-05
246,e07-012-06-07
246,e07-012-04-01
246,e07-066-00-05
246,e07-072-06-04
246,e07-072-06-08
246,e07-072-08-00
246,e07-061-01-05
246,e07-072-11-00
246,e07-012-02-00
246,e07-072-01-08
246,e07-061-03-04
246,e07-072-03-05
246,e07-012-11-01
246,e07-012-06-01
246,e07-061-08-00
246,e07-066-03-00
246,e07-072-04-02
246,e07-061-00-02
246,e07-061-10-03
246,e07-061-04-01
246,e07-072-06-07
246,e07-072-08-04
246,e07-066-06-01
246,e07-061-01-06
246,e07-061-02-00
246,e07-061-04-03
246,e07-061-03-02
246,e07-061-08-01
246,e07-061-06-10
246,e07-061-00-05
246,e07-061-05-07
246,e07-012-01-08
246,e07-072-08-07
246,e07-072-10-00
246,e07-061-06-03
246,e07-066-05-01
246,e07-066-05-10
246,e07-012-06-00
246,e07-066-00-02
246,e07-012-01-05
246,e07-066-02-00
246,e07-012-02-01
246,e07-072-08-02
246,e07-066-05-08
246,e07-012-02-04
246,e07-061-02-04
246,e07-061-04-04
246,e07-012-08-01
246,e07-066-05-05
246,e07-066-08-05
246,e07-061-09-06
246,e07-072-06-03
246,e07-061-07-06
246,e07-012-01-02
246,e07-061-00-04
246,e07-072-10-03
246,e07-061-07-02
246,e07-012-05-00
246,e07-061-03-01
246,e07-061-07-00
246,e07-072-11-03
246,e07-061-05-01
246,e07-061-07-04
246,e07-012-00-07
246,e07-066-04-06
246,e07-061-08-04
246,e07-072-01-05
246,e07-061-01-01
246,e07-012-00-00
246,e07-072-10-02
246,e07-061-09-04
246,e07-072-11-01
246,e07-012-01-04
246,e07-072-03-01
246,e07-066-06-03
246,e07-072-09-04
246,e07-066-08-01
246,e07-066-05-07
246,e07-012-07-02
246,e07-061-06-05
246,e07-061-08-08
246,e07-061-06-08
246,e07-072-10-04
246,e07-012-01-07
246,e07-072-00-03
246,e07-066-03-04
246,e07-012-00-03
246,e07-061-06-00
246,e07-012-03-02
246,e07-072-05-02
246,e07-012-05-07
246,e07-066-00-03
246,e07-066-00-01
246,e07-072-01-00
246,e07-066-05-04
246,e07-012-05-04
246,e07-066-02-02
246,e07-066-02-01
246,e07-061-08-02
246,e07-072-09-00
246,e07-061-06-09
246,e07-072-01-01
246,e07-061-08-05
246,e07-061-09-03
246,e07-066-08-02
246,e07-066-00-04
246,e07-066-07-05
246,e07-072-02-01
246,e07-012-06-03
246,e07-072-05-00
246,e07-072-02-00
246,e07-072-04-05
246,e07-012-07-04
246,e07-061-08-03
246,e07-061-03-07
246,e07-066-03-05
246,e07-061-07-01
246,e07-012-04-03
246,e07-072-11-02
246,e07-066-04-03
246,e07-012-03-00
246,e07-066-07-06
246,e07-066-06-02
246,e07-066-01-00
246,e07-012-08-07
246,e07-066-08-04
246,e07-072-08-03
246,e07-061-09-00
246,e07-012-06-05
246,e07-066-07-02
246,e07-012-00-01
246,e07-061-07-03
246,e07-066-06-05
246,e07-061-09-02
246,e07-012-01-00
246,e07-072-06-06
246,e07-061-10-04
246,e07-072-01-04
246,e07-012-06-02
246,e07-012-00-02
246,e07-061-02-03
246,e07-072-03-06
246,e07-072-06-05
246,e07-012-01-06
246,e07-066-03-02
246,e07-072-09-06
246,e07-061-09-05
246,e07-072-10-05
246,e07-012-07-03
246,e07-012-03-04
246,e07-061-04-00
246,e07-061-08-07
246,e07-061-00-06
246,e07-061-09-08
246,e07-012-01-03
246,e07-061-04-05
247,e07-090-08-03
247,e07-083-01-04
247,e07-090-08-02
247,e07-086-04-06
247,e07-086-02-02
247,e07-083-05-05
247,e07-086-08-03
247,e07-086-05-03
247,e07-090-04-05
247,e07-076-05-06
247,e07-083-09-02
247,e07-079-01-05
247,e07-083-08-04
247,e07-090-02-08
247,e07-083-00-00
247,e07-083-00-03
247,e07-083-05-07
247,e07-086-00-04
247,e07-079-03-00
247,e07-079-10-00
247,e07-086-02-03
247,e07-086-03-05
247,e07-086-01-05
247,e07-090-06-03
247,e07-083-04-05
247,e07-083-02-06
247,e07-076-00-02
247,e07-079-06-03
247,e07-086-02-00
247,e07-083-06-00
247,e07-079-01-01
247,e07-076-05-05
247,e07-076-02-07
247,e07-083-09-04
247,e07-076-03-07
247,e07-090-09-02
247,e07-076-09-03
247,e07-083-09-05
247,e07-076-07-07
247,e07-086-00-02
247,e07-076-00-04
247,e07-079-04-01
247,e07-086-03-07
247,e07-086-06-06
247,e07-079-04-05
247,e07-083-02-02
247,e07-086-05-04
247,e07-079-08-07
247,e07-079-04-07
247,e07-076-02-06
247,e07-083-10-01
247,e07-086-06-02
247,e07-079-04-02
247,e07-090-07-01
247,e07-086-06-01
247,e07-083-01-03
247,e07-086-05-05
247,e07-086-08-01
247,e07-086-09-05
247,e07-076-09-06
247,e07-079-08-04
247,e07-083-03-06
247,e07-076-07-06
247,e07-090-03-01
247,e07-076-06-05
247,e07-076-03-02
247,e07-090-09-01
247,e07-083-08-02
247,e07-076-04-07
247,e07-090-06-01
247,e07-079-09-00
247,e07-079-03-01
247,e07-086-05-00
247,e07-090-05-04
247,e07-086-03-02
247,e07-086-06-07
247,e07-083-07-05
247,e07-086-00-06
247,e07-086-02-06
247,e07-086-04-03
247,e07-090-05-05
247,e07-079-01-03
247,e07-076-05-01
247,e07-083-03-00
247,e07-076-04-06
247,e07-090-02-01
247,e07-079-02-04
247,e07-083-03-04
247,e07-086-07-01
247,e07-083-02-00
247,e07-076-02-05
247,e07-079-08-00
247,e07-090-09-04
247,e07-086-07-07
247,e07-086-03-03
247,e07-076-06-07
247,e07-086-00-07
247,e07-083-04-01
247,e07-090-03-05
247,e07-079-10-02
247,e07-079-06-04
247,e07-090-04-01
247,e07-086-09-04
247,e07-090-02-02
247,e07-083-00-07
247,e07-076-06-00
247,e07-076-02-01
247,e07-079-04-08
247,e07-086-01-01
247,e07-079-06-00
247,e07-079-07-07
247,e07-079-02-02
247,e07-079-09-04
247,e07-076-06-01
247,e07-086-02-04
247,e07-090-07-00
247,e07-076-02-02
247,e07-086-06-04
247,e07-076-06-03
247,e07-090-02-04
247,e07-086-04-02
247,e07-090-02-06
247,e07-083-01-01
247,e07-090-04-07
247,e07-079-06-01
247,e07-083-10-02
247,e07-076-02-03
247,e07-079-09-05
247,e07-083-06-05
247,e07-086-08-02
247,e07-079-08-01
247,e07-083-08-05
247,e07-086-04-04
247,e07-076-00-08
247,e07-079-03-04
247,e07-076-04-00
247,e07-086-00-05
247,e07-076-03-01
247,e07-083-08-00
247,e07-090-03-03
247,e07-086-08-00
247,e07-090-02-07
247,e07-083-07-00
247,e07-076-05-08
247,e07-090-06-08
247,e07-076-01-05
247,e07-076-06-04
247,e07-076-03-03
247,e07-086-05-01
247,e07-086-04-00
247,e07-090-05-07
247,e07-076-04-02
247,e07-086-06-03
247,e07-079-07-02
247,e07-090-04-06
247,e07-090-08-00
247,e07-076-07-03
247,e07-079-01-04
247,e07-090-00-02
247,e07-076-00-05
247,e07-090-03-00
247,e07-086-01-00
247,e07-090-00-00
247,e07-086-09-03
247,e07-090-06-02
247,e07-086-06-05
247,e07-079-08-05
247,e07-076-00-06
247,e07-086-09-01
247,e07-090-05-02
247,e07-086-03-06
247,e07-076-01-06
247,e07-086-07-03
247,e07-090-02-00
247,e07-076-05-04
247,e07-090-09-00
247,e07-076-01-02
247,e07-079-08-03
247,e07-079-10-01
247,e07-083-07-01
247,e07-076-09-04
247,e07-083-10-00
247,e07-076-07-05
247,e07-076-07-01
247,e07-083-00-05
247,e07-090-02-05
247,e07-076-07-02
247,e07-090-04-02
247,e07-083-03-05
247,e07-076-00-00
247,e07-083-06-03
247,e07-079-10-04
247,e07-079-06-05
247,e07-083-05-03
247,e07-083-04-02
247,e07-079-09-01
247,e07-079-04-06
247,e07-090-06-05
247,e07-083-00-02
247,e07-076-07-04
247,e07-083-07-04
247,e07-090-08-01
247,e07-079-04-03
247,e07-083-09-00
247,e07-076-03-08
247,e07-086-03-00
247,e07-079-01-06
247,e07-090-02-03
247,e07-079-02-00
247,e07-090-04-04
247,e07-083-06-04
247,e07-076-02-00
247,e07-083-02-04
247,e07-076-06-06
247,e07-090-05-01
247,e07-079-04-00
247,e07-083-01-06
247,e07-090-00-01
247,e07-083-00-06
247,e07-090-00-05
247,e07-083-04-03
247,e07-086-01-02
247,e07-090-06-00
247,e07-086-08-04
247,e07-083-07-06
247,e07-090-03-04
247,e07-076-03-06
247,e07-079-02-05
247,e07-076-01-04
247,e07-076-06-02
247,e07-079-03-05
247,e07-076-09-01
247,e07-090-03-06
247,e07-079-10-05
247,e07-079-08-06
247,e07-083-01-02
247,e07-090-07-03
247,e07-086-09-02
247,e07-083-04-04
247,e07-086-04-01
247,e07-083-05-01
247,e07-086-06-00
247,e07-083-05-06
247,e07-083-09-03
247,e07-090-08-04
247,e07-083-08-03
247,e07-086-03-04
247,e07-079-07-03
247,e07-083-07-02
247,e07-086-05-02
247,e07-076-05-00
247,e07-076-00-03
247,e07-079-07-04
247,e07-090-00-03
247,e07-083-04-08
247,e07-083-05-04
247,e07-076-04-05
247,e07-079-07-06
247,e07-086-00-01
247,e07-086-01-03
247,e07-083-03-03
247,e07-086-02-05
247,e07-086-04-05
247,e07-076-01-03
247,e07-079-07-01
247,e07-079-04-04
247,e07-079-02-03
247,e07-083-02-07
247,e07-083-00-04
247,e07-076-07-00
247,e07-079-09-03
247,e07-086-07-04
247,e07-090-00-04
247,e07-079-03-06
247,e07-083-03-01
247,e07-090-00-06
247,e07-090-07-04
247,e07-086-07-00
247,e07-076-01-00
247,e07-076-09-05
247,e07-079-07-05
247,e07-076-05-02
247,e07-090-05-00
247,e07-083-02-05
247,e07-083-04-07
247,e07-076-09-02
247,e07-086-07-05
247,e07-079-10-03
247,e07-076-04-03
247,e07-079-02-01
247,e07-086-04-07
247,e07-090-06-04
247,e07-083-10-06
247,e07-086-01-04
247,e07-083-02-03
247,e07-079-06-02
247,e07-079-03-02
247,e07-079-01-02
247,e07-083-10-04
247,e07-076-04-01
247,e07-076-05-07
247,e07-086-00-00
247,e07-086-03-01
247,e07-083-01-00
247,e07-090-04-03
247,e07-083-05-02
247,e07-076-02-04
247,e07-090-03-02
247,e07-090-09-03
247,e07-083-06-01
247,e07-090-07-05
247,e07-076-09-00
247,e07-083-04-06
247,e07-083-07-03
247,e07-076-03-04
247,e07-083-08-06
247,e07-086-00-03
247,e07-083-02-01
247,e07-086-09-00
247,e07-086-01-06
247,e07-090-06-07
247,e07-090-05-06
247,e07-090-04-00
247,e07-076-00-07
247,e07-076-05-03
247,e07-076-03-00
247,e07-086-07-02
247,e07-079-01-00
247,e07-076-04-04
247,e07-086-08-05
247,e07-083-00-01
247,e07-083-10-07
247,e07-076-01-01
247,e07-090-05-03
247,e07-086-02-01
247,e07-086-07-06
247,e07-083-08-01
247,e07-083-10-03
247,e07-090-07-02
247,e07-079-03-03
247,e07-079-07-00
247,e07-083-01-07
247,e07-083-10-05
247,e07-086-06-08
247,e07-083-09-01
247,e07-076-00-01
247,e07-083-04-00
247,e07-083-06-02
247,e07-076-03-05
247,e07-083-06-06
247,e07-083-01-05
247,e07-083-05-00
247,e07-090-06-06
248,e07-101-08-03
248,e07-098-07-06
248,e07-108-02-05
248,e07-108-01-05
248,e07-108-05-04
248,e07-101-07-06
248,e07-098-05-00
248,e07-094-04-05
248,e07-094-01-02
248,e07-108-01-07
248,e07-108-06-00
248,e07-094-02-04
248,e07-101-09-03
248,e07-094-02-07
248,e07-105-03-06
248,e07-105-02-05
248,e07-101-02-05
248,e07-101-09-07
248,e07-098-02-06
248,e07-098-04-03
248,e07-101-05-08
248,e07-094-05-03
248,e07-098-05-03
248,e07-094-03-07
248,e07-101-00-07
248,e07-094-00-06
248,e07-094-04-01
248,e07-098-08-07
248,e07-105-04-08
248,e07-098-02-07
248,e07-098-06-02
248,e07-094-03-08
248,e07-098-05-07
248,e07-105-06-08
248,e07-098-07-00
248,e07-105-07-02
248,e07-101-04-05
248,e07-098-00-06
248,e07-108-09-05
248,e07-108-09-07
248,e07-105-01-00
248,e07-108-07-09
248,e07-098-00-00
248,e07-098-00-07
248,e07-101-06-02
248,e07-094-00-04
248,e07-098-02-08
248,e07-105-00-02
248,e07-094-07-06
248,e07-098-03-08
248,e07-108-08-04
248,e07-094-04-04
248,e07-094-01-05
248,e07-094-02-06
248,e07-094-03-06
248,e07-105-07-01
248,e07-094-07-02
248,e07-098-08-04
248,e07-098-02-00
248,e07-105-05-05
248,e07-098-01-00
248,e07-098-06-05
248,e07-098-06-04
248,e07-108-04-06
248,e07-105-00-00
248,e07-101-02-03
248,e07-105-03-00
248,e07-108-07-08
248,e07-101-07-00
248,e07-108-07-05
248,e07-101-03-04
248,e07-094-03-02
248,e07-108-10-01
248,e07-105-04-01
248,e07-101-04-02
248,e07-094-02-03
248,e07-094-05-02
248,e07-101-06-00
248,e07-108-02-01
248,e07-094-04-00
248,e07-108-01-03
248,e07-101-00-04
248,e07-108-07-00
248,e07-094-04-06
248,e07-098-02-03
248,e07-098-03-06
248,e07-108-04-07
248,e07-098-00-05
248,e07-098-00-01
248,e07-101-01-06
248,e07-108-00-01
248,e07-098-07-01
248,e07-105-05-04
248,e07-108-09-01
248,e07-098-09-02
248,e07-108-07-02
248,e07-101-06-06
248,e07-101-08-06
248,e07-101-01-10
248,e07-101-08-04
248,e07-108-02-06
248,e07-108-07-04
248,e07-108-07-06
248,e07-108-01-06
248,e07-098-05-02
248,e07-098-01-08
248,e07-098-05-04
248,e07-101-09-04
248,e07-098-00-03
248,e07-108-01-02
248,e07-105-02-00
248,e07-101-03-03
248,e07-108-08-01
248,e07-094-04-03
248,e07-108-01-00
248,e07-101-00-00
248,e07-105-04-05
248,e07-108-05-02
248,e07-098-09-00
248,e07-101-05-03
248,e07-101-09-05
248,e07-098-07-02
248,e07-094-01-01
248,e07-108-06-01
248,e07-101-10-00
248,e07-108-06-02
248,e07-108-06-07
248,e07-105-02-01
248,e07-105-00-04
248,e07-094-07-01
248,e07-101-09-08
248,e07-101-03-02
248,e07-108-05-06
248,e07-101-00-08
248,e07-105-06-06
248,e07-098-05-05
248,e07-098-09-04
248,e07-101-09-06
248,e07-105-00-05
248,e07-094-02-02
248,e07-105-03-03
248,e07-108-04-04
248,e07-101-08-01
248,e07-108-06-03
248,e07-105-04-07
248,e07-098-04-06
248,e07-105-06-02
248,e07-105-05-06
248,e07-108-02-02
248,e07-108-00-08
248,e07-108-05-01
248,e07-101-00-01
248,e07-108-05-00
248,e07-098-03-04
248,e07-098-06-00
248,e07-101-07-03
248,e07-108-06-05
248,e07-094-01-09
248,e07-098-06-06
248,e07-098-02-02
248,e07-105-02-02
248,e07-098-07-04
248,e07-105-06-05
248,e07-094-05-07
248,e07-098-08-00
248,e07-094-00-00
248,e07-098-03-00
248,e07-108-06-08
248,e07-094-03-00
248,e07-094-07-05
248,e07-105-05-00
248,e07-105-02-04
248,e07-098-05-06
248,e07-101-02-02
248,e07-094-01-08
248,e07-098-01-07
248,e07-098-04-07
248,e07-108-05-05
248,e07-101-10-01
248,e07-101-01-11
248,e07-108-07-03
248,e07-101-06-01
248,e07-101-07-01
248,e07-094-03-04
248,e07-098-08-01
248,e07-108-08-02
248,e07-098-00-08
248,e07-101-08-08
248,e07-108-00-05
248,e07-098-04-01
248,e07-098-08-06
248,e07-105-07-00
248,e07-105-04-00
248,e07-101-03-06
248,e07-098-08-03
248,e07-098-07-07
248,e07-105-01-01
248,e07-105-04-03
248,e07-108-10-00
248,e07-098-00-04
248,e07-094-00-08
248,e07-105-06-00
248,e07-101-00-06
248,e07-098-00-10
248,e07-101-05-07
248,e07-094-05-05
248,e07-101-04-03
248,e07-101-03-00
248,e07-108-00-00
248,e07-094-02-05
248,e07-101-01-05
248,e07-105-03-04
248,e07-094-00-02
248,e07-094-01-04
248,e07-101-02-06
248,e07-101-02-00
248,e07-108-00-06
248,e07-101-07-07
248,e07-101-03-09
248,e07-098-01-02
248,e07-101-03-01
248,e07-105-01-02
248,e07-098-08-08
248,e07-108-06-06
248,e07-101-01-08
248,e07-094-00-05
248,e07-108-01-04
248,e07-108-02-03
248,e07-101-02-04
248,e07-098-02-04
248,e07-101-04-04
248,e07-101-04-01
248,e07-105-04-04
248,e07-094-00-03
248,e07-098-04-05
248,e07-101-06-08
248,e07-101-09-00
248,e07-101-03-07
248,e07-098-05-01
248,e07-098-00-02
248,e07-094-01-07
248,e07-108-04-03
248,e07-098-01-03
248,e07-094-01-00
248,e07-098-02-09
248,e07-094-05-01
248,e07-094-00-07
248,e07-101-05-00
248,e07-098-06-03
248,e07-098-08-02
248,e07-108-08-07
248,e07-101-08-05
248,e07-108-00-04
248,e07-105-01-06
248,e07-094-03-05
248,e07-101-01-00
248,e07-098-04-02
248,e07-101-00-05
248,e07-105-01-04
248,e07-105-03-02
248,e07-108-01-01
248,e07-101-03-05
248,e07-098-06-01
248,e07-108-02-00
248,e07-098-01-04
248,e07-098-06-07
248,e07-101-05-01
248,e07-098-03-07
248,e07-101-08-02
248,e07-105-00-03
248,e07-108-09-06
248,e07-101-03-08
248,e07-098-06-09
248,e07-105-03-05
248,e07-101-08-07
248,e07-094-05-08
248,e07-105-02-07
248,e07-101-09-09
248,e07-108-07-07
248,e07-098-02-05
248,e07-105-04-02
248,e07-098-01-06
248,e07-108-04-05
248,e07-098-00-09
248,e07-094-05-06
248,e07-101-09-01
248,e07-094-03-03
248,e07-101-02-01
248,e07-105-06-01
248,e07-101-01-09
248,e07-101-05-02
248,e07-101-01-01
248,e07-101-06-03
248,e07-098-02-01
248,e07-108-08-03
248,e07-108-06-04
248,e07-101-09-02
248,e07-098-03-01
248,e07-108-07-01
248,e07-098-04-00
248,e07-094-03-09
248,e07-101-01-04
248,e07-101-06-05
248,e07-094-04-07
248,e07-105-00-01
248,e07-098-06-08
248,e07-098-01-05
248,e07-101-04-07
248,e07-094-02-00
248,e07-098-09-01
248,e07-108-08-06
248,e07-098-08-05
248,e07-101-07-05
248,e07-108-00-03
248,e07-098-03-05
248,e07-101-05-06
248,e07-108-02-04
248,e07-094-07-03
248,e07-108-05-08
248,e07-101-07-02
248,e07-108-08-00
248,e07-105-05-03
248,e07-094-07-07
248,e07-108-00-07
248,e07-108-05-07
248,e07-101-01-07
248,e07-105-05-01
248,e07-101-08-00
248,e07-105-02-06
248,e07-094-05-04
248,e07-094-00-01
248,e07-101-07-04
248,e07-101-01-03
248,e07-108-00-02
248,e07-101-06-07
248,e07-094-02-08
248,e07-108-09-02
248,e07-101-04-06
248,e07-101-00-02
248,e07-105-01-05
248,e07-105-03-01
248,e07-094-07-04
248,e07-094-05-00
248,e07-101-05-05
248,e07-101-01-02
248,e07-094-01-03
248,e07-094-03-01
248,e07-098-03-02
248,e07-098-07-03
248,e07-108-04-00
248,e07-098-09-03
248,e07-105-01-03
248,e07-108-09-03
248,e07-101-07-08
248,e07-101-05-04
248,e07-108-08-05
248,e07-108-04-02
248,e07-108-09-00
248,e07-094-07-00
248,e07-105-06-07
248,e07-094-01-06
248,e07-101-04-00
248,e07-105-04-06
248,e07-108-04-01
248,e07-105-05-02
248,e07-094-02-01
248,e07-105-03-07
248,e07-101-00-03
248,e07-105-02-03
248,e07-105-06-03
248,e07-098-03-03
248,e07-108-05-03
248,e07-101-06-04
248,e07-108-09-04
248,e07-098-01-01
248,e07-094-04-02
249,e07-112-00-01
249,e07-112-03-07
249,e07-112-02-02
249,e07-112-05-00
249,e07-112-00-05
249,e07-112-02-01
249,e07-112-00-02
249,e07-112-03-05
249,e07-112-02-05
249,e07-112-04-04
249,e07-112-00-03
249,e07-112-02-06
249,e07-112-01-06
249,e07-112-04-03
249,e07-112-01-03
249,e07-112-03-04
249,e07-112-00-00
249,e07-112-01-02
249,e07-112-04-00
249,e07-112-01-00
249,e07-112-03-06
249,e07-112-02-07
249,e07-112-04-05
249,e07-112-04-02
249,e07-112-05-08
249,e07-112-01-04
249,e07-112-01-05
249,e07-112-02-03
249,e07-112-03-00
249,e07-112-05-04
249,e07-112-04-01
249,e07-112-02-04
249,e07-112-05-01
249,e07-112-00-04
249,e07-112-05-05
249,e07-112-03-03
249,e07-112-03-02
249,e07-112-02-00
249,e07-112-05-07
249,e07-112-05-06
249,e07-112-01-07
249,e07-112-05-02
250,f01-053-02-01
250,f01-058-00-04
250,f01-053-02-03
250,f01-053-04-04
250,f01-058-04-05
250,f01-058-03-00
250,f01-053-06-04
250,f01-053-07-03
250,f01-058-03-02
250,f01-053-01-00
250,f01-058-07-01
250,f01-058-05-01
250,f01-058-08-02
250,f01-058-02-07
250,f01-053-01-04
250,f01-053-01-05
250,f01-058-04-00
250,f01-053-06-05
250,f01-058-05-02
250,f01-058-00-02
250,f01-053-05-01
250,f01-058-02-04
250,f01-058-09-03
250,f01-058-00-05
250,f01-058-05-00
250,f01-053-01-01
250,f01-058-09-04
250,f01-058-01-04
250,f01-053-05-04
250,f01-053-05-02
250,f01-053-05-05
250,f01-058-02-02
250,f01-058-09-07
250,f01-053-07-04
250,f01-053-07-01
250,f01-058-03-04
250,f01-058-01-06
250,f01-058-08-06
250,f01-053-04-02
250,f01-053-05-07
250,f01-058-06-01
250,f01-053-06-06
250,f01-058-02-00
250,f01-058-06-00
250,f01-058-03-03
250,f01-058-01-05
250,f01-058-08-01
250,f01-053-04-05
250,f01-058-05-06
250,f01-053-02-05
250,f01-058-01-01
250,f01-053-04-00
250,f01-058-02-03
250,f01-053-07-05
250,f01-058-05-05
250,f01-053-02-04
250,f01-058-07-00
250,f01-058-09-05
250,f01-058-00-00
250,f01-058-03-05
250,f01-053-01-02
250,f01-058-00-06
250,f01-053-01-03
250,f01-058-04-01
250,f01-058-05-07
250,f01-058-09-00
250,f01-058-00-03
250,f01-053-02-06
250,f01-058-09-02
250,f01-053-06-07
250,f01-058-04-08
250,f01-058-05-04
250,f01-053-04-01
250,f01-053-02-09
250,f01-058-00-01
250,f01-058-07-03
250,f01-058-02-05
250,f01-053-07-02
250,f01-058-08-05
250,f01-058-08-04
250,f01-058-09-06
250,f01-053-04-06
250,f01-053-06-00
250,f01-058-04-02
250,f01-053-04-03
250,f01-058-07-07
250,f01-058-02-01
250,f01-058-07-05
250,f01-053-06-03
250,f01-053-02-08
250,f01-058-06-04
250,f01-058-06-02
250,f01-053-05-09
250,f01-053-06-02
250,f01-053-05-00
250,f01-058-01-02
250,f01-058-07-04
250,f01-058-04-04
250,f01-058-02-06
250,f01-053-05-08
250,f01-058-04-03
250,f01-053-06-01
250,f01-053-07-06
250,f01-053-01-06
250,f01-053-05-06
250,f01-058-01-03
250,f01-058-07-02
250,f01-058-06-03
250,f01-058-03-01
250,f01-053-02-00
250,f01-058-07-06
250,f01-058-02-08
250,f01-053-02-07
250,f01-053-07-00
250,f01-058-04-07
250,f01-058-08-03
250,f01-053-05-03
250,f01-058-09-01
250,f01-058-05-03
250,f01-058-08-00
250,f01-058-04-06
250,f01-058-01-00
250,f01-053-02-02
251,f01-066-05-02
251,f01-066-07-06
251,f01-066-07-12
251,f01-066-05-08
251,f01-066-02-06
251,f01-066-05-07
251,f01-066-02-01
251,f01-066-05-06
251,f01-066-08-06
251,f01-066-02-05
251,f01-066-09-04
251,f01-066-09-01
251,f01-066-08-08
251,f01-066-05-05
251,f01-066-09-02
251,f01-066-05-13
251,f01-066-02-04
251,f01-066-02-03
251,f01-066-02-02
251,f01-066-08-04
251,f01-066-07-04
251,f01-066-02-11
251,f01-066-09-03
251,f01-066-07-09
251,f01-066-08-03
251,f01-066-05-10
251,f01-066-05-11
251,f01-066-02-12
251,f01-066-07-05
251,f01-066-02-07
251,f01-066-08-00
251,f01-066-02-08
251,f01-066-09-06
251,f01-066-05-00
251,f01-066-08-01
251,f01-066-07-10
251,f01-066-07-13
251,f01-066-02-10
251,f01-066-05-04
251,f01-066-05-09
251,f01-066-07-03
251,f01-066-09-00
251,f01-066-05-01
251,f01-066-07-02
251,f01-066-09-05
251,f01-066-07-00
251,f01-066-08-05
251,f01-066-02-00
251,f01-066-07-01
251,f01-066-05-12
251,f01-066-05-03
251,f01-066-02-09
251,f01-066-08-02
251,f01-066-07-11
251,f01-066-07-08
251,f01-066-08-07
251,f01-066-07-07
252,f01-070-04-06
252,f01-070-03-03
252,f01-070-07-01
252,f01-070-06-02
252,f01-070-07-00
252,f01-070-06-04
252,f01-070-03-01
252,f01-070-06-00
252,f01-070-07-02
252,f01-070-04-07
252,f01-070-08-04
252,f01-070-07-09
252,f01-070-04-02
252,f01-070-06-09
252,f01-070-00-05
252,f01-070-06-01
252,f01-070-07-05
252,f01-070-03-08
252,f01-070-08-02
252,f01-070-06-05
252,f01-070-05-03
252,f01-070-08-07
252,f01-070-05-00
252,f01-070-03-06
252,f01-070-07-04
252,f01-070-08-08
252,f01-070-03-09
252,f01-070-08-00
252,f01-070-07-07
252,f01-070-04-00
252,f01-070-00-00
252,f01-070-07-06
252,f01-070-04-05
252,f01-070-03-10
252,f01-070-00-02
252,f01-070-08-03
252,f01-070-07-10
252,f01-070-06-06
252,f01-070-00-01
252,f01-070-06-08
252,f01-070-03-05
252,f01-070-00-06
252,f01-070-04-01
252,f01-070-06-03
252,f01-070-05-06
252,f01-070-05-02
252,f01-070-05-08
252,f01-070-05-05
252,f01-070-03-04
252,f01-070-07-03
252,f01-070-06-11
252,f01-070-05-04
252,f01-070-03-02
252,f01-070-05-01
252,f01-070-08-05
252,f01-070-07-08
252,f01-070-00-07
252,f01-070-03-00
252,f01-070-04-03
252,f01-070-04-04
252,f01-070-08-06
252,f01-070-06-07
252,f01-070-00-04
252,f01-070-06-10
252,f01-070-08-01
252,f01-070-03-07
252,f01-070-00-03
252,f01-070-05-07
253,f01-075-08-08
253,f01-075-00-09
253,f01-075-05-06
253,f01-075-04-02
253,f01-075-04-03
253,f01-075-01-07
253,f01-075-00-06
253,f01-075-05-02
253,f01-075-01-08
253,f01-075-07-04
253,f01-075-06-03
253,f01-075-06-05
253,f01-075-01-05
253,f01-075-07-00
253,f01-075-09-08
253,f01-075-08-04
253,f01-075-08-02
253,f01-075-00-04
253,f01-075-00-03
253,f01-075-02-06
253,f01-075-09-07
253,f01-075-00-00
253,f01-075-03-04
253,f01-075-02-02
253,f01-075-03-01
253,f01-075-00-02
253,f01-075-06-08
253,f01-075-00-08
253,f01-075-09-02
253,f01-075-05-00
253,f01-075-01-06
253,f01-075-04-01
253,f01-075-09-01
253,f01-075-08-00
253,f01-075-05-03
253,f01-075-02-05
253,f01-075-05-05
253,f01-075-06-07
253,f01-075-09-05
253,f01-075-03-05
253,f01-075-10-01
253,f01-075-06-06
253,f01-075-01-02
253,f01-075-05-04
253,f01-075-09-04
253,f01-075-00-07
253,f01-075-08-03
253,f01-075-09-03
253,f01-075-04-05
253,f01-075-06-04
253,f01-075-08-07
253,f01-075-01-01
253,f01-075-04-04
253,f01-075-01-03
253,f01-075-08-09
253,f01-075-02-04
253,f01-075-04-07
253,f01-075-01-04
253,f01-075-09-06
253,f01-075-10-03
253,f01-075-07-02
253,f01-075-07-05
253,f01-075-03-06
253,f01-075-02-03
253,f01-075-05-01
253,f01-075-08-05
253,f01-075-06-01
253,f01-075-07-06
253,f01-075-06-00
253,f01-075-09-09
253,f01-075-03-00
253,f01-075-07-03
253,f01-075-03-02
253,f01-075-08-06
253,f01-075-04-06
253,f01-075-02-00
253,f01-075-07-01
253,f01-075-06-02
253,f01-075-00-05
253,f01-075-08-01
253,f01-075-02-01
253,f01-075-10-02
253,f01-075-00-01
253,f01-075-09-10
253,f01-075-03-03
253,f01-075-01-00
253,f01-075-04-00
253,f01-075-10-00
253,f01-075-09-00
254,f01-085-02-06
254,f01-085-05-07
254,f01-085-00-05
254,f01-085-01-03
254,f01-081-03-04
254,f01-081-03-08
254,f01-081-03-05
254,f01-085-01-08
254,f01-081-02-03
254,f01-085-00-03
254,f01-081-02-06
254,f01-081-03-02
254,f01-085-05-06
254,f01-085-01-06
254,f01-085-00-02
254,f01-085-02-10
254,f01-085-05-02
254,f01-081-02-02
254,f01-081-03-01
254,f01-081-02-00
254,f01-081-03-00
254,f01-085-05-05
254,f01-085-05-01
254,f01-085-01-04
254,f01-085-00-06
254,f01-081-02-07
254,f01-085-00-01
254,f01-085-00-00
254,f01-081-03-09
254,f01-081-03-06
254,f01-085-02-02
254,f01-085-01-01
254,f01-081-02-09
254,f01-085-02-00
254,f01-085-05-03
254,f01-085-02-04
254,f01-085-01-02
254,f01-085-05-08
254,f01-085-02-09
254,f01-085-01-05
254,f01-081-02-08
254,f01-085-01-00
254,f01-085-05-04
254,f01-085-02-01
254,f01-085-05-00
254,f01-085-02-07
254,f01-081-02-04
254,f01-085-02-03
254,f01-081-02-05
254,f01-085-02-05
254,f01-081-02-01
254,f01-085-01-07
254,f01-081-03-03
254,f01-081-03-07
254,f01-085-00-04
254,f01-085-02-08
255,f01-135-08-05
255,f01-135-07-03
255,f01-135-06-02
255,f01-135-01-01
255,f01-135-06-00
255,f01-135-01-03
255,f01-135-04-04
255,f01-135-00-03
255,f01-135-10-03
255,f01-135-01-00
255,f01-135-09-02
255,f01-135-05-00
255,f01-135-08-00
255,f01-135-09-03
255,f01-135-07-01
255,f01-135-00-01
255,f01-135-08-01
255,f01-135-05-01
255,f01-135-02-01
255,f01-135-05-02
255,f01-135-06-05
255,f01-135-01-06
255,f01-135-01-02
255,f01-135-04-03
255,f01-135-07-00
255,f01-135-00-00
255,f01-135-03-00
255,f01-135-09-01
255,f01-135-06-01
255,f01-135-02-00
255,f01-135-08-02
255,f01-135-00-02
255,f01-135-08-03
255,f01-135-04-01
255,f01-135-00-04
255,f01-135-10-01
255,f01-135-04-02
255,f01-135-09-00
255,f01-135-07-04
255,f01-135-07-02
255,f01-135-00-06
255,f01-135-06-04
255,f01-135-01-05
255,f01-135-02-03
255,f01-135-03-02
255,f01-135-03-01
255,f01-135-06-03
255,f01-135-08-04
255,f01-135-00-05
255,f01-135-04-00
255,f01-135-02-02
255,f01-135-05-04
255,f01-135-10-04
255,f01-135-10-02
255,f01-135-05-03
255,f01-135-10-00
255,f01-135-01-04
256,f01-147-00-01
256,f01-143-03-04
256,f01-147-06-01
256,f01-143-01-02
256,f01-147-07-00
256,f01-147-02-08
256,f01-147-01-07
256,f01-143-02-08
256,f01-147-06-12
256,f01-143-02-00
256,f01-143-01-01
256,f01-147-02-07
256,f01-143-06-06
256,f01-147-06-04
256,f01-147-04-04
256,f01-147-00-08
256,f01-147-07-08
256,f01-143-05-04
256,f01-147-02-01
256,f01-143-05-09
256,f01-147-06-08
256,f01-143-03-01
256,f01-147-06-10
256,f01-147-01-06
256,f01-147-03-11
256,f01-143-03-05
256,f01-147-03-02
256,f01-147-04-01
256,f01-147-04-02
256,f01-147-05-06
256,f01-143-01-00
256,f01-143-01-07
256,f01-147-06-03
256,f01-147-06-11
256,f01-143-06-03
256,f01-143-01-06
256,f01-147-07-03
256,f01-143-02-01
256,f01-143-04-05
256,f01-147-04-09
256,f01-143-03-03
256,f01-147-02-04
256,f01-147-06-07
256,f01-147-01-03
256,f01-147-06-05
256,f01-147-01-05
256,f01-147-05-00
256,f01-147-00-06
256,f01-147-01-08
256,f01-143-05-00
256,f01-147-05-03
256,f01-143-06-08
256,f01-147-05-04
256,f01-147-03-08
256,f01-147-01-00
256,f01-147-04-00
256,f01-143-05-01
256,f01-143-06-04
256,f01-147-00-05
256,f01-147-01-01
256,f01-147-03-10
256,f01-143-02-04
256,f01-147-07-07
256,f01-143-02-02
256,f01-147-05-01
256,f01-143-03-07
256,f01-143-02-03
256,f01-143-06-01
256,f01-143-04-07
256,f01-143-06-02
256,f01-143-03-06
256,f01-143-05-05
256,f01-147-03-06
256,f01-147-05-05
256,f01-147-04-07
256,f01-147-07-01
256,f01-143-05-10
256,f01-143-01-03
256,f01-147-04-05
256,f01-147-08-02
256,f01-147-03-07
256,f01-147-03-04
256,f01-147-04-08
256,f01-143-03-02
256,f01-147-06-06
256,f01-147-02-06
256,f01-143-06-00
256,f01-143-06-07
256,f01-147-00-04
256,f01-147-07-02
256,f01-143-04-00
256,f01-147-07-05
256,f01-147-05-07
256,f01-143-02-05
256,f01-143-01-05
256,f01-147-03-03
256,f01-143-04-01
256,f01-147-00-07
256,f01-147-03-09
256,f01-143-05-03
256,f01-147-03-00
256,f01-147-02-03
256,f01-143-04-04
256,f01-143-02-06
256,f01-147-00-03
256,f01-143-04-06
256,f01-147-02-05
256,f01-147-08-01
256,f01-147-03-05
256,f01-143-06-05
256,f01-147-00-02
256,f01-143-03-00
256,f01-147-00-00
256,f01-143-04-10
256,f01-143-04-03
256,f01-143-02-07
256,f01-143-05-07
256,f01-147-07-09
256,f01-143-01-04
256,f01-147-01-02
256,f01-147-08-00
256,f01-143-04-08
256,f01-147-00-09
256,f01-143-05-02
256,f01-143-05-06
256,f01-147-07-04
256,f01-147-02-02
256,f01-147-06-09
256,f01-147-02-00
256,f01-143-04-02
256,f01-147-03-01
256,f01-147-04-03
256,f01-147-01-04
256,f01-143-05-08
256,f01-143-04-09
256,f01-147-06-00
256,f01-147-07-06
256,f01-147-06-02
256,f01-147-05-02
257,f02-000-00-03
257,f02-000-03-02
257,f02-000-08-02
257,f02-000-08-04
257,f02-000-04-05
257,f02-000-03-00
257,f02-000-04-01
257,f02-000-06-05
257,f02-000-04-04
257,f02-000-06-00
257,f02-000-02-09
257,f02-000-02-02
257,f02-000-08-00
257,f02-000-06-03
257,f02-000-08-05
257,f02-000-02-05
257,f02-000-00-01
257,f02-000-03-05
257,f02-000-00-07
257,f02-000-04-00
257,f02-000-02-07
257,f02-000-06-01
257,f02-000-02-04
257,f02-000-00-05
257,f02-000-03-06
257,f02-000-06-02
257,f02-000-02-06
257,f02-000-06-06
257,f02-000-08-06
257,f02-000-00-02
257,f02-000-03-01
257,f02-000-08-03
257,f02-000-00-00
257,f02-000-02-10
257,f02-000-03-03
257,f02-000-00-06
257,f02-000-04-02
257,f02-000-02-01
257,f02-000-08-01
257,f02-000-06-08
257,f02-000-03-04
257,f02-000-02-00
257,f02-000-02-08
257,f02-000-06-04
257,f02-000-04-03
257,f02-000-06-07
257,f02-000-02-03
258,f02-003-03-07
258,f02-003-05-07
258,f02-003-04-01
258,f02-003-01-06
258,f02-003-01-02
258,f02-003-05-01
258,f02-003-00-05
258,f02-003-00-04
258,f02-003-00-03
258,f02-003-05-05
258,f02-003-05-04
258,f02-003-05-03
258,f02-003-05-02
258,f02-003-02-03
258,f02-003-00-09
258,f02-003-02-02
258,f02-003-04-00
258,f02-003-01-01
258,f02-003-04-03
258,f02-003-02-01
258,f02-003-03-04
258,f02-003-03-08
258,f02-003-00-10
258,f02-003-04-02
258,f02-003-00-06
258,f02-003-00-01
258,f02-003-01-07
258,f02-003-05-00
258,f02-003-01-05
258,f02-003-03-05
258,f02-003-01-04
258,f02-003-02-05
258,f02-003-02-09
258,f02-003-04-07
258,f02-003-04-04
258,f02-003-03-02
258,f02-003-04-05
258,f02-003-02-04
258,f02-003-00-07
258,f02-003-03-01
258,f02-003-00-08
258,f02-003-03-06
258,f02-003-02-00
258,f02-003-01-03
258,f02-003-00-02
258,f02-003-03-03
258,f02-003-02-07
258,f02-003-04-06
258,f02-003-02-08
258,f02-003-05-06
258,f02-003-02-06
258,f02-003-03-00
258,f02-003-01-08
258,f02-003-00-00
258,f02-003-01-00
259,f02-017-06-07
259,f02-033-00-00
259,f02-033-10-03
259,f02-033-02-03
259,f02-033-00-02
259,f02-017-08-07
259,f02-017-01-02
259,f02-017-08-06
259,f02-017-02-01
259,f02-017-07-01
259,f02-017-06-08
259,f02-033-00-07
259,f02-017-03-05
259,f02-033-03-07
259,f02-017-00-08
259,f02-017-04-06
259,f02-033-02-06
259,f02-033-05-06
259,f02-033-03-08
259,f02-017-06-02
259,f02-033-07-02
259,f02-017-05-04
259,f02-017-02-03
259,f02-033-10-01
259,f02-017-04-01
259,f02-033-09-05
259,f02-033-03-03
259,f02-033-09-02
259,f02-033-05-02
259,f02-033-07-00
259,f02-033-09-03
259,f02-017-08-00
259,f02-033-00-03
259,f02-033-10-00
259,f02-033-05-04
259,f02-033-03-01
259,f02-017-06-09
259,f02-033-01-02
259,f02-017-01-01
259,f02-017-06-03
259,f02-033-07-01
259,f02-017-01-06
259,f02-017-04-02
259,f02-033-09-04
259,f02-033-01-01
259,f02-017-07-05
259,f02-017-04-04
259,f02-017-03-02
259,f02-033-01-04
259,f02-017-03-03
259,f02-017-07-03
259,f02-033-04-03
259,f02-017-00-05
259,f02-017-02-02
259,f02-017-08-05
259,f02-033-02-00
259,f02-033-02-04
259,f02-033-01-08
259,f02-017-05-05
259,f02-033-05-01
259,f02-017-02-04
259,f02-017-05-01
259,f02-017-07-02
259,f02-017-01-03
259,f02-017-05-08
259,f02-033-04-01
259,f02-017-00-01
259,f02-017-06-06
259,f02-017-03-00
259,f02-017-06-01
259,f02-017-00-07
259,f02-017-08-01
259,f02-033-00-04
259,f02-033-05-00
259,f02-033-02-05
259,f02-017-08-04
259,f02-033-03-00
259,f02-033-09-06
259,f02-017-02-00
259,f02-033-05-05
259,f02-017-03-01
259,f02-017-04-00
259,f02-033-04-02
259,f02-017-04-07
259,f02-017-05-00
259,f02-017-05-06
259,f02-017-01-07
259,f02-017-02-07
259,f02-033-04-00
259,f02-033-01-03
259,f02-017-00-04
259,f02-033-03-02
259,f02-033-00-06
259,f02-017-07-06
259,f02-017-00-06
259,f02-017-08-03
259,f02-017-00-03
259,f02-017-07-00
259,f02-017-06-04
259,f02-033-07-08
259,f02-033-09-01
259,f02-033-07-07
259,f02-017-04-03
259,f02-033-03-05
259,f02-033-04-04
259,f02-017-06-00
259,f02-033-09-00
259,f02-017-07-04
259,f02-017-01-05
259,f02-017-05-07
259,f02-017-06-05
259,f02-017-03-06
259,f02-017-00-02
259,f02-033-10-04
259,f02-033-09-07
259,f02-033-07-04
259,f02-033-10-06
259,f02-017-08-02
259,f02-033-01-07
259,f02-017-03-07
259,f02-017-06-10
259,f02-017-01-00
259,f02-017-02-05
259,f02-017-04-05
259,f02-017-05-02
259,f02-017-00-00
259,f02-033-01-06
259,f02-033-01-00
259,f02-033-07-03
259,f02-017-03-04
259,f02-033-05-03
259,f02-017-05-03
259,f02-033-10-02
259,f02-033-00-05
259,f02-033-03-09
259,f02-017-01-04
259,f02-033-07-06
259,f02-033-10-05
259,f02-033-03-06
259,f02-017-07-08
259,f02-017-02-06
259,f02-017-07-07
259,f02-033-01-05
259,f02-033-07-05
259,f02-017-05-09
259,f02-033-02-02
259,f02-033-03-04
260,f02-020-02-07
260,f02-020-00-00
260,f02-020-03-11
260,f02-020-05-06
260,f02-020-03-01
260,f02-020-03-09
260,f02-020-00-02
260,f02-020-05-01
260,f02-020-02-02
260,f02-020-01-02
260,f02-020-06-04
260,f02-020-03-02
260,f02-020-06-00
260,f02-020-03-13
260,f02-020-07-02
260,f02-020-01-04
260,f02-020-02-10
260,f02-020-06-11
260,f02-020-03-03
260,f02-020-03-14
260,f02-020-01-08
260,f02-020-04-02
260,f02-020-04-08
260,f02-020-04-05
260,f02-020-01-09
260,f02-020-00-08
260,f02-020-00-01
260,f02-020-02-09
260,f02-020-00-06
260,f02-020-01-07
260,f02-020-04-03
260,f02-020-06-10
260,f02-020-00-09
260,f02-020-04-07
260,f02-020-00-04
260,f02-020-02-08
260,f02-020-05-10
260,f02-020-03-00
260,f02-020-06-09
260,f02-020-02-06
260,f02-020-05-04
260,f02-020-02-03
260,f02-020-05-00
260,f02-020-03-12
260,f02-020-01-03
260,f02-020-03-06
260,f02-020-03-07
260,f02-020-06-08
260,f02-020-05-05
260,f02-020-05-07
260,f02-020-02-05
260,f02-020-01-06
260,f02-020-02-04
260,f02-020-06-07
260,f02-020-03-05
260,f02-020-03-10
260,f02-020-02-01
260,f02-020-00-07
260,f02-020-07-01
260,f02-020-05-09
260,f02-020-01-00
260,f02-020-04-00
260,f02-020-04-04
260,f02-020-05-08
260,f02-020-06-06
260,f02-020-03-04
260,f02-020-06-01
260,f02-020-07-00
260,f02-020-01-05
260,f02-020-04-01
260,f02-020-06-05
260,f02-020-06-03
260,f02-020-05-03
260,f02-020-00-03
260,f02-020-01-01
260,f02-020-03-08
260,f02-020-06-02
260,f02-020-00-05
260,f02-020-04-09
260,f02-020-05-02
260,f02-020-04-06
261,f02-030-00-00
261,f02-030-01-06
261,f02-030-04-07
261,f02-030-05-01
261,f02-030-01-07
261,f02-030-05-00
261,f02-030-01-03
261,f02-030-01-05
261,f02-030-00-02
261,f02-030-00-05
261,f02-030-00-07
261,f02-030-06-07
261,f02-030-00-04
261,f02-030-04-04
261,f02-030-01-09
261,f02-030-04-00
261,f02-030-01-01
261,f02-030-04-05
261,f02-030-06-04
261,f02-030-05-04
261,f02-030-01-02
261,f02-030-06-08
261,f02-030-06-01
261,f02-030-00-01
261,f02-030-05-03
261,f02-030-05-06
261,f02-030-01-00
261,f02-030-01-04
261,f02-030-04-06
261,f02-030-04-03
261,f02-030-06-05
261,f02-030-00-06
261,f02-030-05-05
261,f02-030-00-03
261,f02-030-06-00
261,f02-030-06-02
261,f02-030-04-02
261,f02-030-04-01
261,f02-030-06-03
261,f02-030-00-08
261,f02-030-05-02
261,f02-030-01-08
261,f02-030-06-06
261,f02-030-04-08
262,f02-036-07-05
262,f02-036-04-03
262,f02-036-07-01
262,f02-036-07-02
262,f02-036-03-02
262,f02-036-06-00
262,f02-036-02-07
262,f02-036-08-04
262,f02-036-04-00
262,f02-036-03-00
262,f02-036-02-08
262,f02-036-02-01
262,f02-036-07-04
262,f02-036-08-02
262,f02-036-06-06
262,f02-036-00-00
262,f02-036-02-03
262,f02-036-06-05
262,f02-036-07-06
262,f02-036-03-04
262,f02-036-03-01
262,f02-036-00-06
262,f02-036-02-00
262,f02-036-06-02
262,f02-036-08-03
262,f02-036-05-00
262,f02-036-03-03
262,f02-036-05-07
262,f02-036-00-09
262,f02-036-05-08
262,f02-036-03-06
262,f02-036-04-05
262,f02-036-02-05
262,f02-036-05-03
262,f02-036-04-06
262,f02-036-03-05
262,f02-036-06-01
262,f02-036-08-00
262,f02-036-05-04
262,f02-036-03-08
262,f02-036-05-06
262,f02-036-00-05
262,f02-036-08-01
262,f02-036-00-04
262,f02-036-00-03
262,f02-036-00-10
262,f02-036-04-01
262,f02-036-02-02
262,f02-036-00-07
262,f02-036-04-02
262,f02-036-00-02
262,f02-036-06-03
262,f02-036-00-01
262,f02-036-05-02
262,f02-036-02-04
262,f02-036-03-07
262,f02-036-06-07
262,f02-036-04-04
262,f02-036-07-00
262,f02-036-00-08
262,f02-036-00-11
262,f02-036-05-05
262,f02-036-05-09
262,f02-036-06-04
262,f02-036-02-06
262,f02-036-07-03
262,f02-036-05-01
262,f02-036-00-12
263,f02-038-01-02
263,f02-038-05-03
263,f02-038-02-02
263,f02-038-04-07
263,f02-038-08-04
263,f02-038-01-00
263,f02-038-01-05
263,f02-038-10-02
263,f02-038-01-07
263,f02-038-04-04
263,f02-038-01-06
263,f02-038-02-00
263,f02-038-10-01
263,f02-038-01-08
263,f02-038-03-00
263,f02-038-10-03
263,f02-038-04-03
263,f02-038-02-05
263,f02-038-08-02
263,f02-038-05-05
263,f02-038-02-01
263,f02-038-01-01
263,f02-038-10-00
263,f02-038-00-00
263,f02-038-02-04
263,f02-038-01-03
263,f02-038-03-06
263,f02-038-05-06
263,f02-038-00-03
263,f02-038-03-02
263,f02-038-00-04
263,f02-038-03-07
263,f02-038-00-02
263,f02-038-00-01
263,f02-038-04-00
263,f02-038-04-05
263,f02-038-04-01
263,f02-038-02-03
263,f02-038-03-04
263,f02-038-08-03
263,f02-038-05-02
263,f02-038-05-04
263,f02-038-10-05
263,f02-038-05-07
263,f02-038-08-01
263,f02-038-05-01
263,f02-038-04-06
263,f02-038-05-00
263,f02-038-04-02
263,f02-038-03-03
263,f02-038-01-04
263,f02-038-08-00
263,f02-038-00-05
263,f02-038-03-05
263,f02-038-03-01
263,f02-038-10-04
264,f02-040-01-08
264,f02-040-01-01
264,f02-040-00-04
264,f02-040-08-04
264,f02-040-05-05
264,f02-040-06-05
264,f02-040-00-02
264,f02-040-09-00
264,f02-040-05-01
264,f02-040-06-00
264,f02-040-04-05
264,f02-040-09-09
264,f02-040-03-02
264,f02-040-01-00
264,f02-040-00-03
264,f02-040-07-03
264,f02-040-07-00
264,f02-040-07-05
264,f02-040-05-04
264,f02-040-03-06
264,f02-040-09-01
264,f02-040-06-02
264,f02-040-04-06
264,f02-040-00-05
264,f02-040-06-01
264,f02-040-00-01
264,f02-040-09-04
264,f02-040-03-00
264,f02-040-01-10
264,f02-040-05-02
264,f02-040-01-02
264,f02-040-08-03
264,f02-040-05-07
264,f02-040-05-03
264,f02-040-01-03
264,f02-040-04-03
264,f02-040-01-06
264,f02-040-01-11
264,f02-040-09-03
264,f02-040-03-04
264,f02-040-05-00
264,f02-040-09-08
264,f02-040-08-02
264,f02-040-05-06
264,f02-040-09-07
264,f02-040-01-09
264,f02-040-06-04
264,f02-040-00-06
264,f02-040-04-01
264,f02-040-04-02
264,f02-040-07-02
264,f02-040-06-06
264,f02-040-01-04
264,f02-040-00-00
264,f02-040-08-00
264,f02-040-03-05
264,f02-040-04-04
264,f02-040-09-06
264,f02-040-01-07
264,f02-040-09-05
264,f02-040-08-01
264,f02-040-07-04
264,f02-040-07-01
264,f02-040-07-06
264,f02-040-03-01
264,f02-040-00-08
264,f02-040-09-02
264,f02-040-04-00
264,f02-040-06-03
264,f02-040-03-03
264,f02-040-01-05
264,f02-040-00-07
265,f02-044-08-04
265,f02-044-08-07
265,f02-044-01-02
265,f02-044-05-00
265,f02-044-08-06
265,f02-044-08-10
265,f02-044-08-02
265,f02-044-07-09
265,f02-044-09-04
265,f02-044-03-11
265,f02-044-00-00
265,f02-044-03-04
265,f02-044-08-09
265,f02-044-04-10
265,f02-044-05-02
265,f02-044-04-00
265,f02-044-03-03
265,f02-044-01-03
265,f02-044-05-05
265,f02-044-01-08
265,f02-044-03-00
265,f02-044-05-06
265,f02-044-04-01
265,f02-044-04-09
265,f02-044-03-10
265,f02-044-00-02
265,f02-044-05-03
265,f02-044-04-05
265,f02-044-10-01
265,f02-044-06-08
265,f02-044-09-05
265,f02-044-07-07
265,f02-044-04-08
265,f02-044-08-08
265,f02-044-03-06
265,f02-044-07-04
265,f02-044-04-04
265,f02-044-07-00
265,f02-044-06-02
265,f02-044-01-01
265,f02-044-07-12
265,f02-044-01-00
265,f02-044-03-12
265,f02-044-03-02
265,f02-044-00-05
265,f02-044-07-05
265,f02-044-06-04
265,f02-044-00-01
265,f02-044-00-10
265,f02-044-07-11
265,f02-044-00-11
265,f02-044-07-08
265,f02-044-05-09
265,f02-044-05-08
265,f02-044-00-07
265,f02-044-06-01
265,f02-044-07-01
265,f02-044-04-07
265,f02-044-04-06
265,f02-044-06-07
265,f02-044-06-03
265,f02-044-09-00
265,f02-044-03-07
265,f02-044-10-02
265,f02-044-09-03
265,f02-044-07-10
265,f02-044-00-12
265,f02-044-08-05
265,f02-044-07-02
265,f02-044-08-00
265,f02-044-06-00
265,f02-044-06-05
265,f02-044-00-04
265,f02-044-04-03
265,f02-044-04-02
265,f02-044-00-09
265,f02-044-00-06
265,f02-044-01-06
265,f02-044-05-04
265,f02-044-09-08
265,f02-044-09-02
265,f02-044-03-05
265,f02-044-01-05
265,f02-044-06-09
265,f02-044-09-09
265,f02-044-07-03
265,f02-044-10-03
265,f02-044-09-01
265,f02-044-09-07
265,f02-044-05-07
265,f02-044-10-00
265,f02-044-07-06
265,f02-044-06-06
265,f02-044-03-01
265,f02-044-03-08
265,f02-044-01-10
265,f02-044-09-06
265,f02-044-08-01
265,f02-044-01-07
265,f02-044-01-04
265,f02-044-00-08
265,f02-044-03-09
265,f02-044-08-03
265,f02-044-05-01
265,f02-044-01-09
266,f02-076-00-06
266,f02-076-00-08
266,f02-076-03-01
266,f02-076-00-03
266,f02-076-03-00
266,f02-076-06-00
266,f02-076-00-05
266,f02-076-07-02
266,f02-076-06-01
266,f02-076-03-06
266,f02-076-05-00
266,f02-076-04-03
266,f02-076-02-06
266,f02-076-05-02
266,f02-076-00-02
266,f02-076-02-09
266,f02-076-05-03
266,f02-076-06-03
266,f02-076-00-07
266,f02-076-09-04
266,f02-076-01-03
266,f02-076-01-05
266,f02-076-07-00
266,f02-076-03-04
266,f02-076-08-00
266,f02-076-06-02
266,f02-076-03-03
266,f02-076-03-02
266,f02-076-08-03
266,f02-076-00-04
266,f02-076-09-02
266,f02-076-05-01
266,f02-076-08-06
266,f02-076-04-01
266,f02-076-02-07
266,f02-076-08-04
266,f02-076-03-07
266,f02-076-07-01
266,f02-076-02-02
266,f02-076-08-02
266,f02-076-02-01
266,f02-076-02-05
266,f02-076-06-05
266,f02-076-07-04
266,f02-076-02-04
266,f02-076-00-01
266,f02-076-00-00
266,f02-076-04-05
266,f02-076-09-00
266,f02-076-04-04
266,f02-076-09-01
266,f02-076-01-00
266,f02-076-01-01
266,f02-076-03-05
266,f02-076-05-08
266,f02-076-04-02
266,f02-076-02-00
266,f02-076-06-04
266,f02-076-05-06
266,f02-076-02-10
266,f02-076-02-08
266,f02-076-04-00
266,f02-076-05-04
266,f02-076-08-01
266,f02-076-02-03
266,f02-076-09-03
266,f02-076-08-05
266,f02-076-01-04
266,f02-076-05-05
266,f02-076-05-07
266,f02-076-01-02
266,f02-076-07-03
267,f03-169-05-09
267,f03-169-03-05
267,f03-169-05-03
267,f03-169-03-08
267,f03-169-01-11
267,f03-169-00-04
267,f03-169-04-03
267,f03-169-01-07
267,f03-169-06-02
267,f03-169-01-02
267,f03-169-03-07
267,f03-169-04-00
267,f03-169-05-06
267,f03-169-00-07
267,f03-169-02-06
267,f03-169-06-03
267,f03-169-01-12
267,f03-169-06-01
267,f03-169-06-09
267,f03-169-06-07
267,f03-169-01-06
267,f03-169-01-00
267,f03-169-06-00
267,f03-169-02-04
267,f03-169-02-05
267,f03-169-01-08
267,f03-169-01-03
267,f03-169-05-02
267,f03-169-01-04
267,f03-169-04-09
267,f03-169-04-01
267,f03-169-03-01
267,f03-169-03-04
267,f03-169-06-05
267,f03-169-00-05
267,f03-169-01-09
267,f03-169-02-03
267,f03-169-03-02
267,f03-169-06-08
267,f03-169-05-10
267,f03-169-03-00
267,f03-169-04-02
267,f03-169-03-03
267,f03-169-03-06
267,f03-169-01-05
267,f03-169-00-01
267,f03-169-04-08
267,f03-169-00-06
267,f03-169-05-01
267,f03-169-05-08
267,f03-169-02-00
267,f03-169-02-01
267,f03-169-05-07
267,f03-169-06-04
267,f03-169-04-06
267,f03-169-02-02
267,f03-169-04-07
267,f03-169-04-04
267,f03-169-05-00
267,f03-169-05-05
267,f03-169-01-10
267,f03-169-01-01
267,f03-169-03-09
267,f03-169-06-06
267,f03-169-05-04
267,f03-169-00-03
267,f03-169-00-02
267,f03-169-00-00
268,f03-174-03-08
268,f03-174-01-09
268,f03-174-05-00
268,f03-174-03-02
268,f03-174-02-04
268,f03-174-04-09
268,f03-174-03-00
268,f03-174-00-02
268,f03-174-01-05
268,f03-174-04-05
268,f03-174-03-05
268,f03-174-01-08
268,f03-174-05-04
268,f03-174-00-10
268,f03-174-00-00
268,f03-174-00-06
268,f03-174-03-06
268,f03-174-04-08
268,f03-174-02-09
268,f03-174-02-02
268,f03-174-02-10
268,f03-174-04-02
268,f03-174-04-06
268,f03-174-03-07
268,f03-174-04-00
268,f03-174-00-13
268,f03-174-00-09
268,f03-174-05-07
268,f03-174-04-01
268,f03-174-01-10
268,f03-174-00-07
268,f03-174-00-12
268,f03-174-01-02
268,f03-174-00-11
268,f03-174-01-06
268,f03-174-05-08
268,f03-174-04-07
268,f03-174-05-09
268,f03-174-03-10
268,f03-174-02-00
268,f03-174-05-03
268,f03-174-01-03
268,f03-174-02-06
268,f03-174-05-05
268,f03-174-01-01
268,f03-174-02-05
268,f03-174-03-03
268,f03-174-02-03
268,f03-174-01-04
268,f03-174-05-06
268,f03-174-03-04
268,f03-174-02-01
268,f03-174-05-01
268,f03-174-00-01
268,f03-174-01-07
268,f03-174-04-04
268,f03-174-00-03
268,f03-174-03-11
268,f03-174-00-08
268,f03-174-03-01
268,f03-174-02-08
268,f03-174-00-05
268,f03-174-00-14
268,f03-174-00-04
268,f03-174-05-02
268,f03-174-03-09
268,f03-174-01-00
268,f03-174-02-07
269,f03-182-04-00
269,f03-182-00-11
269,f03-182-05-10
269,f03-182-06-08
269,f03-182-06-02
269,f03-182-02-01
269,f03-182-02-09
269,f03-182-01-11
269,f03-182-02-05
269,f03-182-05-05
269,f03-182-01-02
269,f03-182-02-04
269,f03-182-06-03
269,f03-182-01-00
269,f03-182-04-05
269,f03-182-00-04
269,f03-182-02-07
269,f03-182-01-09
269,f03-182-01-01
269,f03-182-06-00
269,f03-182-00-09
269,f03-182-05-11
269,f03-182-01-06
269,f03-182-02-08
269,f03-182-01-04
269,f03-182-04-01
269,f03-182-05-09
269,f03-182-00-10
269,f03-182-04-04
269,f03-182-01-07
269,f03-182-04-09
269,f03-182-00-01
269,f03-182-05-08
269,f03-182-01-08
269,f03-182-00-02
269,f03-182-02-02
269,f03-182-06-01
269,f03-182-06-06
269,f03-182-02-06
269,f03-182-00-07
269,f03-182-02-10
269,f03-182-04-10
269,f03-182-04-06
269,f03-182-05-00
269,f03-182-04-08
269,f03-182-05-03
269,f03-182-06-04
269,f03-182-00-08
269,f03-182-05-04
269,f03-182-01-03
269,f03-182-00-12
269,f03-182-05-02
269,f03-182-04-07
269,f03-182-01-05
269,f03-182-00-00
269,f03-182-06-05
269,f03-182-00-06
269,f03-182-01-10
269,f03-182-05-12
269,f03-182-05-07
269,f03-182-05-06
269,f03-182-06-07
269,f03-182-04-03
269,f03-182-01-12
269,f03-182-05-01
269,f03-182-00-05
269,f03-182-02-00
269,f03-182-00-03
269,f03-182-02-03
270,f03-191-02-04
270,f03-191-03-05
270,f03-191-05-08
270,f03-191-00-02
270,f03-191-01-04
270,f03-191-00-07
270,f03-191-05-00
270,f03-191-04-06
270,f03-191-04-04
270,f03-191-01-08
270,f03-191-06-03
270,f03-191-02-03
270,f03-191-04-01
270,f03-191-03-06
270,f03-191-02-09
270,f03-191-06-05
270,f03-191-04-05
270,f03-191-00-05
270,f03-191-05-07
270,f03-191-06-06
270,f03-191-02-08
270,f03-191-02-06
270,f03-191-01-05
270,f03-191-05-06
270,f03-191-04-03
270,f03-191-06-01
270,f03-191-01-02
270,f03-191-05-02
270,f03-191-02-02
270,f03-191-06-08
270,f03-191-04-00
270,f03-191-03-10
270,f03-191-03-09
270,f03-191-03-08
270,f03-191-00-06
270,f03-191-01-06
270,f03-191-01-01
270,f03-191-00-04
270,f03-191-03-03
270,f03-191-00-03
270,f03-191-02-05
270,f03-191-02-10
270,f03-191-05-05
270,f03-191-04-08
270,f03-191-05-03
270,f03-191-06-04
270,f03-191-02-00
270,f03-191-00-01
270,f03-191-05-01
270,f03-191-04-02
270,f03-191-05-04
270,f03-191-03-01
270,f03-191-06-09
270,f03-191-02-12
270,f03-191-02-11
270,f03-191-02-07
270,f03-191-06-02
270,f03-191-06-07
270,f03-191-03-07
270,f03-191-03-00
270,f03-191-01-07
270,f03-191-04-07
270,f03-191-01-00
270,f03-191-06-00
270,f03-191-02-01
270,f03-191-00-00
270,f03-191-03-02
270,f03-191-03-04
272,f04-011-08-05
272,f04-011-05-00
272,f04-011-08-06
272,f04-004-07-01
272,f04-016-02-04
272,f04-011-02-01
272,f04-011-06-05
272,f04-011-06-02
272,f04-011-03-00
272,f04-004-04-08
272,f04-011-06-00
272,f04-016-03-05
272,f04-011-03-02
272,f04-016-06-06
272,f04-011-08-01
272,f04-011-03-04
272,f04-016-04-08
272,f04-004-02-06
272,f04-016-00-04
272,f04-004-01-08
272,f04-016-04-02
272,f04-004-04-03
272,f04-011-05-06
272,f04-016-06-02
272,f04-016-07-01
272,f04-011-07-05
272,f04-011-07-04
272,f04-004-01-03
272,f04-016-05-01
272,f04-016-03-02
272,f04-011-00-07
272,f04-011-04-00
272,f04-011-00-01
272,f04-004-01-02
272,f04-004-02-03
272,f04-004-00-06
272,f04-016-05-06
272,f04-011-07-08
272,f04-016-00-07
272,f04-016-06-07
272,f04-011-01-05
272,f04-016-05-00
272,f04-004-06-07
272,f04-011-00-06
272,f04-011-00-00
272,f04-016-00-06
272,f04-011-02-05
272,f04-016-03-08
272,f04-004-01-07
272,f04-004-05-00
272,f04-016-02-08
272,f04-016-03-04
272,f04-011-05-07
272,f04-004-05-01
272,f04-011-06-01
272,f04-004-04-00
272,f04-011-02-04
272,f04-004-02-04
272,f04-016-06-01
272,f04-011-07-06
272,f04-016-02-05
272,f04-004-06-10
272,f04-011-00-03
272,f04-011-01-02
272,f04-016-06-03
272,f04-004-01-04
272,f04-016-03-01
272,f04-011-07-01
272,f04-016-04-01
272,f04-011-03-05
272,f04-016-05-02
272,f04-011-06-06
272,f04-016-07-00
272,f04-011-02-03
272,f04-011-09-03
272,f04-016-02-00
272,f04-016-02-03
272,f04-004-04-01
272,f04-011-05-04
272,f04-011-06-07
272,f04-004-06-00
272,f04-016-06-00
272,f04-004-02-07
272,f04-011-01-04
272,f04-011-04-07
272,f04-004-05-07
272,f04-011-05-02
272,f04-011-00-05
272,f04-004-04-05
272,f04-011-09-00
272,f04-004-03-03
272,f04-011-02-06
272,f04-011-01-00
272,f04-004-03-00
272,f04-016-00-01
272,f04-004-05-09
272,f04-004-03-04
272,f04-004-00-02
272,f04-011-01-01
272,f04-011-07-03
272,f04-011-07-02
272,f04-011-06-04
272,f04-016-03-03
272,f04-004-00-01
272,f04-016-07-05
272,f04-016-03-07
272,f04-011-00-04
272,f04-016-04-05
272,f04-011-09-06
272,f04-016-04-03
272,f04-004-04-07
272,f04-011-04-05
272,f04-011-08-09
272,f04-016-02-07
272,f04-011-03-08
272,f04-011-07-09
272,f04-004-06-05
272,f04-004-07-00
272,f04-011-03-06
272,f04-004-06-08
272,f04-011-06-03
272,f04-011-01-03
272,f04-004-05-02
272,f04-004-04-04
272,f04-016-04-04
272,f04-016-07-03
272,f04-011-08-02
272,f04-004-04-02
272,f04-004-03-05
272,f04-016-02-02
272,f04-011-09-07
272,f04-004-00-08
272,f04-011-09-02
272,f04-004-06-01
272,f04-004-03-02
272,f04-004-00-05
272,f04-011-08-00
272,f04-011-07-07
272,f04-011-05-09
272,f04-016-02-09
272,f04-016-05-08
272,f04-011-01-08
272,f04-016-00-03
272,f04-016-05-05
272,f04-016-00-00
272,f04-004-01-05
272,f04-011-00-08
272,f04-011-08-03
272,f04-004-00-03
272,f04-011-02-00
272,f04-004-01-00
272,f04-004-06-03
272,f04-016-00-05
272,f04-011-02-07
272,f04-011-04-06
272,f04-016-05-07
272,f04-011-05-05
272,f04-004-00-04
272,f04-004-06-06
272,f04-011-01-06
272,f04-016-07-02
272,f04-004-06-02
272,f04-011-08-04
272,f04-004-04-10
272,f04-004-05-08
272,f04-016-06-05
272,f04-004-01-06
272,f04-004-04-06
272,f04-004-00-00
272,f04-016-03-06
272,f04-016-00-08
272,f04-011-04-03
272,f04-004-07-02
272,f04-004-06-09
272,f04-016-00-02
272,f04-016-03-09
272,f04-016-05-03
272,f04-011-04-02
272,f04-004-01-01
272,f04-011-07-00
272,f04-011-04-01
272,f04-011-03-07
272,f04-011-06-08
272,f04-011-00-02
272,f04-016-06-04
272,f04-016-07-04
272,f04-004-05-03
272,f04-016-03-00
272,f04-004-02-01
272,f04-011-08-10
272,f04-011-02-02
272,f04-004-02-02
272,f04-011-05-03
272,f04-004-05-06
272,f04-004-06-04
272,f04-011-09-01
272,f04-011-05-01
272,f04-004-05-05
272,f04-011-06-09
272,f04-004-00-07
272,f04-004-02-00
272,f04-016-04-06
272,f04-016-05-04
272,f04-004-05-04
272,f04-011-05-08
272,f04-004-01-09
272,f04-004-04-09
272,f04-011-09-05
272,f04-004-02-05
272,f04-011-09-04
272,f04-016-02-06
272,f04-004-07-03
272,f04-016-04-00
272,f04-016-04-07
272,f04-011-04-04
272,f04-011-01-07
272,f04-016-02-01
272,f04-011-08-07
272,f04-011-08-08
272,f04-011-03-01
272,f04-011-03-03
273,g04-011-00-08
273,g04-007-06-03
273,f04-007-02-08
273,g04-014-05-01
273,g04-014-03-02
273,g04-014-00-01
273,g04-014-02-01
273,f04-007-01-00
273,g04-095-07-08
273,g04-095-01-01
273,g04-011-08-00
273,f04-007-05-01
273,f04-007-05-02
273,f04-007-06-03
273,g04-007-07-01
273,g04-007-01-04
273,g04-014-01-08
273,f04-007-04-09
273,g04-011-03-05
273,g04-095-03-07
273,g04-011-01-03
273,g04-007-03-08
273,g04-011-07-07
273,f04-007-04-05
273,g04-011-06-06
273,g04-014-03-01
273,f04-007-00-02
273,g04-011-07-06
273,f04-007-00-04
273,g04-014-04-07
273,g04-011-07-04
273,f04-007-04-07
273,g04-007-01-02
273,g04-095-04-07
273,g04-007-07-00
273,g04-095-07-02
273,g04-007-04-05
273,g04-014-00-02
273,g04-007-01-03
273,g04-007-04-04
273,g04-095-03-03
273,g04-007-01-07
273,g04-007-01-08
273,g04-007-05-03
273,f04-007-04-01
273,g04-014-02-04
273,g04-007-04-03
273,g04-014-04-04
273,g04-011-02-00
273,g04-011-02-06
273,f04-007-01-01
273,g04-014-05-06
273,f04-007-01-05
273,g04-011-04-03
273,g04-095-04-09
273,g04-011-04-04
273,g04-011-00-02
273,g04-095-03-01
273,g04-014-04-03
273,g04-011-03-07
273,g04-007-05-08
273,g04-007-06-06
273,g04-095-02-00
273,g04-014-02-05
273,g04-011-05-06
273,g04-014-05-04
273,g04-007-07-04
273,g04-007-02-03
273,g04-095-07-09
273,g04-095-04-06
273,g04-007-02-08
273,g04-011-03-00
273,g04-095-03-00
273,f04-007-00-08
273,g04-014-03-08
273,g04-095-01-03
273,g04-007-05-01
273,g04-095-07-05
273,f04-007-06-06
273,g04-011-05-02
273,g04-011-06-07
273,g04-014-05-05
273,g04-014-02-06
273,g04-011-00-01
273,g04-007-04-02
273,g04-095-08-00
273,f04-007-05-03
273,g04-095-01-07
273,g04-095-00-05
273,g04-095-07-07
273,g04-095-00-01
273,g04-014-00-03
273,g04-011-02-05
273,g04-007-07-03
273,g04-007-00-02
273,f04-007-05-04
273,g04-007-00-01
273,g04-011-04-00
273,g04-011-00-09
273,g04-014-01-03
273,f04-007-05-00
273,g04-011-00-00
273,g04-011-01-07
273,g04-011-07-01
273,g04-007-06-07
273,g04-011-02-08
273,g04-011-07-00
273,g04-095-02-02
273,f04-007-04-06
273,g04-011-06-00
273,f04-007-06-01
273,g04-007-02-06
273,g04-007-06-05
273,g04-007-02-00
273,g04-011-00-06
273,g04-014-02-03
273,g04-011-03-04
273,g04-007-05-06
273,g04-014-01-00
273,g04-011-03-06
273,g04-011-01-06
273,g04-095-04-03
273,g04-011-07-03
273,g04-095-03-02
273,g04-011-01-01
273,g04-095-03-06
273,g04-095-00-02
273,g04-014-04-02
273,g04-011-04-05
273,f04-007-00-07
273,f04-007-06-02
273,g04-007-00-05
273,g04-014-02-02
273,g04-007-03-04
273,g04-011-01-05
273,f04-007-02-04
273,g04-007-00-03
273,g04-095-08-01
273,g04-095-04-08
273,g04-014-05-00
273,g04-007-01-01
273,g04-095-08-02
273,g04-014-04-06
273,g04-011-03-03
273,g04-095-00-04
273,g04-007-02-07
273,g04-011-06-04
273,g04-095-03-04
273,g04-011-01-04
273,g04-007-05-05
273,g04-011-00-04
273,g04-095-01-05
273,g04-014-03-00
273,g04-007-03-07
273,g04-011-03-02
273,f04-007-02-01
273,g04-095-04-02
273,g04-007-02-01
273,g04-011-05-04
273,g04-011-04-07
273,g04-007-03-00
273,g04-095-07-01
273,g04-011-01-00
273,g04-007-04-07
273,f04-007-04-02
273,g04-095-04-00
273,f04-007-00-06
273,f04-007-01-04
273,f04-007-04-04
273,g04-007-03-09
273,g04-011-05-00
273,f04-007-05-05
273,g04-095-07-03
273,g04-095-03-08
273,g04-014-01-01
273,g04-007-03-03
273,f04-007-01-08
273,f04-007-00-03
273,g04-007-07-02
273,g04-095-00-00
273,g04-014-04-00
273,g04-011-06-02
273,g04-014-02-07
273,g04-095-01-02
273,g04-007-00-08
273,g04-014-03-07
273,g04-011-01-02
273,f04-007-00-01
273,g04-014-01-06
273,f04-007-06-00
273,g04-011-04-01
273,g04-007-04-00
273,g04-011-00-05
273,f04-007-01-02
273,g04-007-02-04
273,f04-007-02-03
273,g04-095-02-01
273,g04-014-03-04
273,g04-014-00-06
273,g04-007-05-00
273,g04-014-00-05
273,g04-095-02-03
273,g04-007-06-00
273,g04-095-04-04
273,g04-011-08-01
273,f04-007-06-09
273,g04-095-07-00
273,g04-095-07-04
273,g04-007-01-06
273,g04-007-05-02
273,g04-007-00-07
273,g04-007-00-06
273,g04-007-00-00
273,g04-095-00-03
273,g04-007-05-09
273,g04-007-05-07
273,g04-011-04-02
273,g04-011-02-01
273,f04-007-02-05
273,g04-095-02-07
273,g04-007-01-05
273,f04-007-01-06
273,g04-095-07-06
273,f04-007-06-07
273,g04-007-03-02
273,g04-011-05-05
273,g04-007-02-05
273,g04-095-02-04
273,f04-007-01-07
273,g04-011-00-07
273,g04-007-03-06
273,g04-011-03-08
273,g04-011-00-10
273,f04-007-02-00
273,g04-011-05-03
273,f04-007-02-02
273,g04-011-03-01
273,g04-011-02-03
273,g04-095-01-04
273,g04-007-06-04
273,g04-014-01-02
273,g04-007-06-01
273,g04-011-06-01
273,f04-007-01-03
273,g04-011-05-01
273,g04-011-02-04
273,g04-011-04-06
273,f04-007-04-00
273,f04-007-02-07
273,g04-011-00-03
273,g04-014-03-06
273,g04-014-02-00
273,g04-007-06-02
273,g04-014-01-04
273,f04-007-04-03
273,g04-014-00-00
273,g04-095-01-06
273,g04-014-05-02
273,g04-007-05-04
273,g04-014-03-05
273,g04-007-01-00
273,f04-007-06-04
273,g04-014-01-05
273,g04-014-02-09
273,g04-095-02-05
273,f04-007-06-08
273,g04-011-06-03
273,g04-095-01-08
273,g04-007-03-05
273,g04-011-06-05
273,g04-095-03-05
273,f04-007-06-05
273,g04-014-03-03
273,g04-011-07-02
273,f04-007-04-08
273,g04-011-07-05
273,g04-011-02-02
273,g04-007-00-04
273,g04-095-04-05
273,f04-007-00-05
273,g04-095-04-01
273,g04-011-01-08
273,g04-007-03-01
273,g04-007-02-02
273,g04-011-02-07
273,g04-011-05-07
273,f04-007-00-00
273,g04-007-07-05
273,g04-095-01-00
273,g04-007-04-06
273,g04-014-00-04
273,g04-014-01-07
273,g04-007-04-01
274,h04-025-03-00
274,g04-026-03-00
274,g04-032-02-11
274,g04-032-01-01
274,g04-017-04-03
274,g04-026-06-05
274,f04-020-05-08
274,g04-032-01-12
274,g04-026-06-00
274,f04-020-02-06
274,g04-032-05-05
274,g04-026-01-06
274,g04-026-00-09
274,g04-026-06-03
274,f04-020-04-12
274,g04-032-01-03
274,g04-026-03-08
274,f04-020-03-11
274,g04-026-00-01
274,g04-026-05-03
274,g04-017-03-05
274,g04-026-02-03
274,g04-026-00-07
274,g04-026-04-07
274,h04-025-03-05
274,g04-026-03-04
274,g04-026-01-03
274,h04-025-06-02
274,g04-017-05-08
274,g04-032-00-07
274,g04-017-03-08
274,f04-020-01-08
274,f04-020-04-08
274,g04-017-00-11
274,f04-020-04-10
274,f04-020-05-06
274,g04-026-01-12
274,g04-017-00-02
274,f04-020-00-08
274,h04-025-05-01
274,g04-017-01-00
274,g04-026-01-11
274,h04-025-00-10
274,g04-017-03-11
274,f04-020-00-14
274,g04-026-04-05
274,f04-020-02-04
274,g04-032-00-06
274,f04-020-04-14
274,g04-032-03-09
274,f04-020-04-00
274,f04-020-02-07
274,g04-032-00-03
274,g04-032-01-00
274,g04-017-02-03
274,g04-026-04-08
274,h04-025-03-03
274,g04-032-01-04
274,f04-020-02-02
274,g04-017-05-10
274,h04-025-04-10
274,f04-020-00-13
274,g04-032-00-01
274,f04-020-01-09
274,h04-025-03-14
274,f04-020-02-12
274,h04-025-05-03
274,g04-017-02-12
274,g04-026-01-08
274,f04-020-02-08
274,g04-026-00-05
274,g04-032-02-04
274,g04-032-03-04
274,h04-025-03-01
274,g04-026-05-09
274,g04-026-00-10
274,g04-032-02-02
274,g04-026-05-12
274,h04-025-04-04
274,f04-020-03-07
274,g04-026-05-01
274,g04-017-06-11
274,g04-026-04-06
274,h04-025-01-01
274,g04-026-01-05
274,g04-032-03-05
274,h04-025-05-14
274,g04-026-01-01
274,g04-026-06-01
274,f04-020-00-06
274,h04-025-02-05
274,g04-026-04-11
274,h04-025-02-03
274,h04-025-00-01
274,g04-017-06-07
274,g04-017-07-00
274,h04-025-04-00
274,f04-020-00-10
274,g04-017-01-11
274,f04-020-01-05
274,f04-020-05-05
274,g04-017-05-12
274,g04-017-05-04
274,h04-025-02-04
274,g04-026-04-02
274,g04-017-02-02
274,g04-017-05-02
274,g04-026-02-11
274,h04-025-00-04
274,g04-032-01-11
274,g04-017-04-07
274,f04-020-00-05
274,g04-017-06-05
274,g04-017-04-00
274,g04-017-04-04
274,g04-032-02-03
274,g04-026-04-04
274,h04-025-04-01
274,f04-020-04-13
274,h04-025-05-13
274,g04-017-00-09
274,h04-025-02-01
274,g04-026-04-09
274,f04-020-04-03
274,h04-025-06-03
274,f04-020-02-05
274,g04-017-03-07
274,g04-017-02-00
274,g04-032-03-03
274,g04-017-02-10
274,h04-025-00-03
274,g04-017-00-07
274,g04-026-00-08
274,h04-025-00-00
274,h04-025-05-12
274,g04-032-01-05
274,g04-017-04-05
274,g04-032-02-01
274,g04-026-01-13
274,h04-025-01-02
274,g04-017-06-08
274,g04-026-02-02
274,g04-026-05-00
274,g04-017-07-03
274,h04-025-00-13
274,f04-020-03-03
274,g04-017-04-06
274,f04-020-01-03
274,g04-017-06-09
274,g04-017-04-12
274,f04-020-04-11
274,h04-025-04-09
274,f04-020-01-10
274,h04-025-02-08
274,h04-025-01-03
274,g04-026-02-00
274,h04-025-02-00
274,f04-020-02-00
274,g04-032-02-10
274,g04-017-05-00
274,f04-020-01-06
274,g04-017-01-03
274,h04-025-03-08
274,g04-032-00-02
274,g04-026-03-06
274,g04-032-02-05
274,h04-025-06-05
274,g04-017-03-13
274,f04-020-01-02
274,g04-026-04-14
274,g04-026-04-13
274,f04-020-03-06
274,g04-032-05-02
274,g04-017-05-06
274,g04-026-02-13
274,f04-020-01-11
274,g04-032-01-09
274,g04-032-05-01
274,h04-025-01-09
274,f04-020-03-08
274,f04-020-05-04
274,h04-025-04-05
274,g04-032-00-04
274,g04-026-04-01
274,g04-026-01-02
274,f04-020-04-09
274,f04-020-03-01
274,h04-025-02-10
274,g04-017-04-01
274,g04-017-04-08
274,h04-025-06-01
274,f04-020-03-00
274,g04-032-03-02
274,g04-017-06-10
274,g04-032-03-06
274,f04-020-03-09
274,g04-017-00-03
274,h04-025-01-05
274,g04-017-06-01
274,g04-017-01-01
274,g04-017-00-05
274,g04-032-01-08
274,g04-032-03-12
274,g04-026-01-09
274,h04-025-00-02
274,f04-020-02-01
274,h04-025-02-13
274,h04-025-03-02
274,g04-026-02-10
274,g04-032-03-07
274,g04-032-00-08
274,f04-020-01-00
274,f04-020-00-12
274,g04-032-01-07
274,g04-026-00-02
274,g04-017-03-12
274,h04-025-04-07
274,h04-025-01-04
274,h04-025-06-00
274,h04-025-02-09
274,g04-017-02-09
274,h04-025-05-11
274,h04-025-03-04
274,g04-032-00-00
274,h04-025-01-00
274,g04-017-04-02
274,h04-025-05-00
274,f04-020-05-00
274,g04-026-02-05
274,g04-032-00-09
274,h04-025-00-08
274,g04-026-03-13
274,g04-017-03-03
274,g04-017-01-08
274,g04-032-00-05
274,g04-032-01-13
274,g04-017-06-02
274,g04-026-01-04
274,g04-017-00-10
274,g04-017-02-14
274,h04-025-03-13
274,g04-032-03-11
274,f04-020-03-05
274,g04-017-06-04
274,f04-020-00-00
274,g04-017-02-07
274,h04-025-02-11
274,f04-020-02-11
274,g04-032-01-06
274,g04-026-02-04
274,g04-017-01-09
274,g04-017-02-06
274,g04-026-01-00
274,g04-026-04-10
274,g04-017-01-12
274,g04-017-03-02
274,f04-020-04-04
274,h04-025-03-07
274,h04-025-03-11
274,g04-032-05-04
274,h04-025-00-06
274,f04-020-02-09
274,g04-026-06-04
274,g04-026-03-01
274,h04-025-01-10
274,h04-025-05-09
274,g04-017-03-10
274,g04-017-05-05
274,g04-026-03-11
274,g04-017-06-00
274,g04-017-07-02
274,g04-026-05-11
274,g04-026-05-07
274,f04-020-04-07
274,h04-025-03-12
274,g04-017-06-03
274,g04-032-02-00
274,g04-017-01-10
274,g04-017-03-04
274,h04-025-00-05
274,g04-026-00-00
274,g04-032-05-03
274,g04-026-02-07
274,h04-025-03-06
274,g04-026-05-05
274,g04-032-03-00
274,g04-017-02-11
274,g04-017-06-12
274,f04-020-01-01
274,f04-020-03-02
274,f04-020-05-02
274,f04-020-02-10
274,g04-017-03-01
274,g04-026-00-06
274,g04-017-00-06
274,f04-020-05-07
274,h04-025-01-07
274,h04-025-02-07
274,g04-017-05-09
274,h04-025-00-07
274,g04-017-04-11
274,g04-017-04-09
274,f04-020-05-03
274,g04-032-03-10
274,g04-026-05-10
274,g04-026-00-04
274,f04-020-04-02
274,g04-026-05-04
274,h04-025-05-06
274,g04-032-03-13
274,g04-026-01-10
274,g04-026-02-12
274,f04-020-00-04
274,g04-026-03-03
274,g04-032-02-06
274,f04-020-01-12
274,g04-017-02-04
274,g04-017-05-11
274,f04-020-01-04
274,g04-032-01-02
274,g04-017-05-03
274,g04-026-02-01
274,g04-026-06-06
274,g04-017-07-04
274,h04-025-03-09
274,g04-017-02-01
274,g04-026-00-11
274,g04-026-01-07
274,h04-025-05-10
274,g04-017-00-00
274,f04-020-04-06
274,f04-020-03-10
274,g04-017-01-02
274,f04-020-01-07
274,g04-026-03-02
274,h04-025-00-12
274,h04-025-05-04
274,h04-025-04-08
274,g04-032-01-10
274,g04-017-03-09
274,g04-017-02-08
274,h04-025-04-02
274,f04-020-04-01
274,g04-026-03-09
274,g04-017-01-06
274,g04-017-06-06
274,g04-017-00-04
274,g04-017-02-13
274,g04-026-02-08
274,f04-020-00-11
274,g04-017-04-10
274,f04-020-05-01
274,h04-025-04-06
274,g04-026-05-06
274,g04-032-05-00
274,h04-025-01-06
274,g04-026-03-10
274,g04-032-03-08
274,g04-026-03-12
274,g04-017-02-05
274,h04-025-02-02
274,g04-017-07-01
274,g04-026-00-12
274,f04-020-04-05
274,g04-017-01-13
274,f04-020-03-04
274,g04-026-02-09
274,g04-026-03-07
274,g04-026-06-02
274,g04-026-05-02
274,g04-026-03-05
274,g04-026-04-00
274,g04-032-03-01
274,g04-032-02-08
274,g04-026-04-12
274,g04-017-01-05
274,h04-025-05-05
274,g04-017-01-07
274,g04-017-05-07
274,h04-025-01-08
274,g04-026-00-03
274,f04-020-00-03
274,g04-017-00-01
274,g04-026-05-08
274,g04-026-04-03
274,g04-017-05-01
274,g04-026-02-06
274,h04-025-03-16
274,f04-020-00-07
274,g04-017-00-08
274,h04-025-01-11
274,g04-017-03-06
274,h04-025-00-11
274,h04-025-03-10
274,f04-020-00-02
274,h04-025-00-09
274,g04-032-02-09
274,f04-020-02-03
274,h04-025-06-04
274,h04-025-05-07
274,h04-025-03-15
274,h04-025-02-12
274,g04-017-01-04
275,f04-024-04-06
275,f04-028-04-08
275,f04-028-03-06
275,f04-028-01-07
275,f04-028-01-09
275,f04-028-08-06
275,f04-024-00-07
275,f04-024-06-05
275,f04-028-08-00
275,f04-028-00-02
275,f04-028-03-02
275,f04-028-06-06
275,f04-024-04-08
275,f04-024-05-09
275,f04-024-03-02
275,f04-024-00-04
275,f04-024-00-01
275,f04-028-06-07
275,f04-024-05-07
275,f04-028-00-05
275,f04-024-01-06
275,f04-024-06-01
275,f04-028-01-10
275,f04-028-04-00
275,f04-024-04-02
275,f04-028-03-01
275,f04-028-09-03
275,f04-028-01-05
275,f04-028-06-00
275,f04-028-00-01
275,f04-024-00-08
275,f04-024-05-01
275,f04-028-07-05
275,f04-024-00-02
275,f04-024-01-02
275,f04-028-08-04
275,f04-028-04-02
275,f04-024-05-06
275,f04-028-06-02
275,f04-024-04-00
275,f04-024-00-03
275,f04-028-01-03
275,f04-024-05-11
275,f04-028-08-01
275,f04-024-00-09
275,f04-028-09-04
275,f04-028-03-03
275,f04-028-01-01
275,f04-028-07-03
275,f04-024-03-00
275,f04-028-00-10
275,f04-024-01-03
275,f04-028-09-07
275,f04-028-00-09
275,f04-028-00-04
275,f04-028-01-00
275,f04-024-01-00
275,f04-028-07-00
275,f04-024-01-01
275,f04-028-09-02
275,f04-028-06-04
275,f04-024-05-05
275,f04-028-01-04
275,f04-024-05-02
275,f04-028-01-06
275,f04-028-09-05
275,f04-024-01-08
275,f04-028-00-08
275,f04-024-00-00
275,f04-028-00-11
275,f04-024-01-04
275,f04-028-03-08
275,f04-028-04-07
275,f04-028-03-07
275,f04-024-06-07
275,f04-028-04-01
275,f04-028-04-06
275,f04-024-01-05
275,f04-024-03-04
275,f04-024-04-07
275,f04-028-00-07
275,f04-024-06-04
275,f04-028-04-04
275,f04-028-07-07
275,f04-028-07-02
275,f04-028-06-03
275,f04-024-01-07
275,f04-028-09-01
275,f04-024-04-03
275,f04-028-03-00
275,f04-024-05-10
275,f04-024-04-01
275,f04-028-07-09
275,f04-024-03-05
275,f04-024-04-05
275,f04-024-03-01
275,f04-024-01-09
275,f04-024-06-03
275,f04-028-00-00
275,f04-024-06-02
275,f04-028-03-04
275,f04-028-04-05
275,f04-028-01-08
275,f04-028-00-03
275,f04-024-00-06
275,f04-028-09-00
275,f04-028-07-08
275,f04-028-00-06
275,f04-024-06-00
275,f04-028-06-05
275,f04-024-05-03
275,f04-028-03-05
275,f04-028-06-01
275,f04-028-08-03
275,f04-028-01-02
275,f04-028-09-06
275,f04-024-05-08
275,f04-024-00-05
275,f04-028-07-04
275,f04-024-05-04
275,f04-028-07-06
275,f04-028-04-03
275,f04-028-08-05
275,f04-028-08-02
275,f04-024-06-06
275,f04-024-03-06
275,f04-028-07-01
275,f04-024-05-00
275,f04-024-01-10
275,f04-024-03-03
278,f04-049-00-06
278,f04-049-00-04
278,f04-049-00-13
278,f04-046-04-02
278,f04-049-02-08
278,f04-046-03-00
278,f04-046-04-10
278,f04-046-01-08
278,f04-046-00-04
278,f04-049-00-09
278,f04-049-01-16
278,f04-049-03-02
278,f04-046-00-08
278,f04-049-00-05
278,f04-046-01-03
278,f04-049-03-03
278,f04-046-04-04
278,f04-049-05-10
278,f04-046-01-05
278,f04-049-02-07
278,f04-049-01-15
278,f04-046-02-10
278,f04-049-06-08
278,f04-049-03-08
278,f04-049-02-01
278,f04-046-00-09
278,f04-049-00-08
278,f04-046-03-05
278,f04-046-00-07
278,f04-046-01-01
278,f04-046-03-01
278,f04-049-05-00
278,f04-046-00-05
278,f04-046-01-00
278,f04-049-01-09
278,f04-046-01-09
278,f04-046-04-01
278,f04-046-01-07
278,f04-049-06-02
278,f04-046-03-04
278,f04-046-04-05
278,f04-049-00-11
278,f04-049-02-02
278,f04-046-01-10
278,f04-049-03-07
278,f04-049-01-07
278,f04-049-02-06
278,f04-049-05-03
278,f04-049-03-11
278,f04-046-02-01
278,f04-049-06-05
278,f04-049-03-05
278,f04-046-03-07
278,f04-049-02-03
278,f04-046-00-02
278,f04-046-03-08
278,f04-049-06-06
278,f04-049-06-01
278,f04-046-04-07
278,f04-049-05-01
278,f04-049-02-11
278,f04-049-01-12
278,f04-046-02-07
278,f04-049-01-05
278,f04-046-04-00
278,f04-049-06-09
278,f04-049-00-00
278,f04-046-00-01
278,f04-046-02-08
278,f04-049-02-04
278,f04-049-06-04
278,f04-049-01-14
278,f04-049-00-10
278,f04-049-02-05
278,f04-049-01-01
278,f04-049-05-02
278,f04-049-05-08
278,f04-049-05-09
278,f04-049-01-03
278,f04-046-02-05
278,f04-049-01-10
278,f04-049-05-07
278,f04-049-06-03
278,f04-046-03-02
278,f04-046-01-04
278,f04-049-01-04
278,f04-049-03-00
278,f04-049-01-08
278,f04-046-04-08
278,f04-046-02-03
278,f04-049-03-01
278,f04-046-02-04
278,f04-046-01-02
278,f04-046-03-03
278,f04-049-01-06
278,f04-049-05-06
278,f04-049-01-00
278,f04-046-02-09
278,f04-049-02-09
278,f04-049-00-12
278,f04-046-02-06
278,f04-046-00-00
278,f04-049-00-01
278,f04-049-03-10
278,f04-046-00-03
278,f04-046-04-06
278,f04-049-05-05
278,f04-046-00-06
278,f04-049-03-04
278,f04-049-02-00
278,f04-049-06-00
278,f04-046-04-09
278,f04-049-01-11
278,f04-046-04-03
278,f04-049-05-04
278,f04-049-00-02
278,f04-046-01-06
278,f04-049-01-17
278,f04-049-03-09
278,f04-046-02-00
278,f04-049-00-07
278,f04-049-03-06
278,f04-046-03-06
278,f04-049-00-03
278,f04-046-02-02
278,f04-049-06-07
278,f04-049-01-13
278,f04-049-01-02
278,f04-049-02-10
289,f07-036-07-02
289,f07-036-03-04
289,f07-028b-09-06
289,f07-032b-07-03
289,f07-039b-00-07
289,f07-032b-11-06
289,f07-039b-00-02
289,f07-032b-05-06
289,f07-039b-07-03
289,f07-032b-03-03
289,f07-036-00-04
289,f07-028b-09-04
289,f07-039b-07-02
289,f07-032b-09-00
289,f07-032b-01-02
289,f07-032b-05-01
289,f07-032b-07-06
289,f07-039b-01-04
289,f07-028b-05-07
289,f07-032b-02-02
289,f07-039b-06-06
289,f07-036-03-02
289,f07-042b-02-06
289,f07-028b-11-00
289,f07-028b-09-02
289,f07-028b-10-04
289,f07-036-04-03
289,f07-032b-09-02
289,f07-042b-00-03
289,f07-036-02-06
289,f07-036-01-04
289,f07-032b-05-00
289,f07-032b-03-05
289,f07-036-08-02
289,f07-032b-11-04
289,f07-042b-06-04
289,f07-032b-11-02
289,f07-028b-06-04
289,f07-028b-10-02
289,f07-032b-11-05
289,f07-039b-08-05
289,f07-042b-03-01
289,f07-042b-00-08
289,f07-032b-05-02
289,f07-039b-06-05
289,f07-036-06-00
289,f07-036-05-00
289,f07-036-01-00
289,f07-036-01-03
289,f07-036-03-00
289,f07-042b-00-02
289,f07-042b-02-02
289,f07-039b-07-01
289,f07-032b-06-02
289,f07-042b-04-07
289,f07-036-05-03
289,f07-036-01-06
289,f07-028b-11-03
289,f07-028b-08-02
289,f07-036-05-07
289,f07-028b-07-00
289,f07-042b-04-04
289,f07-028b-03-05
289,f07-036-03-01
289,f07-028b-02-02
289,f07-032b-11-00
289,f07-032b-11-01
289,f07-028b-10-01
289,f07-028b-09-03
289,f07-039b-02-01
289,f07-039b-08-02
289,f07-036-00-03
289,f07-036-02-05
289,f07-032b-00-03
289,f07-032b-02-00
289,f07-042b-04-05
289,f07-028b-00-02
289,f07-039b-06-07
289,f07-036-02-07
289,f07-032b-11-03
289,f07-032b-02-04
289,f07-039b-01-03
289,f07-036-07-03
289,f07-036-00-06
289,f07-032b-04-04
289,f07-039b-02-05
289,f07-028b-06-00
289,f07-028b-08-04
289,f07-036-06-06
289,f07-032b-05-07
289,f07-039b-08-01
289,f07-028b-11-04
289,f07-028b-00-07
289,f07-032b-00-06
289,f07-028b-05-04
289,f07-028b-03-01
289,f07-039b-06-03
289,f07-032b-03-02
289,f07-028b-08-00
289,f07-036-05-06
289,f07-042b-06-02
289,f07-032b-07-02
289,f07-028b-06-07
289,f07-042b-05-03
289,f07-036-00-01
289,f07-032b-09-05
289,f07-039b-03-06
289,f07-032b-04-00
289,f07-032b-02-01
289,f07-042b-03-07
289,f07-036-03-03
289,f07-036-06-04
289,f07-032b-07-01
289,f07-036-00-02
289,f07-042b-01-07
289,f07-039b-02-00
289,f07-028b-03-07
289,f07-042b-00-07
289,f07-036-04-00
289,f07-042b-06-06
289,f07-036-05-02
289,f07-028b-03-03
289,f07-028b-04-01
289,f07-032b-02-06
289,f07-028b-11-02
289,f07-032b-05-03
289,f07-028b-00-00
289,f07-036-05-05
289,f07-042b-04-06
289,f07-039b-00-03
289,f07-036-05-04
289,f07-028b-09-00
289,f07-032b-03-01
289,f07-036-06-02
289,f07-042b-06-05
289,f07-032b-04-05
289,f07-042b-00-00
289,f07-032b-09-04
289,f07-042b-02-01
289,f07-036-00-00
289,f07-028b-00-06
289,f07-036-01-05
289,f07-032b-06-06
289,f07-028b-11-01
289,f07-039b-00-00
289,f07-042b-04-02
289,f07-036-06-03
289,f07-032b-02-05
289,f07-028b-06-05
289,f07-039b-03-02
289,f07-032b-04-06
289,f07-042b-02-05
289,f07-028b-02-06
289,f07-028b-06-02
289,f07-042b-00-05
289,f07-036-06-07
289,f07-039b-03-03
289,f07-042b-07-02
289,f07-028b-04-00
289,f07-042b-03-05
289,f07-028b-03-06
289,f07-042b-01-02
289,f07-028b-07-03
289,f07-036-02-04
289,f07-042b-05-05
289,f07-036-04-01
289,f07-032b-09-03
289,f07-032b-04-03
289,f07-039b-00-01
289,f07-036-02-03
289,f07-039b-01-01
289,f07-036-04-05
289,f07-036-01-02
289,f07-039b-00-05
289,f07-039b-01-00
289,f07-039b-08-06
289,f07-042b-03-03
289,f07-028b-08-01
289,f07-042b-05-00
289,f07-032b-09-01
289,f07-028b-01-01
289,f07-042b-01-06
289,f07-042b-01-05
289,f07-036-04-06
289,f07-042b-04-00
289,f07-032b-00-05
289,f07-028b-01-02
289,f07-028b-07-01
289,f07-039b-01-05
289,f07-036-02-02
289,f07-039b-07-00
289,f07-028b-07-05
289,f07-032b-09-06
289,f07-032b-07-04
289,f07-032b-05-04
289,f07-042b-02-04
289,f07-042b-05-02
289,f07-039b-08-04
289,f07-028b-01-04
289,f07-028b-04-06
289,f07-036-08-01
289,f07-032b-05-05
289,f07-036-05-08
289,f07-036-07-00
289,f07-028b-07-04
289,f07-042b-06-03
289,f07-028b-10-05
289,f07-042b-01-04
289,f07-042b-04-01
289,f07-039b-06-02
289,f07-042b-07-01
289,f07-039b-08-00
289,f07-032b-06-07
289,f07-042b-01-01
289,f07-039b-01-02
289,f07-042b-05-07
289,f07-028b-08-03
289,f07-039b-02-02
289,f07-028b-03-00
289,f07-036-07-01
289,f07-042b-02-00
289,f07-032b-03-00
289,f07-028b-10-06
289,f07-028b-11-05
289,f07-039b-00-04
289,f07-028b-07-02
289,f07-042b-07-04
289,f07-028b-02-03
289,f07-042b-06-01
289,f07-028b-09-05
289,f07-042b-05-06
289,f07-028b-01-03
289,f07-032b-06-03
289,f07-032b-04-02
289,f07-036-00-05
289,f07-042b-03-04
289,f07-028b-03-04
289,f07-036-02-01
289,f07-042b-05-04
289,f07-036-00-07
289,f07-032b-00-00
289,f07-036-00-08
289,f07-039b-03-01
289,f07-028b-04-03
289,f07-028b-10-00
289,f07-042b-05-01
289,f07-032b-00-04
289,f07-042b-00-06
289,f07-032b-06-00
289,f07-028b-06-06
289,f07-032b-00-02
289,f07-028b-05-05
289,f07-042b-00-04
289,f07-028b-07-06
289,f07-028b-02-04
289,f07-028b-08-06
289,f07-028b-07-07
289,f07-032b-01-04
289,f07-032b-06-08
289,f07-032b-01-05
289,f07-028b-00-01
289,f07-039b-03-05
289,f07-032b-06-01
289,f07-028b-00-04
289,f07-028b-01-00
289,f07-028b-10-07
289,f07-039b-03-04
289,f07-032b-00-01
289,f07-032b-09-07
289,f07-036-02-08
289,f07-036-05-01
289,f07-028b-04-02
289,f07-036-01-01
289,f07-036-06-01
289,f07-028b-05-02
289,f07-028b-03-02
289,f07-028b-05-00
289,f07-032b-03-04
289,f07-028b-02-05
289,f07-028b-10-03
289,f07-028b-09-01
289,f07-032b-04-08
289,f07-039b-08-03
289,f07-042b-01-03
289,f07-042b-01-00
289,f07-032b-02-03
289,f07-042b-02-03
289,f07-028b-05-01
289,f07-042b-04-03
289,f07-032b-01-01
289,f07-032b-06-04
289,f07-028b-00-08
289,f07-028b-08-05
289,f07-036-04-02
289,f07-042b-06-00
289,f07-028b-01-05
289,f07-039b-02-03
289,f07-042b-02-07
289,f07-028b-05-06
289,f07-042b-07-03
289,f07-032b-04-01
289,f07-042b-07-05
289,f07-028b-05-03
289,f07-042b-00-01
289,f07-028b-06-03
289,f07-039b-06-00
289,f07-036-07-04
289,f07-032b-01-00
289,f07-039b-00-06
289,f07-042b-03-02
289,f07-036-02-00
289,f07-032b-04-07
289,f07-039b-06-01
289,f07-028b-00-05
289,f07-039b-03-07
289,f07-028b-00-03
289,f07-028b-04-04
289,f07-039b-02-04
289,f07-039b-03-00
289,f07-032b-01-03
289,f07-036-04-07
289,f07-032b-06-05
289,f07-042b-03-06
289,f07-042b-03-00
289,f07-028b-02-00
289,f07-036-04-04
289,f07-032b-07-00
289,f07-039b-06-04
289,f07-028b-04-05
289,f07-028b-06-01
289,f07-036-08-00
289,f07-042b-07-00
290,f07-046b-07-10
290,f07-046b-03-05
290,f07-046b-03-00
290,f07-046b-04-01
290,f07-046b-06-05
290,f07-046b-03-06
290,f07-046b-04-06
290,f07-046b-00-01
290,f07-046b-00-00
290,f07-046b-06-09
290,f07-046b-01-06
290,f07-046b-08-04
290,f07-046b-03-01
290,f07-046b-04-00
290,f07-046b-00-05
290,f07-046b-08-05
290,f07-046b-02-01
290,f07-046b-00-02
290,f07-046b-06-11
290,f07-046b-05-07
290,f07-046b-07-00
290,f07-046b-02-06
290,f07-046b-04-05
290,f07-046b-01-01
290,f07-046b-08-00
290,f07-046b-06-04
290,f07-046b-05-06
290,f07-046b-06-00
290,f07-046b-03-08
290,f07-046b-06-06
290,f07-046b-01-07
290,f07-046b-06-02
290,f07-046b-05-05
290,f07-046b-03-09
290,f07-046b-07-06
290,f07-046b-04-08
290,f07-046b-01-08
290,f07-046b-07-01
290,f07-046b-07-05
290,f07-046b-04-02
290,f07-046b-06-08
290,f07-046b-07-03
290,f07-046b-07-08
290,f07-046b-05-00
290,f07-046b-01-00
290,f07-046b-07-04
290,f07-046b-05-02
290,f07-046b-01-05
290,f07-046b-03-10
290,f07-046b-03-02
290,f07-046b-02-00
290,f07-046b-03-03
290,f07-046b-06-10
290,f07-046b-06-01
290,f07-046b-07-02
290,f07-046b-02-04
290,f07-046b-07-09
290,f07-046b-00-03
290,f07-046b-07-07
290,f07-046b-05-08
290,f07-046b-08-02
290,f07-046b-08-01
290,f07-046b-04-04
290,f07-046b-03-04
290,f07-046b-01-04
290,f07-046b-05-01
290,f07-046b-04-07
290,f07-046b-04-03
290,f07-046b-06-07
290,f07-046b-02-03
290,f07-046b-00-06
290,f07-046b-01-02
290,f07-046b-05-04
290,f07-046b-01-03
290,f07-046b-02-02
290,f07-046b-06-03
290,f07-046b-03-07
290,f07-046b-02-05
290,f07-046b-05-03
290,f07-046b-08-03
290,f07-046b-06-12
301,g01-083-09-02
301,h01-004-00-01
301,h01-004-03-01
301,g01-083-08-06
301,h01-004-04-09
301,g01-083-07-02
301,g01-083-02-03
301,h01-004-05-02
301,h01-004-04-07
301,g01-083-02-01
301,g01-083-07-00
301,g01-083-08-02
301,h01-004-03-07
301,h01-004-02-05
301,g01-083-05-04
301,g01-083-02-00
301,g01-083-01-03
301,g01-083-03-00
301,h01-004-04-03
301,g01-083-00-09
301,h01-004-01-07
301,g01-083-09-08
301,h01-004-02-06
301,g01-083-01-04
301,g01-083-00-08
301,h01-004-01-10
301,g01-083-08-09
301,h01-004-01-04
301,h01-004-04-04
301,h01-004-01-01
301,g01-083-05-03
301,g01-083-03-02
301,h01-004-04-01
301,g01-083-04-01
301,h01-004-04-08
301,g01-083-00-07
301,g01-083-00-04
301,h01-004-04-05
301,h01-004-02-02
301,h01-004-02-07
301,h01-004-01-02
301,h01-004-02-01
301,g01-083-02-09
301,g01-083-03-04
301,h01-004-05-07
301,g01-083-03-07
301,g01-083-04-04
301,g01-083-01-05
301,g01-083-04-05
301,g01-083-00-05
301,h01-004-03-08
301,h01-004-00-10
301,h01-004-00-05
301,g01-083-09-04
301,g01-083-00-06
301,g01-083-08-03
301,g01-083-04-02
301,g01-083-01-06
301,g01-083-05-07
301,g01-083-06-08
301,g01-083-09-00
301,h01-004-04-06
301,h01-004-05-01
301,g01-083-07-06
301,g01-083-09-06
301,h01-004-01-03
301,g01-083-04-00
301,g01-083-06-05
301,g01-083-08-04
301,h01-004-00-09
301,g01-083-04-08
301,g01-083-08-07
301,g01-083-06-04
301,g01-083-05-06
301,g01-083-06-07
301,g01-083-07-05
301,g01-083-02-07
301,h01-004-01-05
301,h01-004-00-00
301,g01-083-09-03
301,g01-083-08-00
301,h01-004-02-04
301,h01-004-01-06
301,h01-004-03-02
301,h01-004-05-00
301,h01-004-05-04
301,h01-004-05-06
301,g01-083-07-07
301,h01-004-02-03
301,h01-004-03-03
301,g01-083-03-05
301,g01-083-04-09
301,g01-083-06-01
301,h01-004-01-09
301,g01-083-05-10
301,g01-083-06-00
301,g01-083-02-08
301,g01-083-00-00
301,g01-083-00-01
301,g01-083-02-05
301,g01-083-03-06
301,h01-004-04-00
301,g01-083-02-04
301,h01-004-05-03
301,g01-083-02-06
301,g01-083-03-03
301,g01-083-07-09
301,g01-083-07-03
301,h01-004-01-08
301,g01-083-04-06
301,h01-004-05-08
301,h01-004-03-00
301,g01-083-02-02
301,h01-004-03-04
301,g01-083-01-07
301,g01-083-08-10
301,g01-083-05-01
301,g01-083-00-03
301,g01-083-09-10
301,g01-083-09-09
301,h01-004-04-10
301,g01-083-06-03
301,g01-083-04-03
301,g01-083-00-02
301,g01-083-07-01
301,g01-083-05-08
301,g01-083-09-01
301,g01-083-08-05
301,h01-004-01-00
301,g01-083-08-08
301,g01-083-05-02
301,h01-004-00-02
301,g01-083-01-01
301,g01-083-06-09
301,g01-083-04-07
301,h01-004-03-06
301,h01-004-04-02
301,h01-004-03-05
301,g01-083-05-09
301,h01-004-04-11
301,h01-004-00-03
301,g01-083-09-05
301,g01-083-07-04
301,g01-083-07-08
301,h01-004-00-06
301,g01-083-06-06
301,h01-004-00-04
301,g01-083-01-08
301,h01-004-00-07
301,g01-083-05-00
301,g01-083-03-01
301,g01-083-09-11
301,g01-083-08-01
301,h01-004-05-05
301,g01-083-01-00
301,g01-083-05-05
301,g01-083-09-07
301,g01-083-01-02
301,h01-004-02-08
301,h01-004-00-08
301,h01-004-02-09
301,g01-083-02-10
301,h01-004-02-00
301,g01-083-06-02
310,g03-016-03-01
310,g03-016-06-04
310,g03-016-03-09
310,g03-016-06-07
310,g03-016-07-05
310,g03-016-01-04
310,g03-016-03-04
310,g03-016-01-06
310,g03-016-02-07
310,g03-016-04-02
310,g03-016-03-05
310,g03-016-05-04
310,g03-016-05-00
310,g03-016-04-05
310,g03-016-03-00
310,g03-016-05-07
310,g03-016-04-01
310,g03-016-02-01
310,g03-016-04-00
310,g03-016-01-05
310,g03-016-05-01
310,g03-016-06-05
310,g03-016-07-00
310,g03-016-03-02
310,g03-016-05-06
310,g03-016-04-06
310,g03-016-06-06
310,g03-016-06-03
310,g03-016-06-00
310,g03-016-03-07
310,g03-016-07-03
310,g03-016-04-08
310,g03-016-04-07
310,g03-016-04-04
310,g03-016-05-03
310,g03-016-01-02
310,g03-016-02-08
310,g03-016-02-03
310,g03-016-01-03
310,g03-016-03-03
310,g03-016-07-04
310,g03-016-02-02
310,g03-016-04-03
310,g03-016-01-01
310,g03-016-02-09
310,g03-016-02-04
310,g03-016-07-01
310,g03-016-05-02
310,g03-016-01-07
310,g03-016-02-06
310,g03-016-07-02
310,g03-016-07-06
310,g03-016-03-06
310,g03-016-05-05
310,g03-016-01-00
310,g03-016-02-00
310,g03-016-03-08
310,g03-016-02-05
310,g03-016-06-02
310,g03-016-06-01
310,g03-016-07-07
317,g03-058-04-05
317,g03-058-03-03
317,g03-058-06-00
317,g03-058-06-03
317,g03-058-06-01
317,g03-058-03-00
317,g03-058-05-03
317,g03-058-05-04
317,g03-058-04-07
317,g03-058-00-01
317,g03-058-01-08
317,g03-058-01-05
317,g03-058-04-00
317,g03-058-04-02
317,g03-058-00-08
317,g03-058-00-07
317,g03-058-03-02
317,g03-058-00-06
317,g03-058-04-06
317,g03-058-01-02
317,g03-058-06-06
317,g03-058-07-01
317,g03-058-04-04
317,g03-058-06-04
317,g03-058-04-03
317,g03-058-05-07
317,g03-058-00-00
317,g03-058-05-00
317,g03-058-04-08
317,g03-058-06-05
317,g03-058-00-09
317,g03-058-01-04
317,g03-058-06-02
317,g03-058-04-01
317,g03-058-03-06
317,g03-058-00-05
317,g03-058-03-01
317,g03-058-07-00
317,g03-058-00-04
317,g03-058-05-05
317,g03-058-01-03
317,g03-058-01-00
317,g03-058-01-01
317,g03-058-04-09
317,g03-058-05-01
317,g03-058-05-06
317,g03-058-01-07
317,g03-058-05-02
317,g03-058-03-05
317,g03-058-03-04
317,g03-058-00-02
317,g03-058-00-03
317,g03-058-01-06
317,g03-058-03-07
320,g04-039-05-09
320,g04-036-05-09
320,g04-036-05-08
320,g04-036-00-05
320,g04-036-03-09
320,g04-036-00-08
320,g04-039-07-03
320,g04-036-06-10
320,g04-039-01-03
320,g04-039-05-04
320,g04-039-01-08
320,g04-036-06-04
320,g04-039-05-05
320,g04-036-03-03
320,g04-036-00-11
320,g04-039-01-01
320,g04-036-00-00
320,g04-039-00-00
320,g04-039-01-02
320,g04-039-01-09
320,g04-036-06-01
320,g04-039-04-04
320,g04-039-02-08
320,g04-036-03-10
320,g04-039-01-00
320,g04-036-00-06
320,g04-039-00-04
320,g04-036-06-03
320,g04-036-00-07
320,g04-036-05-10
320,g04-039-05-00
320,g04-036-00-13
320,g04-036-05-02
320,g04-039-02-02
320,g04-036-06-02
320,g04-039-02-00
320,g04-039-05-06
320,g04-039-01-07
320,g04-036-07-00
320,g04-039-07-05
320,g04-039-02-05
320,g04-036-03-07
320,g04-039-02-06
320,g04-039-01-04
320,g04-036-07-02
320,g04-036-03-06
320,g04-039-02-03
320,g04-036-06-00
320,g04-039-05-08
320,g04-036-07-03
320,g04-039-07-02
320,g04-036-00-03
320,g04-036-06-05
320,g04-039-04-03
320,g04-039-01-06
320,g04-036-00-02
320,g04-036-03-00
320,g04-039-04-01
320,g04-036-03-08
320,g04-036-06-07
320,g04-036-07-01
320,g04-036-03-05
320,g04-036-03-11
320,g04-036-00-12
320,g04-039-02-01
320,g04-039-05-07
320,g04-036-05-05
320,g04-036-06-08
320,g04-039-04-02
320,g04-036-05-01
320,g04-036-05-07
320,g04-036-06-06
320,g04-039-00-05
320,g04-036-00-10
320,g04-036-00-01
320,g04-039-00-06
320,g04-036-00-09
320,g04-039-02-07
320,g04-039-04-06
320,g04-039-04-09
320,g04-039-05-03
320,g04-039-04-08
320,g04-039-01-05
320,g04-039-02-09
320,g04-036-05-06
320,g04-039-04-07
320,g04-039-02-04
320,g04-039-05-02
320,g04-039-07-04
320,g04-036-05-00
320,g04-036-03-04
320,g04-039-04-05
320,g04-039-07-01
320,g04-036-03-01
320,g04-036-05-03
320,g04-039-00-08
320,g04-039-00-01
320,g04-039-00-02
320,g04-039-05-01
320,g04-036-05-04
320,g04-036-03-02
320,g04-039-04-00
320,g04-036-00-04
320,g04-036-06-09
320,g04-039-00-07
323,g04-055-00-04
323,g04-055-08-06
323,g04-055-01-06
323,g04-055-08-00
323,g04-055-05-03
323,g04-055-01-05
323,g04-055-01-02
323,g04-055-09-00
323,g04-055-00-03
323,g04-055-05-07
323,g04-055-06-06
323,g04-055-00-05
323,g04-055-05-08
323,g04-055-08-03
323,g04-055-03-04
323,g04-055-01-07
323,g04-055-05-04
323,g04-055-00-06
323,g04-055-00-00
323,g04-055-03-05
323,g04-055-01-10
323,g04-055-02-02
323,g04-055-03-08
323,g04-055-09-01
323,g04-055-01-01
323,g04-055-02-05
323,g04-055-08-02
323,g04-055-01-11
323,g04-055-00-07
323,g04-055-03-00
323,g04-055-01-00
323,g04-055-02-03
323,g04-055-02-08
323,g04-055-02-01
323,g04-055-06-03
323,g04-055-06-05
323,g04-055-03-02
323,g04-055-01-09
323,g04-055-06-01
323,g04-055-02-06
323,g04-055-03-03
323,g04-055-05-06
323,g04-055-06-04
323,g04-055-08-07
323,g04-055-06-00
323,g04-055-08-04
323,g04-055-03-06
323,g04-055-00-02
323,g04-055-01-03
323,g04-055-00-01
323,g04-055-00-08
323,g04-055-05-05
323,g04-055-02-04
323,g04-055-03-07
323,g04-055-01-08
323,g04-055-08-01
323,g04-055-08-05
323,g04-055-02-00
323,g04-055-06-02
323,g04-055-02-07
323,g04-055-05-00
323,g04-055-05-02
323,g04-055-03-01
323,g04-055-05-01
324,g04-063-04-05
324,g04-060-04-03
324,g04-060-06-03
324,g04-063-04-03
324,g04-063-04-14
324,g04-063-08-04
324,g04-063-00-01
324,g04-063-02-09
324,g04-060-06-04
324,g04-063-03-11
324,g04-060-05-05
324,g04-060-06-00
324,g04-063-08-05
324,g04-060-01-04
324,g04-063-07-05
324,g04-060-00-10
324,g04-060-01-05
324,g04-063-02-04
324,g04-060-00-06
324,g04-060-05-04
324,g04-063-02-03
324,g04-060-06-02
324,g04-060-05-10
324,g04-063-04-04
324,g04-063-08-01
324,g04-063-00-09
324,g04-060-04-10
324,g04-063-04-13
324,g04-063-04-07
324,g04-063-00-03
324,g04-060-02-08
324,g04-063-03-01
324,g04-063-08-06
324,g04-063-02-00
324,g04-060-01-07
324,g04-060-01-06
324,g04-063-04-08
324,g04-063-03-08
324,g04-060-02-11
324,g04-060-01-03
324,g04-063-03-00
324,g04-060-01-09
324,g04-063-07-04
324,g04-060-00-09
324,g04-063-07-00
324,g04-063-04-01
324,g04-063-03-04
324,g04-060-00-08
324,g04-060-01-08
324,g04-063-04-10
324,g04-063-09-01
324,g04-063-00-02
324,g04-063-07-07
324,g04-063-03-13
324,g04-063-04-11
324,g04-060-05-00
324,g04-063-04-00
324,g04-063-02-06
324,g04-063-07-03
324,g04-063-03-02
324,g04-063-08-00
324,g04-063-03-10
324,g04-060-04-00
324,g04-060-05-06
324,g04-063-08-10
324,g04-063-07-01
324,g04-060-00-02
324,g04-060-05-09
324,g04-060-02-00
324,g04-063-08-08
324,g04-063-09-00
324,g04-060-04-08
324,g04-063-09-04
324,g04-060-02-06
324,g04-063-08-03
324,g04-063-02-02
324,g04-060-06-01
324,g04-060-05-01
324,g04-063-00-00
324,g04-060-01-00
324,g04-063-08-09
324,g04-063-00-05
324,g04-060-02-01
324,g04-060-04-11
324,g04-063-03-06
324,g04-063-02-08
324,g04-063-00-06
324,g04-060-02-10
324,g04-063-04-02
324,g04-060-06-05
324,g04-063-07-08
324,g04-063-08-07
324,g04-060-00-03
324,g04-060-02-07
324,g04-063-00-07
324,g04-060-05-02
324,g04-063-02-05
324,g04-060-05-11
324,g04-060-00-04
324,g04-063-03-12
324,g04-063-00-08
324,g04-060-02-09
324,g04-063-03-03
324,g04-060-05-03
324,g04-060-05-08
324,g04-060-04-06
324,g04-060-05-12
324,g04-063-04-09
324,g04-060-02-04
324,g04-060-02-05
324,g04-060-04-07
324,g04-060-04-09
324,g04-063-03-05
324,g04-060-04-01
324,g04-060-04-05
324,g04-060-01-01
324,g04-063-07-06
324,g04-060-01-02
324,g04-063-02-01
324,g04-063-00-04
324,g04-063-04-12
324,g04-060-00-00
324,g04-063-02-07
324,g04-060-00-07
324,g04-060-04-02
324,g04-060-05-07
324,g04-063-09-02
324,g04-060-00-01
324,g04-060-02-02
324,g04-060-04-04
324,g04-063-09-03
324,g04-063-03-09
324,g04-063-03-07
324,g04-060-02-03
326,g04-077-00-04
326,g04-077-05-09
326,g04-077-04-03
326,g04-077-02-10
326,g04-077-02-04
326,g04-077-05-06
326,g04-077-03-03
326,g04-077-03-07
326,g04-077-02-08
326,g04-077-00-09
326,g04-077-03-01
326,g04-077-00-07
326,g04-077-02-01
326,g04-077-03-08
326,g04-077-05-07
326,g04-077-04-10
326,g04-077-05-04
326,g04-077-02-09
326,g04-077-04-02
326,g04-077-04-01
326,g04-077-01-04
326,g04-077-04-05
326,g04-077-03-10
326,g04-077-02-11
326,g04-077-00-11
326,g04-077-05-10
326,g04-077-02-03
326,g04-077-00-01
326,g04-077-04-07
326,g04-077-03-04
326,g04-077-01-01
326,g04-077-05-02
326,g04-077-00-06
326,g04-077-00-10
326,g04-077-01-03
326,g04-077-05-01
326,g04-077-02-12
326,g04-077-03-00
326,g04-077-00-00
326,g04-077-03-12
326,g04-077-04-04
326,g04-077-05-03
326,g04-077-00-08
326,g04-077-02-06
326,g04-077-01-10
326,g04-077-05-05
326,g04-077-04-08
326,g04-077-03-02
326,g04-077-00-05
326,g04-077-04-06
326,g04-077-02-02
326,g04-077-01-07
326,g04-077-01-00
326,g04-077-02-00
326,g04-077-01-08
326,g04-077-03-05
326,g04-077-02-05
326,g04-077-01-02
326,g04-077-01-09
326,g04-077-01-06
326,g04-077-03-09
326,g04-077-04-00
326,g04-077-04-09
326,g04-077-01-05
326,g04-077-01-11
326,g04-077-00-03
326,g04-077-05-08
326,g04-077-00-02
326,g04-077-02-07
326,g04-077-03-11
326,g04-077-05-00
327,g04-081-04-09
327,g04-081-00-06
327,g04-081-03-07
327,g04-081-04-02
327,g04-081-04-04
327,g04-081-03-11
327,g04-081-02-06
327,g04-081-02-09
327,g04-081-02-10
327,g04-081-02-04
327,g04-081-04-06
327,g04-081-00-04
327,g04-081-01-11
327,g04-081-03-03
327,g04-081-00-08
327,g04-081-03-09
327,g04-081-01-09
327,g04-081-00-09
327,g04-081-00-07
327,g04-081-01-06
327,g04-081-01-08
327,g04-081-00-00
327,g04-081-00-03
327,g04-081-02-08
327,g04-081-00-01
327,g04-081-02-01
327,g04-081-04-07
327,g04-081-00-10
327,g04-081-03-12
327,g04-081-02-05
327,g04-081-02-00
327,g04-081-03-06
327,g04-081-03-05
327,g04-081-03-00
327,g04-081-04-08
327,g04-081-02-07
327,g04-081-02-02
327,g04-081-03-08
327,g04-081-03-13
327,g04-081-00-05
327,g04-081-04-05
327,g04-081-03-14
327,g04-081-01-07
327,g04-081-03-02
327,g04-081-03-04
327,g04-081-04-00
327,g04-081-01-00
327,g04-081-01-04
327,g04-081-03-01
327,g04-081-01-01
327,g04-081-02-11
327,g04-081-01-10
327,g04-081-02-03
327,g04-081-00-02
327,g04-081-03-10
327,g04-081-04-03
327,g04-081-01-05
327,g04-081-01-02
327,g04-081-01-03
327,g04-081-04-01
328,g04-088-09-06
328,g04-088-04-06
328,g04-092-02-04
328,g04-088-09-04
328,g04-088-10-00
328,g04-088-07-01
328,g04-088-06-00
328,g04-092-08-00
328,g04-088-10-03
328,g04-088-05-01
328,g04-088-07-03
328,g04-088-05-04
328,g04-088-06-03
328,g04-092-00-07
328,g04-088-08-05
328,g04-088-05-09
328,g04-092-08-03
328,g04-088-05-07
328,g04-088-02-00
328,g04-092-00-01
328,g04-092-08-08
328,g04-092-02-01
328,g04-088-04-02
328,g04-088-02-09
328,g04-088-05-08
328,g04-088-02-05
328,g04-092-08-05
328,g04-088-09-03
328,g04-092-09-02
328,g04-092-08-01
328,g04-088-02-04
328,g04-088-09-07
328,g04-088-10-04
328,g04-088-10-02
328,g04-088-09-05
328,g04-092-00-05
328,g04-088-04-00
328,g04-088-02-07
328,g04-088-06-05
328,g04-088-08-03
328,g04-088-08-00
328,g04-088-04-03
328,g04-092-08-04
328,g04-092-02-03
328,g04-088-02-02
328,g04-088-06-01
328,g04-092-08-02
328,g04-088-02-08
328,g04-088-04-05
328,g04-092-00-02
328,g04-088-08-01
328,g04-092-09-05
328,g04-088-00-00
328,g04-092-09-03
328,g04-088-09-00
328,g04-088-08-04
328,g04-088-08-02
328,g04-088-05-02
328,g04-088-00-02
328,g04-088-09-02
328,g04-088-07-07
328,g04-088-02-01
328,g04-088-05-05
328,g04-088-10-01
328,g04-092-00-04
328,g04-088-04-04
328,g04-088-04-01
328,g04-092-08-07
328,g04-092-00-00
328,g04-088-07-04
328,g04-088-07-00
328,g04-088-07-05
328,g04-092-08-06
328,g04-088-00-03
328,g04-088-02-06
328,g04-092-09-00
328,g04-088-06-06
328,g04-088-00-01
328,g04-088-07-06
328,g04-092-02-05
328,g04-088-06-04
328,g04-092-09-04
328,g04-088-10-06
328,g04-088-00-04
328,g04-088-00-05
328,g04-088-09-01
328,g04-092-02-00
328,g04-088-02-03
328,g04-088-07-02
328,g04-088-05-06
328,g04-092-09-01
328,g04-088-07-08
328,g04-088-05-00
328,g04-088-10-05
328,g04-092-00-03
328,g04-092-00-06
328,g04-092-02-06
328,g04-088-06-02
329,g04-098-05-07
329,g04-098-00-05
329,g04-101-01-05
329,g04-098-00-08
329,g04-101-00-08
329,g04-098-01-05
329,g04-101-02-04
329,g04-098-05-00
329,g04-098-01-02
329,g04-101-00-07
329,g04-101-01-06
329,g04-101-05-00
329,g04-098-04-04
329,g04-098-03-01
329,g04-101-05-07
329,g04-098-04-00
329,g04-098-01-01
329,g04-101-02-06
329,g04-098-01-06
329,g04-098-04-08
329,g04-101-06-04
329,g04-101-02-07
329,g04-098-03-04
329,g04-101-01-02
329,g04-098-04-05
329,g04-098-03-03
329,g04-101-03-03
329,g04-101-05-02
329,g04-101-00-03
329,g04-101-05-01
329,g04-098-04-01
329,g04-098-01-03
329,g04-098-03-00
329,g04-098-03-06
329,g04-101-03-06
329,g04-101-03-00
329,g04-098-03-02
329,g04-101-06-01
329,g04-098-00-04
329,g04-101-05-05
329,g04-101-01-00
329,g04-098-01-04
329,g04-098-05-03
329,g04-101-01-01
329,g04-098-04-03
329,g04-098-00-00
329,g04-098-05-05
329,g04-098-05-04
329,g04-101-00-06
329,g04-101-02-03
329,g04-101-03-08
329,g04-098-04-07
329,g04-101-03-05
329,g04-101-06-00
329,g04-101-05-04
329,g04-101-00-05
329,g04-098-00-02
329,g04-098-01-08
329,g04-098-00-03
329,g04-101-03-01
329,g04-101-03-07
329,g04-101-01-04
329,g04-101-03-09
329,g04-101-02-08
329,g04-098-05-01
329,g04-098-05-06
329,g04-098-00-07
329,g04-098-03-07
329,g04-101-00-02
329,g04-101-06-02
329,g04-101-02-05
329,g04-101-01-03
329,g04-101-06-05
329,g04-098-01-00
329,g04-098-05-02
329,g04-101-06-03
329,g04-098-03-05
329,g04-098-04-02
329,g04-098-01-07
329,g04-098-00-09
329,g04-098-04-09
329,g04-101-02-01
329,g04-101-01-07
329,g04-101-03-04
329,g04-101-03-02
329,g04-101-05-03
329,g04-101-00-04
329,g04-101-00-00
329,g04-098-04-06
329,g04-098-00-06
329,g04-101-05-06
329,g04-101-00-01
329,g04-098-00-01
330,h04-021-02-09
330,g04-104-01-07
330,h04-021-02-01
330,h04-007-01-02
330,g04-104-07-05
330,h04-007-05-04
330,h04-021-01-03
330,g04-104-05-09
330,h04-007-05-07
330,h04-021-01-04
330,h04-007-08-04
330,h04-021-08-01
330,g04-104-07-01
330,g04-104-05-03
330,g04-104-05-08
330,g04-104-04-10
330,g04-104-06-05
330,g04-104-00-06
330,h04-021-01-00
330,h04-007-08-06
330,h04-007-03-04
330,g04-104-03-05
330,g04-104-05-00
330,g04-104-06-08
330,h04-021-01-01
330,g04-104-03-03
330,g04-108-00-03
330,h04-021-07-04
330,g04-104-02-06
330,g04-104-02-01
330,g04-104-05-06
330,g04-104-03-10
330,h04-021-04-10
330,h04-021-00-02
330,g04-104-01-06
330,g04-108-02-05
330,h04-021-00-04
330,h04-007-02-09
330,g04-104-06-00
330,g04-104-05-07
330,g04-104-01-05
330,h04-021-05-00
330,g04-104-04-07
330,g04-104-02-00
330,g04-104-05-11
330,h04-007-03-00
330,g04-104-02-04
330,h04-007-01-01
330,g04-104-03-08
330,g04-104-03-09
330,h04-021-02-05
330,g04-104-02-05
330,g04-104-08-00
330,g04-104-05-04
330,h04-021-04-08
330,g04-104-06-01
330,g04-104-01-02
330,g04-104-06-04
330,h04-021-00-07
330,h04-021-06-06
330,h04-007-03-08
330,h04-021-08-03
330,h04-021-00-08
330,h04-007-02-08
330,g04-104-05-02
330,g04-108-01-01
330,h04-021-05-08
330,h04-007-00-08
330,h04-007-08-03
330,g04-104-07-04
330,g04-104-03-11
330,h04-007-00-00
330,h04-007-05-09
330,h04-021-06-03
330,h04-007-08-02
330,g04-104-08-05
330,g04-104-07-02
330,h04-007-02-03
330,h04-007-01-08
330,g04-104-04-02
330,h04-007-03-05
330,g04-104-00-01
330,g04-108-00-04
330,h04-007-03-01
330,g04-104-05-12
330,h04-021-05-04
330,h04-007-01-07
330,h04-007-00-02
330,g04-104-07-03
330,g04-104-05-10
330,h04-021-00-01
330,h04-021-06-07
330,g04-104-02-03
330,g04-104-02-07
330,h04-021-07-00
330,g04-108-00-05
330,g04-104-02-08
330,h04-007-03-07
330,h04-021-04-02
330,g04-104-06-07
330,h04-021-02-08
330,h04-007-03-03
330,g04-104-04-08
330,g04-104-00-03
330,h04-007-05-03
330,h04-007-05-08
330,h04-007-00-07
330,h04-007-01-10
330,h04-021-04-07
330,g04-104-06-03
330,h04-021-02-11
330,h04-021-02-06
330,h04-021-00-03
330,h04-021-06-05
330,g04-108-01-05
330,g04-108-02-01
330,g04-104-03-01
330,g04-104-00-08
330,h04-007-01-04
330,h04-007-02-05
330,g04-104-01-10
330,g04-108-01-07
330,h04-021-08-02
330,g04-104-00-05
330,g04-104-08-02
330,h04-021-02-03
330,h04-021-00-11
330,g04-108-02-06
330,h04-021-07-01
330,h04-007-02-04
330,g04-104-04-04
330,g04-104-01-09
330,g04-104-08-03
330,h04-007-02-02
330,h04-021-04-04
330,h04-021-02-07
330,g04-108-02-03
330,g04-104-05-01
330,g04-104-08-01
330,h04-007-01-06
330,h04-007-03-02
330,h04-021-00-10
330,g04-104-00-09
330,h04-021-02-10
330,g04-108-01-03
330,g04-108-01-02
330,h04-021-02-04
330,h04-021-07-02
330,g04-108-00-06
330,h04-007-00-04
330,g04-104-04-03
330,h04-007-05-01
330,g04-108-00-07
330,h04-021-00-06
330,g04-104-03-06
330,h04-021-07-05
330,h04-007-00-06
330,h04-007-01-09
330,g04-104-01-04
330,h04-007-05-02
330,h04-021-06-01
330,h04-007-01-05
330,h04-021-05-03
330,h04-007-01-03
330,h04-021-04-03
330,g04-104-00-07
330,g04-108-00-01
330,h04-007-02-00
330,g04-108-01-06
330,g04-104-00-00
330,h04-021-01-05
330,h04-007-02-06
330,h04-021-05-01
330,g04-104-04-01
330,g04-104-05-05
330,h04-007-02-07
330,h04-021-04-00
330,g04-108-00-02
330,g04-108-01-04
330,h04-021-04-05
330,g04-108-02-00
330,h04-021-05-02
330,g04-104-02-09
330,g04-104-00-02
330,h04-021-01-06
330,g04-104-07-00
330,h04-021-04-09
330,g04-104-03-02
330,h04-021-05-06
330,g04-104-03-07
330,h04-021-04-01
330,h04-007-05-05
330,h04-007-00-01
330,h04-021-01-08
330,g04-108-01-00
330,g04-104-01-08
330,h04-021-06-00
330,g04-104-04-00
330,h04-021-07-06
330,h04-021-02-02
330,g04-108-00-00
330,h04-021-05-07
330,g04-104-01-00
330,h04-007-05-06
330,h04-007-01-00
330,h04-021-00-05
330,h04-007-05-00
330,g04-104-08-04
330,g04-104-04-05
330,h04-021-05-05
330,g04-104-07-06
330,g04-108-02-02
330,h04-021-00-00
330,g04-104-03-00
330,g04-104-07-07
330,g04-108-02-04
330,h04-007-08-00
330,h04-021-02-00
330,g04-104-06-06
330,h04-007-08-05
330,h04-021-04-11
330,g04-104-00-04
330,h04-007-00-05
330,h04-021-06-08
330,h04-007-03-06
330,g04-104-01-01
330,g04-104-03-04
330,h04-021-06-02
330,h04-021-01-02
330,h04-021-04-06
330,h04-021-01-07
330,h04-021-01-09
330,g04-104-02-02
330,h04-021-08-00
330,h04-021-07-03
330,h04-007-08-01
330,g04-104-04-09
330,h04-007-00-03
330,g04-104-04-06
330,h04-007-02-01
331,g05-087-05-04
331,g05-087-05-00
331,g05-087-05-03
331,g05-087-01-09
331,g05-087-01-03
331,g05-087-00-02
331,g05-087-05-06
331,g05-087-04-07
331,g05-087-05-05
331,g05-087-04-05
331,g05-087-06-00
331,g05-087-01-04
331,g05-087-01-02
331,g05-087-04-00
331,g05-087-05-08
331,g05-087-04-04
331,g05-087-06-02
331,g05-087-01-07
331,g05-087-06-01
331,g05-087-01-00
331,g05-087-04-02
331,g05-087-01-06
331,g05-087-00-08
331,g05-087-05-07
331,g05-087-05-02
331,g05-087-01-05
331,g05-087-00-00
331,g05-087-02-03
331,g05-087-02-06
331,g05-087-04-01
331,g05-087-05-09
331,g05-087-02-04
331,g05-087-00-06
331,g05-087-00-04
331,g05-087-06-03
331,g05-087-02-00
331,g05-087-04-08
331,g05-087-04-03
331,g05-087-01-01
331,g05-087-00-07
331,g05-087-00-05
331,g05-087-05-01
331,g05-087-02-05
331,g05-087-01-08
331,g05-087-04-06
331,g05-087-02-01
331,g05-087-02-02
331,g05-087-00-01
332,g06-011a-08-00
332,g06-011a-03-05
332,g06-018a-02-10
332,g06-050a-01-10
332,g06-042a-02-08
332,g06-050a-04-03
332,g06-026a-00-06
332,g06-042a-02-09
332,g06-011a-07-07
332,g06-018a-01-05
332,g06-045a-05-03
332,g06-018a-04-04
332,g06-047a-07-00
332,g06-026a-05-00
332,g06-018a-07-04
332,g06-031a-02-01
332,g06-050a-02-01
332,g06-011a-05-12
332,g06-047a-00-04
332,g06-026a-00-05
332,g06-031a-06-03
332,g06-018a-06-03
332,g06-042a-05-01
332,g06-011a-07-00
332,g06-011a-03-04
332,g06-011a-01-06
332,g06-018a-03-06
332,g06-026a-00-00
332,g06-031a-04-03
332,g06-018a-05-01
332,g06-042a-04-01
332,g06-026a-06-01
332,g06-050a-01-05
332,g06-050a-07-09
332,g06-011a-03-07
332,g06-045a-04-04
332,g06-050a-01-08
332,g06-050a-06-02
332,g06-011a-04-09
332,g06-045a-02-04
332,g06-050a-00-07
332,g06-011a-09-01
332,g06-011a-06-11
332,g06-011a-04-02
332,g06-026a-02-09
332,g06-031a-04-08
332,g06-050a-02-00
332,g06-042a-02-05
332,g06-047a-01-03
332,g06-018a-01-07
332,g06-050a-08-02
332,g06-018a-03-10
332,g06-050a-04-01
332,g06-050a-04-06
332,g06-018a-00-06
332,g06-047a-02-01
332,g06-026a-06-00
332,g06-031a-00-05
332,g06-026a-03-00
332,g06-026a-02-07
332,g06-042a-00-04
332,g06-031a-00-12
332,g06-018a-06-05
332,g06-045a-02-00
332,g06-031a-06-05
332,g06-031a-04-01
332,g06-045a-07-03
332,g06-018a-01-02
332,g06-018a-01-00
332,g06-026a-03-05
332,g06-045a-03-03
332,g06-045a-05-02
332,g06-018a-06-01
332,g06-011a-05-02
332,g06-011a-03-03
332,g06-031a-06-07
332,g06-018a-01-08
332,g06-026a-00-01
332,g06-031a-06-09
332,g06-047a-05-08
332,g06-045a-04-03
332,g06-018a-00-09
332,g06-018a-03-01
332,g06-042a-03-02
332,g06-042a-02-06
332,g06-047a-01-06
332,g06-011a-05-05
332,g06-018a-00-01
332,g06-047a-00-08
332,g06-018a-07-10
332,g06-011a-05-07
332,g06-011a-09-00
332,g06-042a-00-08
332,g06-018a-04-06
332,g06-045a-02-06
332,g06-050a-04-00
332,g06-011a-06-00
332,g06-031a-04-05
332,g06-011a-05-01
332,g06-018a-04-03
332,g06-031a-01-00
332,g06-031a-01-01
332,g06-018a-07-12
332,g06-047a-02-02
332,g06-011a-07-04
332,g06-045a-05-04
332,g06-050a-00-02
332,g06-031a-04-02
332,g06-045a-02-08
332,g06-050a-05-01
332,g06-011a-04-10
332,g06-031a-00-10
332,g06-031a-04-07
332,g06-042a-00-03
332,g06-031a-00-02
332,g06-011a-07-03
332,g06-018a-01-03
332,g06-018a-03-09
332,g06-018a-02-04
332,g06-031a-03-07
332,g06-050a-02-04
332,g06-031a-03-03
332,g06-047a-00-02
332,g06-045a-06-07
332,g06-011a-05-04
332,g06-018a-07-03
332,g06-031a-06-01
332,g06-042a-00-07
332,g06-011a-04-03
332,g06-031a-02-05
332,g06-031a-06-04
332,g06-045a-06-05
332,g06-018a-05-03
332,g06-042a-01-04
332,g06-050a-00-00
332,g06-050a-05-05
332,g06-047a-06-02
332,g06-011a-09-06
332,g06-045a-03-04
332,g06-011a-06-02
332,g06-050a-04-02
332,g06-050a-08-01
332,g06-045a-03-05
332,g06-031a-04-09
332,g06-042a-01-03
332,g06-047a-02-09
332,g06-011a-03-12
332,g06-050a-08-03
332,g06-045a-01-00
332,g06-050a-00-03
332,g06-018a-02-06
332,g06-045a-04-00
332,g06-050a-01-07
332,g06-018a-02-01
332,g06-050a-08-00
332,g06-011a-08-02
332,g06-018a-05-04
332,g06-045a-04-07
332,g06-011a-03-08
332,g06-047a-05-03
332,g06-018a-03-03
332,g06-050a-06-00
332,g06-042a-01-06
332,g06-047a-00-00
332,g06-050a-01-01
332,g06-047a-05-05
332,g06-042a-01-05
332,g06-011a-07-02
332,g06-011a-09-04
332,g06-042a-03-07
332,g06-042a-06-01
332,g06-050a-06-06
332,g06-026a-01-02
332,g06-031a-01-04
332,g06-026a-00-03
332,g06-045a-04-08
332,g06-045a-05-06
332,g06-018a-00-07
332,g06-011a-02-00
332,g06-031a-03-06
332,g06-050a-07-01
332,g06-050a-02-05
332,g06-050a-00-01
332,g06-018a-01-01
332,g06-026a-00-10
332,g06-045a-00-05
332,g06-018a-02-07
332,g06-011a-01-03
332,g06-045a-06-03
332,g06-011a-07-06
332,g06-018a-06-00
332,g06-050a-07-07
332,g06-047a-01-07
332,g06-026a-00-02
332,g06-047a-02-08
332,g06-050a-04-07
332,g06-026a-06-02
332,g06-031a-00-04
332,g06-050a-07-06
332,g06-042a-06-02
332,g06-050a-01-09
332,g06-031a-01-07
332,g06-050a-03-01
332,g06-011a-06-08
332,g06-011a-05-00
332,g06-018a-01-04
332,g06-050a-03-06
332,g06-026a-03-01
332,g06-026a-01-07
332,g06-018a-00-04
332,g06-042a-01-07
332,g06-047a-05-09
332,g06-042a-04-03
332,g06-047a-01-00
332,g06-045a-03-06
332,g06-018a-00-02
332,g06-047a-01-05
332,g06-047a-07-04
332,g06-011a-09-02
332,g06-047a-00-07
332,g06-045a-02-02
332,g06-018a-03-04
332,g06-018a-07-01
332,g06-026a-02-04
332,g06-042a-01-09
332,g06-050a-02-02
332,g06-042a-03-05
332,g06-045a-02-05
332,g06-018a-07-07
332,g06-011a-06-06
332,g06-011a-10-01
332,g06-018a-02-05
332,g06-018a-04-08
332,g06-045a-05-05
332,g06-026a-05-04
332,g06-050a-06-04
332,g06-042a-02-00
332,g06-045a-06-01
332,g06-050a-05-02
332,g06-031a-06-08
332,g06-011a-00-00
332,g06-018a-00-00
332,g06-026a-01-04
332,g06-047a-01-08
332,g06-026a-05-05
332,g06-018a-01-06
332,g06-042a-03-00
332,g06-018a-06-04
332,g06-042a-04-07
332,g06-018a-07-05
332,g06-026a-02-01
332,g06-042a-05-06
332,g06-045a-02-09
332,g06-042a-00-09
332,g06-018a-02-00
332,g06-018a-07-06
332,g06-031a-03-02
332,g06-018a-07-02
332,g06-042a-03-01
332,g06-031a-00-13
332,g06-011a-02-03
332,g06-042a-05-03
332,g06-011a-06-07
332,g06-018a-07-00
332,g06-011a-05-06
332,g06-011a-03-01
332,g06-045a-06-04
332,g06-011a-06-09
332,g06-011a-01-07
332,g06-031a-06-06
332,g06-026a-05-01
332,g06-050a-03-04
332,g06-050a-01-06
332,g06-045a-01-07
332,g06-045a-04-02
332,g06-031a-02-00
332,g06-011a-02-01
332,g06-018a-04-07
332,g06-050a-00-04
332,g06-026a-03-02
332,g06-050a-02-07
332,g06-031a-03-05
332,g06-011a-01-05
332,g06-047a-05-01
332,g06-031a-00-07
332,g06-045a-01-05
332,g06-011a-03-11
332,g06-031a-02-02
332,g06-042a-00-06
332,g06-042a-05-02
332,g06-018a-00-03
332,g06-011a-07-08
332,g06-018a-06-07
332,g06-018a-02-02
332,g06-026a-02-00
332,g06-011a-07-01
332,g06-042a-04-02
332,g06-042a-00-10
332,g06-011a-03-10
332,g06-042a-04-00
332,g06-047a-01-02
332,g06-042a-02-04
332,g06-026a-05-03
332,g06-018a-05-02
332,g06-047a-06-00
332,g06-018a-00-05
332,g06-011a-10-00
332,g06-045a-00-09
332,g06-031a-00-01
332,g06-026a-03-06
332,g06-026a-00-08
332,g06-011a-04-08
332,g06-011a-00-09
332,g06-045a-00-00
332,g06-011a-04-00
332,g06-047a-06-01
332,g06-045a-02-07
332,g06-050a-05-04
332,g06-050a-06-01
332,g06-031a-03-04
332,g06-018a-04-02
332,g06-011a-05-10
332,g06-047a-05-06
332,g06-047a-05-02
332,g06-050a-07-02
332,g06-026a-02-02
332,g06-011a-03-13
332,g06-031a-01-05
332,g06-011a-02-07
332,g06-018a-03-11
332,g06-042a-05-05
332,g06-018a-05-07
332,g06-050a-00-06
332,g06-011a-00-05
332,g06-011a-08-06
332,g06-031a-01-06
332,g06-047a-06-03
332,g06-042a-00-11
332,g06-018a-03-12
332,g06-011a-05-03
332,g06-011a-00-01
332,g06-018a-02-08
332,g06-026a-01-03
332,g06-026a-00-07
332,g06-047a-02-00
332,g06-045a-01-02
332,g06-018a-00-08
332,g06-011a-09-09
332,g06-031a-01-08
332,g06-047a-02-05
332,g06-018a-05-09
332,g06-026a-01-05
332,g06-042a-06-00
332,g06-042a-00-05
332,g06-047a-05-07
332,g06-018a-06-08
332,g06-011a-04-06
332,g06-045a-04-06
332,g06-045a-00-03
332,g06-047a-00-05
332,g06-031a-01-02
332,g06-050a-07-04
332,g06-050a-07-03
332,g06-018a-07-08
332,g06-045a-07-01
332,g06-018a-02-09
332,g06-018a-05-00
332,g06-050a-08-04
332,g06-031a-02-08
332,g06-026a-01-01
332,g06-042a-02-03
332,g06-045a-07-00
332,g06-031a-00-11
332,g06-011a-05-09
332,g06-031a-02-04
332,g06-031a-04-06
332,g06-042a-04-05
332,g06-047a-00-06
332,g06-031a-00-06
332,g06-026a-03-08
332,g06-050a-04-04
332,g06-011a-00-06
332,g06-050a-03-03
332,g06-011a-08-01
332,g06-042a-01-08
332,g06-018a-07-11
332,g06-045a-00-06
332,g06-018a-06-02
332,g06-031a-02-06
332,g06-042a-03-03
332,g06-045a-01-06
332,g06-018a-03-02
332,g06-031a-01-03
332,g06-011a-01-02
332,g06-026a-01-00
332,g06-047a-02-10
332,g06-011a-09-07
332,g06-011a-09-03
332,g06-047a-01-01
332,g06-042a-05-04
332,g06-047a-02-04
332,g06-026a-00-04
332,g06-042a-02-02
332,g06-050a-04-08
332,g06-047a-06-06
332,g06-026a-02-08
332,g06-050a-07-00
332,g06-011a-02-05
332,g06-018a-04-05
332,g06-011a-07-05
332,g06-050a-01-00
332,g06-042a-03-06
332,g06-031a-04-04
332,g06-045a-00-04
332,g06-011a-08-04
332,g06-026a-02-06
332,g06-026a-02-05
332,g06-047a-02-06
332,g06-026a-03-04
332,g06-045a-04-01
332,g06-042a-03-04
332,g06-018a-05-08
332,g06-011a-02-08
332,g06-031a-02-03
332,g06-042a-01-02
332,g06-045a-06-02
332,g06-042a-01-00
332,g06-050a-07-05
332,g06-050a-01-03
332,g06-047a-02-03
332,g06-050a-01-04
332,g06-050a-01-02
332,g06-047a-00-03
332,g06-050a-06-07
332,g06-031a-04-00
332,g06-011a-02-06
332,g06-042a-04-04
332,g06-018a-02-03
332,g06-026a-02-03
332,g06-045a-05-00
332,g06-031a-02-07
332,g06-011a-06-05
332,g06-011a-06-03
332,g06-031a-00-08
332,g06-042a-02-07
332,g06-042a-02-01
332,g06-018a-05-06
332,g06-031a-03-01
332,g06-011a-01-09
332,g06-050a-02-03
332,g06-018a-06-06
332,g06-047a-00-01
332,g06-050a-06-03
332,g06-026a-03-07
332,g06-011a-03-09
332,g06-011a-06-04
332,g06-031a-00-03
332,g06-011a-00-03
332,g06-026a-06-03
332,g06-026a-05-02
332,g06-011a-03-00
332,g06-047a-01-04
332,g06-011a-04-05
332,g06-011a-08-07
332,g06-042a-00-01
332,g06-018a-01-09
332,g06-050a-04-05
332,g06-047a-02-07
332,g06-018a-04-01
332,g06-050a-03-08
332,g06-045a-02-03
332,g06-031a-06-00
332,g06-050a-03-07
332,g06-011a-05-08
332,g06-047a-06-05
332,g06-018a-03-08
332,g06-031a-06-10
332,g06-050a-03-00
332,g06-045a-00-07
332,g06-042a-05-00
332,g06-011a-04-07
332,g06-011a-03-14
332,g06-045a-02-01
332,g06-011a-01-00
332,g06-045a-07-02
332,g06-011a-00-08
332,g06-050a-00-05
332,g06-050a-07-08
332,g06-011a-01-01
332,g06-031a-00-09
332,g06-018a-03-05
332,g06-042a-00-02
332,g06-045a-04-05
332,g06-011a-02-04
332,g06-045a-01-03
332,g06-011a-10-02
332,g06-050a-03-05
332,g06-011a-04-01
332,g06-011a-08-03
332,g06-011a-06-01
332,g06-011a-03-02
332,g06-050a-06-08
332,g06-031a-03-08
332,g06-026a-03-09
332,g06-050a-05-03
332,g06-011a-00-07
332,g06-050a-00-08
332,g06-045a-01-04
332,g06-045a-03-02
332,g06-026a-01-06
332,g06-011a-09-08
332,g06-011a-05-11
332,g06-045a-06-00
332,g06-045a-05-07
332,g06-050a-05-00
332,g06-026a-03-03
332,g06-031a-02-09
332,g06-045a-03-01
332,g06-031a-06-02
332,g06-042a-00-00
332,g06-045a-00-02
332,g06-011a-04-04
332,g06-031a-00-00
332,g06-011a-07-09
332,g06-050a-06-05
332,g06-047a-05-04
332,g06-026a-00-09
332,g06-045a-01-01
332,g06-018a-04-00
332,g06-047a-07-03
332,g06-011a-01-08
332,g06-045a-05-01
332,g06-011a-00-02
332,g06-042a-01-01
332,g06-018a-05-05
332,g06-045a-00-08
332,g06-011a-06-10
332,g06-031a-03-00
332,g06-011a-02-02
332,g06-045a-00-01
332,g06-011a-01-04
332,g06-026a-06-04
332,g06-011a-00-04
332,g06-045a-03-00
332,g06-050a-02-06
332,g06-011a-08-05
332,g06-047a-07-01
332,g06-018a-03-07
332,g06-042a-04-06
332,g06-026a-01-08
332,g06-011a-03-06
332,g06-018a-03-00
332,g06-018a-07-09
333,g06-011b-05-01
333,g06-050b-06-00
333,g06-018b-08-05
333,g06-047b-05-02
333,g06-026b-04-03
333,g06-050b-01-06
333,g06-045b-01-04
333,g06-018b-02-02
333,g06-018b-09-07
333,g06-047b-03-06
333,g06-045b-06-03
333,g06-047b-00-02
333,g06-031b-06-00
333,g06-050b-06-06
333,g06-047b-00-01
333,g06-047b-01-02
333,g06-042b-04-09
333,g06-047b-05-04
333,g06-011b-06-10
333,g06-047b-04-05
333,g06-018b-07-03
333,g06-050b-07-04
333,g06-050b-08-03
333,g06-011b-05-02
333,g06-026b-08-03
333,g06-018b-06-01
333,g06-011b-07-05
333,g06-047b-01-03
333,g06-037b-03-01
333,g06-050b-00-00
333,g06-045b-07-00
333,g06-031b-09-02
333,g06-031b-00-06
333,g06-050b-02-07
333,g06-047b-02-00
333,g06-011b-01-06
333,g06-011b-07-09
333,g06-042b-03-05
333,g06-018b-02-04
333,g06-047b-01-06
333,g06-050b-03-03
333,g06-042b-04-08
333,g06-031b-00-10
333,g06-037b-02-09
333,g06-050b-03-01
333,g06-031b-03-07
333,g06-050b-01-00
333,g06-031b-06-04
333,g06-011b-03-06
333,g06-047b-02-07
333,g06-042b-01-07
333,g06-026b-08-00
333,g06-047b-00-08
333,g06-026b-05-05
333,g06-045b-03-04
333,g06-047b-05-00
333,g06-011b-05-07
333,g06-031b-04-01
333,g06-047b-04-00
333,g06-047b-05-01
333,g06-045b-00-04
333,g06-050b-02-00
333,g06-018b-09-01
333,g06-050b-02-03
333,g06-011b-03-00
333,g06-011b-05-04
333,g06-050b-06-04
333,g06-042b-02-05
333,g06-042b-00-05
333,g06-031b-01-05
333,g06-050b-02-02
333,g06-037b-03-03
333,g06-011b-05-05
333,g06-018b-03-05
333,g06-031b-00-09
333,g06-042b-03-02
333,g06-011b-10-03
333,g06-018b-07-01
333,g06-018b-07-05
333,g06-011b-00-04
333,g06-050b-00-05
333,g06-018b-09-00
333,g06-050b-05-01
333,g06-042b-01-04
333,g06-042b-03-06
333,g06-011b-09-04
333,g06-045b-02-01
333,g06-018b-07-07
333,g06-026b-04-02
333,g06-047b-03-08
333,g06-031b-07-04
333,g06-018b-02-00
333,g06-042b-00-06
333,g06-026b-04-06
333,g06-045b-01-02
333,g06-011b-10-04
333,g06-050b-03-07
333,g06-018b-00-08
333,g06-037b-00-05
333,g06-050b-04-07
333,g06-031b-03-03
333,g06-031b-06-01
333,g06-031b-09-07
333,g06-050b-03-06
333,g06-031b-01-04
333,g06-026b-03-04
333,g06-037b-02-00
333,g06-011b-00-01
333,g06-026b-00-07
333,g06-047b-02-02
333,g06-050b-08-01
333,g06-031b-05-00
333,g06-031b-05-04
333,g06-045b-02-04
333,g06-047b-06-07
333,g06-018b-02-05
333,g06-045b-02-02
333,g06-050b-05-04
333,g06-037b-02-05
333,g06-026b-00-05
333,g06-018b-00-06
333,g06-026b-07-01
333,g06-050b-07-08
333,g06-026b-02-02
333,g06-042b-01-02
333,g06-018b-05-03
333,g06-031b-08-07
333,g06-050b-00-03
333,g06-026b-03-05
333,g06-011b-06-06
333,g06-037b-04-07
333,g06-050b-04-04
333,g06-031b-09-03
333,g06-050b-01-07
333,g06-026b-00-06
333,g06-047b-01-05
333,g06-045b-07-05
333,g06-031b-08-03
333,g06-045b-05-05
333,g06-037b-02-03
333,g06-018b-05-06
333,g06-037b-02-07
333,g06-011b-09-00
333,g06-042b-04-07
333,g06-018b-07-00
333,g06-011b-08-01
333,g06-031b-04-03
333,g06-037b-04-01
333,g06-031b-06-02
333,g06-011b-03-09
333,g06-011b-09-05
333,g06-050b-01-04
333,g06-050b-04-08
333,g06-045b-06-02
333,g06-011b-06-04
333,g06-011b-01-07
333,g06-042b-02-06
333,g06-047b-00-03
333,g06-050b-03-04
333,g06-050b-04-03
333,g06-050b-06-07
333,g06-047b-03-03
333,g06-045b-03-07
333,g06-042b-03-00
333,g06-018b-03-01
333,g06-037b-01-06
333,g06-047b-02-04
333,g06-026b-05-01
333,g06-042b-05-00
333,g06-026b-08-02
333,g06-050b-07-06
333,g06-031b-08-02
333,g06-018b-03-06
333,g06-026b-03-07
333,g06-047b-07-04
333,g06-011b-06-05
333,g06-047b-00-04
333,g06-031b-05-01
333,g06-047b-06-03
333,g06-011b-02-04
333,g06-018b-07-02
333,g06-037b-07-01
333,g06-037b-08-00
333,g06-050b-03-02
333,g06-042b-06-04
333,g06-042b-00-07
333,g06-018b-07-08
333,g06-011b-01-05
333,g06-050b-07-01
333,g06-045b-06-05
333,g06-031b-01-03
333,g06-050b-08-00
333,g06-050b-08-02
333,g06-031b-03-08
333,g06-042b-04-00
333,g06-031b-01-02
333,g06-037b-07-03
333,g06-047b-05-05
333,g06-047b-02-03
333,g06-037b-01-04
333,g06-042b-01-00
333,g06-031b-03-04
333,g06-018b-00-07
333,g06-037b-01-00
333,g06-011b-03-02
333,g06-011b-04-03
333,g06-042b-02-00
333,g06-042b-05-04
333,g06-045b-05-03
333,g06-042b-07-01
333,g06-031b-03-01
333,g06-047b-00-00
333,g06-042b-07-02
333,g06-042b-04-06
333,g06-018b-08-02
333,g06-045b-04-02
333,g06-037b-09-03
333,g06-031b-02-06
333,g06-045b-00-01
333,g06-031b-05-02
333,g06-050b-06-03
333,g06-050b-01-03
333,g06-026b-05-00
333,g06-045b-00-02
333,g06-018b-06-06
333,g06-037b-09-02
333,g06-018b-05-02
333,g06-031b-07-03
333,g06-018b-06-04
333,g06-050b-02-08
333,g06-045b-05-00
333,g06-050b-01-02
333,g06-031b-02-03
333,g06-011b-00-03
333,g06-031b-00-02
333,g06-037b-00-04
333,g06-045b-01-00
333,g06-026b-07-04
333,g06-042b-02-07
333,g06-011b-04-07
333,g06-018b-09-08
333,g06-011b-01-03
333,g06-031b-00-04
333,g06-045b-05-02
333,g06-042b-00-03
333,g06-042b-05-02
333,g06-011b-07-01
333,g06-011b-04-05
333,g06-031b-00-07
333,g06-050b-04-01
333,g06-011b-07-04
333,g06-018b-02-01
333,g06-050b-05-05
333,g06-018b-06-03
333,g06-011b-06-02
333,g06-045b-02-06
333,g06-045b-06-06
333,g06-042b-04-03
333,g06-037b-03-02
333,g06-031b-05-03
333,g06-037b-03-07
333,g06-047b-05-06
333,g06-045b-05-06
333,g06-031b-00-13
333,g06-037b-02-01
333,g06-026b-00-01
333,g06-011b-09-02
333,g06-037b-03-04
333,g06-011b-02-01
333,g06-045b-07-03
333,g06-042b-02-01
333,g06-011b-04-01
333,g06-031b-02-07
333,g06-018b-07-04
333,g06-045b-06-01
333,g06-011b-08-05
333,g06-045b-04-04
333,g06-042b-01-06
333,g06-018b-08-03
333,g06-045b-05-04
333,g06-026b-02-05
333,g06-047b-00-07
333,g06-026b-05-07
333,g06-018b-05-01
333,g06-011b-06-00
333,g06-042b-06-02
333,g06-026b-04-05
333,g06-018b-09-09
333,g06-018b-06-00
333,g06-018b-03-09
333,g06-031b-09-00
333,g06-018b-05-05
333,g06-026b-02-03
333,g06-037b-02-06
333,g06-011b-00-05
333,g06-026b-00-03
333,g06-037b-08-03
333,g06-047b-03-02
333,g06-011b-10-02
333,g06-037b-02-02
333,g06-011b-04-02
333,g06-026b-02-04
333,g06-011b-10-05
333,g06-042b-05-01
333,g06-031b-00-03
333,g06-011b-01-02
333,g06-037b-06-03
333,g06-018b-03-04
333,g06-011b-00-07
333,g06-042b-03-03
333,g06-047b-00-06
333,g06-047b-03-04
333,g06-045b-04-03
333,g06-042b-01-09
333,g06-042b-07-00
333,g06-050b-02-05
333,g06-018b-09-03
333,g06-050b-04-00
333,g06-011b-02-06
333,g06-031b-03-00
333,g06-018b-08-00
333,g06-037b-09-05
333,g06-050b-02-04
333,g06-018b-06-02
333,g06-047b-00-05
333,g06-011b-07-03
333,g06-047b-06-02
333,g06-037b-02-04
333,g06-045b-04-01
333,g06-026b-07-02
333,g06-045b-03-02
333,g06-026b-00-02
333,g06-018b-00-04
333,g06-011b-09-03
333,g06-011b-08-06
333,g06-018b-09-05
333,g06-026b-04-04
333,g06-050b-08-04
333,g06-042b-00-00
333,g06-042b-06-00
333,g06-026b-06-04
333,g06-047b-02-09
333,g06-011b-04-09
333,g06-050b-07-07
333,g06-011b-00-06
333,g06-011b-07-08
333,g06-050b-02-01
333,g06-018b-03-03
333,g06-037b-00-09
333,g06-037b-04-04
333,g06-047b-04-01
333,g06-018b-09-02
333,g06-031b-08-06
333,g06-047b-05-07
333,g06-047b-06-00
333,g06-031b-04-02
333,g06-026b-04-01
333,g06-031b-07-00
333,g06-042b-03-04
333,g06-050b-01-08
333,g06-045b-08-05
333,g06-011b-07-07
333,g06-011b-06-01
333,g06-050b-00-02
333,g06-026b-05-04
333,g06-050b-07-02
333,g06-045b-06-00
333,g06-031b-02-04
333,g06-011b-08-04
333,g06-011b-00-02
333,g06-026b-03-00
333,g06-018b-03-08
333,g06-047b-05-08
333,g06-037b-00-02
333,g06-042b-06-03
333,g06-045b-01-03
333,g06-042b-02-02
333,g06-018b-02-07
333,g06-047b-02-05
333,g06-037b-01-05
333,g06-026b-02-01
333,g06-031b-00-12
333,g06-045b-08-01
333,g06-031b-08-05
333,g06-011b-07-06
333,g06-042b-00-09
333,g06-026b-03-01
333,g06-031b-05-07
333,g06-042b-06-01
333,g06-031b-03-09
333,g06-045b-07-01
333,g06-045b-04-00
333,g06-042b-02-03
333,g06-037b-06-01
333,g06-018b-02-06
333,g06-018b-00-05
333,g06-050b-07-03
333,g06-011b-02-00
333,g06-011b-03-07
333,g06-011b-06-03
333,g06-037b-07-05
333,g06-031b-02-02
333,g06-047b-06-06
333,g06-037b-08-01
333,g06-031b-05-06
333,g06-047b-01-01
333,g06-018b-09-04
333,g06-042b-00-02
333,g06-042b-01-03
333,g06-045b-03-08
333,g06-047b-06-04
333,g06-037b-01-03
333,g06-047b-06-05
333,g06-037b-04-00
333,g06-042b-00-04
333,g06-018b-03-02
333,g06-047b-07-01
333,g06-050b-08-06
333,g06-045b-02-00
333,g06-042b-04-01
333,g06-031b-00-08
333,g06-026b-07-03
333,g06-011b-06-07
333,g06-018b-05-00
333,g06-042b-01-08
333,g06-011b-05-00
333,g06-042b-01-05
333,g06-042b-04-02
333,g06-011b-04-08
333,g06-042b-02-04
333,g06-037b-01-08
333,g06-045b-02-07
333,g06-031b-07-05
333,g06-047b-07-03
333,g06-026b-04-00
333,g06-045b-05-07
333,g06-037b-09-06
333,g06-037b-06-00
333,g06-026b-03-08
333,g06-011b-10-00
333,g06-031b-01-00
333,g06-011b-03-05
333,g06-026b-00-00
333,g06-037b-05-01
333,g06-026b-06-02
333,g06-026b-00-04
333,g06-031b-07-02
333,g06-011b-04-10
333,g06-045b-00-00
333,g06-050b-05-03
333,g06-045b-07-04
333,g06-050b-03-05
333,g06-031b-00-05
333,g06-042b-01-01
333,g06-018b-09-10
333,g06-047b-03-00
333,g06-011b-03-04
333,g06-031b-03-02
333,g06-011b-06-09
333,g06-011b-07-02
333,g06-037b-00-06
333,g06-018b-02-03
333,g06-037b-03-00
333,g06-050b-05-00
333,g06-031b-09-06
333,g06-026b-08-01
333,g06-037b-09-00
333,g06-050b-05-02
333,g06-050b-06-02
333,g06-050b-01-01
333,g06-011b-07-10
333,g06-011b-05-06
333,g06-037b-05-02
333,g06-050b-08-05
333,g06-037b-06-04
333,g06-031b-06-03
333,g06-045b-05-01
333,g06-045b-06-04
333,g06-047b-06-01
333,g06-018b-08-04
333,g06-047b-07-05
333,g06-031b-03-06
333,g06-037b-06-05
333,g06-011b-05-08
333,g06-037b-01-02
333,g06-050b-07-00
333,g06-011b-02-05
333,g06-026b-06-05
333,g06-031b-09-01
333,g06-011b-05-03
333,g06-011b-04-04
333,g06-037b-04-06
333,g06-042b-00-08
333,g06-037b-00-00
333,g06-031b-08-00
333,g06-011b-00-08
333,g06-037b-05-05
333,g06-047b-02-06
333,g06-037b-00-08
333,g06-042b-04-04
333,g06-011b-08-00
333,g06-050b-05-06
333,g06-045b-03-01
333,g06-026b-03-03
333,g06-011b-03-03
333,g06-026b-03-06
333,g06-047b-03-01
333,g06-018b-00-00
333,g06-031b-04-00
333,g06-031b-01-01
333,g06-047b-03-07
333,g06-031b-02-01
333,g06-011b-03-10
333,g06-045b-00-06
333,g06-011b-03-08
333,g06-011b-10-01
333,g06-031b-09-04
333,g06-026b-05-06
333,g06-026b-05-03
333,g06-050b-01-05
333,g06-031b-00-11
333,g06-031b-08-04
333,g06-011b-06-08
333,g06-018b-06-05
333,g06-011b-08-02
333,g06-026b-02-00
333,g06-011b-08-07
333,g06-018b-05-04
333,g06-037b-02-08
333,g06-011b-04-00
333,g06-050b-00-07
333,g06-026b-00-08
333,g06-037b-03-06
333,g06-037b-01-01
333,g06-047b-01-04
333,g06-037b-04-03
333,g06-050b-06-05
333,g06-031b-00-00
333,g06-045b-03-05
333,g06-047b-05-03
333,g06-037b-07-02
333,g06-037b-01-07
333,g06-037b-08-02
333,g06-045b-08-03
333,g06-031b-08-01
333,g06-011b-08-03
333,g06-047b-01-00
333,g06-045b-09-00
333,g06-031b-05-05
333,g06-031b-03-05
333,g06-045b-01-01
333,g06-037b-06-02
333,g06-011b-02-03
333,g06-037b-05-00
333,g06-047b-01-07
333,g06-031b-06-05
333,g06-011b-09-01
333,g06-047b-02-01
333,g06-037b-04-02
333,g06-011b-01-04
333,g06-011b-09-06
333,g06-026b-05-02
333,g06-026b-07-00
333,g06-050b-06-01
333,g06-047b-07-00
333,g06-026b-04-07
333,g06-011b-01-00
333,g06-011b-01-01
333,g06-047b-04-04
333,g06-018b-07-06
333,g06-037b-05-03
333,g06-050b-07-05
333,g06-050b-00-08
333,g06-037b-07-04
333,g06-050b-03-00
333,g06-042b-04-05
333,g06-037b-09-04
333,g06-045b-03-03
333,g06-045b-08-04
333,g06-045b-00-07
333,g06-011b-03-01
333,g06-050b-00-01
333,g06-031b-07-01
333,g06-045b-02-05
333,g06-037b-04-05
333,g06-045b-02-03
333,g06-026b-06-03
333,g06-026b-08-04
333,g06-050b-04-06
333,g06-018b-03-07
333,g06-042b-05-03
333,g06-031b-00-01
333,g06-050b-04-02
333,g06-018b-08-01
333,g06-050b-00-04
333,g06-047b-07-06
333,g06-050b-00-06
333,g06-037b-00-07
333,g06-042b-00-01
333,g06-045b-08-00
333,g06-050b-02-06
333,g06-037b-03-05
333,g06-026b-03-02
333,g06-045b-07-02
333,g06-011b-10-06
333,g06-031b-08-08
333,g06-045b-00-03
333,g06-018b-08-06
333,g06-037b-05-06
333,g06-050b-04-05
333,g06-045b-09-01
333,g06-011b-08-08
333,g06-047b-07-02
333,g06-037b-05-04
333,g06-047b-04-03
333,g06-031b-02-00
333,g06-026b-06-01
333,g06-031b-04-05
333,g06-037b-07-00
333,g06-018b-03-00
333,g06-045b-00-05
333,g06-018b-00-03
333,g06-045b-03-06
333,g06-031b-04-04
333,g06-045b-08-02
333,g06-011b-04-06
333,g06-011b-07-00
333,g06-037b-00-03
333,g06-018b-00-02
333,g06-026b-06-00
333,g06-011b-02-02
333,g06-037b-09-01
333,g06-047b-04-02
333,g06-037b-08-04
334,g06-042c-02-03
334,g06-018c-03-03
334,g06-037c-01-10
334,g06-026c-00-01
334,g06-047c-03-04
334,g06-050c-01-06
334,g06-018c-06-07
334,g06-045c-04-02
334,g06-047c-00-05
334,g06-050c-04-00
334,g06-042c-05-03
334,g06-042c-04-06
334,g06-050c-01-02
334,g06-011c-08-08
334,g06-026c-02-09
334,g06-045c-01-06
334,g06-011c-04-05
334,g06-037c-09-05
334,g06-037c-00-01
334,g06-045c-02-07
334,g06-031c-02-05
334,g06-011c-01-02
334,g06-011c-07-08
334,g06-018c-04-08
334,g06-045c-02-00
334,g06-047c-05-03
334,g06-045c-03-05
334,g06-047c-06-05
334,g06-047c-04-02
334,g06-011c-05-12
334,g06-018c-01-06
334,g06-026c-04-07
334,g06-031c-05-00
334,g06-031c-03-01
334,g06-011c-00-03
334,g06-045c-05-02
334,g06-050c-02-05
334,g06-011c-03-04
334,g06-037c-06-02
334,g06-047c-07-04
334,g06-050c-06-00
334,g06-050c-02-04
334,g06-011c-04-00
334,g06-026c-01-04
334,g06-011c-07-01
334,g06-018c-05-03
334,g06-011c-00-09
334,g06-047c-03-03
334,g06-011c-02-07
334,g06-042c-03-03
334,g06-026c-05-06
334,g06-031c-03-06
334,g06-042c-02-01
334,g06-031c-01-08
334,g06-031c-06-12
334,g06-018c-04-02
334,g06-037c-01-04
334,g06-031c-04-03
334,g06-031c-03-00
334,g06-045c-04-03
334,g06-031c-06-08
334,g06-047c-03-07
334,g06-031c-05-02
334,g06-037c-00-04
334,g06-026c-04-03
334,g06-037c-04-04
334,g06-050c-01-03
334,g06-050c-05-05
334,g06-011c-00-01
334,g06-042c-01-02
334,g06-026c-01-03
334,g06-050c-06-03
334,g06-042c-02-02
334,g06-037c-06-03
334,g06-026c-01-09
334,g06-031c-04-09
334,g06-011c-04-03
334,g06-011c-01-04
334,g06-050c-02-03
334,g06-018c-06-05
334,g06-047c-00-06
334,g06-011c-04-09
334,g06-018c-05-00
334,g06-031c-00-09
334,g06-047c-07-00
334,g06-011c-08-05
334,g06-047c-03-09
334,g06-037c-07-01
334,g06-042c-01-03
334,g06-026c-02-11
334,g06-042c-03-07
334,g06-011c-02-09
334,g06-011c-06-06
334,g06-037c-09-02
334,g06-047c-00-00
334,g06-042c-02-08
334,g06-011c-01-05
334,g06-042c-05-05
334,g06-011c-09-06
334,g06-042c-02-00
334,g06-047c-01-00
334,g06-026c-05-02
334,g06-031c-01-01
334,g06-050c-06-05
334,g06-026c-03-09
334,g06-050c-05-00
334,g06-050c-05-03
334,g06-011c-05-02
334,g06-045c-03-06
334,g06-037c-00-05
334,g06-031c-00-00
334,g06-011c-06-01
334,g06-026c-02-05
334,g06-018c-04-05
334,g06-011c-09-05
334,g06-037c-00-11
334,g06-045c-04-07
334,g06-011c-09-04
334,g06-026c-05-03
334,g06-026c-04-08
334,g06-045c-03-07
334,g06-042c-03-01
334,g06-050c-04-03
334,g06-050c-08-01
334,g06-037c-08-04
334,g06-031c-06-10
334,g06-045c-04-00
334,g06-045c-05-07
334,g06-011c-03-02
334,g06-047c-04-03
334,g06-026c-02-07
334,g06-011c-01-06
334,g06-011c-06-02
334,g06-047c-01-01
334,g06-031c-06-00
334,g06-037c-00-10
334,g06-011c-03-09
334,g06-018c-01-00
334,g06-011c-05-10
334,g06-042c-03-02
334,g06-037c-10-03
334,g06-031c-06-04
334,g06-018c-02-00
334,g06-026c-00-11
334,g06-037c-07-04
334,g06-037c-09-01
334,g06-031c-06-02
334,g06-011c-05-00
334,g06-018c-02-06
334,g06-042c-05-01
334,g06-050c-05-01
334,g06-037c-09-03
334,g06-011c-00-07
334,g06-037c-04-06
334,g06-011c-03-05
334,g06-018c-05-11
334,g06-042c-04-02
334,g06-047c-04-04
334,g06-031c-00-07
334,g06-026c-01-01
334,g06-047c-06-01
334,g06-026c-02-01
334,g06-026c-02-06
334,g06-047c-04-01
334,g06-045c-04-05
334,g06-011c-03-12
334,g06-011c-07-04
334,g06-011c-05-05
334,g06-018c-03-08
334,g06-018c-02-13
334,g06-050c-07-06
334,g06-018c-05-08
334,g06-037c-04-07
334,g06-050c-07-07
334,g06-050c-02-01
334,g06-018c-06-01
334,g06-026c-03-05
334,g06-037c-05-01
334,g06-026c-00-06
334,g06-018c-03-10
334,g06-047c-05-04
334,g06-045c-06-07
334,g06-045c-04-09
334,g06-011c-02-01
334,g06-026c-05-01
334,g06-011c-02-00
334,g06-050c-00-04
334,g06-031c-01-00
334,g06-011c-08-04
334,g06-042c-04-05
334,g06-050c-04-04
334,g06-042c-01-06
334,g06-018c-05-09
334,g06-045c-03-01
334,g06-031c-00-01
334,g06-042c-02-07
334,g06-050c-00-07
334,g06-018c-03-09
334,g06-050c-06-07
334,g06-037c-07-07
334,g06-018c-02-01
334,g06-037c-07-05
334,g06-042c-04-08
334,g06-018c-02-07
334,g06-026c-00-05
334,g06-018c-06-08
334,g06-047c-07-02
334,g06-050c-02-08
334,g06-050c-07-03
334,g06-026c-00-12
334,g06-045c-06-06
334,g06-018c-01-01
334,g06-031c-05-06
334,g06-026c-00-00
334,g06-026c-02-03
334,g06-037c-05-02
334,g06-047c-03-06
334,g06-037c-00-08
334,g06-050c-01-01
334,g06-042c-02-05
334,g06-011c-02-04
334,g06-011c-07-07
334,g06-031c-04-00
334,g06-037c-01-03
334,g06-050c-08-02
334,g06-031c-04-08
334,g06-047c-03-01
334,g06-031c-01-10
334,g06-031c-06-03
334,g06-050c-06-02
334,g06-031c-00-06
334,g06-018c-03-04
334,g06-037c-08-07
334,g06-031c-02-10
334,g06-011c-06-03
334,g06-050c-08-04
334,g06-011c-09-07
334,g06-042c-03-08
334,g06-026c-00-07
334,g06-031c-02-11
334,g06-045c-01-07
334,g06-037c-00-00
334,g06-011c-03-11
334,g06-018c-05-02
334,g06-018c-00-03
334,g06-018c-05-10
334,g06-026c-00-02
334,g06-026c-00-09
334,g06-031c-06-07
334,g06-018c-05-04
334,g06-011c-03-07
334,g06-045c-06-00
334,g06-011c-00-05
334,g06-037c-03-01
334,g06-045c-02-03
334,g06-047c-00-03
334,g06-011c-00-06
334,g06-011c-01-07
334,g06-047c-03-05
334,g06-018c-04-01
334,g06-042c-01-01
334,g06-050c-07-04
334,g06-018c-06-03
334,g06-011c-00-04
334,g06-031c-01-04
334,g06-011c-01-08
334,g06-031c-05-08
334,g06-018c-00-05
334,g06-050c-00-00
334,g06-031c-02-08
334,g06-011c-05-01
334,g06-050c-01-00
334,g06-042c-01-05
334,g06-018c-01-10
334,g06-037c-01-12
334,g06-011c-06-00
334,g06-018c-00-00
334,g06-031c-04-02
334,g06-050c-04-07
334,g06-050c-08-03
334,g06-047c-01-02
334,g06-018c-04-04
334,g06-018c-01-11
334,g06-018c-00-06
334,g06-047c-01-04
334,g06-011c-08-00
334,g06-031c-01-03
334,g06-047c-00-08
334,g06-042c-01-00
334,g06-018c-05-05
334,g06-045c-02-02
334,g06-042c-01-07
334,g06-045c-06-08
334,g06-045c-03-02
334,g06-011c-03-08
334,g06-050c-07-01
334,g06-011c-04-04
334,g06-031c-01-05
334,g06-037c-01-02
334,g06-011c-03-15
334,g06-037c-08-08
334,g06-011c-04-08
334,g06-031c-00-03
334,g06-031c-04-07
334,g06-011c-02-05
334,g06-018c-02-09
334,g06-050c-00-08
334,g06-045c-05-05
334,g06-026c-02-04
334,g06-031c-01-09
334,g06-018c-02-04
334,g06-047c-03-02
334,g06-018c-00-01
334,g06-031c-00-12
334,g06-031c-01-06
334,g06-050c-04-06
334,g06-045c-02-01
334,g06-018c-00-02
334,g06-037c-07-06
334,g06-047c-05-06
334,g06-037c-01-09
334,g06-042c-04-04
334,g06-050c-05-04
334,g06-047c-06-06
334,g06-037c-10-01
334,g06-047c-06-07
334,g06-042c-03-05
334,g06-026c-03-10
334,g06-011c-03-03
334,g06-011c-05-08
334,g06-011c-07-02
334,g06-011c-01-03
334,g06-031c-02-02
334,g06-031c-04-04
334,g06-011c-08-01
334,g06-031c-05-04
334,g06-042c-03-04
334,g06-045c-02-05
334,g06-018c-01-08
334,g06-011c-04-02
334,g06-011c-04-07
334,g06-031c-02-07
334,g06-011c-06-10
334,g06-031c-03-05
334,g06-018c-01-05
334,g06-031c-01-07
334,g06-047c-01-05
334,g06-050c-08-00
334,g06-037c-06-04
334,g06-011c-01-01
334,g06-050c-07-00
334,g06-037c-09-00
334,g06-026c-02-00
334,g06-042c-01-04
334,g06-037c-01-11
334,g06-045c-06-03
334,g06-045c-04-01
334,g06-037c-03-02
334,g06-011c-02-06
334,g06-018c-00-10
334,g06-018c-01-03
334,g06-026c-00-03
334,g06-037c-09-06
334,g06-018c-02-12
334,g06-037c-01-00
334,g06-026c-02-12
334,g06-026c-05-05
334,g06-018c-01-04
334,g06-011c-02-03
334,g06-037c-03-00
334,g06-042c-02-06
334,g06-018c-04-07
334,g06-018c-04-00
334,g06-026c-04-05
334,g06-031c-02-04
334,g06-045c-01-00
334,g06-031c-00-04
334,g06-031c-03-04
334,g06-037c-09-04
334,g06-011c-05-09
334,g06-037c-07-02
334,g06-026c-01-07
334,g06-018c-03-06
334,g06-047c-06-03
334,g06-018c-00-09
334,g06-050c-07-08
334,g06-037c-01-07
334,g06-047c-07-03
334,g06-047c-05-02
334,g06-045c-04-04
334,g06-018c-05-06
334,g06-011c-02-08
334,g06-045c-06-02
334,g06-011c-07-03
334,g06-018c-04-03
334,g06-011c-07-00
334,g06-037c-10-02
334,g06-011c-09-03
334,g06-050c-05-02
334,g06-011c-05-07
334,g06-011c-06-04
334,g06-011c-09-01
334,g06-018c-03-01
334,g06-047c-03-08
334,g06-031c-02-01
334,g06-042c-01-08
334,g06-037c-05-07
334,g06-045c-05-01
334,g06-026c-03-06
334,g06-026c-01-08
334,g06-011c-06-05
334,g06-047c-03-00
334,g06-026c-04-00
334,g06-045c-05-03
334,g06-011c-00-08
334,g06-011c-00-00
334,g06-031c-00-11
334,g06-047c-05-05
334,g06-050c-01-05
334,g06-018c-01-02
334,g06-045c-02-09
334,g06-047c-06-04
334,g06-045c-01-04
334,g06-026c-00-08
334,g06-011c-09-02
334,g06-045c-01-03
334,g06-037c-08-06
334,g06-011c-08-02
334,g06-037c-00-07
334,g06-042c-01-09
334,g06-042c-05-04
334,g06-042c-04-00
334,g06-037c-00-03
334,g06-037c-05-05
334,g06-047c-05-01
334,g06-026c-01-02
334,g06-018c-00-04
334,g06-045c-06-01
334,g06-031c-00-05
334,g06-047c-06-00
334,g06-050c-06-08
334,g06-026c-02-10
334,g06-045c-05-06
334,g06-037c-06-01
334,g06-011c-03-14
334,g06-050c-00-01
334,g06-018c-03-05
334,g06-018c-02-10
334,g06-018c-02-02
334,g06-045c-04-08
334,g06-011c-06-08
334,g06-047c-05-07
334,g06-037c-06-08
334,g06-042c-04-03
334,g06-045c-01-02
334,g06-011c-03-00
334,g06-050c-02-02
334,g06-011c-03-10
334,g06-018c-02-05
334,g06-037c-04-00
334,g06-047c-00-02
334,g06-047c-01-03
334,g06-037c-01-05
334,g06-045c-01-08
334,g06-031c-00-02
334,g06-026c-05-04
334,g06-037c-06-07
334,g06-026c-04-02
334,g06-026c-03-03
334,g06-037c-08-01
334,g06-011c-08-07
334,g06-026c-00-10
334,g06-031c-06-09
334,g06-050c-06-01
334,g06-031c-04-01
334,g06-042c-03-00
334,g06-050c-07-05
334,g06-050c-04-01
334,g06-031c-03-02
334,g06-037c-00-06
334,g06-031c-02-03
334,g06-018c-01-07
334,g06-037c-10-04
334,g06-031c-00-14
334,g06-026c-02-08
334,g06-026c-04-06
334,g06-018c-03-02
334,g06-045c-02-08
334,g06-037c-06-05
334,g06-045c-01-01
334,g06-037c-01-06
334,g06-026c-03-07
334,g06-037c-08-03
334,g06-050c-04-08
334,g06-026c-01-06
334,g06-037c-05-06
334,g06-050c-01-04
334,g06-026c-02-02
334,g06-011c-08-09
334,g06-026c-03-08
334,g06-037c-01-01
334,g06-047c-01-06
334,g06-031c-06-01
334,g06-037c-04-09
334,g06-042c-03-06
334,g06-031c-01-02
334,g06-037c-07-03
334,g06-018c-06-00
334,g06-050c-02-07
334,g06-011c-04-06
334,g06-037c-08-05
334,g06-050c-04-05
334,g06-011c-07-05
334,g06-047c-05-00
334,g06-037c-05-03
334,g06-011c-06-11
334,g06-011c-08-06
334,g06-042c-05-02
334,g06-050c-02-00
334,g06-018c-06-04
334,g06-037c-03-03
334,g06-050c-05-06
334,g06-047c-00-07
334,g06-045c-02-06
334,g06-045c-05-00
334,g06-047c-07-01
334,g06-011c-03-06
334,g06-037c-04-05
334,g06-037c-10-00
334,g06-018c-02-11
334,g06-042c-04-07
334,g06-047c-04-05
334,g06-042c-04-01
334,g06-045c-01-05
334,g06-050c-07-09
334,g06-047c-00-04
334,g06-026c-04-01
334,g06-037c-08-02
334,g06-031c-05-01
334,g06-045c-05-04
334,g06-050c-04-02
334,g06-018c-02-08
334,g06-011c-05-11
334,g06-050c-00-05
334,g06-018c-01-09
334,g06-050c-00-06
334,g06-045c-06-04
334,g06-047c-04-00
334,g06-037c-04-08
334,g06-026c-01-00
334,g06-011c-02-02
334,g06-050c-06-04
334,g06-045c-03-00
334,g06-037c-04-02
334,g06-031c-02-09
334,g06-011c-06-09
334,g06-042c-05-06
334,g06-042c-05-00
334,g06-026c-01-05
334,g06-011c-05-06
334,g06-050c-00-03
334,g06-047c-06-02
334,g06-018c-03-07
334,g06-018c-00-07
334,g06-031c-00-13
334,g06-045c-03-03
334,g06-026c-05-00
334,g06-047c-05-08
334,g06-018c-03-00
334,g06-018c-04-06
334,g06-011c-01-09
334,g06-031c-04-06
334,g06-026c-05-07
334,g06-050c-00-02
334,g06-031c-06-05
334,g06-045c-03-04
334,g06-031c-05-07
334,g06-031c-05-03
334,g06-047c-01-07
334,g06-037c-08-00
334,g06-018c-00-08
334,g06-031c-00-10
334,g06-050c-06-06
334,g06-011c-07-06
334,g06-042c-05-07
334,g06-011c-05-03
334,g06-037c-00-02
334,g06-050c-05-07
334,g06-037c-06-06
334,g06-018c-05-07
334,g06-037c-00-09
334,g06-011c-00-02
334,g06-031c-03-07
334,g06-045c-02-04
334,g06-026c-03-02
334,g06-045c-04-06
334,g06-011c-06-07
334,g06-026c-03-04
334,g06-018c-05-01
334,g06-011c-05-04
334,g06-026c-03-01
334,g06-047c-04-06
334,g06-037c-04-03
334,g06-050c-01-07
334,g06-031c-04-05
334,g06-047c-00-01
334,g06-050c-01-08
334,g06-037c-04-01
334,g06-031c-03-03
334,g06-050c-02-06
334,g06-031c-02-00
334,g06-031c-00-08
334,g06-018c-02-03
334,g06-037c-05-00
334,g06-045c-06-05
334,g06-026c-03-00
334,g06-050c-07-02
334,g06-011c-09-00
334,g06-031c-03-08
334,g06-011c-01-00
334,g06-018c-06-06
334,g06-026c-00-04
334,g06-037c-05-04
334,g06-031c-06-06
334,g06-026c-04-04
334,g06-011c-04-10
334,g06-037c-01-08
334,g06-011c-08-03
334,g06-031c-06-11
334,g06-018c-06-02
334,g06-011c-04-01
334,g06-011c-03-01
335,g06-018d-05-09
335,g06-026d-02-07
335,g06-026d-05-00
335,g06-031d-06-02
335,g06-047d-02-09
335,g06-037d-02-09
335,g06-026d-00-03
335,g06-047d-04-01
335,g06-045d-01-05
335,g06-031d-00-07
335,g06-037d-04-07
335,g06-026d-03-05
335,g06-026d-04-03
335,g06-026d-00-12
335,g06-018d-05-03
335,g06-050d-03-05
335,g06-037d-00-01
335,g06-031d-05-05
335,g06-042d-03-10
335,g06-045d-01-06
335,g06-031d-06-11
335,g06-047d-04-03
335,g06-031d-07-04
335,g06-037d-09-00
335,g06-026d-02-10
335,g06-031d-00-13
335,g06-047d-00-07
335,g06-047d-00-08
335,g06-018d-00-09
335,g06-042d-01-02
335,g06-045d-04-08
335,g06-045d-04-00
335,g06-037d-00-11
335,g06-047d-04-07
335,g06-045d-02-08
335,g06-047d-02-00
335,g06-037d-07-07
335,g06-047d-05-01
335,g06-026d-04-04
335,g06-047d-01-09
335,g06-047d-05-05
335,g06-047d-01-07
335,g06-031d-05-04
335,g06-031d-02-02
335,g06-018d-05-04
335,g06-045d-01-08
335,g06-018d-04-01
335,g06-050d-00-08
335,g06-042d-03-06
335,g06-047d-01-03
335,g06-026d-01-05
335,g06-045d-02-07
335,g06-018d-05-00
335,g06-037d-08-05
335,g06-037d-08-01
335,g06-026d-02-05
335,g06-042d-01-00
335,g06-026d-05-02
335,g06-037d-00-00
335,g06-018d-04-03
335,g06-037d-03-02
335,g06-037d-01-04
335,g06-026d-01-06
335,g06-031d-03-04
335,g06-042d-01-03
335,g06-026d-02-11
335,g06-026d-03-01
335,g06-050d-00-04
335,g06-026d-02-06
335,g06-047d-04-10
335,g06-050d-01-04
335,g06-037d-00-07
335,g06-042d-02-10
335,g06-031d-06-00
335,g06-026d-05-03
335,g06-037d-01-12
335,g06-026d-01-02
335,g06-037d-05-00
335,g06-045d-05-02
335,g06-037d-03-03
335,g06-050d-00-00
335,g06-045d-06-01
335,g06-042d-03-03
335,g06-047d-01-05
335,g06-045d-04-01
335,g06-037d-00-08
335,g06-031d-00-12
335,g06-031d-00-09
335,g06-045d-02-10
335,g06-018d-06-11
335,g06-050d-02-02
335,g06-042d-01-10
335,g06-037d-08-06
335,g06-037d-01-09
335,g06-037d-03-04
335,g06-037d-03-07
335,g06-045d-04-09
335,g06-031d-00-04
335,g06-050d-04-08
335,g06-045d-05-03
335,g06-047d-05-08
335,g06-031d-07-01
335,g06-042d-02-04
335,g06-018d-05-08
335,g06-047d-04-04
335,g06-031d-06-08
335,g06-037d-05-03
335,g06-018d-06-04
335,g06-018d-03-07
335,g06-045d-02-00
335,g06-031d-03-08
335,g06-047d-00-04
335,g06-026d-01-07
335,g06-031d-01-00
335,g06-045d-05-09
335,g06-018d-07-01
335,g06-018d-03-08
335,g06-045d-01-07
335,g06-047d-00-00
335,g06-026d-03-03
335,g06-018d-07-00
335,g06-026d-01-09
335,g06-018d-07-05
335,g06-045d-03-03
335,g06-018d-07-02
335,g06-045d-03-05
335,g06-037d-03-06
335,g06-037d-02-10
335,g06-031d-01-06
335,g06-018d-04-08
335,g06-018d-04-07
335,g06-047d-03-07
335,g06-031d-06-06
335,g06-018d-03-10
335,g06-026d-00-10
335,g06-031d-02-05
335,g06-050d-00-03
335,g06-037d-06-03
335,g06-037d-02-01
335,g06-047d-05-04
335,g06-031d-02-06
335,g06-047d-06-01
335,g06-047d-06-00
335,g06-031d-02-00
335,g06-026d-02-00
335,g06-045d-05-04
335,g06-042d-03-02
335,g06-037d-04-03
335,g06-050d-07-11
335,g06-037d-08-00
335,g06-047d-06-02
335,g06-031d-02-10
335,g06-026d-02-04
335,g06-031d-02-03
335,g06-026d-02-01
335,g06-047d-02-03
335,g06-026d-00-09
335,g06-050d-07-03
335,g06-047d-03-06
335,g06-050d-05-02
335,g06-018d-03-13
335,g06-047d-06-04
335,g06-037d-00-02
335,g06-031d-00-08
335,g06-026d-00-07
335,g06-045d-02-05
335,g06-045d-03-02
335,g06-045d-03-00
335,g06-018d-00-08
335,g06-026d-00-00
335,g06-050d-03-03
335,g06-018d-00-02
335,g06-026d-03-08
335,g06-050d-02-04
335,g06-031d-07-02
335,g06-018d-03-04
335,g06-026d-04-02
335,g06-026d-02-12
335,g06-037d-08-04
335,g06-047d-00-02
335,g06-045d-04-04
335,g06-026d-03-09
335,g06-050d-04-07
335,g06-018d-06-10
335,g06-050d-01-03
335,g06-050d-01-06
335,g06-037d-01-11
335,g06-026d-00-08
335,g06-047d-02-01
335,g06-045d-04-03
335,g06-031d-01-05
335,g06-018d-00-03
335,g06-042d-02-01
335,g06-026d-02-03
335,g06-047d-04-00
335,g06-031d-06-03
335,g06-031d-00-02
335,g06-026d-05-05
335,g06-018d-06-05
335,g06-050d-07-00
335,g06-047d-06-03
335,g06-018d-00-04
335,g06-037d-00-10
335,g06-047d-01-00
335,g06-037d-02-06
335,g06-047d-02-11
335,g06-037d-00-03
335,g06-045d-05-06
335,g06-037d-07-05
335,g06-026d-03-04
335,g06-037d-06-04
335,g06-031d-06-10
335,g06-018d-03-05
335,g06-037d-05-06
335,g06-045d-02-06
335,g06-037d-04-04
335,g06-050d-01-09
335,g06-031d-03-00
335,g06-042d-03-09
335,g06-050d-03-06
335,g06-031d-05-00
335,g06-031d-07-00
335,g06-047d-03-03
335,g06-042d-01-05
335,g06-037d-04-06
335,g06-037d-04-02
335,g06-026d-03-00
335,g06-037d-01-13
335,g06-018d-00-05
335,g06-018d-03-12
335,g06-031d-02-04
335,g06-026d-03-07
335,g06-045d-01-00
335,g06-045d-04-05
335,g06-018d-05-10
335,g06-047d-01-02
335,g06-047d-03-05
335,g06-047d-00-06
335,g06-037d-03-05
335,g06-031d-02-01
335,g06-042d-04-01
335,g06-042d-04-09
335,g06-037d-09-02
335,g06-037d-07-06
335,g06-042d-03-05
335,g06-045d-05-05
335,g06-050d-04-01
335,g06-026d-03-02
335,g06-031d-01-02
335,g06-031d-03-06
335,g06-050d-00-07
335,g06-050d-07-07
335,g06-037d-01-05
335,g06-031d-01-04
335,g06-026d-01-01
335,g06-045d-02-11
335,g06-026d-04-01
335,g06-045d-04-06
335,g06-026d-02-02
335,g06-047d-04-05
335,g06-042d-04-06
335,g06-047d-02-04
335,g06-026d-03-11
335,g06-018d-05-07
335,g06-031d-07-05
335,g06-037d-07-01
335,g06-045d-03-07
335,g06-050d-03-08
335,g06-037d-04-05
335,g06-031d-02-08
335,g06-050d-04-06
335,g06-050d-01-08
335,g06-018d-06-02
335,g06-047d-00-03
335,g06-026d-00-02
335,g06-047d-02-08
335,g06-047d-03-01
335,g06-037d-01-08
335,g06-018d-04-00
335,g06-026d-01-00
335,g06-037d-06-01
335,g06-031d-00-03
335,g06-047d-04-02
335,g06-050d-02-07
335,g06-031d-06-01
335,g06-037d-07-09
335,g06-018d-06-07
335,g06-037d-06-07
335,g06-031d-00-05
335,g06-037d-07-08
335,g06-037d-04-00
335,g06-047d-00-05
335,g06-037d-01-03
335,g06-045d-01-04
335,g06-050d-05-04
335,g06-050d-01-05
335,g06-050d-01-07
335,g06-050d-00-05
335,g06-045d-06-00
335,g06-050d-02-00
335,g06-050d-03-07
335,g06-050d-03-09
335,g06-045d-02-01
335,g06-042d-03-00
335,g06-050d-00-02
335,g06-045d-03-01
335,g06-050d-05-01
335,g06-018d-00-07
335,g06-026d-04-07
335,g06-037d-05-07
335,g06-031d-02-07
335,g06-031d-01-07
335,g06-042d-03-04
335,g06-031d-06-05
335,g06-050d-05-05
335,g06-018d-06-09
335,g06-050d-07-04
335,g06-037d-07-04
335,g06-037d-03-00
335,g06-050d-00-01
335,g06-045d-02-02
335,g06-037d-08-03
335,g06-031d-05-01
335,g06-037d-05-01
335,g06-047d-02-06
335,g06-042d-02-00
335,g06-042d-02-02
335,g06-026d-00-05
335,g06-045d-01-03
335,g06-026d-04-00
335,g06-018d-07-03
335,g06-031d-05-08
335,g06-045d-03-08
335,g06-037d-02-02
335,g06-047d-01-06
335,g06-026d-04-09
335,g06-031d-03-01
335,g06-050d-04-05
335,g06-047d-02-12
335,g06-031d-00-10
335,g06-047d-04-08
335,g06-047d-05-07
335,g06-047d-02-07
335,g06-037d-03-01
335,g06-050d-07-06
335,g06-018d-06-00
335,g06-042d-04-05
335,g06-045d-02-03
335,g06-045d-02-04
335,g06-031d-05-03
335,g06-047d-02-05
335,g06-031d-01-09
335,g06-037d-07-00
335,g06-037d-09-03
335,g06-031d-01-01
335,g06-045d-04-02
335,g06-026d-05-06
335,g06-018d-04-04
335,g06-050d-03-01
335,g06-018d-05-05
335,g06-037d-02-04
335,g06-050d-07-02
335,g06-037d-02-03
335,g06-047d-05-02
335,g06-037d-00-09
335,g06-042d-01-06
335,g06-037d-07-02
335,g06-026d-00-01
335,g06-042d-04-03
335,g06-026d-01-08
335,g06-031d-02-09
335,g06-031d-05-07
335,g06-026d-00-11
335,g06-047d-01-04
335,g06-047d-05-03
335,g06-047d-03-04
335,g06-050d-07-09
335,g06-050d-04-03
335,g06-050d-05-00
335,g06-031d-07-03
335,g06-045d-02-09
335,g06-037d-01-01
335,g06-037d-02-08
335,g06-031d-05-06
335,g06-050d-04-04
335,g06-050d-03-00
335,g06-018d-06-08
335,g06-018d-04-05
335,g06-047d-03-00
335,g06-031d-00-11
335,g06-047d-05-09
335,g06-045d-05-01
335,g06-037d-01-02
335,g06-050d-07-10
335,g06-031d-06-09
335,g06-045d-05-08
335,g06-050d-07-01
335,g06-018d-03-00
335,g06-042d-02-06
335,g06-047d-04-06
335,g06-018d-06-06
335,g06-042d-01-01
335,g06-018d-03-03
335,g06-031d-06-07
335,g06-042d-04-00
335,g06-037d-00-04
335,g06-045d-05-00
335,g06-026d-05-01
335,g06-018d-05-02
335,g06-037d-00-05
335,g06-031d-06-04
335,g06-042d-02-09
335,g06-045d-05-10
335,g06-037d-08-07
335,g06-031d-00-14
335,g06-050d-00-06
335,g06-050d-02-01
335,g06-037d-01-06
335,g06-026d-03-06
335,g06-026d-01-04
335,g06-050d-07-05
335,g06-031d-01-08
335,g06-050d-02-03
335,g06-037d-01-00
335,g06-031d-03-03
335,g06-031d-03-05
335,g06-042d-03-01
335,g06-037d-06-00
335,g06-037d-08-02
335,g06-047d-02-10
335,g06-050d-05-07
335,g06-045d-01-01
335,g06-018d-06-01
335,g06-026d-01-10
335,g06-037d-03-08
335,g06-031d-03-09
335,g06-018d-05-11
335,g06-050d-02-06
335,g06-047d-03-02
335,g06-042d-04-08
335,g06-037d-06-06
335,g06-031d-00-00
335,g06-045d-01-02
335,g06-042d-03-08
335,g06-050d-07-08
335,g06-026d-04-06
335,g06-047d-04-09
335,g06-026d-00-06
335,g06-031d-05-02
335,g06-037d-01-07
335,g06-042d-02-07
335,g06-018d-03-01
335,g06-018d-04-06
335,g06-018d-00-01
335,g06-037d-05-05
335,g06-037d-07-03
335,g06-026d-02-09
335,g06-045d-03-06
335,g06-037d-02-05
335,g06-050d-01-10
335,g06-018d-05-06
335,g06-037d-04-01
335,g06-031d-00-01
335,g06-031d-03-07
335,g06-042d-04-07
335,g06-037d-01-10
335,g06-031d-00-06
335,g06-047d-05-06
335,g06-037d-09-05
335,g06-047d-00-01
335,g06-018d-06-03
335,g06-047d-01-01
335,g06-047d-02-02
335,g06-050d-01-00
335,g06-031d-05-09
335,g06-026d-02-08
335,g06-018d-03-06
335,g06-050d-04-09
335,g06-042d-02-03
335,g06-037d-06-05
335,g06-050d-01-01
335,g06-042d-01-08
335,g06-050d-02-05
335,g06-037d-05-02
335,g06-037d-09-04
335,g06-042d-01-11
335,g06-026d-03-10
335,g06-050d-03-04
335,g06-018d-04-09
335,g06-050d-05-06
335,g06-042d-02-08
335,g06-050d-01-02
335,g06-018d-03-02
335,g06-026d-04-08
335,g06-018d-05-01
335,g06-018d-07-04
335,g06-018d-00-06
335,g06-037d-00-06
335,g06-018d-03-09
335,g06-018d-03-11
335,g06-047d-01-08
335,g06-042d-01-09
335,g06-031d-03-02
335,g06-047d-05-00
335,g06-037d-02-00
335,g06-018d-04-02
335,g06-042d-01-07
335,g06-042d-04-02
335,g06-042d-02-05
335,g06-045d-03-04
335,g06-031d-06-12
335,g06-050d-04-00
335,g06-031d-01-03
335,g06-042d-03-07
335,g06-037d-09-01
335,g06-037d-00-12
335,g06-050d-04-02
335,g06-037d-05-04
335,g06-042d-04-04
335,g06-042d-01-04
335,g06-050d-03-02
335,g06-018d-00-00
336,g06-045e-03-04
336,g06-018e-05-01
336,g06-037e-01-14
336,g06-042e-02-04
336,g06-011e-05-09
336,g06-026e-02-09
336,g06-011e-00-06
336,g06-037e-08-07
336,g06-026e-03-11
336,g06-042e-02-03
336,g06-018e-03-02
336,g06-011e-06-11
336,g06-026e-04-02
336,g06-018e-06-08
336,g06-050e-04-02
336,g06-018e-02-08
336,g06-050e-06-00
336,g06-047e-01-08
336,g06-037e-06-02
336,g06-047e-00-04
336,g06-018e-05-09
336,g06-018e-06-11
336,g06-050e-01-04
336,g06-047e-01-11
336,g06-047e-01-06
336,g06-047e-02-10
336,g06-037e-01-10
336,g06-042e-01-03
336,g06-050e-00-09
336,g06-018e-03-04
336,g06-011e-08-07
336,g06-050e-06-03
336,g06-037e-07-08
336,g06-031e-03-01
336,g06-018e-01-02
336,g06-047e-01-10
336,g06-011e-03-09
336,g06-042e-03-11
336,g06-037e-03-09
336,g06-037e-01-02
336,g06-045e-05-04
336,g06-037e-00-09
336,g06-045e-04-07
336,g06-042e-00-00
336,g06-011e-06-02
336,g06-026e-03-12
336,g06-050e-06-04
336,g06-050e-06-11
336,g06-026e-03-05
336,g06-037e-03-01
336,g06-011e-07-10
336,g06-045e-03-05
336,g06-031e-00-04
336,g06-047e-04-10
336,g06-011e-01-05
336,g06-037e-03-05
336,g06-037e-01-12
336,g06-042e-00-03
336,g06-045e-05-10
336,g06-050e-01-06
336,g06-011e-05-11
336,g06-026e-03-07
336,g06-047e-04-03
336,g06-031e-01-02
336,g06-037e-00-13
336,g06-050e-06-10
336,g06-031e-01-00
336,g06-050e-05-10
336,g06-042e-00-05
336,g06-011e-06-04
336,g06-047e-01-07
336,g06-026e-03-02
336,g06-018e-03-06
336,g06-011e-03-07
336,g06-037e-06-07
336,g06-018e-04-06
336,g06-018e-00-05
336,g06-031e-03-00
336,g06-026e-02-02
336,g06-050e-04-00
336,g06-031e-02-10
336,g06-011e-08-03
336,g06-042e-03-06
336,g06-011e-05-12
336,g06-047e-00-02
336,g06-026e-00-07
336,g06-047e-00-00
336,g06-042e-01-07
336,g06-050e-05-01
336,g06-047e-01-03
336,g06-031e-02-07
336,g06-011e-08-00
336,g06-045e-05-06
336,g06-050e-03-01
336,g06-045e-02-09
336,g06-042e-01-01
336,g06-042e-01-06
336,g06-042e-04-06
336,g06-031e-00-12
336,g06-045e-03-01
336,g06-050e-00-07
336,g06-031e-01-06
336,g06-031e-05-01
336,g06-031e-04-03
336,g06-037e-02-00
336,g06-045e-04-09
336,g06-031e-02-11
336,g06-031e-04-09
336,g06-050e-05-05
336,g06-011e-05-04
336,g06-031e-03-08
336,g06-047e-00-03
336,g06-011e-08-02
336,g06-050e-00-05
336,g06-047e-02-02
336,g06-050e-05-07
336,g06-037e-03-07
336,g06-018e-03-12
336,g06-026e-01-09
336,g06-045e-02-10
336,g06-026e-02-12
336,g06-047e-02-11
336,g06-042e-00-13
336,g06-045e-06-00
336,g06-026e-04-03
336,g06-047e-02-03
336,g06-037e-00-07
336,g06-037e-06-01
336,g06-047e-03-06
336,g06-037e-01-05
336,g06-026e-00-06
336,g06-050e-06-01
336,g06-037e-05-00
336,g06-018e-03-08
336,g06-031e-00-10
336,g06-037e-00-04
336,g06-037e-00-05
336,g06-037e-01-03
336,g06-050e-05-08
336,g06-050e-04-06
336,g06-047e-01-01
336,g06-031e-00-01
336,g06-037e-08-02
336,g06-011e-02-02
336,g06-045e-05-08
336,g06-045e-05-07
336,g06-037e-07-03
336,g06-031e-00-02
336,g06-031e-04-08
336,g06-042e-05-00
336,g06-026e-01-02
336,g06-026e-02-05
336,g06-031e-03-09
336,g06-047e-02-06
336,g06-045e-02-04
336,g06-018e-01-00
336,g06-047e-01-12
336,g06-018e-02-13
336,g06-011e-04-07
336,g06-045e-05-00
336,g06-047e-04-11
336,g06-011e-06-00
336,g06-050e-01-11
336,g06-050e-02-06
336,g06-037e-03-00
336,g06-047e-00-08
336,g06-018e-03-03
336,g06-050e-02-02
336,g06-031e-04-02
336,g06-045e-04-08
336,g06-042e-02-08
336,g06-050e-00-00
336,g06-042e-05-02
336,g06-018e-05-08
336,g06-031e-02-02
336,g06-018e-04-09
336,g06-047e-03-04
336,g06-045e-02-00
336,g06-026e-02-03
336,g06-042e-05-01
336,g06-037e-06-03
336,g06-037e-05-02
336,g06-042e-00-12
336,g06-050e-01-01
336,g06-018e-02-01
336,g06-026e-00-05
336,g06-011e-01-08
336,g06-031e-04-07
336,g06-026e-03-03
336,g06-018e-00-02
336,g06-042e-02-06
336,g06-031e-01-01
336,g06-045e-04-04
336,g06-050e-02-01
336,g06-047e-02-01
336,g06-011e-07-03
336,g06-018e-05-04
336,g06-018e-03-11
336,g06-042e-03-04
336,g06-026e-04-07
336,g06-050e-03-00
336,g06-050e-06-02
336,g06-018e-00-09
336,g06-018e-03-09
336,g06-050e-04-05
336,g06-011e-04-11
336,g06-026e-01-04
336,g06-037e-02-07
336,g06-011e-02-12
336,g06-031e-00-03
336,g06-031e-05-12
336,g06-042e-02-01
336,g06-037e-07-05
336,g06-026e-00-01
336,g06-042e-02-09
336,g06-011e-03-11
336,g06-031e-00-09
336,g06-011e-03-03
336,g06-026e-02-01
336,g06-042e-00-01
336,g06-018e-04-07
336,g06-031e-04-05
336,g06-031e-02-06
336,g06-037e-08-06
336,g06-047e-04-07
336,g06-026e-00-09
336,g06-050e-05-02
336,g06-018e-02-09
336,g06-045e-04-00
336,g06-011e-04-08
336,g06-018e-00-10
336,g06-011e-01-06
336,g06-042e-05-04
336,g06-018e-06-03
336,g06-050e-02-08
336,g06-037e-08-00
336,g06-042e-01-02
336,g06-011e-00-11
336,g06-037e-04-07
336,g06-037e-01-11
336,g06-050e-06-06
336,g06-037e-07-07
336,g06-031e-05-06
336,g06-047e-01-00
336,g06-018e-06-09
336,g06-011e-05-02
336,g06-026e-02-00
336,g06-031e-00-00
336,g06-042e-01-04
336,g06-047e-00-09
336,g06-026e-02-11
336,g06-011e-08-06
336,g06-045e-05-03
336,g06-018e-01-10
336,g06-018e-02-07
336,g06-018e-00-06
336,g06-050e-00-03
336,g06-011e-02-01
336,g06-047e-04-06
336,g06-042e-03-10
336,g06-011e-08-04
336,g06-031e-00-05
336,g06-018e-02-05
336,g06-050e-05-04
336,g06-031e-01-09
336,g06-050e-01-00
336,g06-037e-04-00
336,g06-047e-04-02
336,g06-018e-02-06
336,g06-042e-03-09
336,g06-026e-00-03
336,g06-037e-07-00
336,g06-042e-04-00
336,g06-031e-02-08
336,g06-045e-03-03
336,g06-047e-02-08
336,g06-011e-02-09
336,g06-042e-04-04
336,g06-031e-03-05
336,g06-018e-02-12
336,g06-011e-01-09
336,g06-018e-01-01
336,g06-050e-01-03
336,g06-011e-06-08
336,g06-050e-01-07
336,g06-047e-01-05
336,g06-018e-01-05
336,g06-050e-02-04
336,g06-018e-06-07
336,g06-026e-03-04
336,g06-047e-05-05
336,g06-011e-08-05
336,g06-037e-02-05
336,g06-018e-04-02
336,g06-047e-03-09
336,g06-031e-00-06
336,g06-050e-00-02
336,g06-031e-01-07
336,g06-018e-06-10
336,g06-026e-01-08
336,g06-018e-00-00
336,g06-011e-01-03
336,g06-011e-07-00
336,g06-050e-02-05
336,g06-042e-00-11
336,g06-031e-03-02
336,g06-018e-02-04
336,g06-031e-02-09
336,g06-011e-03-12
336,g06-045e-02-07
336,g06-011e-02-07
336,g06-031e-05-04
336,g06-026e-05-01
336,g06-018e-05-02
336,g06-037e-07-06
336,g06-031e-03-04
336,g06-047e-04-08
336,g06-042e-03-08
336,g06-047e-03-08
336,g06-037e-01-06
336,g06-031e-03-03
336,g06-047e-04-05
336,g06-011e-01-00
336,g06-047e-01-02
336,g06-026e-04-00
336,g06-045e-02-03
336,g06-026e-00-04
336,g06-018e-04-00
336,g06-011e-03-06
336,g06-042e-04-05
336,g06-045e-03-08
336,g06-026e-01-01
336,g06-050e-03-04
336,g06-011e-04-01
336,g06-047e-04-04
336,g06-037e-08-01
336,g06-042e-00-08
336,g06-011e-07-07
336,g06-031e-03-06
336,g06-011e-01-01
336,g06-042e-03-00
336,g06-037e-01-01
336,g06-045e-02-01
336,g06-042e-04-01
336,g06-011e-05-05
336,g06-047e-02-05
336,g06-011e-04-02
336,g06-042e-01-09
336,g06-018e-02-02
336,g06-011e-07-02
336,g06-047e-00-05
336,g06-018e-06-00
336,g06-037e-06-05
336,g06-011e-04-09
336,g06-045e-03-00
336,g06-026e-03-01
336,g06-011e-07-01
336,g06-042e-05-03
336,g06-018e-01-04
336,g06-037e-05-03
336,g06-047e-00-07
336,g06-011e-02-11
336,g06-018e-06-04
336,g06-031e-00-15
336,g06-045e-03-02
336,g06-050e-00-01
336,g06-031e-02-00
336,g06-026e-03-06
336,g06-037e-04-03
336,g06-018e-01-06
336,g06-018e-01-11
336,g06-042e-02-07
336,g06-050e-02-00
336,g06-031e-04-00
336,g06-026e-03-10
336,g06-037e-03-04
336,g06-037e-04-01
336,g06-037e-01-09
336,g06-011e-05-08
336,g06-042e-00-10
336,g06-011e-04-05
336,g06-047e-03-00
336,g06-011e-04-04
336,g06-018e-05-00
336,g06-018e-01-08
336,g06-011e-07-08
336,g06-037e-07-02
336,g06-011e-00-03
336,g06-037e-00-10
336,g06-011e-08-01
336,g06-011e-02-04
336,g06-050e-00-08
336,g06-026e-00-10
336,g06-037e-01-13
336,g06-026e-02-10
336,g06-031e-04-06
336,g06-050e-03-06
336,g06-047e-01-09
336,g06-011e-06-09
336,g06-018e-02-03
336,g06-011e-04-10
336,g06-037e-00-06
336,g06-037e-02-03
336,g06-011e-04-03
336,g06-037e-08-04
336,g06-037e-05-09
336,g06-018e-04-03
336,g06-011e-00-08
336,g06-047e-00-06
336,g06-047e-03-05
336,g06-037e-03-03
336,g06-011e-01-10
336,g06-031e-04-01
336,g06-011e-00-04
336,g06-050e-01-09
336,g06-018e-00-11
336,g06-037e-02-06
336,g06-018e-04-01
336,g06-026e-00-13
336,g06-018e-01-03
336,g06-011e-06-05
336,g06-011e-01-02
336,g06-047e-01-13
336,g06-026e-00-11
336,g06-050e-04-03
336,g06-011e-00-10
336,g06-031e-05-09
336,g06-011e-02-08
336,g06-018e-02-10
336,g06-042e-02-02
336,g06-011e-02-00
336,g06-050e-03-07
336,g06-050e-03-02
336,g06-037e-03-06
336,g06-026e-04-04
336,g06-050e-04-01
336,g06-037e-03-02
336,g06-037e-08-03
336,g06-045e-02-08
336,g06-050e-05-09
336,g06-031e-01-03
336,g06-011e-02-06
336,g06-037e-02-01
336,g06-011e-06-10
336,g06-018e-06-02
336,g06-018e-00-04
336,g06-018e-01-07
336,g06-011e-03-08
336,g06-011e-04-00
336,g06-018e-03-01
336,g06-031e-05-00
336,g06-011e-00-09
336,g06-047e-05-00
336,g06-045e-05-02
336,g06-011e-04-13
336,g06-026e-01-10
336,g06-037e-00-02
336,g06-037e-04-04
336,g06-011e-05-07
336,g06-047e-02-04
336,g06-031e-02-01
336,g06-037e-03-11
336,g06-018e-06-06
336,g06-037e-02-02
336,g06-050e-05-00
336,g06-031e-01-04
336,g06-031e-01-05
336,g06-031e-02-05
336,g06-047e-03-01
336,g06-042e-03-01
336,g06-050e-01-10
336,g06-031e-01-10
336,g06-011e-04-12
336,g06-042e-03-03
336,g06-026e-02-07
336,g06-026e-01-00
336,g06-050e-06-05
336,g06-042e-03-05
336,g06-037e-00-00
336,g06-047e-03-07
336,g06-026e-04-06
336,g06-018e-04-05
336,g06-037e-08-05
336,g06-011e-05-01
336,g06-026e-00-00
336,g06-037e-00-12
336,g06-031e-02-03
336,g06-018e-06-01
336,g06-042e-00-04
336,g06-011e-05-10
336,g06-018e-02-00
336,g06-031e-05-08
336,g06-018e-04-10
336,g06-011e-01-07
336,g06-037e-01-04
336,g06-050e-03-03
336,g06-045e-04-03
336,g06-050e-04-07
336,g06-018e-05-07
336,g06-031e-03-10
336,g06-011e-04-06
336,g06-045e-04-05
336,g06-050e-06-07
336,g06-031e-00-13
336,g06-050e-05-06
336,g06-042e-01-08
336,g06-050e-01-08
336,g06-011e-03-00
336,g06-042e-03-02
336,g06-037e-00-01
336,g06-045e-02-05
336,g06-018e-00-07
336,g06-037e-00-11
336,g06-011e-00-01
336,g06-037e-04-02
336,g06-037e-01-08
336,g06-050e-00-10
336,g06-031e-01-08
336,g06-018e-02-11
336,g06-018e-04-04
336,g06-037e-08-09
336,g06-037e-07-01
336,g06-047e-02-09
336,g06-047e-02-00
336,g06-018e-05-05
336,g06-047e-05-03
336,g06-050e-06-08
336,g06-047e-05-06
336,g06-037e-05-01
336,g06-031e-03-07
336,g06-011e-03-05
336,g06-047e-05-01
336,g06-018e-03-05
336,g06-050e-00-04
336,g06-037e-03-10
336,g06-042e-00-07
336,g06-050e-01-02
336,g06-045e-03-06
336,g06-045e-05-09
336,g06-042e-00-09
336,g06-045e-02-11
336,g06-026e-03-08
336,g06-042e-01-00
336,g06-018e-00-01
336,g06-026e-01-05
336,g06-011e-05-06
336,g06-018e-06-05
336,g06-026e-02-06
336,g06-045e-05-05
336,g06-026e-01-03
336,g06-047e-00-01
336,g06-042e-04-03
336,g06-031e-05-11
336,g06-011e-00-07
336,g06-037e-00-08
336,g06-050e-06-09
336,g06-047e-04-01
336,g06-026e-01-07
336,g06-026e-00-02
336,g06-037e-01-00
336,g06-047e-02-07
336,g06-045e-04-01
336,g06-011e-05-00
336,g06-050e-05-03
336,g06-037e-06-00
336,g06-018e-00-03
336,g06-047e-04-09
336,g06-031e-00-08
336,g06-026e-03-00
336,g06-047e-03-02
336,g06-011e-06-03
336,g06-026e-03-09
336,g06-026e-01-06
336,g06-050e-03-09
336,g06-011e-02-03
336,g06-011e-03-04
336,g06-011e-00-02
336,g06-018e-05-03
336,g06-011e-01-04
336,g06-050e-04-04
336,g06-037e-00-03
336,g06-018e-03-10
336,g06-031e-05-03
336,g06-011e-06-06
336,g06-011e-07-09
336,g06-042e-02-05
336,g06-031e-05-07
336,g06-037e-05-04
336,g06-018e-03-07
336,g06-011e-06-07
336,g06-050e-01-12
336,g06-031e-05-02
336,g06-047e-04-00
336,g06-011e-02-10
336,g06-011e-00-00
336,g06-031e-00-11
336,g06-050e-02-03
336,g06-045e-05-01
336,g06-026e-00-08
336,g06-050e-00-06
336,g06-037e-06-06
336,g06-037e-02-04
336,g06-042e-00-02
336,g06-047e-05-02
336,g06-031e-05-10
336,g06-042e-00-06
336,g06-026e-05-00
336,g06-011e-07-04
336,g06-050e-02-07
336,g06-047e-05-04
336,g06-037e-04-06
336,g06-026e-04-05
336,g06-018e-00-08
336,g06-011e-03-02
336,g06-050e-03-08
336,g06-037e-03-08
336,g06-018e-05-06
336,g06-045e-04-02
336,g06-011e-06-01
336,g06-031e-04-04
336,g06-011e-02-05
336,g06-011e-07-06
336,g06-042e-04-02
336,g06-037e-05-08
336,g06-011e-04-14
336,g06-011e-04-15
336,g06-037e-08-08
336,g06-018e-01-09
336,g06-045e-02-02
336,g06-018e-04-11
336,g06-011e-03-01
336,g06-018e-04-08
336,g06-026e-05-02
336,g06-026e-05-03
336,g06-037e-04-05
336,g06-042e-02-00
336,g06-050e-03-05
336,g06-011e-00-05
336,g06-047e-01-04
336,g06-037e-06-04
336,g06-050e-01-05
336,g06-026e-04-01
336,g06-042e-03-07
336,g06-031e-00-14
336,g06-037e-05-05
336,g06-011e-03-10
336,g06-045e-04-06
336,g06-042e-01-05
336,g06-045e-06-01
336,g06-045e-03-07
336,g06-037e-01-07
336,g06-011e-05-03
336,g06-045e-02-06
336,g06-047e-04-12
336,g06-047e-03-03
336,g06-011e-07-05
336,g06-031e-02-04
336,g06-050e-04-08
336,g06-037e-07-04
336,g06-018e-03-00
337,g06-018f-04-05
337,g06-037f-04-06
337,g06-042f-02-05
337,g06-011f-02-11
337,g06-011f-06-01
337,g06-037f-02-03
337,g06-045f-00-05
337,g06-042f-00-03
337,g06-018f-03-10
337,g06-026f-02-05
337,g06-050f-00-05
337,g06-011f-00-11
337,g06-050f-01-03
337,g06-018f-04-06
337,g06-031f-03-12
337,g06-011f-02-09
337,g06-026f-02-13
337,g06-037f-03-05
337,g06-031f-05-11
337,g06-050f-00-08
337,g06-011f-07-02
337,g06-037f-01-00
337,g06-018f-04-09
337,g06-018f-05-06
337,g06-031f-02-10
337,g06-047f-03-05
337,g06-011f-06-11
337,g06-018f-03-06
337,g06-031f-03-03
337,g06-011f-02-05
337,g06-047f-02-01
337,g06-042f-03-00
337,g06-026f-02-04
337,g06-037f-00-08
337,g06-042f-02-08
337,g06-037f-06-10
337,g06-047f-03-10
337,g06-042f-02-01
337,g06-018f-01-11
337,g06-018f-04-04
337,g06-031f-00-10
337,g06-037f-07-09
337,g06-042f-03-06
337,g06-031f-03-08
337,g06-026f-01-05
337,g06-050f-04-02
337,g06-011f-00-05
337,g06-026f-03-05
337,g06-026f-02-08
337,g06-011f-03-01
337,g06-042f-00-15
337,g06-050f-04-08
337,g06-045f-04-04
337,g06-042f-03-01
337,g06-047f-00-10
337,g06-045f-01-04
337,g06-011f-02-06
337,g06-045f-02-05
337,g06-018f-03-05
337,g06-031f-05-03
337,g06-011f-04-09
337,g06-026f-03-07
337,g06-011f-05-12
337,g06-045f-00-00
337,g06-031f-01-01
337,g06-047f-04-04
337,g06-011f-04-02
337,g06-042f-00-01
337,g06-011f-01-05
337,g06-026f-03-04
337,g06-011f-01-08
337,g06-047f-04-02
337,g06-042f-02-09
337,g06-037f-01-07
337,g06-018f-05-07
337,g06-011f-05-05
337,g06-031f-05-07
337,g06-011f-06-08
337,g06-037f-01-14
337,g06-042f-00-12
337,g06-047f-01-00
337,g06-042f-02-00
337,g06-047f-01-07
337,g06-037f-01-02
337,g06-031f-05-05
337,g06-045f-02-10
337,g06-047f-00-06
337,g06-047f-02-03
337,g06-042f-03-09
337,g06-026f-03-02
337,g06-047f-00-07
337,g06-018f-01-10
337,g06-031f-02-08
337,g06-011f-05-00
337,g06-011f-04-12
337,g06-047f-02-08
337,g06-018f-03-00
337,g06-031f-02-05
337,g06-011f-01-11
337,g06-026f-01-04
337,g06-018f-03-08
337,g06-011f-02-16
337,g06-037f-03-01
337,g06-011f-04-13
337,g06-011f-03-13
337,g06-018f-01-04
337,g06-026f-04-01
337,g06-042f-02-06
337,g06-011f-00-12
337,g06-047f-00-02
337,g06-018f-01-09
337,g06-047f-01-13
337,g06-050f-00-02
337,g06-031f-02-02
337,g06-031f-00-02
337,g06-047f-02-02
337,g06-031f-04-02
337,g06-037f-03-12
337,g06-018f-05-09
337,g06-011f-00-07
337,g06-011f-06-06
337,g06-026f-03-03
337,g06-026f-01-02
337,g06-018f-03-07
337,g06-011f-01-10
337,g06-042f-02-04
337,g06-050f-04-07
337,g06-018f-02-13
337,g06-011f-06-12
337,g06-031f-04-06
337,g06-018f-05-04
337,g06-047f-03-04
337,g06-031f-01-12
337,g06-026f-04-00
337,g06-018f-04-13
337,g06-011f-07-03
337,g06-018f-00-03
337,g06-050f-01-12
337,g06-026f-02-12
337,g06-050f-03-01
337,g06-031f-04-08
337,g06-050f-03-09
337,g06-031f-02-03
337,g06-050f-02-08
337,g06-047f-01-05
337,g06-047f-03-03
337,g06-031f-01-10
337,g06-050f-05-06
337,g06-011f-05-11
337,g06-018f-05-00
337,g06-042f-02-10
337,g06-011f-02-10
337,g06-050f-04-01
337,g06-045f-04-03
337,g06-031f-03-02
337,g06-031f-02-12
337,g06-037f-02-00
337,g06-047f-00-09
337,g06-047f-02-09
337,g06-045f-04-00
337,g06-037f-03-03
337,g06-031f-00-06
337,g06-037f-00-14
337,g06-045f-01-00
337,g06-018f-05-05
337,g06-042f-01-07
337,g06-018f-01-12
337,g06-045f-02-07
337,g06-037f-04-04
337,g06-018f-02-11
337,g06-031f-01-08
337,g06-037f-01-05
337,g06-045f-02-00
337,g06-050f-00-01
337,g06-031f-03-04
337,g06-037f-03-07
337,g06-018f-04-10
337,g06-018f-05-11
337,g06-011f-03-10
337,g06-037f-00-07
337,g06-037f-07-08
337,g06-011f-04-04
337,g06-011f-00-03
337,g06-011f-04-11
337,g06-047f-00-05
337,g06-011f-01-09
337,g06-011f-04-00
337,g06-031f-05-09
337,g06-045f-02-04
337,g06-026f-03-11
337,g06-042f-01-02
337,g06-045f-01-05
337,g06-018f-02-12
337,g06-011f-02-01
337,g06-011f-05-04
337,g06-045f-04-07
337,g06-018f-02-04
337,g06-042f-00-05
337,g06-037f-00-04
337,g06-050f-02-00
337,g06-042f-02-03
337,g06-026f-01-03
337,g06-018f-02-06
337,g06-031f-03-01
337,g06-037f-02-01
337,g06-037f-06-05
337,g06-037f-00-12
337,g06-047f-01-09
337,g06-042f-03-04
337,g06-037f-03-02
337,g06-026f-01-06
337,g06-047f-02-10
337,g06-018f-00-00
337,g06-018f-00-01
337,g06-042f-00-02
337,g06-037f-00-01
337,g06-050f-05-12
337,g06-037f-07-00
337,g06-037f-05-10
337,g06-011f-06-04
337,g06-037f-05-09
337,g06-045f-00-01
337,g06-031f-00-09
337,g06-045f-01-06
337,g06-018f-05-08
337,g06-026f-01-10
337,g06-050f-01-04
337,g06-050f-05-11
337,g06-018f-00-04
337,g06-050f-05-10
337,g06-011f-00-02
337,g06-018f-02-17
337,g06-018f-05-12
337,g06-026f-01-11
337,g06-011f-04-01
337,g06-047f-00-04
337,g06-018f-05-10
337,g06-045f-05-00
337,g06-018f-00-11
337,g06-037f-00-09
337,g06-011f-02-14
337,g06-018f-01-05
337,g06-031f-00-16
337,g06-045f-04-08
337,g06-042f-03-03
337,g06-047f-02-07
337,g06-047f-00-00
337,g06-011f-07-00
337,g06-037f-03-08
337,g06-037f-01-12
337,g06-031f-00-00
337,g06-037f-01-01
337,g06-011f-03-00
337,g06-031f-00-15
337,g06-045f-00-04
337,g06-037f-04-05
337,g06-037f-04-09
337,g06-045f-00-06
337,g06-047f-03-01
337,g06-047f-01-02
337,g06-047f-02-05
337,g06-018f-03-02
337,g06-037f-06-04
337,g06-037f-00-03
337,g06-026f-03-00
337,g06-018f-05-01
337,g06-011f-05-13
337,g06-011f-02-15
337,g06-037f-05-05
337,g06-037f-05-00
337,g06-026f-02-11
337,g06-026f-02-06
337,g06-018f-02-10
337,g06-031f-04-09
337,g06-037f-02-04
337,g06-050f-03-11
337,g06-050f-05-05
337,g06-042f-01-00
337,g06-045f-01-01
337,g06-037f-07-03
337,g06-018f-00-02
337,g06-047f-03-09
337,g06-018f-02-15
337,g06-050f-01-05
337,g06-037f-00-02
337,g06-011f-03-08
337,g06-031f-05-02
337,g06-042f-01-05
337,g06-045f-01-08
337,g06-050f-00-11
337,g06-026f-03-08
337,g06-050f-04-10
337,g06-018f-00-10
337,g06-042f-03-08
337,g06-018f-04-02
337,g06-011f-06-03
337,g06-050f-04-06
337,g06-047f-04-09
337,g06-047f-04-07
337,g06-026f-02-10
337,g06-037f-06-07
337,g06-011f-03-06
337,g06-045f-01-11
337,g06-011f-00-01
337,g06-011f-06-00
337,g06-037f-05-03
337,g06-050f-02-01
337,g06-031f-04-07
337,g06-026f-04-08
337,g06-042f-01-10
337,g06-037f-04-08
337,g06-050f-03-03
337,g06-011f-02-04
337,g06-026f-04-07
337,g06-047f-03-08
337,g06-042f-00-11
337,g06-050f-02-02
337,g06-037f-02-02
337,g06-031f-00-01
337,g06-018f-00-07
337,g06-018f-04-01
337,g06-047f-04-01
337,g06-045f-02-09
337,g06-050f-02-04
337,g06-045f-01-07
337,g06-045f-04-09
337,g06-011f-06-05
337,g06-042f-03-07
337,g06-011f-03-02
337,g06-011f-03-07
337,g06-045f-00-07
337,g06-031f-02-04
337,g06-037f-05-02
337,g06-047f-03-11
337,g06-050f-02-07
337,g06-026f-03-10
337,g06-037f-01-10
337,g06-045f-01-02
337,g06-018f-01-02
337,g06-042f-02-12
337,g06-037f-01-03
337,g06-045f-05-01
337,g06-050f-03-06
337,g06-031f-04-12
337,g06-031f-02-06
337,g06-018f-02-16
337,g06-050f-04-11
337,g06-011f-02-02
337,g06-050f-00-03
337,g06-037f-01-11
337,g06-031f-03-11
337,g06-026f-02-09
337,g06-011f-04-08
337,g06-037f-01-06
337,g06-018f-04-08
337,g06-037f-01-04
337,g06-042f-01-06
337,g06-011f-01-06
337,g06-050f-01-01
337,g06-037f-00-11
337,g06-011f-04-14
337,g06-031f-01-13
337,g06-011f-03-05
337,g06-031f-04-10
337,g06-031f-00-11
337,g06-037f-07-01
337,g06-011f-04-10
337,g06-031f-00-08
337,g06-045f-02-03
337,g06-018f-01-07
337,g06-018f-01-00
337,g06-026f-04-03
337,g06-037f-03-09
337,g06-042f-02-07
337,g06-011f-03-11
337,g06-047f-04-05
337,g06-026f-03-06
337,g06-037f-04-01
337,g06-011f-05-03
337,g06-011f-06-10
337,g06-042f-02-13
337,g06-045f-00-02
337,g06-026f-02-00
337,g06-050f-05-02
337,g06-011f-02-17
337,g06-026f-02-02
337,g06-050f-05-08
337,g06-042f-02-11
337,g06-037f-06-09
337,g06-011f-02-18
337,g06-018f-03-01
337,g06-047f-04-00
337,g06-042f-01-01
337,g06-045f-05-02
337,g06-011f-04-15
337,g06-018f-03-11
337,g06-031f-03-07
337,g06-047f-04-08
337,g06-042f-00-00
337,g06-042f-01-12
337,g06-037f-03-11
337,g06-026f-01-09
337,g06-018f-00-08
337,g06-011f-01-00
337,g06-018f-01-06
337,g06-042f-00-10
337,g06-011f-02-12
337,g06-031f-01-07
337,g06-037f-00-00
337,g06-026f-04-04
337,g06-031f-01-11
337,g06-018f-03-04
337,g06-026f-02-01
337,g06-031f-01-09
337,g06-018f-02-14
337,g06-050f-04-05
337,g06-045f-00-08
337,g06-037f-06-02
337,g06-018f-02-02
337,g06-026f-01-00
337,g06-047f-01-12
337,g06-031f-01-02
337,g06-037f-07-07
337,g06-031f-05-12
337,g06-047f-03-00
337,g06-050f-04-03
337,g06-042f-01-09
337,g06-011f-01-03
337,g06-018f-04-11
337,g06-037f-01-08
337,g06-018f-04-07
337,g06-011f-02-07
337,g06-026f-04-05
337,g06-031f-00-03
337,g06-018f-02-03
337,g06-018f-01-03
337,g06-037f-05-06
337,g06-031f-01-06
337,g06-011f-00-00
337,g06-047f-01-11
337,g06-045f-00-09
337,g06-031f-02-09
337,g06-026f-02-14
337,g06-045f-01-10
337,g06-042f-00-06
337,g06-011f-07-01
337,g06-031f-05-04
337,g06-042f-03-05
337,g06-037f-01-09
337,g06-031f-00-07
337,g06-047f-02-04
337,g06-018f-03-09
337,g06-042f-03-02
337,g06-026f-03-09
337,g06-045f-02-11
337,g06-037f-00-13
337,g06-050f-02-05
337,g06-031f-05-13
337,g06-018f-01-13
337,g06-037f-02-05
337,g06-042f-01-08
337,g06-011f-05-08
337,g06-047f-04-10
337,g06-026f-01-08
337,g06-011f-05-06
337,g06-011f-06-07
337,g06-031f-01-03
337,g06-037f-00-06
337,g06-031f-01-14
337,g06-042f-00-07
337,g06-045f-04-12
337,g06-026f-01-12
337,g06-011f-02-08
337,g06-050f-05-07
337,g06-047f-01-04
337,g06-045f-01-09
337,g06-037f-07-06
337,g06-031f-00-05
337,g06-011f-03-12
337,g06-011f-00-06
337,g06-050f-02-10
337,g06-011f-02-03
337,g06-026f-01-13
337,g06-042f-00-09
337,g06-011f-00-04
337,g06-050f-03-02
337,g06-018f-02-01
337,g06-037f-04-02
337,g06-011f-06-09
337,g06-011f-03-04
337,g06-050f-05-04
337,g06-050f-04-09
337,g06-037f-03-06
337,g06-045f-04-01
337,g06-031f-01-05
337,g06-047f-04-06
337,g06-047f-01-10
337,g06-031f-03-06
337,g06-050f-01-06
337,g06-050f-03-08
337,g06-011f-00-10
337,g06-018f-05-03
337,g06-018f-04-12
337,g06-011f-03-03
337,g06-045f-02-02
337,g06-037f-04-00
337,g06-045f-01-03
337,g06-018f-02-00
337,g06-042f-01-11
337,g06-045f-04-10
337,g06-037f-00-10
337,g06-045f-00-10
337,g06-018f-03-03
337,g06-031f-04-03
337,g06-031f-03-00
337,g06-037f-07-04
337,g06-026f-03-01
337,g06-037f-07-05
337,g06-031f-00-12
337,g06-045f-02-01
337,g06-031f-02-07
337,g06-042f-02-02
337,g06-037f-06-06
337,g06-011f-01-01
337,g06-050f-05-03
337,g06-042f-00-08
337,g06-045f-02-06
337,g06-011f-05-10
337,g06-011f-07-06
337,g06-050f-01-07
337,g06-045f-04-05
337,g06-018f-02-08
337,g06-011f-05-09
337,g06-026f-01-07
337,g06-037f-00-05
337,g06-050f-03-10
337,g06-050f-00-06
337,g06-050f-00-00
337,g06-047f-03-07
337,g06-011f-04-06
337,g06-026f-01-01
337,g06-031f-05-10
337,g06-037f-03-04
337,g06-018f-02-07
337,g06-018f-01-01
337,g06-050f-05-01
337,g06-050f-05-09
337,g06-050f-02-06
337,g06-018f-02-09
337,g06-031f-03-09
337,g06-011f-04-03
337,g06-031f-04-04
337,g06-047f-03-02
337,g06-047f-03-12
337,g06-031f-02-11
337,g06-050f-00-04
337,g06-018f-01-08
337,g06-018f-00-09
337,g06-037f-07-10
337,g06-031f-05-08
337,g06-047f-04-03
337,g06-011f-06-02
337,g06-037f-04-07
337,g06-031f-00-14
337,g06-037f-06-00
337,g06-050f-01-02
337,g06-037f-01-13
337,g06-050f-01-09
337,g06-037f-05-08
337,g06-050f-04-00
337,g06-045f-04-02
337,g06-037f-05-01
337,g06-037f-01-15
337,g06-047f-02-11
337,g06-050f-01-08
337,g06-018f-00-05
337,g06-050f-05-00
337,g06-018f-01-14
337,g06-047f-02-12
337,g06-047f-00-01
337,g06-050f-00-10
337,g06-050f-03-05
337,g06-011f-04-07
337,g06-031f-00-13
337,g06-050f-01-11
337,g06-050f-03-04
337,g06-011f-04-16
337,g06-042f-00-13
337,g06-042f-01-04
337,g06-050f-03-07
337,g06-011f-05-02
337,g06-050f-02-03
337,g06-042f-01-03
337,g06-050f-03-00
337,g06-050f-05-13
337,g06-011f-01-07
337,g06-047f-01-06
337,g06-045f-00-03
337,g06-031f-03-05
337,g06-045f-02-08
337,g06-045f-04-11
337,g06-050f-01-00
337,g06-018f-02-05
337,g06-011f-07-04
337,g06-031f-04-05
337,g06-031f-04-11
337,g06-011f-04-05
337,g06-050f-00-12
337,g06-031f-05-00
337,g06-047f-01-14
337,g06-026f-04-02
337,g06-018f-00-06
337,g06-011f-07-05
337,g06-047f-01-08
337,g06-042f-00-14
337,g06-031f-00-04
337,g06-050f-02-09
337,g06-037f-03-10
337,g06-047f-01-01
337,g06-031f-02-00
337,g06-031f-02-01
337,g06-031f-05-06
337,g06-045f-04-06
337,g06-018f-04-00
337,g06-031f-03-10
337,g06-011f-05-07
337,g06-031f-01-00
337,g06-037f-06-01
337,g06-018f-04-03
337,g06-018f-03-12
337,g06-011f-03-09
337,g06-037f-05-07
337,g06-047f-02-06
337,g06-011f-01-02
337,g06-037f-06-08
337,g06-011f-01-04
337,g06-011f-00-09
337,g06-037f-03-00
337,g06-047f-03-06
337,g06-050f-04-04
337,g06-031f-04-00
337,g06-037f-04-03
337,g06-037f-07-02
337,g06-018f-05-02
337,g06-011f-02-00
337,g06-031f-04-01
337,g06-050f-00-07
337,g06-047f-00-08
338,g06-031g-03-00
338,g06-011g-06-03
338,g06-031g-00-12
338,g06-031g-05-10
338,g06-045g-00-05
338,g06-037g-01-03
338,g06-047g-01-07
338,g06-011g-00-12
338,g06-026g-02-03
338,g06-011g-00-00
338,g06-042g-02-08
338,g06-045g-03-05
338,g06-011g-02-06
338,g06-037g-07-07
338,g06-037g-05-09
338,g06-047g-05-01
338,g06-011g-00-09
338,g06-050g-02-03
338,g06-026g-04-09
338,g06-031g-01-05
338,g06-050g-03-09
338,g06-011g-07-08
338,g06-037g-06-06
338,g06-045g-01-04
338,g06-011g-03-10
338,g06-037g-08-08
338,g06-037g-03-08
338,g06-045g-01-08
338,g06-045g-04-07
338,g06-050g-01-04
338,g06-037g-02-06
338,g06-018g-01-05
338,g06-050g-01-07
338,g06-018g-00-09
338,g06-018g-05-04
338,g06-047g-04-07
338,g06-018g-05-07
338,g06-037g-03-04
338,g06-050g-03-08
338,g06-026g-03-09
338,g06-050g-04-05
338,g06-031g-06-00
338,g06-031g-00-04
338,g06-011g-08-01
338,g06-026g-03-00
338,g06-047g-02-07
338,g06-018g-00-07
338,g06-018g-03-04
338,g06-018g-01-10
338,g06-050g-03-05
338,g06-011g-04-02
338,g06-042g-03-01
338,g06-045g-00-07
338,g06-011g-02-13
338,g06-045g-03-02
338,g06-047g-03-03
338,g06-045g-04-02
338,g06-037g-04-00
338,g06-011g-07-09
338,g06-026g-01-08
338,g06-037g-03-00
338,g06-011g-04-06
338,g06-047g-04-00
338,g06-011g-04-07
338,g06-011g-03-00
338,g06-026g-01-00
338,g06-047g-04-01
338,g06-042g-02-05
338,g06-037g-08-02
338,g06-011g-03-03
338,g06-037g-08-07
338,g06-031g-02-00
338,g06-011g-05-12
338,g06-047g-02-14
338,g06-037g-06-05
338,g06-011g-00-04
338,g06-050g-05-09
338,g06-047g-02-04
338,g06-011g-06-06
338,g06-011g-03-08
338,g06-045g-01-01
338,g06-031g-01-09
338,g06-042g-01-03
338,g06-026g-02-02
338,g06-045g-02-08
338,g06-026g-03-03
338,g06-037g-04-01
338,g06-037g-03-02
338,g06-045g-02-10
338,g06-045g-03-04
338,g06-045g-04-03
338,g06-042g-00-10
338,g06-050g-00-02
338,g06-026g-02-11
338,g06-047g-03-01
338,g06-047g-05-04
338,g06-011g-04-00
338,g06-031g-04-08
338,g06-050g-01-00
338,g06-031g-04-06
338,g06-018g-03-11
338,g06-011g-02-07
338,g06-031g-05-12
338,g06-031g-06-04
338,g06-026g-04-07
338,g06-042g-04-07
338,g06-045g-02-12
338,g06-045g-04-05
338,g06-026g-01-03
338,g06-037g-08-05
338,g06-031g-00-13
338,g06-045g-00-10
338,g06-045g-00-01
338,g06-011g-00-01
338,g06-037g-08-03
338,g06-018g-00-08
338,g06-045g-00-08
338,g06-050g-00-03
338,g06-037g-04-05
338,g06-018g-00-03
338,g06-031g-03-07
338,g06-026g-03-08
338,g06-018g-05-08
338,g06-031g-05-02
338,g06-050g-00-00
338,g06-031g-06-01
338,g06-050g-05-03
338,g06-031g-02-06
338,g06-026g-04-00
338,g06-045g-05-02
338,g06-018g-05-11
338,g06-050g-05-08
338,g06-018g-05-06
338,g06-011g-01-09
338,g06-026g-01-11
338,g06-047g-04-06
338,g06-018g-05-12
338,g06-037g-06-07
338,g06-045g-05-05
338,g06-045g-00-09
338,g06-018g-03-00
338,g06-047g-02-06
338,g06-047g-02-08
338,g06-047g-01-06
338,g06-050g-00-09
338,g06-042g-01-10
338,g06-031g-06-11
338,g06-045g-03-01
338,g06-042g-02-03
338,g06-031g-01-01
338,g06-026g-02-09
338,g06-047g-05-02
338,g06-047g-04-04
338,g06-042g-03-05
338,g06-037g-01-04
338,g06-050g-05-05
338,g06-031g-01-03
338,g06-037g-07-06
338,g06-011g-04-11
338,g06-042g-01-00
338,g06-026g-01-02
338,g06-011g-03-02
338,g06-037g-01-05
338,g06-050g-04-06
338,g06-042g-02-00
338,g06-031g-06-08
338,g06-026g-00-04
338,g06-031g-06-06
338,g06-018g-05-01
338,g06-031g-03-10
338,g06-037g-05-04
338,g06-026g-00-08
338,g06-018g-03-08
338,g06-050g-06-08
338,g06-037g-01-02
338,g06-042g-02-07
338,g06-050g-02-02
338,g06-050g-01-13
338,g06-037g-07-02
338,g06-045g-04-06
338,g06-050g-02-09
338,g06-011g-08-00
338,g06-050g-02-08
338,g06-037g-01-08
338,g06-037g-05-01
338,g06-037g-05-00
338,g06-031g-05-11
338,g06-011g-05-06
338,g06-026g-02-01
338,g06-037g-07-01
338,g06-045g-02-02
338,g06-047g-01-08
338,g06-047g-04-09
338,g06-018g-06-05
338,g06-037g-07-05
338,g06-037g-00-02
338,g06-047g-03-05
338,g06-045g-01-03
338,g06-031g-01-00
338,g06-037g-08-01
338,g06-037g-03-07
338,g06-031g-02-05
338,g06-018g-00-05
338,g06-011g-06-12
338,g06-026g-03-07
338,g06-037g-05-07
338,g06-050g-01-01
338,g06-026g-03-10
338,g06-011g-08-03
338,g06-011g-07-06
338,g06-047g-02-00
338,g06-047g-02-01
338,g06-047g-02-05
338,g06-018g-03-07
338,g06-011g-03-06
338,g06-011g-02-01
338,g06-047g-05-00
338,g06-042g-04-03
338,g06-026g-00-13
338,g06-042g-00-14
338,g06-011g-03-09
338,g06-026g-02-05
338,g06-031g-00-01
338,g06-050g-01-09
338,g06-011g-01-03
338,g06-042g-02-09
338,g06-011g-07-07
338,g06-042g-04-00
338,g06-042g-02-06
338,g06-026g-03-11
338,g06-045g-01-06
338,g06-037g-07-04
338,g06-045g-01-07
338,g06-031g-06-09
338,g06-026g-03-05
338,g06-031g-00-06
338,g06-047g-02-02
338,g06-018g-04-10
338,g06-037g-04-07
338,g06-026g-00-06
338,g06-011g-02-15
338,g06-018g-01-08
338,g06-045g-04-01
338,g06-018g-05-00
338,g06-047g-05-10
338,g06-050g-06-00
338,g06-011g-04-15
338,g06-011g-05-00
338,g06-018g-06-04
338,g06-042g-03-00
338,g06-050g-05-12
338,g06-037g-04-06
338,g06-018g-01-09
338,g06-037g-03-05
338,g06-031g-00-11
338,g06-011g-07-05
338,g06-011g-04-03
338,g06-011g-05-09
338,g06-037g-00-08
338,g06-018g-06-06
338,g06-011g-06-04
338,g06-018g-04-00
338,g06-031g-00-02
338,g06-018g-04-04
338,g06-031g-02-03
338,g06-026g-03-01
338,g06-031g-01-02
338,g06-045g-01-05
338,g06-031g-05-06
338,g06-031g-00-03
338,g06-031g-03-11
338,g06-050g-03-01
338,g06-047g-01-03
338,g06-037g-01-01
338,g06-031g-05-03
338,g06-026g-00-11
338,g06-026g-04-06
338,g06-050g-03-06
338,g06-011g-00-02
338,g06-042g-01-05
338,g06-037g-01-15
338,g06-037g-00-04
338,g06-031g-03-08
338,g06-018g-03-09
338,g06-031g-00-07
338,g06-037g-02-03
338,g06-026g-04-02
338,g06-031g-04-07
338,g06-011g-02-00
338,g06-045g-02-07
338,g06-042g-03-09
338,g06-031g-00-05
338,g06-011g-03-05
338,g06-031g-05-09
338,g06-042g-01-07
338,g06-047g-01-00
338,g06-031g-05-04
338,g06-042g-02-01
338,g06-042g-00-03
338,g06-042g-03-07
338,g06-031g-02-10
338,g06-031g-02-11
338,g06-037g-03-01
338,g06-050g-00-05
338,g06-047g-04-12
338,g06-018g-03-13
338,g06-050g-03-04
338,g06-011g-06-02
338,g06-050g-02-07
338,g06-045g-00-00
338,g06-045g-02-04
338,g06-011g-00-08
338,g06-011g-01-01
338,g06-011g-06-09
338,g06-018g-05-05
338,g06-026g-01-09
338,g06-045g-04-04
338,g06-037g-00-09
338,g06-045g-04-08
338,g06-011g-00-06
338,g06-042g-00-13
338,g06-011g-05-04
338,g06-042g-04-06
338,g06-018g-03-01
338,g06-018g-01-02
338,g06-011g-04-12
338,g06-037g-00-07
338,g06-037g-02-07
338,g06-042g-01-08
338,g06-037g-03-06
338,g06-045g-00-02
338,g06-011g-07-00
338,g06-047g-02-13
338,g06-045g-00-06
338,g06-037g-02-01
338,g06-011g-04-01
338,g06-018g-01-03
338,g06-050g-06-04
338,g06-037g-00-11
338,g06-037g-02-08
338,g06-026g-04-03
338,g06-050g-01-10
338,g06-045g-05-00
338,g06-045g-02-03
338,g06-018g-00-00
338,g06-047g-03-00
338,g06-011g-06-05
338,g06-047g-05-08
338,g06-042g-00-00
338,g06-011g-00-10
338,g06-018g-05-09
338,g06-037g-01-10
338,g06-050g-03-00
338,g06-050g-06-05
338,g06-045g-02-00
338,g06-031g-05-05
338,g06-050g-05-02
338,g06-045g-05-09
338,g06-018g-01-07
338,g06-026g-00-10
338,g06-045g-04-09
338,g06-018g-06-00
338,g06-047g-04-11
338,g06-026g-02-08
338,g06-050g-02-05
338,g06-047g-04-05
338,g06-047g-05-03
338,g06-037g-01-07
338,g06-037g-04-03
338,g06-047g-01-02
338,g06-042g-01-02
338,g06-050g-06-06
338,g06-047g-05-06
338,g06-050g-04-00
338,g06-037g-07-03
338,g06-037g-00-00
338,g06-042g-00-15
338,g06-050g-04-02
338,g06-011g-02-14
338,g06-026g-00-01
338,g06-018g-03-12
338,g06-026g-01-07
338,g06-045g-04-00
338,g06-018g-04-05
338,g06-037g-05-02
338,g06-050g-01-08
338,g06-011g-01-05
338,g06-011g-01-07
338,g06-018g-00-06
338,g06-042g-00-02
338,g06-018g-06-03
338,g06-037g-04-04
338,g06-011g-03-11
338,g06-026g-00-02
338,g06-037g-03-09
338,g06-047g-05-07
338,g06-037g-08-00
338,g06-047g-04-03
338,g06-042g-02-04
338,g06-050g-04-03
338,g06-031g-03-01
338,g06-050g-03-02
338,g06-031g-00-00
338,g06-042g-02-11
338,g06-011g-04-08
338,g06-031g-02-01
338,g06-011g-06-08
338,g06-026g-02-07
338,g06-011g-01-00
338,g06-031g-05-01
338,g06-026g-00-00
338,g06-018g-03-06
338,g06-026g-01-06
338,g06-042g-03-10
338,g06-050g-00-01
338,g06-018g-04-09
338,g06-047g-04-13
338,g06-050g-05-06
338,g06-026g-00-03
338,g06-050g-00-06
338,g06-031g-03-03
338,g06-018g-04-07
338,g06-031g-04-09
338,g06-031g-00-10
338,g06-045g-03-10
338,g06-011g-05-05
338,g06-031g-04-05
338,g06-018g-05-03
338,g06-037g-01-00
338,g06-037g-04-02
338,g06-018g-04-06
338,g06-026g-02-06
338,g06-045g-02-01
338,g06-031g-03-05
338,g06-042g-00-07
338,g06-037g-03-03
338,g06-031g-02-12
338,g06-050g-05-10
338,g06-047g-01-04
338,g06-050g-05-11
338,g06-045g-05-08
338,g06-050g-06-02
338,g06-026g-04-04
338,g06-011g-02-03
338,g06-011g-00-05
338,g06-042g-01-04
338,g06-026g-02-10
338,g06-037g-06-02
338,g06-026g-02-00
338,g06-042g-02-10
338,g06-045g-02-09
338,g06-042g-00-04
338,g06-037g-02-04
338,g06-037g-02-00
338,g06-031g-04-02
338,g06-011g-05-08
338,g06-037g-01-09
338,g06-042g-00-05
338,g06-047g-02-03
338,g06-011g-03-07
338,g06-047g-01-09
338,g06-047g-03-06
338,g06-031g-04-01
338,g06-011g-00-07
338,g06-031g-06-07
338,g06-031g-05-08
338,g06-011g-03-01
338,g06-042g-03-02
338,g06-018g-03-10
338,g06-042g-03-06
338,g06-050g-04-01
338,g06-037g-05-03
338,g06-026g-01-04
338,g06-031g-06-10
338,g06-031g-00-14
338,g06-011g-01-04
338,g06-026g-04-05
338,g06-037g-01-13
338,g06-031g-04-04
338,g06-042g-01-09
338,g06-050g-01-05
338,g06-011g-07-01
338,g06-047g-05-05
338,g06-031g-00-08
338,g06-045g-03-08
338,g06-047g-04-10
338,g06-011g-02-05
338,g06-011g-01-08
338,g06-011g-02-11
338,g06-050g-01-02
338,g06-045g-05-06
338,g06-026g-03-06
338,g06-018g-04-03
338,g06-026g-02-12
338,g06-011g-04-05
338,g06-031g-02-04
338,g06-037g-01-06
338,g06-045g-05-07
338,g06-050g-00-08
338,g06-050g-05-01
338,g06-037g-00-06
338,g06-011g-04-04
338,g06-011g-08-04
338,g06-050g-01-03
338,g06-026g-02-13
338,g06-018g-00-01
338,g06-026g-04-08
338,g06-037g-06-04
338,g06-037g-00-03
338,g06-011g-02-04
338,g06-047g-05-09
338,g06-042g-04-04
338,g06-050g-03-03
338,g06-026g-03-04
338,g06-031g-06-02
338,g06-047g-01-01
338,g06-026g-00-07
338,g06-042g-00-08
338,g06-050g-02-01
338,g06-031g-01-04
338,g06-011g-02-12
338,g06-018g-01-11
338,g06-011g-06-10
338,g06-037g-05-05
338,g06-011g-01-02
338,g06-042g-01-06
338,g06-042g-00-09
338,g06-031g-04-00
338,g06-037g-05-08
338,g06-042g-00-11
338,g06-011g-02-10
338,g06-050g-01-11
338,g06-011g-00-11
338,g06-011g-05-07
338,g06-045g-05-03
338,g06-050g-06-07
338,g06-031g-03-04
338,g06-018g-04-02
338,g06-037g-08-06
338,g06-018g-01-00
338,g06-018g-06-01
338,g06-018g-01-01
338,g06-011g-05-01
338,g06-011g-06-11
338,g06-026g-01-10
338,g06-011g-00-03
338,g06-045g-00-04
338,g06-045g-03-09
338,g06-050g-06-03
338,g06-031g-05-00
338,g06-018g-00-04
338,g06-031g-06-03
338,g06-042g-03-04
338,g06-050g-01-06
338,g06-018g-00-11
338,g06-018g-04-11
338,g06-042g-01-01
338,g06-045g-02-11
338,g06-031g-02-07
338,g06-047g-02-09
338,g06-037g-03-10
338,g06-026g-00-12
338,g06-011g-05-03
338,g06-031g-03-06
338,g06-047g-04-02
338,g06-031g-00-09
338,g06-011g-07-02
338,g06-037g-00-05
338,g06-042g-03-08
338,g06-018g-05-10
338,g06-011g-01-06
338,g06-011g-00-13
338,g06-050g-02-06
338,g06-045g-05-01
338,g06-037g-06-01
338,g06-045g-03-03
338,g06-037g-06-03
338,g06-045g-01-00
338,g06-037g-06-00
338,g06-045g-03-07
338,g06-011g-02-08
338,g06-011g-06-01
338,g06-045g-01-02
338,g06-011g-04-14
338,g06-045g-03-06
338,g06-047g-02-11
338,g06-018g-04-01
338,g06-050g-00-04
338,g06-026g-00-05
338,g06-026g-03-12
338,g06-031g-02-09
338,g06-050g-04-08
338,g06-011g-08-02
338,g06-050g-01-12
338,g06-018g-05-02
338,g06-031g-02-02
338,g06-042g-04-05
338,g06-018g-01-04
338,g06-031g-06-05
338,g06-011g-06-00
338,g06-011g-05-10
338,g06-031g-05-07
338,g06-037g-01-11
338,g06-018g-03-02
338,g06-045g-02-06
338,g06-050g-02-00
338,g06-011g-07-04
338,g06-037g-00-10
338,g06-042g-00-06
338,g06-031g-02-08
338,g06-011g-04-10
338,g06-018g-06-02
338,g06-026g-02-04
338,g06-011g-05-02
338,g06-050g-00-07
338,g06-011g-05-11
338,g06-037g-02-02
338,g06-011g-06-07
338,g06-011g-02-09
338,g06-047g-03-02
338,g06-031g-03-02
338,g06-031g-04-03
338,g06-018g-00-02
338,g06-031g-03-09
338,g06-050g-04-04
338,g06-047g-02-10
338,g06-045g-02-05
338,g06-026g-01-01
338,g06-026g-03-02
338,g06-037g-04-08
338,g06-037g-03-11
338,g06-042g-04-02
338,g06-037g-07-00
338,g06-045g-05-04
338,g06-047g-04-08
338,g06-045g-03-00
338,g06-037g-01-14
338,g06-050g-03-07
338,g06-037g-08-04
338,g06-050g-05-00
338,g06-042g-00-12
338,g06-042g-04-01
338,g06-045g-00-03
338,g06-026g-00-09
338,g06-018g-03-03
338,g06-026g-01-05
338,g06-031g-01-07
338,g06-018g-00-10
338,g06-050g-05-04
338,g06-050g-05-07
338,g06-018g-03-05
338,g06-011g-02-02
338,g06-026g-01-12
338,g06-050g-06-01
338,g06-026g-04-01
338,g06-042g-00-01
338,g06-011g-07-03
338,g06-050g-02-04
338,g06-037g-01-12
338,g06-042g-03-03
338,g06-018g-04-08
338,g06-047g-03-04
338,g06-031g-01-08
338,g06-011g-04-09
339,g06-047h-06-05
339,g06-037h-10-03
339,g06-018h-01-09
339,g06-037h-00-04
339,g06-037h-08-00
339,g06-011h-08-01
339,g06-047h-04-06
339,g06-050h-02-06
339,g06-047h-06-04
339,g06-031h-02-06
339,g06-011h-02-01
339,g06-031h-00-03
339,g06-047h-04-07
339,g06-031h-05-05
339,g06-047h-02-10
339,g06-047h-00-05
339,g06-037h-10-08
339,g06-037h-03-01
339,g06-031h-04-08
339,g06-037h-02-00
339,g06-011h-01-08
339,g06-031h-05-03
339,g06-050h-02-02
339,g06-018h-01-11
339,g06-018h-06-08
339,g06-031h-00-14
339,g06-018h-03-02
339,g06-026h-00-02
339,g06-050h-04-00
339,g06-045h-07-03
339,g06-011h-09-02
339,g06-026h-01-00
339,g06-018h-02-00
339,g06-045h-01-03
339,g06-050h-02-05
339,g06-031h-00-10
339,g06-037h-00-09
339,g06-042h-01-04
339,g06-047h-03-01
339,g06-031h-06-03
339,g06-047h-02-05
339,g06-031h-00-01
339,g06-050h-06-03
339,g06-026h-01-09
339,g06-047h-04-04
339,g06-047h-00-03
339,g06-011h-00-02
339,g06-050h-05-07
339,g06-018h-01-07
339,g06-018h-00-04
339,g06-050h-06-06
339,g06-011h-04-07
339,g06-050h-07-07
339,g06-011h-01-04
339,g06-045h-07-02
339,g06-037h-10-01
339,g06-018h-02-13
339,g06-026h-01-03
339,g06-018h-00-03
339,g06-031h-04-00
339,g06-011h-00-08
339,g06-026h-02-08
339,g06-031h-06-08
339,g06-037h-06-03
339,g06-026h-04-01
339,g06-047h-00-01
339,g06-031h-00-13
339,g06-042h-01-02
339,g06-026h-00-00
339,g06-031h-00-00
339,g06-042h-01-00
339,g06-018h-00-00
339,g06-011h-08-06
339,g06-011h-04-02
339,g06-011h-09-07
339,g06-011h-03-05
339,g06-050h-06-00
339,g06-045h-06-02
339,g06-050h-07-04
339,g06-026h-00-08
339,g06-045h-05-02
339,g06-045h-05-01
339,g06-047h-00-04
339,g06-037h-08-06
339,g06-042h-05-01
339,g06-037h-04-04
339,g06-045h-03-06
339,g06-050h-03-02
339,g06-026h-01-06
339,g06-011h-04-08
339,g06-042h-04-00
339,g06-011h-02-09
339,g06-037h-01-02
339,g06-011h-01-00
339,g06-011h-04-04
339,g06-045h-05-07
339,g06-018h-01-08
339,g06-011h-02-02
339,g06-047h-04-05
339,g06-037h-02-05
339,g06-011h-01-01
339,g06-018h-01-03
339,g06-045h-03-02
339,g06-011h-03-13
339,g06-037h-10-09
339,g06-045h-06-06
339,g06-047h-01-01
339,g06-047h-02-09
339,g06-037h-02-04
339,g06-018h-02-04
339,g06-047h-01-06
339,g06-018h-00-08
339,g06-037h-05-04
339,g06-026h-04-08
339,g06-042h-02-07
339,g06-042h-06-04
339,g06-050h-04-04
339,g06-050h-03-03
339,g06-031h-04-06
339,g06-037h-00-01
339,g06-050h-01-03
339,g06-011h-08-07
339,g06-011h-02-05
339,g06-011h-03-12
339,g06-047h-03-03
339,g06-045h-05-00
339,g06-037h-04-00
339,g06-031h-07-05
339,g06-031h-06-00
339,g06-011h-06-05
339,g06-047h-03-04
339,g06-037h-03-00
339,g06-042h-01-06
339,g06-031h-02-02
339,g06-047h-06-00
339,g06-011h-08-03
339,g06-037h-04-02
339,g06-050h-05-05
339,g06-047h-02-06
339,g06-026h-04-00
339,g06-047h-02-04
339,g06-037h-05-01
339,g06-037h-07-01
339,g06-042h-02-01
339,g06-050h-02-04
339,g06-018h-02-09
339,g06-050h-02-00
339,g06-050h-01-09
339,g06-026h-00-09
339,g06-031h-02-03
339,g06-037h-04-05
339,g06-037h-08-03
339,g06-047h-06-03
339,g06-018h-00-02
339,g06-031h-07-00
339,g06-031h-06-02
339,g06-047h-01-02
339,g06-018h-00-09
339,g06-037h-03-02
339,g06-026h-01-05
339,g06-018h-01-02
339,g06-018h-01-04
339,g06-031h-05-07
339,g06-011h-00-09
339,g06-011h-02-06
339,g06-050h-07-03
339,g06-050h-04-07
339,g06-018h-02-10
339,g06-042h-05-04
339,g06-026h-01-04
339,g06-037h-01-10
339,g06-018h-00-06
339,g06-031h-02-08
339,g06-026h-02-05
339,g06-037h-09-02
339,g06-011h-04-05
339,g06-037h-09-03
339,g06-026h-00-04
339,g06-037h-07-00
339,g06-026h-02-03
339,g06-042h-01-07
339,g06-037h-05-02
339,g06-045h-06-00
339,g06-037h-06-05
339,g06-026h-00-03
339,g06-045h-03-05
339,g06-018h-02-08
339,g06-011h-00-06
339,g06-011h-03-09
339,g06-026h-02-06
339,g06-011h-06-03
339,g06-011h-06-06
339,g06-037h-09-04
339,g06-018h-00-10
339,g06-011h-09-00
339,g06-031h-00-04
339,g06-050h-03-04
339,g06-050h-02-07
339,g06-037h-05-06
339,g06-031h-00-09
339,g06-037h-07-04
339,g06-031h-00-02
339,g06-042h-03-05
339,g06-011h-06-02
339,g06-047h-03-02
339,g06-011h-03-00
339,g06-018h-03-09
339,g06-031h-06-04
339,g06-011h-06-10
339,g06-026h-00-10
339,g06-050h-04-09
339,g06-045h-06-01
339,g06-047h-02-01
339,g06-018h-02-11
339,g06-026h-00-11
339,g06-037h-01-05
339,g06-042h-01-03
339,g06-018h-03-04
339,g06-047h-01-04
339,g06-042h-02-05
339,g06-018h-03-00
339,g06-037h-10-02
339,g06-018h-02-05
339,g06-047h-01-05
339,g06-037h-10-06
339,g06-050h-07-06
339,g06-011h-06-07
339,g06-018h-06-03
339,g06-026h-00-01
339,g06-018h-01-05
339,g06-011h-08-02
339,g06-045h-05-05
339,g06-031h-04-07
339,g06-011h-06-01
339,g06-037h-00-07
339,g06-050h-04-02
339,g06-018h-01-01
339,g06-018h-03-03
339,g06-031h-00-07
339,g06-011h-03-11
339,g06-037h-01-01
339,g06-037h-02-02
339,g06-045h-01-04
339,g06-011h-09-04
339,g06-018h-01-00
339,g06-026h-02-04
339,g06-011h-08-04
339,g06-037h-07-06
339,g06-031h-00-08
339,g06-037h-02-08
339,g06-011h-08-05
339,g06-047h-02-02
339,g06-031h-06-01
339,g06-037h-01-03
339,g06-037h-08-05
339,g06-037h-00-00
339,g06-042h-02-08
339,g06-047h-04-00
339,g06-050h-04-08
339,g06-026h-02-10
339,g06-047h-02-00
339,g06-011h-04-03
339,g06-037h-09-01
339,g06-047h-02-07
339,g06-031h-07-08
339,g06-047h-01-09
339,g06-042h-02-06
339,g06-031h-04-03
339,g06-018h-02-03
339,g06-031h-05-01
339,g06-031h-02-09
339,g06-050h-07-00
339,g06-026h-01-01
339,g06-045h-06-04
339,g06-011h-09-08
339,g06-031h-02-00
339,g06-037h-01-09
339,g06-050h-01-02
339,g06-050h-01-00
339,g06-050h-01-06
339,g06-011h-00-10
339,g06-026h-00-07
339,g06-026h-01-02
339,g06-018h-07-01
339,g06-050h-01-10
339,g06-018h-02-01
339,g06-042h-06-01
339,g06-050h-03-00
339,g06-011h-01-09
339,g06-050h-03-06
339,g06-011h-08-09
339,g06-018h-01-06
339,g06-031h-02-05
339,g06-018h-03-11
339,g06-026h-02-13
339,g06-042h-04-06
339,g06-026h-04-03
339,g06-018h-07-02
339,g06-037h-01-00
339,g06-042h-03-04
339,g06-037h-09-06
339,g06-031h-07-02
339,g06-011h-09-01
339,g06-011h-01-07
339,g06-050h-05-01
339,g06-018h-06-07
339,g06-037h-02-10
339,g06-031h-00-12
339,g06-042h-05-03
339,g06-050h-05-00
339,g06-042h-01-05
339,g06-018h-06-09
339,g06-050h-02-01
339,g06-018h-02-02
339,g06-045h-05-06
339,g06-011h-00-01
339,g06-018h-00-07
339,g06-011h-06-09
339,g06-011h-06-08
339,g06-045h-03-04
339,g06-037h-00-05
339,g06-037h-02-06
339,g06-018h-00-11
339,g06-011h-00-04
339,g06-031h-05-00
339,g06-050h-05-04
339,g06-037h-06-04
339,g06-037h-02-03
339,g06-026h-04-04
339,g06-011h-04-06
339,g06-031h-04-05
339,g06-042h-04-04
339,g06-037h-00-03
339,g06-047h-03-06
339,g06-042h-04-07
339,g06-037h-02-01
339,g06-047h-03-00
339,g06-042h-03-03
339,g06-050h-04-05
339,g06-018h-03-01
339,g06-031h-07-06
339,g06-050h-04-01
339,g06-047h-06-02
339,g06-047h-02-08
339,g06-050h-07-05
339,g06-011h-02-00
339,g06-037h-04-01
339,g06-042h-01-09
339,g06-011h-02-07
339,g06-045h-01-02
339,g06-018h-06-05
339,g06-047h-01-07
339,g06-050h-07-01
339,g06-031h-00-05
339,g06-018h-06-04
339,g06-047h-04-01
339,g06-047h-03-05
339,g06-018h-06-02
339,g06-050h-01-07
339,g06-045h-01-07
339,g06-026h-04-07
339,g06-047h-02-12
339,g06-042h-03-06
339,g06-045h-06-05
339,g06-018h-00-01
339,g06-045h-01-00
339,g06-047h-00-06
339,g06-018h-06-00
339,g06-037h-00-02
339,g06-037h-00-08
339,g06-037h-10-05
339,g06-042h-02-03
339,g06-050h-03-07
339,g06-011h-03-06
339,g06-011h-02-04
339,g06-037h-05-05
339,g06-018h-03-05
339,g06-037h-02-09
339,g06-031h-05-06
339,g06-042h-06-02
339,g06-026h-04-06
339,g06-050h-03-01
339,g06-018h-02-12
339,g06-042h-02-02
339,g06-037h-08-01
339,g06-018h-03-08
339,g06-031h-07-07
339,g06-011h-02-03
339,g06-031h-06-10
339,g06-026h-02-07
339,g06-026h-02-12
339,g06-011h-00-11
339,g06-026h-02-02
339,g06-037h-05-00
339,g06-047h-04-03
339,g06-045h-07-01
339,g06-018h-01-10
339,g06-011h-09-06
339,g06-031h-06-09
339,g06-011h-00-07
339,g06-031h-04-10
339,g06-011h-08-00
339,g06-037h-01-08
339,g06-011h-03-03
339,g06-031h-06-07
339,g06-037h-07-05
339,g06-050h-06-02
339,g06-042h-04-01
339,g06-037h-05-03
339,g06-045h-01-06
339,g06-011h-03-10
339,g06-011h-04-00
339,g06-011h-03-08
339,g06-037h-00-06
339,g06-037h-06-00
339,g06-011h-09-03
339,g06-037h-06-01
339,g06-026h-01-08
339,g06-047h-01-03
339,g06-037h-04-08
339,g06-037h-10-07
339,g06-050h-01-11
339,g06-011h-03-07
339,g06-031h-04-09
339,g06-011h-06-04
339,g06-050h-01-01
339,g06-037h-07-03
339,g06-045h-06-03
339,g06-045h-06-07
339,g06-047h-02-03
339,g06-037h-08-04
339,g06-011h-02-08
339,g06-050h-02-03
339,g06-031h-04-01
339,g06-042h-05-02
339,g06-031h-07-01
339,g06-050h-05-03
339,g06-026h-02-11
339,g06-050h-05-06
339,g06-031h-02-01
339,g06-042h-05-00
339,g06-011h-06-00
339,g06-042h-06-03
339,g06-042h-01-01
339,g06-050h-04-03
339,g06-047h-06-01
339,g06-011h-03-04
339,g06-047h-01-08
339,g06-037h-06-06
339,g06-026h-04-02
339,g06-047h-00-00
339,g06-037h-00-10
339,g06-018h-03-10
339,g06-050h-05-02
339,g06-037h-04-09
339,g06-047h-06-06
339,g06-050h-06-04
339,g06-045h-03-01
339,g06-037h-09-00
339,g06-045h-07-00
339,g06-026h-00-05
339,g06-018h-07-03
339,g06-042h-04-03
339,g06-011h-01-06
339,g06-018h-02-06
339,g06-031h-04-02
339,g06-045h-01-05
339,g06-011h-04-09
339,g06-011h-01-02
339,g06-037h-04-03
339,g06-031h-00-06
339,g06-042h-02-04
339,g06-037h-06-02
339,g06-018h-03-06
339,g06-050h-03-08
339,g06-037h-00-11
339,g06-042h-03-02
339,g06-037h-01-04
339,g06-031h-00-11
339,g06-031h-07-03
339,g06-042h-05-05
339,g06-050h-06-08
339,g06-018h-02-07
339,g06-031h-02-04
339,g06-026h-02-01
339,g06-045h-03-00
339,g06-031h-07-04
339,g06-042h-06-00
339,g06-026h-02-00
339,g06-037h-02-07
339,g06-011h-00-03
339,g06-018h-06-06
339,g06-037h-10-04
339,g06-031h-06-06
339,g06-037h-09-05
339,g06-011h-03-01
339,g06-050h-03-05
339,g06-047h-04-02
339,g06-050h-04-06
339,g06-026h-02-09
339,g06-050h-01-05
339,g06-042h-03-00
339,g06-047h-00-02
339,g06-011h-00-05
339,g06-037h-01-07
339,g06-031h-02-07
339,g06-045h-03-03
339,g06-045h-05-03
339,g06-011h-09-05
339,g06-031h-05-02
339,g06-011h-00-00
339,g06-026h-01-07
339,g06-011h-01-05
339,g06-018h-00-05
339,g06-037h-10-00
339,g06-042h-04-02
339,g06-037h-01-06
339,g06-031h-04-04
339,g06-047h-01-00
339,g06-050h-06-07
339,g06-045h-01-01
339,g06-050h-06-05
339,g06-037h-08-07
339,g06-011h-03-02
339,g06-047h-00-08
339,g06-031h-06-05
339,g06-011h-08-08
339,g06-050h-06-01
339,g06-047h-02-11
339,g06-042h-01-08
339,g06-042h-03-01
339,g06-050h-01-08
339,g06-037h-04-06
339,g06-050h-07-02
339,g06-018h-03-07
339,g06-018h-07-00
339,g06-026h-00-06
339,g06-050h-01-04
339,g06-011h-04-01
339,g06-037h-04-07
339,g06-031h-05-04
339,g06-050h-06-09
339,g06-042h-02-00
339,g06-011h-01-03
339,g06-042h-04-05
339,g06-045h-05-04
340,g06-047i-02-13
340,g06-011i-05-01
340,g06-011i-02-04
340,g06-037i-01-12
340,g06-018i-02-06
340,g06-050i-06-06
340,g06-047i-06-03
340,g06-031i-04-04
340,g06-011i-05-02
340,g06-011i-00-10
340,g06-037i-03-09
340,g06-042i-01-09
340,g06-026i-02-05
340,g06-050i-01-08
340,g06-037i-02-05
340,g06-042i-03-10
340,g06-050i-06-01
340,g06-037i-05-02
340,g06-037i-01-13
340,g06-011i-03-09
340,g06-045i-02-06
340,g06-037i-09-01
340,g06-018i-06-09
340,g06-037i-04-07
340,g06-031i-04-05
340,g06-037i-04-01
340,g06-026i-00-03
340,g06-031i-01-02
340,g06-026i-04-09
340,g06-037i-02-08
340,g06-037i-08-02
340,g06-031i-05-09
340,g06-042i-01-07
340,g06-018i-01-10
340,g06-037i-03-02
340,g06-031i-03-07
340,g06-045i-05-02
340,g06-045i-03-03
340,g06-050i-01-11
340,g06-011i-06-07
340,g06-037i-00-07
340,g06-031i-05-08
340,g06-037i-09-00
340,g06-011i-01-08
340,g06-042i-03-04
340,g06-011i-02-09
340,g06-037i-06-05
340,g06-050i-03-08
340,g06-047i-03-02
340,g06-037i-05-08
340,g06-031i-02-12
340,g06-037i-08-01
340,g06-050i-03-09
340,g06-045i-02-02
340,g06-042i-04-01
340,g06-011i-05-12
340,g06-037i-08-06
340,g06-047i-01-07
340,g06-011i-03-08
340,g06-026i-01-09
340,g06-031i-01-01
340,g06-011i-01-06
340,g06-018i-02-01
340,g06-018i-03-10
340,g06-011i-03-10
340,g06-050i-02-05
340,g06-045i-01-02
340,g06-042i-02-02
340,g06-031i-05-03
340,g06-011i-00-07
340,g06-031i-02-04
340,g06-031i-03-02
340,g06-018i-01-05
340,g06-018i-06-04
340,g06-037i-05-01
340,g06-026i-00-02
340,g06-037i-00-08
340,g06-037i-01-15
340,g06-042i-03-09
340,g06-011i-03-11
340,g06-042i-03-01
340,g06-011i-03-02
340,g06-026i-01-01
340,g06-045i-02-07
340,g06-045i-05-03
340,g06-037i-02-04
340,g06-045i-00-05
340,g06-018i-00-04
340,g06-018i-03-11
340,g06-042i-04-00
340,g06-047i-00-03
340,g06-026i-02-06
340,g06-011i-00-03
340,g06-047i-02-05
340,g06-011i-06-00
340,g06-050i-03-04
340,g06-045i-03-07
340,g06-037i-01-05
340,g06-018i-05-05
340,g06-042i-01-05
340,g06-018i-00-01
340,g06-050i-04-06
340,g06-050i-04-02
340,g06-018i-00-08
340,g06-037i-07-06
340,g06-047i-01-06
340,g06-011i-01-03
340,g06-011i-05-00
340,g06-011i-08-00
340,g06-018i-06-02
340,g06-011i-01-05
340,g06-045i-04-09
340,g06-031i-05-12
340,g06-045i-03-02
340,g06-018i-03-02
340,g06-037i-06-04
340,g06-037i-02-07
340,g06-047i-01-00
340,g06-011i-06-04
340,g06-011i-00-02
340,g06-011i-03-01
340,g06-026i-00-01
340,g06-042i-01-01
340,g06-026i-01-03
340,g06-018i-02-08
340,g06-042i-01-03
340,g06-037i-05-00
340,g06-018i-00-07
340,g06-011i-00-05
340,g06-042i-03-03
340,g06-026i-05-00
340,g06-045i-00-07
340,g06-037i-03-01
340,g06-037i-09-02
340,g06-031i-02-09
340,g06-018i-01-00
340,g06-037i-00-11
340,g06-011i-01-09
340,g06-042i-01-00
340,g06-026i-02-11
340,g06-045i-01-05
340,g06-011i-00-01
340,g06-037i-01-07
340,g06-050i-00-09
340,g06-042i-00-13
340,g06-026i-03-00
340,g06-045i-05-08
340,g06-026i-03-08
340,g06-042i-00-09
340,g06-011i-06-02
340,g06-037i-06-03
340,g06-037i-03-07
340,g06-018i-06-08
340,g06-018i-03-08
340,g06-011i-08-02
340,g06-045i-01-07
340,g06-011i-01-04
340,g06-050i-04-03
340,g06-031i-05-04
340,g06-026i-02-09
340,g06-047i-01-03
340,g06-026i-03-09
340,g06-018i-03-00
340,g06-011i-05-13
340,g06-011i-06-05
340,g06-031i-02-08
340,g06-018i-01-11
340,g06-042i-00-03
340,g06-018i-03-04
340,g06-047i-00-06
340,g06-026i-02-13
340,g06-045i-02-10
340,g06-042i-02-09
340,g06-037i-07-02
340,g06-050i-02-03
340,g06-047i-01-01
340,g06-026i-00-11
340,g06-045i-04-02
340,g06-037i-00-01
340,g06-045i-04-01
340,g06-018i-03-01
340,g06-047i-03-06
340,g06-026i-03-01
340,g06-026i-03-04
340,g06-050i-00-03
340,g06-050i-03-01
340,g06-037i-00-02
340,g06-018i-01-08
340,g06-011i-02-08
340,g06-026i-01-04
340,g06-011i-08-06
340,g06-047i-04-03
340,g06-045i-05-05
340,g06-011i-01-07
340,g06-045i-04-04
340,g06-037i-05-03
340,g06-011i-05-04
340,g06-050i-06-05
340,g06-050i-03-07
340,g06-031i-03-04
340,g06-011i-05-09
340,g06-037i-05-06
340,g06-026i-01-08
340,g06-050i-00-00
340,g06-011i-06-06
340,g06-042i-01-12
340,g06-042i-00-12
340,g06-011i-02-06
340,g06-031i-01-03
340,g06-037i-04-06
340,g06-037i-01-02
340,g06-018i-00-00
340,g06-011i-03-04
340,g06-018i-03-05
340,g06-037i-02-06
340,g06-050i-02-02
340,g06-050i-01-09
340,g06-031i-01-09
340,g06-037i-01-06
340,g06-037i-04-00
340,g06-011i-02-02
340,g06-047i-04-04
340,g06-018i-03-06
340,g06-031i-01-07
340,g06-050i-00-05
340,g06-018i-00-05
340,g06-011i-03-12
340,g06-047i-02-12
340,g06-026i-02-08
340,g06-026i-04-03
340,g06-050i-00-06
340,g06-031i-04-08
340,g06-042i-04-02
340,g06-042i-00-10
340,g06-026i-02-03
340,g06-047i-04-09
340,g06-031i-03-01
340,g06-042i-01-06
340,g06-042i-01-04
340,g06-026i-05-01
340,g06-050i-01-01
340,g06-031i-04-01
340,g06-045i-04-00
340,g06-037i-07-07
340,g06-018i-00-06
340,g06-026i-05-03
340,g06-047i-03-04
340,g06-045i-02-08
340,g06-050i-01-06
340,g06-037i-03-05
340,g06-011i-08-01
340,g06-050i-01-00
340,g06-011i-05-06
340,g06-026i-04-04
340,g06-031i-03-06
340,g06-026i-04-02
340,g06-042i-03-07
340,g06-011i-01-01
340,g06-047i-02-08
340,g06-047i-03-05
340,g06-037i-01-04
340,g06-047i-00-01
340,g06-047i-04-10
340,g06-011i-05-10
340,g06-031i-03-09
340,g06-042i-04-06
340,g06-037i-08-05
340,g06-018i-05-02
340,g06-018i-03-03
340,g06-037i-01-01
340,g06-045i-05-09
340,g06-037i-06-06
340,g06-050i-01-03
340,g06-050i-02-06
340,g06-045i-02-01
340,g06-037i-07-03
340,g06-042i-00-04
340,g06-018i-01-02
340,g06-045i-00-02
340,g06-026i-05-05
340,g06-037i-05-09
340,g06-045i-00-06
340,g06-018i-06-00
340,g06-045i-02-03
340,g06-037i-04-03
340,g06-042i-03-00
340,g06-026i-02-12
340,g06-018i-06-10
340,g06-018i-00-11
340,g06-037i-08-00
340,g06-011i-05-03
340,g06-037i-04-04
340,g06-045i-04-08
340,g06-031i-05-10
340,g06-026i-02-04
340,g06-011i-08-07
340,g06-042i-00-08
340,g06-026i-01-00
340,g06-037i-00-06
340,g06-050i-04-01
340,g06-018i-06-03
340,g06-011i-05-11
340,g06-050i-01-04
340,g06-037i-03-03
340,g06-011i-00-04
340,g06-037i-02-00
340,g06-011i-05-05
340,g06-047i-00-05
340,g06-018i-01-01
340,g06-031i-05-05
340,g06-011i-01-02
340,g06-042i-02-06
340,g06-026i-00-09
340,g06-047i-06-00
340,g06-042i-00-05
340,g06-037i-06-01
340,g06-018i-02-11
340,g06-050i-04-04
340,g06-011i-02-10
340,g06-011i-00-00
340,g06-050i-03-05
340,g06-026i-01-06
340,g06-011i-00-11
340,g06-026i-03-03
340,g06-031i-05-11
340,g06-047i-03-01
340,g06-037i-02-02
340,g06-045i-05-04
340,g06-018i-02-10
340,g06-050i-06-10
340,g06-026i-03-10
340,g06-037i-00-03
340,g06-047i-02-03
340,g06-026i-05-06
340,g06-026i-04-05
340,g06-047i-04-08
340,g06-037i-00-09
340,g06-026i-00-08
340,g06-045i-04-10
340,g06-047i-02-01
340,g06-037i-07-01
340,g06-037i-00-04
340,g06-026i-00-00
340,g06-011i-08-05
340,g06-011i-02-00
340,g06-031i-02-11
340,g06-037i-00-00
340,g06-047i-04-07
340,g06-011i-05-07
340,g06-026i-04-06
340,g06-037i-04-05
340,g06-037i-01-08
340,g06-018i-05-08
340,g06-031i-05-06
340,g06-018i-06-07
340,g06-031i-02-02
340,g06-031i-01-06
340,g06-050i-06-08
340,g06-045i-03-06
340,g06-042i-02-10
340,g06-050i-03-00
340,g06-050i-02-08
340,g06-047i-06-02
340,g06-026i-04-00
340,g06-045i-03-04
340,g06-037i-05-05
340,g06-026i-04-07
340,g06-042i-00-02
340,g06-026i-01-05
340,g06-037i-03-04
340,g06-047i-02-02
340,g06-037i-03-10
340,g06-037i-07-00
340,g06-042i-02-08
340,g06-011i-08-03
340,g06-047i-02-04
340,g06-050i-00-04
340,g06-047i-02-09
340,g06-045i-00-09
340,g06-037i-07-05
340,g06-011i-00-08
340,g06-011i-08-04
340,g06-018i-01-04
340,g06-026i-02-00
340,g06-050i-04-07
340,g06-037i-01-14
340,g06-018i-01-03
340,g06-042i-00-00
340,g06-050i-00-08
340,g06-037i-08-04
340,g06-011i-03-07
340,g06-045i-00-00
340,g06-037i-08-03
340,g06-042i-03-05
340,g06-045i-01-08
340,g06-042i-04-07
340,g06-045i-05-07
340,g06-026i-03-05
340,g06-050i-03-06
340,g06-045i-04-05
340,g06-018i-00-10
340,g06-031i-05-01
340,g06-045i-01-03
340,g06-045i-00-08
340,g06-037i-01-10
340,g06-050i-01-05
340,g06-018i-02-07
340,g06-042i-02-01
340,g06-026i-02-02
340,g06-031i-02-05
340,g06-031i-04-03
340,g06-037i-06-00
340,g06-047i-02-07
340,g06-047i-01-08
340,g06-026i-02-07
340,g06-031i-01-00
340,g06-026i-05-02
340,g06-042i-00-11
340,g06-011i-01-00
340,g06-050i-04-00
340,g06-042i-04-08
340,g06-031i-05-07
340,g06-026i-03-07
340,g06-047i-03-03
340,g06-050i-06-09
340,g06-050i-07-01
340,g06-031i-01-04
340,g06-011i-06-01
340,g06-045i-02-09
340,g06-018i-02-04
340,g06-050i-06-11
340,g06-050i-01-12
340,g06-026i-02-01
340,g06-018i-05-03
340,g06-050i-06-07
340,g06-042i-04-04
340,g06-050i-01-07
340,g06-047i-01-05
340,g06-042i-01-08
340,g06-042i-03-08
340,g06-031i-04-07
340,g06-011i-00-09
340,g06-037i-05-04
340,g06-031i-04-00
340,g06-045i-03-00
340,g06-045i-00-04
340,g06-011i-02-12
340,g06-050i-00-02
340,g06-018i-01-09
340,g06-050i-03-02
340,g06-037i-02-03
340,g06-031i-04-09
340,g06-011i-00-06
340,g06-031i-05-02
340,g06-047i-00-00
340,g06-047i-00-07
340,g06-018i-02-12
340,g06-018i-00-09
340,g06-042i-03-06
340,g06-050i-00-01
340,g06-031i-03-05
340,g06-011i-03-00
340,g06-018i-02-09
340,g06-047i-04-01
340,g06-045i-02-11
340,g06-026i-00-07
340,g06-050i-02-04
340,g06-018i-06-05
340,g06-018i-05-10
340,g06-031i-04-06
340,g06-047i-01-04
340,g06-011i-06-08
340,g06-050i-06-03
340,g06-050i-02-07
340,g06-050i-06-04
340,g06-045i-04-03
340,g06-026i-05-04
340,g06-042i-02-05
340,g06-031i-02-07
340,g06-018i-05-07
340,g06-037i-01-11
340,g06-037i-06-07
340,g06-047i-01-02
340,g06-031i-01-05
340,g06-011i-06-03
340,g06-018i-02-05
340,g06-026i-00-10
340,g06-018i-05-04
340,g06-042i-00-01
340,g06-050i-02-00
340,g06-011i-02-03
340,g06-031i-04-02
340,g06-050i-00-07
340,g06-018i-02-02
340,g06-042i-02-03
340,g06-042i-03-02
340,g06-011i-03-06
340,g06-031i-03-08
340,g06-037i-00-10
340,g06-037i-01-03
340,g06-026i-00-04
340,g06-050i-07-02
340,g06-047i-06-05
340,g06-011i-05-08
340,g06-011i-02-05
340,g06-042i-02-04
340,g06-018i-06-06
340,g06-042i-00-06
340,g06-047i-02-11
340,g06-037i-03-00
340,g06-047i-04-00
340,g06-050i-02-01
340,g06-050i-07-00
340,g06-018i-02-13
340,g06-011i-01-10
340,g06-018i-02-00
340,g06-045i-01-06
340,g06-045i-01-04
340,g06-018i-05-00
340,g06-047i-02-00
340,g06-045i-04-06
340,g06-011i-06-10
340,g06-047i-03-00
340,g06-047i-01-09
340,g06-045i-02-05
340,g06-042i-02-00
340,g06-031i-02-03
340,g06-018i-03-12
340,g06-018i-03-09
340,g06-037i-03-08
340,g06-018i-01-07
340,g06-045i-05-01
340,g06-050i-03-03
340,g06-031i-03-00
340,g06-037i-07-04
340,g06-031i-02-10
340,g06-037i-04-02
340,g06-018i-05-06
340,g06-031i-01-10
340,g06-031i-02-00
340,g06-011i-06-09
340,g06-042i-01-11
340,g06-037i-06-02
340,g06-042i-00-07
340,g06-018i-06-01
340,g06-045i-01-01
340,g06-037i-04-08
340,g06-050i-01-02
340,g06-026i-03-06
340,g06-047i-02-10
340,g06-047i-00-02
340,g06-047i-04-06
340,g06-045i-03-01
340,g06-047i-04-05
340,g06-047i-00-04
340,g06-050i-04-08
340,g06-018i-02-03
340,g06-026i-00-06
340,g06-045i-02-00
340,g06-018i-03-07
340,g06-047i-06-04
340,g06-018i-00-02
340,g06-026i-01-07
340,g06-050i-04-05
340,g06-042i-02-07
340,g06-031i-02-06
340,g06-011i-03-03
340,g06-047i-02-06
340,g06-042i-01-02
340,g06-031i-02-01
340,g06-018i-05-01
340,g06-031i-05-00
340,g06-026i-01-02
340,g06-031i-03-03
340,g06-011i-02-01
340,g06-011i-02-11
340,g06-026i-02-10
340,g06-037i-00-05
340,g06-045i-05-06
340,g06-047i-00-08
340,g06-037i-01-09
340,g06-050i-01-10
340,g06-047i-04-02
340,g06-026i-04-08
340,g06-045i-03-05
340,g06-026i-04-01
340,g06-045i-04-07
340,g06-018i-01-06
340,g06-011i-02-07
340,g06-037i-01-00
340,g06-042i-04-03
340,g06-045i-05-00
340,g06-018i-05-09
340,g06-031i-01-08
340,g06-037i-03-06
340,g06-026i-03-02
340,g06-037i-02-01
340,g06-018i-00-03
341,g06-050j-00-06
341,g06-050j-00-00
341,g06-050j-05-05
341,g06-037j-01-00
341,g06-031j-03-02
341,g06-018j-02-10
341,g06-011j-09-03
341,g06-018j-05-08
341,g06-018j-05-05
341,g06-047j-01-02
341,g06-042j-01-03
341,g06-031j-03-06
341,g06-011j-02-07
341,g06-045j-01-04
341,g06-050j-05-03
341,g06-031j-05-02
341,g06-037j-00-10
341,g06-011j-03-08
341,g06-050j-01-07
341,g06-011j-08-05
341,g06-050j-01-00
341,g06-047j-06-05
341,g06-045j-02-02
341,g06-026j-04-07
341,g06-011j-09-05
341,g06-018j-02-00
341,g06-050j-07-03
341,g06-011j-01-02
341,g06-018j-00-08
341,g06-026j-06-06
341,g06-047j-06-08
341,g06-011j-06-09
341,g06-031j-06-05
341,g06-026j-00-08
341,g06-026j-06-03
341,g06-037j-01-10
341,g06-042j-00-05
341,g06-031j-02-02
341,g06-031j-04-00
341,g06-037j-04-00
341,g06-047j-04-00
341,g06-026j-00-01
341,g06-045j-04-00
341,g06-011j-03-01
341,g06-050j-03-04
341,g06-037j-00-03
341,g06-037j-07-08
341,g06-050j-03-03
341,g06-045j-06-03
341,g06-031j-02-04
341,g06-018j-06-07
341,g06-042j-01-00
341,g06-031j-02-09
341,g06-045j-06-00
341,g06-050j-00-01
341,g06-018j-07-07
341,g06-042j-00-03
341,g06-037j-09-00
341,g06-031j-09-01
341,g06-011j-09-01
341,g06-026j-01-01
341,g06-047j-04-02
341,g06-050j-04-05
341,g06-026j-04-03
341,g06-037j-05-02
341,g06-031j-05-00
341,g06-011j-10-06
341,g06-050j-02-06
341,g06-011j-07-06
341,g06-018j-00-04
341,g06-047j-06-01
341,g06-050j-00-07
341,g06-037j-06-02
341,g06-037j-05-03
341,g06-026j-05-00
341,g06-031j-03-08
341,g06-026j-00-06
341,g06-018j-02-06
341,g06-037j-04-08
341,g06-031j-01-00
341,g06-018j-03-06
341,g06-037j-04-07
341,g06-037j-01-08
341,g06-011j-06-03
341,g06-045j-04-04
341,g06-050j-01-03
341,g06-045j-03-00
341,g06-037j-02-04
341,g06-037j-04-04
341,g06-026j-04-06
341,g06-011j-10-00
341,g06-047j-05-05
341,g06-037j-07-06
341,g06-047j-08-04
341,g06-050j-03-02
341,g06-018j-06-01
341,g06-050j-08-03
341,g06-031j-05-05
341,g06-031j-01-03
341,g06-026j-01-02
341,g06-042j-05-03
341,g06-037j-01-09
341,g06-011j-01-04
341,g06-045j-00-02
341,g06-042j-04-04
341,g06-011j-06-01
341,g06-045j-01-05
341,g06-045j-07-03
341,g06-037j-05-05
341,g06-026j-00-04
341,g06-050j-06-01
341,g06-018j-04-05
341,g06-050j-04-07
341,g06-031j-02-00
341,g06-018j-03-11
341,g06-047j-00-03
341,g06-018j-04-02
341,g06-050j-08-01
341,g06-026j-05-07
341,g06-037j-03-04
341,g06-018j-03-07
341,g06-018j-08-04
341,g06-042j-01-05
341,g06-045j-01-07
341,g06-050j-08-02
341,g06-018j-04-03
341,g06-045j-03-05
341,g06-047j-08-02
341,g06-018j-00-07
341,g06-050j-05-06
341,g06-011j-10-08
341,g06-050j-06-04
341,g06-011j-01-03
341,g06-011j-08-02
341,g06-045j-04-03
341,g06-050j-02-03
341,g06-047j-02-00
341,g06-026j-00-03
341,g06-011j-09-02
341,g06-037j-01-06
341,g06-042j-00-04
341,g06-037j-00-09
341,g06-037j-07-01
341,g06-018j-04-07
341,g06-018j-07-05
341,g06-050j-01-04
341,g06-011j-06-10
341,g06-031j-01-05
341,g06-050j-01-06
341,g06-045j-01-00
341,g06-037j-02-01
341,g06-045j-01-06
341,g06-050j-03-00
341,g06-018j-03-08
341,g06-018j-01-05
341,g06-047j-04-05
341,g06-026j-00-00
341,g06-045j-04-05
341,g06-026j-01-05
341,g06-047j-05-03
341,g06-050j-02-02
341,g06-047j-06-04
341,g06-037j-02-03
341,g06-042j-06-02
341,g06-018j-05-04
341,g06-037j-07-04
341,g06-047j-07-00
341,g06-011j-08-03
341,g06-037j-00-02
341,g06-031j-04-05
341,g06-045j-03-01
341,g06-011j-04-05
341,g06-037j-06-04
341,g06-018j-04-04
341,g06-011j-02-05
341,g06-050j-06-03
341,g06-031j-02-07
341,g06-011j-06-11
341,g06-031j-06-02
341,g06-037j-07-03
341,g06-011j-03-04
341,g06-026j-06-05
341,g06-045j-00-04
341,g06-047j-07-02
341,g06-047j-05-02
341,g06-047j-01-01
341,g06-042j-01-02
341,g06-018j-00-09
341,g06-026j-06-04
341,g06-047j-04-01
341,g06-026j-05-04
341,g06-037j-08-02
341,g06-042j-05-02
341,g06-026j-01-03
341,g06-042j-06-03
341,g06-018j-08-00
341,g06-026j-05-05
341,g06-011j-02-03
341,g06-018j-00-01
341,g06-050j-03-07
341,g06-045j-08-00
341,g06-037j-04-05
341,g06-050j-08-05
341,g06-026j-01-08
341,g06-047j-01-00
341,g06-031j-04-02
341,g06-031j-01-02
341,g06-026j-04-01
341,g06-047j-07-04
341,g06-045j-00-08
341,g06-011j-01-00
341,g06-011j-09-07
341,g06-018j-01-04
341,g06-050j-05-01
341,g06-042j-03-01
341,g06-011j-03-10
341,g06-018j-07-03
341,g06-045j-07-06
341,g06-050j-07-04
341,g06-037j-01-02
341,g06-018j-08-02
341,g06-050j-04-01
341,g06-018j-06-06
341,g06-011j-09-00
341,g06-050j-05-07
341,g06-011j-03-11
341,g06-050j-03-06
341,g06-011j-10-02
341,g06-045j-05-01
341,g06-018j-03-03
341,g06-026j-05-02
341,g06-018j-05-00
341,g06-042j-05-00
341,g06-037j-08-03
341,g06-050j-04-02
341,g06-011j-07-08
341,g06-018j-04-08
341,g06-037j-00-04
341,g06-018j-00-06
341,g06-047j-02-03
341,g06-050j-07-06
341,g06-045j-04-02
341,g06-018j-04-00
341,g06-018j-02-09
341,g06-047j-02-02
341,g06-045j-01-02
341,g06-042j-04-03
341,g06-045j-00-01
341,g06-047j-03-06
341,g06-045j-07-04
341,g06-047j-06-00
341,g06-050j-05-04
341,g06-037j-01-05
341,g06-037j-08-05
341,g06-042j-04-02
341,g06-018j-04-06
341,g06-050j-07-07
341,g06-018j-03-13
341,g06-047j-06-03
341,g06-037j-03-02
341,g06-011j-03-12
341,g06-018j-05-07
341,g06-050j-04-06
341,g06-031j-09-03
341,g06-018j-03-05
341,g06-042j-00-02
341,g06-018j-01-03
341,g06-042j-03-04
341,g06-045j-02-03
341,g06-047j-06-06
341,g06-026j-01-00
341,g06-011j-06-05
341,g06-018j-08-05
341,g06-045j-00-05
341,g06-047j-00-06
341,g06-042j-05-01
341,g06-011j-03-05
341,g06-031j-01-06
341,g06-026j-04-02
341,g06-011j-04-02
341,g06-037j-00-07
341,g06-026j-00-09
341,g06-037j-08-04
341,g06-011j-04-00
341,g06-045j-02-06
341,g06-047j-00-01
341,g06-042j-01-01
341,g06-011j-07-03
341,g06-031j-09-00
341,g06-037j-08-01
341,g06-026j-00-05
341,g06-037j-02-05
341,g06-011j-10-01
341,g06-026j-00-07
341,g06-045j-05-02
341,g06-037j-02-06
341,g06-037j-04-06
341,g06-042j-00-01
341,g06-037j-06-03
341,g06-037j-02-00
341,g06-050j-04-03
341,g06-037j-01-07
341,g06-037j-07-00
341,g06-045j-04-01
341,g06-050j-00-05
341,g06-011j-04-07
341,g06-050j-01-02
341,g06-031j-02-06
341,g06-011j-04-06
341,g06-042j-00-06
341,g06-045j-02-01
341,g06-042j-05-04
341,g06-042j-00-07
341,g06-042j-01-08
341,g06-018j-01-07
341,g06-045j-05-07
341,g06-047j-02-04
341,g06-037j-01-03
341,g06-037j-05-06
341,g06-031j-09-02
341,g06-047j-00-07
341,g06-050j-05-00
341,g06-045j-03-04
341,g06-011j-07-02
341,g06-047j-03-00
341,g06-042j-04-06
341,g06-011j-06-08
341,g06-047j-03-03
341,g06-037j-04-01
341,g06-031j-02-03
341,g06-045j-02-00
341,g06-037j-04-02
341,g06-018j-03-04
341,g06-018j-06-02
341,g06-018j-08-01
341,g06-011j-08-04
341,g06-037j-06-00
341,g06-031j-06-03
341,g06-050j-02-04
341,g06-045j-07-01
341,g06-011j-02-02
341,g06-045j-06-01
341,g06-018j-06-04
341,g06-050j-03-05
341,g06-037j-00-06
341,g06-026j-06-07
341,g06-011j-07-05
341,g06-031j-04-01
341,g06-045j-07-00
341,g06-047j-05-00
341,g06-037j-09-04
341,g06-011j-03-00
341,g06-045j-01-03
341,g06-045j-03-06
341,g06-018j-01-06
341,g06-050j-09-02
341,g06-037j-06-01
341,g06-011j-10-07
341,g06-011j-03-03
341,g06-018j-06-08
341,g06-037j-09-03
341,g06-026j-01-07
341,g06-018j-08-03
341,g06-011j-02-01
341,g06-026j-06-01
341,g06-037j-03-00
341,g06-018j-06-05
341,g06-018j-02-05
341,g06-031j-05-01
341,g06-047j-08-03
341,g06-018j-02-01
341,g06-031j-06-04
341,g06-045j-06-04
341,g06-045j-06-06
341,g06-045j-01-01
341,g06-018j-02-07
341,g06-045j-00-00
341,g06-045j-07-07
341,g06-050j-07-00
341,g06-018j-00-03
341,g06-045j-02-04
341,g06-031j-02-08
341,g06-045j-06-05
341,g06-050j-09-01
341,g06-042j-04-07
341,g06-047j-03-04
341,g06-047j-08-00
341,g06-047j-07-01
341,g06-050j-02-00
341,g06-011j-04-03
341,g06-018j-00-00
341,g06-042j-01-09
341,g06-011j-04-04
341,g06-045j-07-02
341,g06-011j-03-13
341,g06-047j-04-04
341,g06-042j-06-04
341,g06-026j-05-06
341,g06-047j-01-04
341,g06-045j-03-07
341,g06-047j-06-07
341,g06-050j-06-02
341,g06-037j-08-06
341,g06-047j-05-04
341,g06-026j-05-03
341,g06-031j-06-01
341,g06-047j-02-01
341,g06-045j-00-03
341,g06-042j-04-05
341,g06-050j-08-06
341,g06-037j-06-05
341,g06-037j-08-00
341,g06-011j-07-01
341,g06-050j-00-04
341,g06-037j-09-02
341,g06-042j-01-06
341,g06-018j-07-00
341,g06-018j-07-02
341,g06-011j-07-09
341,g06-045j-00-07
341,g06-011j-06-07
341,g06-042j-01-04
341,g06-050j-07-02
341,g06-037j-00-00
341,g06-031j-06-00
341,g06-018j-00-05
341,g06-031j-04-04
341,g06-037j-02-08
341,g06-047j-02-07
341,g06-037j-02-07
341,g06-047j-00-02
341,g06-018j-05-06
341,g06-050j-01-01
341,g06-042j-00-09
341,g06-018j-02-02
341,g06-031j-03-03
341,g06-026j-04-00
341,g06-047j-00-04
341,g06-050j-01-05
341,g06-026j-06-00
341,g06-050j-00-02
341,g06-042j-03-06
341,g06-011j-03-07
341,g06-045j-03-03
341,g06-018j-01-08
341,g06-045j-08-01
341,g06-045j-05-06
341,g06-050j-02-08
341,g06-018j-05-02
341,g06-011j-08-00
341,g06-011j-01-01
341,g06-018j-05-01
341,g06-047j-06-02
341,g06-042j-03-02
341,g06-018j-06-00
341,g06-045j-03-02
341,g06-045j-05-04
341,g06-026j-04-04
341,g06-031j-05-03
341,g06-047j-03-02
341,g06-047j-08-01
341,g06-050j-02-01
341,g06-011j-02-08
341,g06-031j-03-07
341,g06-011j-03-09
341,g06-050j-00-03
341,g06-018j-05-03
341,g06-026j-01-04
341,g06-031j-05-06
341,g06-011j-10-04
341,g06-045j-02-05
341,g06-018j-00-02
341,g06-042j-05-05
341,g06-018j-02-08
341,g06-037j-03-03
341,g06-050j-03-01
341,g06-011j-01-07
341,g06-050j-08-00
341,g06-047j-02-08
341,g06-047j-00-00
341,g06-011j-04-01
341,g06-042j-06-01
341,g06-045j-00-06
341,g06-037j-02-02
341,g06-026j-05-01
341,g06-037j-01-01
341,g06-011j-06-00
341,g06-037j-05-04
341,g06-026j-04-08
341,g06-047j-03-07
341,g06-047j-07-03
341,g06-011j-09-08
341,g06-011j-06-02
341,g06-011j-07-04
341,g06-045j-05-05
341,g06-047j-02-05
341,g06-011j-09-06
341,g06-011j-07-00
341,g06-045j-02-07
341,g06-031j-03-05
341,g06-031j-02-05
341,g06-018j-07-06
341,g06-018j-02-04
341,g06-031j-01-04
341,g06-042j-03-05
341,g06-011j-07-07
341,g06-037j-00-05
341,g06-042j-03-03
341,g06-047j-04-03
341,g06-037j-09-01
341,g06-050j-09-00
341,g06-037j-00-08
341,g06-018j-03-12
341,g06-031j-04-03
341,g06-047j-00-05
341,g06-037j-05-00
341,g06-031j-06-06
341,g06-011j-10-05
341,g06-018j-06-03
341,g06-045j-07-05
341,g06-047j-03-05
341,g06-031j-04-06
341,g06-037j-03-01
341,g06-042j-04-00
341,g06-045j-05-03
341,g06-050j-06-00
341,g06-018j-03-09
341,g06-011j-01-05
341,g06-037j-04-03
341,g06-011j-09-04
341,g06-047j-06-09
341,g06-031j-03-01
341,g06-011j-03-02
341,g06-050j-07-01
341,g06-011j-08-01
341,g06-018j-03-01
341,g06-031j-02-01
341,g06-011j-10-03
341,g06-042j-04-01
341,g06-018j-01-00
341,g06-047j-07-05
341,g06-045j-03-08
341,g06-047j-02-06
341,g06-037j-07-02
341,g06-042j-00-10
341,g06-037j-09-05
341,g06-050j-04-04
341,g06-018j-03-10
341,g06-037j-07-07
341,g06-037j-01-04
341,g06-037j-00-01
341,g06-026j-04-05
341,g06-047j-05-01
341,g06-018j-07-01
341,g06-011j-02-00
341,g06-011j-03-06
341,g06-031j-03-04
341,g06-011j-02-04
341,g06-011j-03-14
341,g06-018j-07-04
341,g06-011j-06-04
341,g06-045j-05-00
341,g06-047j-02-09
341,g06-018j-03-00
341,g06-042j-01-07
341,g06-045j-06-02
341,g06-018j-02-03
341,g06-050j-01-08
341,g06-047j-03-01
341,g06-011j-01-06
341,g06-026j-06-02
341,g06-047j-01-05
341,g06-011j-02-06
341,g06-031j-01-01
341,g06-018j-01-02
341,g06-050j-05-02
341,g06-042j-00-00
341,g06-042j-00-11
341,g06-031j-05-07
341,g06-042j-00-08
341,g06-037j-02-09
341,g06-042j-03-00
341,g06-011j-06-06
341,g06-047j-03-08
341,g06-050j-02-07
341,g06-011j-08-06
341,g06-018j-03-02
341,g06-050j-00-08
341,g06-050j-08-04
341,g06-018j-04-01
341,g06-026j-00-02
341,g06-050j-06-05
341,g06-026j-01-06
341,g06-031j-05-04
341,g06-042j-06-00
341,g06-031j-03-00
341,g06-018j-01-01
342,g06-042k-03-07
342,g06-042k-02-09
342,g06-045k-04-00
342,g06-018k-03-05
342,g06-042k-02-03
342,g06-011k-07-08
342,g06-031k-03-02
342,g06-050k-00-01
342,g06-031k-04-00
342,g06-011k-06-11
342,g06-037k-09-02
342,g06-026k-03-08
342,g06-037k-00-06
342,g06-026k-04-07
342,g06-026k-00-05
342,g06-042k-04-04
342,g06-045k-06-01
342,g06-011k-01-06
342,g06-037k-07-06
342,g06-011k-05-08
342,g06-047k-00-03
342,g06-050k-03-00
342,g06-050k-05-06
342,g06-031k-02-01
342,g06-011k-04-01
342,g06-031k-02-09
342,g06-031k-07-07
342,g06-037k-04-01
342,g06-042k-02-04
342,g06-018k-03-01
342,g06-037k-06-05
342,g06-031k-03-07
342,g06-037k-07-03
342,g06-031k-00-00
342,g06-045k-03-01
342,g06-047k-01-08
342,g06-011k-03-01
342,g06-050k-08-05
342,g06-011k-08-02
342,g06-011k-06-08
342,g06-037k-05-02
342,g06-037k-03-09
342,g06-011k-01-02
342,g06-031k-06-00
342,g06-037k-00-01
342,g06-018k-00-07
342,g06-045k-05-06
342,g06-037k-07-01
342,g06-031k-04-03
342,g06-037k-09-01
342,g06-047k-02-04
342,g06-042k-00-07
342,g06-047k-03-03
342,g06-045k-04-07
342,g06-011k-00-03
342,g06-050k-00-00
342,g06-050k-06-04
342,g06-045k-01-03
342,g06-050k-06-00
342,g06-031k-03-08
342,g06-018k-00-09
342,g06-018k-03-12
342,g06-050k-05-03
342,g06-037k-01-07
342,g06-031k-07-03
342,g06-031k-08-02
342,g06-042k-00-00
342,g06-031k-08-01
342,g06-031k-01-09
342,g06-011k-02-01
342,g06-031k-06-02
342,g06-026k-05-07
342,g06-026k-04-09
342,g06-045k-05-02
342,g06-031k-01-05
342,g06-026k-04-08
342,g06-011k-06-00
342,g06-045k-02-09
342,g06-031k-02-02
342,g06-018k-06-04
342,g06-031k-04-02
342,g06-026k-03-04
342,g06-031k-02-10
342,g06-018k-01-01
342,g06-045k-05-00
342,g06-050k-07-04
342,g06-031k-06-03
342,g06-045k-02-00
342,g06-011k-10-02
342,g06-045k-03-00
342,g06-011k-00-01
342,g06-011k-00-02
342,g06-018k-01-00
342,g06-042k-05-00
342,g06-026k-02-04
342,g06-018k-04-00
342,g06-031k-01-01
342,g06-047k-04-01
342,g06-011k-07-05
342,g06-011k-03-02
342,g06-050k-00-06
342,g06-042k-00-04
342,g06-050k-01-00
342,g06-045k-05-07
342,g06-031k-06-06
342,g06-047k-04-03
342,g06-011k-04-08
342,g06-018k-06-09
342,g06-042k-04-06
342,g06-047k-04-06
342,g06-045k-02-05
342,g06-018k-00-06
342,g06-045k-01-00
342,g06-045k-02-01
342,g06-031k-08-03
342,g06-018k-03-07
342,g06-050k-07-01
342,g06-050k-01-01
342,g06-026k-02-09
342,g06-050k-06-02
342,g06-031k-05-01
342,g06-047k-03-00
342,g06-050k-02-01
342,g06-045k-01-06
342,g06-037k-07-00
342,g06-037k-07-04
342,g06-011k-03-04
342,g06-011k-10-00
342,g06-037k-06-06
342,g06-037k-05-07
342,g06-050k-01-07
342,g06-047k-04-02
342,g06-011k-02-00
342,g06-011k-03-12
342,g06-042k-04-00
342,g06-018k-00-01
342,g06-050k-08-00
342,g06-011k-09-07
342,g06-042k-03-06
342,g06-050k-08-02
342,g06-026k-01-06
342,g06-045k-06-00
342,g06-031k-07-06
342,g06-011k-06-07
342,g06-026k-03-03
342,g06-045k-02-07
342,g06-026k-00-02
342,g06-026k-02-05
342,g06-047k-03-09
342,g06-018k-05-01
342,g06-047k-03-02
342,g06-011k-05-06
342,g06-050k-02-07
342,g06-011k-09-03
342,g06-026k-02-10
342,g06-037k-00-08
342,g06-026k-00-09
342,g06-011k-07-09
342,g06-031k-02-04
342,g06-026k-03-06
342,g06-037k-03-08
342,g06-018k-07-06
342,g06-026k-00-08
342,g06-037k-04-00
342,g06-047k-01-05
342,g06-011k-04-02
342,g06-045k-06-08
342,g06-037k-00-11
342,g06-050k-06-03
342,g06-031k-04-04
342,g06-045k-04-06
342,g06-037k-02-10
342,g06-050k-01-02
342,g06-050k-04-06
342,g06-037k-09-04
342,g06-011k-07-00
342,g06-037k-01-00
342,g06-031k-01-03
342,g06-037k-05-01
342,g06-037k-01-09
342,g06-026k-01-04
342,g06-037k-02-00
342,g06-011k-05-11
342,g06-011k-09-02
342,g06-018k-03-00
342,g06-011k-01-03
342,g06-011k-00-00
342,g06-045k-04-03
342,g06-050k-05-02
342,g06-031k-03-00
342,g06-042k-01-02
342,g06-037k-03-00
342,g06-050k-07-02
342,g06-037k-02-08
342,g06-031k-04-06
342,g06-026k-05-00
342,g06-037k-02-07
342,g06-042k-00-12
342,g06-018k-07-03
342,g06-042k-00-06
342,g06-037k-01-05
342,g06-018k-01-02
342,g06-011k-02-04
342,g06-026k-00-00
342,g06-042k-02-07
342,g06-045k-04-08
342,g06-047k-01-04
342,g06-042k-05-05
342,g06-047k-04-05
342,g06-018k-01-09
342,g06-045k-04-04
342,g06-026k-02-01
342,g06-031k-04-01
342,g06-045k-01-02
342,g06-050k-00-02
342,g06-042k-02-00
342,g06-018k-03-11
342,g06-037k-03-06
342,g06-050k-02-04
342,g06-011k-01-00
342,g06-042k-04-01
342,g06-037k-04-06
342,g06-011k-04-07
342,g06-045k-02-06
342,g06-050k-08-07
342,g06-045k-05-03
342,g06-031k-03-03
342,g06-047k-00-05
342,g06-042k-04-05
342,g06-037k-02-05
342,g06-042k-05-06
342,g06-050k-03-04
342,g06-050k-02-06
342,g06-047k-01-07
342,g06-031k-07-05
342,g06-045k-06-07
342,g06-031k-05-02
342,g06-042k-03-00
342,g06-026k-02-06
342,g06-011k-03-08
342,g06-026k-01-01
342,g06-050k-00-08
342,g06-042k-00-09
342,g06-050k-08-06
342,g06-047k-02-08
342,g06-047k-04-00
342,g06-037k-00-10
342,g06-011k-02-05
342,g06-011k-04-00
342,g06-037k-01-02
342,g06-047k-00-00
342,g06-011k-06-03
342,g06-018k-05-04
342,g06-018k-01-08
342,g06-018k-06-06
342,g06-037k-04-04
342,g06-011k-09-04
342,g06-026k-05-02
342,g06-031k-06-07
342,g06-037k-00-07
342,g06-011k-06-10
342,g06-011k-07-06
342,g06-031k-00-03
342,g06-011k-03-07
342,g06-026k-06-00
342,g06-047k-02-06
342,g06-018k-05-03
342,g06-047k-01-00
342,g06-026k-00-06
342,g06-045k-06-02
342,g06-050k-00-03
342,g06-045k-01-08
342,g06-042k-00-03
342,g06-018k-01-06
342,g06-037k-05-00
342,g06-011k-05-09
342,g06-047k-00-06
342,g06-045k-01-05
342,g06-042k-02-01
342,g06-050k-02-03
342,g06-047k-03-04
342,g06-018k-07-05
342,g06-050k-08-04
342,g06-037k-08-03
342,g06-026k-00-04
342,g06-042k-04-02
342,g06-011k-04-09
342,g06-037k-07-02
342,g06-050k-08-03
342,g06-031k-06-05
342,g06-018k-06-08
342,g06-031k-06-01
342,g06-050k-06-06
342,g06-026k-05-03
342,g06-018k-05-02
342,g06-050k-00-04
342,g06-045k-05-04
342,g06-037k-08-05
342,g06-018k-04-04
342,g06-037k-02-06
342,g06-018k-05-05
342,g06-031k-03-06
342,g06-037k-05-06
342,g06-042k-05-03
342,g06-026k-01-02
342,g06-042k-00-01
342,g06-037k-06-02
342,g06-011k-05-07
342,g06-047k-03-05
342,g06-031k-03-01
342,g06-037k-02-03
342,g06-037k-06-03
342,g06-031k-06-09
342,g06-026k-02-07
342,g06-026k-03-05
342,g06-018k-05-08
342,g06-018k-04-06
342,g06-037k-01-06
342,g06-011k-08-04
342,g06-018k-03-06
342,g06-026k-02-08
342,g06-026k-03-09
342,g06-042k-01-08
342,g06-050k-07-07
342,g06-045k-03-04
342,g06-011k-01-04
342,g06-011k-06-05
342,g06-011k-02-07
342,g06-018k-01-05
342,g06-042k-05-04
342,g06-045k-04-09
342,g06-050k-08-11
342,g06-037k-07-07
342,g06-018k-05-00
342,g06-050k-03-03
342,g06-031k-04-08
342,g06-042k-00-10
342,g06-011k-09-08
342,g06-031k-01-02
342,g06-050k-01-06
342,g06-050k-05-01
342,g06-018k-01-07
342,g06-018k-04-08
342,g06-037k-03-02
342,g06-047k-07-02
342,g06-031k-01-00
342,g06-018k-00-02
342,g06-047k-00-04
342,g06-011k-03-00
342,g06-045k-04-02
342,g06-031k-07-02
342,g06-037k-06-04
342,g06-011k-05-00
342,g06-045k-02-08
342,g06-037k-08-04
342,g06-031k-08-00
342,g06-050k-08-09
342,g06-011k-07-04
342,g06-037k-01-04
342,g06-047k-02-02
342,g06-018k-00-04
342,g06-050k-04-03
342,g06-037k-09-00
342,g06-042k-02-06
342,g06-018k-03-08
342,g06-050k-08-01
342,g06-037k-08-00
342,g06-031k-02-08
342,g06-026k-06-01
342,g06-031k-00-09
342,g06-042k-04-03
342,g06-026k-03-01
342,g06-026k-02-00
342,g06-042k-03-01
342,g06-031k-00-01
342,g06-037k-00-03
342,g06-031k-07-04
342,g06-042k-01-00
342,g06-011k-08-00
342,g06-031k-03-05
342,g06-042k-03-08
342,g06-011k-02-06
342,g06-026k-00-11
342,g06-037k-03-05
342,g06-031k-02-06
342,g06-045k-03-05
342,g06-031k-06-08
342,g06-011k-03-06
342,g06-026k-03-07
342,g06-026k-04-00
342,g06-011k-08-05
342,g06-045k-02-10
342,g06-037k-01-10
342,g06-026k-04-10
342,g06-011k-08-07
342,g06-011k-09-00
342,g06-026k-03-10
342,g06-037k-03-01
342,g06-042k-05-01
342,g06-026k-05-06
342,g06-011k-08-01
342,g06-031k-05-03
342,g06-037k-01-11
342,g06-011k-10-01
342,g06-011k-05-04
342,g06-031k-00-06
342,g06-011k-08-03
342,g06-031k-00-10
342,g06-011k-05-02
342,g06-050k-05-00
342,g06-011k-03-09
342,g06-018k-07-09
342,g06-011k-00-06
342,g06-011k-10-03
342,g06-018k-01-03
342,g06-011k-06-09
342,g06-011k-05-05
342,g06-018k-06-00
342,g06-050k-02-00
342,g06-011k-07-07
342,g06-047k-01-02
342,g06-018k-04-03
342,g06-018k-06-02
342,g06-018k-04-07
342,g06-011k-03-11
342,g06-011k-04-05
342,g06-011k-01-05
342,g06-011k-04-10
342,g06-037k-02-01
342,g06-011k-02-03
342,g06-026k-00-03
342,g06-042k-01-04
342,g06-050k-02-02
342,g06-047k-01-01
342,g06-031k-02-00
342,g06-045k-05-01
342,g06-026k-01-05
342,g06-047k-04-04
342,g06-018k-07-02
342,g06-031k-05-06
342,g06-050k-03-02
342,g06-050k-01-03
342,g06-042k-03-05
342,g06-011k-03-03
342,g06-042k-00-08
342,g06-018k-05-07
342,g06-047k-00-02
342,g06-031k-01-04
342,g06-037k-01-12
342,g06-037k-06-07
342,g06-042k-03-09
342,g06-037k-00-05
342,g06-011k-01-08
342,g06-011k-09-05
342,g06-018k-06-01
342,g06-026k-05-05
342,g06-011k-02-02
342,g06-042k-03-04
342,g06-026k-02-03
342,g06-037k-06-00
342,g06-037k-02-09
342,g06-042k-02-02
342,g06-050k-03-05
342,g06-037k-04-03
342,g06-045k-01-04
342,g06-050k-04-00
342,g06-037k-06-01
342,g06-018k-07-08
342,g06-026k-00-10
342,g06-031k-00-08
342,g06-047k-03-07
342,g06-011k-06-01
342,g06-045k-01-01
342,g06-031k-00-02
342,g06-037k-05-04
342,g06-042k-00-02
342,g06-050k-04-05
342,g06-042k-00-11
342,g06-037k-00-04
342,g06-045k-03-03
342,g06-037k-03-07
342,g06-047k-01-03
342,g06-050k-04-02
342,g06-018k-07-00
342,g06-050k-08-08
342,g06-047k-00-01
342,g06-018k-03-03
342,g06-031k-05-05
342,g06-011k-01-01
342,g06-031k-02-05
342,g06-018k-03-10
342,g06-037k-08-01
342,g06-042k-02-08
342,g06-026k-04-06
342,g06-042k-03-02
342,g06-047k-07-01
342,g06-037k-02-04
342,g06-026k-01-07
342,g06-031k-04-05
342,g06-050k-05-04
342,g06-011k-03-10
342,g06-045k-02-04
342,g06-045k-06-06
342,g06-018k-03-09
342,g06-031k-00-14
342,g06-026k-04-04
342,g06-037k-09-03
342,g06-050k-07-03
342,g06-050k-07-05
342,g06-042k-01-03
342,g06-050k-01-05
342,g06-042k-01-06
342,g06-011k-06-02
342,g06-018k-05-06
342,g06-011k-07-01
342,g06-050k-04-04
342,g06-018k-07-04
342,g06-050k-05-05
342,g06-011k-04-03
342,g06-011k-01-09
342,g06-045k-04-05
342,g06-045k-06-04
342,g06-026k-01-08
342,g06-031k-05-04
342,g06-047k-01-06
342,g06-045k-04-01
342,g06-011k-00-08
342,g06-042k-00-05
342,g06-018k-03-02
342,g06-037k-00-09
342,g06-050k-03-01
342,g06-018k-07-10
342,g06-047k-02-05
342,g06-018k-07-07
342,g06-045k-01-07
342,g06-026k-04-05
342,g06-037k-05-03
342,g06-045k-03-06
342,g06-018k-01-04
342,g06-026k-04-02
342,g06-047k-02-07
342,g06-011k-08-06
342,g06-026k-05-04
342,g06-011k-09-01
342,g06-050k-08-10
342,g06-018k-00-00
342,g06-045k-06-05
342,g06-047k-03-01
342,g06-031k-04-07
342,g06-011k-04-04
342,g06-031k-00-12
342,g06-050k-02-05
342,g06-037k-07-05
342,g06-047k-02-00
342,g06-037k-01-03
342,g06-037k-03-04
342,g06-037k-08-02
342,g06-031k-00-05
342,g06-050k-06-05
342,g06-011k-03-14
342,g06-042k-01-05
342,g06-045k-05-05
342,g06-050k-04-01
342,g06-031k-00-04
342,g06-018k-04-02
342,g06-031k-03-04
342,g06-018k-00-08
342,g06-011k-06-04
342,g06-026k-02-02
342,g06-047k-02-03
342,g06-031k-06-10
342,g06-011k-07-02
342,g06-018k-05-09
342,g06-011k-09-06
342,g06-026k-04-01
342,g06-047k-03-06
342,g06-042k-03-03
342,g06-050k-07-00
342,g06-045k-03-02
342,g06-018k-06-03
342,g06-050k-00-07
342,g06-026k-03-02
342,g06-018k-06-07
342,g06-047k-02-09
342,g06-050k-00-05
342,g06-045k-02-03
342,g06-037k-04-05
342,g06-031k-01-06
342,g06-031k-00-11
342,g06-037k-03-03
342,g06-011k-00-04
342,g06-031k-01-08
342,g06-037k-05-05
342,g06-037k-01-13
342,g06-026k-03-00
342,g06-037k-09-05
342,g06-042k-02-05
342,g06-018k-00-03
342,g06-050k-03-06
342,g06-037k-00-02
342,g06-037k-04-02
342,g06-011k-03-05
342,g06-031k-07-08
342,g06-018k-03-13
342,g06-026k-04-03
342,g06-037k-00-00
342,g06-042k-01-09
342,g06-047k-02-01
342,g06-011k-07-03
342,g06-047k-00-07
342,g06-031k-02-03
342,g06-031k-05-00
342,g06-026k-00-07
342,g06-031k-06-04
342,g06-018k-07-01
342,g06-037k-01-01
342,g06-026k-01-00
342,g06-011k-05-01
342,g06-042k-05-02
342,g06-047k-07-00
342,g06-011k-00-09
342,g06-045k-06-03
342,g06-031k-00-13
342,g06-037k-04-07
342,g06-026k-00-01
342,g06-018k-04-05
342,g06-011k-01-07
342,g06-042k-01-07
342,g06-026k-05-01
342,g06-050k-01-04
342,g06-050k-07-06
342,g06-011k-00-05
342,g06-031k-00-07
342,g06-026k-01-03
342,g06-011k-05-10
342,g06-037k-02-02
342,g06-011k-04-06
342,g06-045k-02-02
342,g06-050k-06-01
342,g06-047k-03-08
342,g06-031k-07-00
342,g06-011k-03-13
342,g06-037k-01-08
342,g06-031k-01-07
342,g06-031k-07-01
342,g06-042k-01-01
342,g06-011k-05-03
342,g06-037k-03-10
342,g06-011k-00-07
343,g06-026l-00-12
343,g06-026l-04-00
343,g06-045l-02-02
343,g06-031l-05-06
343,g06-047l-01-02
343,g06-031l-02-07
343,g06-047l-02-05
343,g06-031l-03-01
343,g06-026l-04-03
343,g06-050l-04-02
343,g06-042l-04-08
343,g06-018l-02-02
343,g06-018l-02-10
343,g06-018l-04-11
343,g06-031l-00-05
343,g06-037l-05-02
343,g06-045l-03-02
343,g06-031l-00-14
343,g06-018l-03-07
343,g06-037l-01-06
343,g06-026l-00-04
343,g06-050l-07-11
343,g06-037l-02-07
343,g06-011l-00-05
343,g06-050l-03-01
343,g06-047l-04-06
343,g06-011l-06-08
343,g06-047l-05-07
343,g06-037l-07-04
343,g06-031l-02-09
343,g06-037l-02-06
343,g06-026l-04-07
343,g06-026l-01-01
343,g06-037l-03-03
343,g06-045l-04-00
343,g06-018l-01-10
343,g06-018l-02-06
343,g06-047l-00-01
343,g06-011l-03-07
343,g06-037l-02-04
343,g06-047l-02-04
343,g06-011l-00-11
343,g06-045l-05-05
343,g06-042l-00-02
343,g06-018l-06-01
343,g06-042l-02-08
343,g06-018l-04-05
343,g06-037l-06-08
343,g06-045l-00-01
343,g06-026l-04-04
343,g06-018l-02-13
343,g06-018l-06-04
343,g06-011l-00-07
343,g06-047l-05-08
343,g06-011l-03-00
343,g06-011l-05-09
343,g06-031l-01-04
343,g06-047l-04-01
343,g06-031l-04-04
343,g06-031l-05-08
343,g06-011l-05-05
343,g06-037l-05-00
343,g06-042l-04-01
343,g06-045l-02-09
343,g06-045l-05-06
343,g06-026l-03-07
343,g06-050l-04-04
343,g06-026l-03-03
343,g06-037l-01-00
343,g06-047l-05-00
343,g06-050l-02-01
343,g06-026l-01-00
343,g06-011l-03-05
343,g06-037l-03-05
343,g06-045l-02-01
343,g06-037l-03-01
343,g06-037l-03-04
343,g06-011l-01-01
343,g06-037l-00-13
343,g06-042l-02-06
343,g06-026l-00-03
343,g06-045l-00-03
343,g06-037l-00-07
343,g06-018l-03-00
343,g06-018l-03-09
343,g06-045l-06-03
343,g06-026l-02-07
343,g06-045l-05-02
343,g06-037l-06-00
343,g06-042l-02-03
343,g06-047l-02-09
343,g06-011l-06-11
343,g06-042l-03-08
343,g06-045l-05-00
343,g06-026l-03-05
343,g06-011l-03-03
343,g06-037l-00-02
343,g06-045l-01-03
343,g06-031l-05-05
343,g06-050l-00-08
343,g06-026l-01-02
343,g06-045l-00-10
343,g06-011l-03-04
343,g06-037l-00-05
343,g06-011l-01-10
343,g06-037l-00-12
343,g06-045l-03-04
343,g06-026l-00-08
343,g06-050l-02-06
343,g06-042l-00-01
343,g06-045l-03-05
343,g06-047l-05-04
343,g06-047l-02-08
343,g06-018l-04-08
343,g06-031l-05-03
343,g06-042l-02-10
343,g06-042l-04-03
343,g06-047l-02-07
343,g06-045l-00-04
343,g06-031l-02-00
343,g06-045l-04-03
343,g06-011l-01-07
343,g06-037l-07-05
343,g06-011l-05-12
343,g06-050l-07-06
343,g06-050l-00-02
343,g06-031l-04-08
343,g06-045l-06-01
343,g06-047l-02-03
343,g06-037l-02-02
343,g06-050l-05-04
343,g06-047l-00-00
343,g06-045l-02-00
343,g06-018l-03-08
343,g06-011l-03-08
343,g06-045l-04-09
343,g06-031l-02-08
343,g06-037l-03-07
343,g06-031l-05-12
343,g06-047l-00-05
343,g06-050l-04-00
343,g06-042l-03-06
343,g06-047l-01-08
343,g06-011l-05-08
343,g06-026l-00-09
343,g06-045l-01-05
343,g06-026l-01-06
343,g06-026l-01-04
343,g06-045l-02-11
343,g06-037l-06-01
343,g06-026l-05-04
343,g06-042l-02-04
343,g06-037l-07-06
343,g06-011l-08-00
343,g06-050l-00-03
343,g06-047l-00-07
343,g06-026l-03-08
343,g06-026l-00-02
343,g06-047l-02-02
343,g06-050l-01-00
343,g06-018l-04-09
343,g06-011l-06-00
343,g06-031l-01-10
343,g06-045l-00-08
343,g06-050l-00-00
343,g06-037l-08-06
343,g06-037l-06-04
343,g06-042l-00-03
343,g06-026l-00-06
343,g06-011l-06-09
343,g06-031l-02-05
343,g06-026l-00-00
343,g06-042l-03-09
343,g06-031l-04-01
343,g06-047l-04-03
343,g06-047l-06-00
343,g06-050l-02-02
343,g06-037l-00-09
343,g06-050l-00-05
343,g06-018l-04-12
343,g06-045l-02-06
343,g06-047l-06-05
343,g06-011l-06-01
343,g06-018l-02-12
343,g06-050l-00-04
343,g06-037l-05-01
343,g06-026l-01-07
343,g06-045l-04-06
343,g06-050l-00-07
343,g06-018l-02-00
343,g06-037l-07-00
343,g06-045l-05-07
343,g06-047l-04-05
343,g06-018l-04-10
343,g06-050l-07-02
343,g06-026l-05-03
343,g06-018l-02-07
343,g06-047l-02-11
343,g06-011l-01-04
343,g06-047l-02-06
343,g06-018l-03-10
343,g06-037l-01-09
343,g06-047l-04-04
343,g06-031l-01-02
343,g06-031l-04-09
343,g06-047l-01-04
343,g06-018l-04-00
343,g06-042l-02-09
343,g06-050l-05-05
343,g06-037l-06-03
343,g06-042l-00-11
343,g06-050l-04-08
343,g06-026l-02-09
343,g06-018l-02-14
343,g06-045l-02-10
343,g06-045l-01-00
343,g06-050l-05-00
343,g06-050l-05-01
343,g06-026l-00-01
343,g06-042l-03-02
343,g06-018l-06-05
343,g06-050l-03-04
343,g06-050l-07-10
343,g06-037l-01-01
343,g06-042l-00-07
343,g06-018l-02-08
343,g06-050l-01-07
343,g06-042l-02-02
343,g06-037l-02-08
343,g06-042l-03-10
343,g06-018l-03-13
343,g06-018l-03-05
343,g06-018l-02-03
343,g06-011l-00-09
343,g06-018l-04-04
343,g06-047l-02-00
343,g06-018l-01-08
343,g06-031l-03-05
343,g06-037l-05-07
343,g06-018l-03-04
343,g06-047l-01-05
343,g06-031l-01-09
343,g06-031l-05-11
343,g06-011l-08-05
343,g06-047l-05-06
343,g06-047l-05-09
343,g06-026l-01-03
343,g06-042l-03-04
343,g06-011l-08-01
343,g06-031l-04-00
343,g06-011l-00-01
343,g06-042l-04-00
343,g06-045l-01-08
343,g06-011l-06-05
343,g06-018l-01-04
343,g06-045l-01-07
343,g06-026l-04-02
343,g06-047l-05-03
343,g06-026l-02-08
343,g06-011l-05-07
343,g06-037l-05-05
343,g06-037l-01-11
343,g06-050l-03-08
343,g06-026l-02-05
343,g06-011l-01-06
343,g06-037l-01-03
343,g06-045l-05-04
343,g06-031l-01-03
343,g06-031l-02-03
343,g06-031l-02-04
343,g06-045l-03-00
343,g06-037l-00-08
343,g06-018l-01-00
343,g06-050l-03-02
343,g06-011l-05-01
343,g06-047l-06-02
343,g06-031l-01-07
343,g06-037l-08-04
343,g06-031l-02-01
343,g06-026l-04-08
343,g06-042l-00-10
343,g06-011l-01-03
343,g06-037l-08-02
343,g06-031l-00-13
343,g06-031l-03-09
343,g06-045l-01-04
343,g06-037l-05-04
343,g06-031l-03-08
343,g06-037l-06-02
343,g06-011l-06-03
343,g06-011l-08-04
343,g06-045l-01-01
343,g06-047l-05-01
343,g06-031l-04-07
343,g06-050l-02-08
343,g06-011l-00-02
343,g06-047l-00-02
343,g06-042l-02-07
343,g06-011l-06-04
343,g06-050l-04-07
343,g06-042l-03-07
343,g06-050l-02-07
343,g06-031l-05-02
343,g06-031l-00-08
343,g06-026l-00-10
343,g06-037l-03-06
343,g06-050l-02-05
343,g06-031l-00-01
343,g06-026l-03-00
343,g06-018l-02-01
343,g06-018l-01-06
343,g06-047l-04-08
343,g06-045l-02-08
343,g06-042l-02-00
343,g06-026l-03-02
343,g06-018l-06-03
343,g06-042l-04-09
343,g06-011l-05-06
343,g06-047l-06-06
343,g06-037l-00-00
343,g06-050l-03-06
343,g06-045l-02-04
343,g06-031l-00-10
343,g06-031l-05-00
343,g06-037l-00-01
343,g06-011l-03-10
343,g06-042l-02-01
343,g06-045l-04-07
343,g06-026l-03-10
343,g06-042l-00-04
343,g06-018l-04-06
343,g06-050l-02-00
343,g06-045l-00-00
343,g06-042l-00-08
343,g06-037l-07-03
343,g06-047l-00-04
343,g06-026l-02-12
343,g06-011l-05-11
343,g06-045l-04-02
343,g06-037l-02-03
343,g06-011l-03-02
343,g06-037l-03-02
343,g06-031l-04-03
343,g06-050l-02-04
343,g06-045l-00-06
343,g06-011l-01-05
343,g06-037l-05-06
343,g06-011l-01-02
343,g06-047l-05-10
343,g06-037l-09-02
343,g06-018l-06-00
343,g06-037l-06-06
343,g06-037l-00-10
343,g06-050l-07-04
343,g06-011l-01-00
343,g06-018l-04-03
343,g06-037l-07-02
343,g06-037l-07-07
343,g06-042l-00-13
343,g06-011l-03-09
343,g06-037l-00-06
343,g06-050l-04-09
343,g06-026l-02-10
343,g06-045l-03-01
343,g06-011l-03-01
343,g06-018l-01-07
343,g06-018l-01-03
343,g06-031l-05-01
343,g06-026l-02-01
343,g06-050l-03-05
343,g06-045l-01-02
343,g06-011l-05-10
343,g06-042l-03-01
343,g06-026l-04-05
343,g06-011l-03-06
343,g06-031l-03-06
343,g06-018l-04-07
343,g06-050l-01-08
343,g06-050l-07-08
343,g06-037l-05-03
343,g06-042l-00-06
343,g06-031l-03-04
343,g06-037l-03-08
343,g06-050l-07-05
343,g06-050l-04-03
343,g06-050l-07-00
343,g06-047l-00-08
343,g06-050l-01-06
343,g06-037l-08-00
343,g06-031l-01-05
343,g06-047l-04-00
343,g06-047l-05-02
343,g06-047l-02-12
343,g06-031l-02-11
343,g06-031l-03-07
343,g06-018l-02-04
343,g06-050l-02-03
343,g06-011l-00-08
343,g06-031l-05-07
343,g06-037l-09-01
343,g06-031l-04-06
343,g06-018l-01-09
343,g06-011l-00-06
343,g06-011l-00-03
343,g06-042l-00-00
343,g06-026l-05-01
343,g06-011l-06-06
343,g06-018l-04-01
343,g06-050l-03-07
343,g06-037l-07-01
343,g06-047l-02-01
343,g06-050l-01-09
343,g06-045l-02-07
343,g06-050l-05-03
343,g06-011l-00-10
343,g06-037l-08-07
343,g06-018l-01-11
343,g06-050l-01-02
343,g06-045l-06-02
343,g06-042l-00-09
343,g06-045l-05-03
343,g06-011l-06-07
343,g06-018l-06-02
343,g06-018l-01-01
343,g06-047l-06-04
343,g06-042l-04-05
343,g06-045l-04-10
343,g06-050l-01-05
343,g06-026l-01-05
343,g06-045l-00-09
343,g06-047l-01-09
343,g06-037l-00-04
343,g06-050l-07-03
343,g06-011l-01-08
343,g06-045l-03-06
343,g06-031l-00-00
343,g06-011l-08-06
343,g06-042l-03-00
343,g06-037l-00-11
343,g06-047l-01-00
343,g06-037l-06-05
343,g06-042l-04-04
343,g06-047l-06-03
343,g06-026l-02-04
343,g06-037l-08-01
343,g06-050l-01-10
343,g06-011l-06-10
343,g06-045l-00-02
343,g06-026l-04-01
343,g06-050l-04-01
343,g06-026l-00-11
343,g06-031l-00-09
343,g06-047l-04-07
343,g06-050l-01-01
343,g06-031l-00-02
343,g06-050l-07-09
343,g06-031l-01-01
343,g06-011l-05-04
343,g06-031l-01-08
343,g06-026l-02-00
343,g06-047l-00-03
343,g06-026l-03-12
343,g06-011l-05-00
343,g06-026l-03-11
343,g06-042l-03-03
343,g06-031l-00-07
343,g06-018l-03-02
343,g06-047l-06-01
343,g06-018l-02-09
343,g06-026l-02-06
343,g06-018l-02-05
343,g06-047l-01-03
343,g06-031l-03-03
343,g06-026l-02-11
343,g06-037l-01-13
343,g06-047l-05-05
343,g06-018l-03-06
343,g06-050l-07-07
343,g06-026l-02-02
343,g06-045l-01-06
343,g06-026l-01-09
343,g06-042l-04-07
343,g06-026l-01-08
343,g06-037l-08-03
343,g06-018l-03-11
343,g06-037l-01-05
343,g06-047l-01-06
343,g06-031l-00-11
343,g06-050l-01-03
343,g06-026l-02-03
343,g06-037l-01-12
343,g06-050l-05-02
343,g06-047l-01-07
343,g06-037l-00-03
343,g06-037l-03-00
343,g06-037l-01-08
343,g06-026l-03-09
343,g06-031l-03-00
343,g06-042l-00-12
343,g06-026l-05-05
343,g06-050l-01-04
343,g06-045l-03-03
343,g06-042l-04-06
343,g06-011l-00-12
343,g06-031l-03-02
343,g06-031l-05-10
343,g06-011l-08-02
343,g06-026l-05-00
343,g06-045l-04-01
343,g06-037l-01-07
343,g06-011l-00-00
343,g06-011l-03-11
343,g06-031l-00-12
343,g06-018l-04-02
343,g06-026l-03-06
343,g06-018l-03-12
343,g06-031l-05-09
343,g06-045l-00-05
343,g06-018l-01-05
343,g06-011l-08-03
343,g06-026l-03-04
343,g06-018l-02-11
343,g06-031l-05-04
343,g06-042l-02-05
343,g06-031l-04-05
343,g06-031l-02-10
343,g06-037l-01-04
343,g06-042l-03-05
343,g06-037l-02-00
343,g06-011l-05-02
343,g06-018l-03-03
343,g06-047l-00-06
343,g06-018l-01-02
343,g06-037l-02-05
343,g06-026l-04-06
343,g06-045l-02-03
343,g06-037l-03-09
343,g06-026l-00-05
343,g06-047l-04-02
343,g06-031l-01-00
343,g06-042l-00-05
343,g06-050l-04-06
343,g06-026l-00-07
343,g06-050l-00-01
343,g06-011l-00-04
343,g06-045l-04-08
343,g06-045l-05-08
343,g06-031l-01-06
343,g06-037l-09-00
343,g06-045l-05-01
343,g06-031l-00-03
343,g06-031l-02-02
343,g06-031l-02-06
343,g06-045l-04-04
343,g06-037l-01-02
343,g06-037l-03-10
343,g06-011l-05-03
343,g06-031l-04-02
343,g06-050l-05-06
343,g06-050l-03-00
343,g06-026l-05-02
343,g06-037l-02-01
343,g06-050l-04-05
343,g06-026l-03-01
343,g06-037l-01-10
343,g06-045l-02-05
343,g06-031l-00-04
343,g06-047l-01-01
343,g06-050l-00-06
343,g06-045l-05-09
343,g06-011l-01-09
343,g06-018l-03-01
343,g06-011l-06-02
343,g06-031l-02-12
343,g06-045l-04-05
343,g06-050l-07-01
343,g06-031l-00-06
344,g06-026m-01-08
344,g06-042m-04-04
344,g06-042m-01-02
344,g06-050m-04-00
344,g06-011m-08-04
344,g06-031m-00-01
344,g06-011m-02-08
344,g06-018m-06-03
344,g06-050m-05-04
344,g06-047m-05-05
344,g06-011m-04-04
344,g06-045m-03-07
344,g06-037m-00-06
344,g06-031m-05-07
344,g06-042m-00-01
344,g06-011m-04-09
344,g06-047m-08-01
344,g06-042m-01-00
344,g06-031m-00-03
344,g06-031m-01-06
344,g06-037m-05-04
344,g06-045m-03-03
344,g06-050m-06-04
344,g06-031m-05-05
344,g06-037m-00-09
344,g06-045m-08-00
344,g06-042m-02-03
344,g06-050m-05-05
344,g06-042m-00-04
344,g06-037m-00-08
344,g06-047m-07-03
344,g06-011m-01-00
344,g06-018m-04-07
344,g06-018m-03-02
344,g06-031m-04-01
344,g06-037m-09-02
344,g06-011m-08-00
344,g06-045m-07-04
344,g06-042m-02-00
344,g06-018m-02-03
344,g06-011m-08-03
344,g06-037m-07-05
344,g06-037m-10-06
344,g06-047m-05-02
344,g06-026m-04-09
344,g06-047m-05-00
344,g06-042m-02-01
344,g06-011m-03-03
344,g06-037m-00-05
344,g06-011m-01-03
344,g06-018m-00-03
344,g06-018m-04-06
344,g06-011m-09-00
344,g06-042m-00-00
344,g06-042m-01-03
344,g06-018m-01-01
344,g06-031m-01-03
344,g06-037m-01-03
344,g06-031m-05-00
344,g06-037m-08-00
344,g06-050m-00-02
344,g06-031m-01-08
344,g06-031m-02-07
344,g06-018m-02-01
344,g06-026m-04-02
344,g06-011m-02-05
344,g06-011m-06-05
344,g06-037m-06-00
344,g06-026m-05-00
344,g06-042m-04-02
344,g06-018m-06-08
344,g06-018m-05-02
344,g06-031m-05-06
344,g06-026m-05-02
344,g06-042m-00-08
344,g06-031m-07-05
344,g06-011m-03-10
344,g06-045m-04-02
344,g06-026m-04-06
344,g06-047m-07-00
344,g06-037m-04-02
344,g06-018m-07-03
344,g06-011m-07-06
344,g06-031m-00-10
344,g06-045m-08-01
344,g06-037m-00-10
344,g06-050m-05-06
344,g06-047m-04-02
344,g06-011m-02-01
344,g06-018m-03-12
344,g06-026m-04-08
344,g06-050m-05-02
344,g06-050m-04-02
344,g06-018m-01-05
344,g06-045m-08-03
344,g06-045m-06-04
344,g06-031m-02-04
344,g06-045m-05-07
344,g06-031m-07-02
344,g06-031m-08-00
344,g06-047m-07-05
344,g06-037m-08-06
344,g06-050m-00-05
344,g06-031m-00-08
344,g06-037m-02-05
344,g06-047m-01-04
344,g06-037m-02-00
344,g06-050m-08-06
344,g06-011m-03-05
344,g06-042m-04-00
344,g06-018m-04-01
344,g06-042m-05-00
344,g06-026m-06-05
344,g06-037m-09-01
344,g06-026m-02-09
344,g06-047m-00-07
344,g06-050m-07-04
344,g06-037m-08-05
344,g06-031m-06-02
344,g06-011m-02-07
344,g06-018m-03-11
344,g06-045m-03-04
344,g06-018m-06-06
344,g06-011m-06-07
344,g06-042m-06-01
344,g06-045m-05-08
344,g06-045m-06-05
344,g06-018m-00-00
344,g06-047m-04-04
344,g06-011m-09-06
344,g06-037m-08-02
344,g06-050m-04-04
344,g06-011m-03-08
344,g06-011m-07-02
344,g06-018m-03-10
344,g06-026m-04-03
344,g06-018m-02-00
344,g06-011m-01-05
344,g06-037m-02-09
344,g06-011m-02-04
344,g06-011m-02-06
344,g06-042m-04-05
344,g06-018m-06-00
344,g06-047m-03-06
344,g06-037m-04-03
344,g06-031m-00-05
344,g06-045m-03-01
344,g06-011m-09-07
344,g06-031m-03-00
344,g06-037m-01-10
344,g06-037m-10-01
344,g06-050m-07-06
344,g06-011m-08-05
344,g06-050m-07-02
344,g06-045m-03-05
344,g06-037m-07-04
344,g06-018m-03-13
344,g06-018m-03-09
344,g06-047m-01-00
344,g06-047m-07-01
344,g06-011m-00-00
344,g06-050m-09-01
344,g06-011m-04-06
344,g06-037m-09-00
344,g06-026m-01-07
344,g06-050m-06-01
344,g06-011m-01-09
344,g06-037m-00-03
344,g06-037m-05-01
344,g06-045m-00-06
344,g06-018m-04-08
344,g06-045m-03-06
344,g06-047m-03-08
344,g06-011m-03-04
344,g06-042m-01-04
344,g06-045m-07-00
344,g06-045m-06-00
344,g06-045m-00-04
344,g06-031m-00-14
344,g06-050m-02-01
344,g06-050m-02-06
344,g06-018m-02-04
344,g06-042m-06-00
344,g06-045m-06-01
344,g06-045m-05-02
344,g06-031m-05-03
344,g06-050m-02-07
344,g06-042m-03-06
344,g06-018m-00-05
344,g06-037m-05-05
344,g06-045m-07-05
344,g06-042m-01-10
344,g06-011m-01-07
344,g06-026m-02-03
344,g06-026m-02-05
344,g06-031m-08-01
344,g06-050m-08-03
344,g06-011m-03-09
344,g06-045m-01-04
344,g06-018m-03-00
344,g06-018m-07-07
344,g06-037m-01-08
344,g06-026m-00-08
344,g06-026m-00-09
344,g06-011m-06-10
344,g06-031m-00-00
344,g06-045m-04-00
344,g06-045m-05-03
344,g06-031m-04-03
344,g06-011m-03-11
344,g06-031m-04-02
344,g06-026m-02-07
344,g06-011m-01-02
344,g06-037m-10-07
344,g06-045m-00-00
344,g06-045m-07-06
344,g06-011m-00-09
344,g06-050m-08-04
344,g06-031m-00-09
344,g06-018m-05-07
344,g06-042m-05-04
344,g06-011m-09-04
344,g06-050m-00-01
344,g06-042m-01-08
344,g06-037m-02-08
344,g06-026m-04-01
344,g06-042m-04-07
344,g06-026m-01-01
344,g06-011m-03-12
344,g06-011m-07-07
344,g06-037m-10-03
344,g06-011m-08-01
344,g06-042m-00-07
344,g06-050m-02-03
344,g06-026m-03-01
344,g06-026m-05-03
344,g06-031m-00-11
344,g06-037m-04-01
344,g06-018m-04-09
344,g06-011m-00-03
344,g06-037m-06-06
344,g06-031m-02-06
344,g06-026m-00-05
344,g06-018m-05-00
344,g06-037m-06-05
344,g06-031m-04-07
344,g06-026m-06-00
344,g06-045m-05-05
344,g06-018m-07-05
344,g06-018m-07-10
344,g06-047m-01-03
344,g06-026m-06-04
344,g06-050m-00-03
344,g06-031m-02-03
344,g06-047m-02-05
344,g06-018m-07-06
344,g06-031m-07-07
344,g06-037m-03-01
344,g06-037m-07-02
344,g06-042m-00-11
344,g06-026m-01-05
344,g06-037m-09-05
344,g06-037m-01-09
344,g06-042m-03-04
344,g06-018m-01-04
344,g06-042m-04-01
344,g06-011m-06-03
344,g06-047m-07-02
344,g06-037m-02-06
344,g06-031m-07-04
344,g06-018m-01-08
344,g06-047m-00-06
344,g06-037m-05-06
344,g06-047m-00-03
344,g06-031m-08-04
344,g06-011m-01-06
344,g06-031m-01-04
344,g06-031m-03-02
344,g06-011m-00-04
344,g06-031m-06-09
344,g06-050m-06-03
344,g06-026m-03-06
344,g06-045m-02-06
344,g06-011m-09-02
344,g06-050m-04-06
344,g06-011m-04-10
344,g06-018m-07-08
344,g06-047m-02-01
344,g06-018m-05-01
344,g06-037m-02-07
344,g06-042m-02-07
344,g06-018m-06-01
344,g06-047m-08-04
344,g06-050m-08-07
344,g06-047m-03-00
344,g06-031m-02-00
344,g06-047m-00-04
344,g06-026m-01-00
344,g06-042m-00-02
344,g06-011m-07-08
344,g06-050m-09-05
344,g06-011m-08-08
344,g06-047m-01-01
344,g06-011m-00-01
344,g06-045m-00-05
344,g06-050m-08-00
344,g06-026m-00-01
344,g06-050m-02-04
344,g06-050m-09-04
344,g06-050m-08-05
344,g06-037m-04-05
344,g06-047m-08-00
344,g06-047m-03-01
344,g06-047m-02-08
344,g06-037m-03-06
344,g06-011m-00-07
344,g06-047m-02-03
344,g06-045m-04-04
344,g06-042m-00-06
344,g06-018m-01-03
344,g06-045m-02-07
344,g06-047m-05-01
344,g06-011m-01-04
344,g06-050m-08-02
344,g06-047m-02-06
344,g06-050m-07-07
344,g06-042m-06-05
344,g06-037m-02-01
344,g06-045m-06-02
344,g06-018m-02-05
344,g06-045m-00-03
344,g06-047m-00-02
344,g06-045m-03-02
344,g06-011m-02-00
344,g06-011m-07-03
344,g06-037m-08-04
344,g06-050m-05-07
344,g06-011m-03-00
344,g06-047m-02-07
344,g06-018m-04-04
344,g06-031m-06-03
344,g06-050m-02-08
344,g06-037m-07-01
344,g06-026m-03-03
344,g06-047m-02-09
344,g06-011m-07-04
344,g06-050m-05-03
344,g06-042m-03-01
344,g06-050m-00-00
344,g06-018m-05-03
344,g06-031m-04-00
344,g06-031m-02-08
344,g06-018m-02-07
344,g06-011m-03-06
344,g06-026m-06-02
344,g06-037m-02-03
344,g06-018m-01-07
344,g06-050m-06-00
344,g06-031m-06-05
344,g06-011m-02-09
344,g06-037m-05-02
344,g06-011m-03-14
344,g06-045m-01-02
344,g06-050m-02-02
344,g06-031m-07-01
344,g06-037m-07-06
344,g06-011m-09-05
344,g06-037m-06-04
344,g06-026m-05-04
344,g06-037m-03-02
344,g06-018m-00-07
344,g06-026m-00-04
344,g06-045m-02-02
344,g06-037m-06-03
344,g06-011m-02-02
344,g06-026m-06-03
344,g06-037m-08-07
344,g06-037m-03-09
344,g06-011m-00-02
344,g06-047m-00-01
344,g06-050m-05-01
344,g06-018m-02-02
344,g06-045m-01-00
344,g06-050m-04-05
344,g06-047m-01-02
344,g06-018m-03-08
344,g06-031m-01-02
344,g06-031m-03-01
344,g06-042m-00-10
344,g06-011m-04-02
344,g06-018m-05-09
344,g06-018m-03-04
344,g06-031m-05-01
344,g06-050m-06-02
344,g06-031m-02-01
344,g06-031m-08-02
344,g06-037m-00-04
344,g06-042m-04-03
344,g06-011m-08-07
344,g06-042m-05-03
344,g06-018m-01-06
344,g06-042m-06-03
344,g06-050m-02-00
344,g06-050m-09-00
344,g06-042m-03-02
344,g06-026m-03-07
344,g06-042m-05-01
344,g06-042m-02-02
344,g06-037m-10-05
344,g06-018m-07-02
344,g06-031m-07-06
344,g06-026m-03-02
344,g06-047m-03-05
344,g06-011m-09-08
344,g06-011m-03-15
344,g06-037m-03-07
344,g06-018m-00-06
344,g06-011m-06-09
344,g06-011m-07-00
344,g06-031m-04-08
344,g06-042m-02-04
344,g06-011m-06-04
344,g06-026m-04-10
344,g06-031m-00-06
344,g06-047m-03-04
344,g06-047m-00-05
344,g06-018m-00-02
344,g06-047m-07-04
344,g06-037m-05-00
344,g06-047m-02-02
344,g06-047m-05-04
344,g06-037m-01-06
344,g06-031m-06-07
344,g06-050m-04-01
344,g06-042m-01-09
344,g06-026m-05-01
344,g06-037m-02-04
344,g06-018m-01-02
344,g06-037m-07-03
344,g06-037m-06-01
344,g06-050m-00-06
344,g06-018m-02-08
344,g06-045m-02-05
344,g06-037m-00-00
344,g06-037m-00-01
344,g06-037m-09-04
344,g06-031m-01-01
344,g06-047m-08-03
344,g06-045m-00-07
344,g06-037m-04-00
344,g06-018m-02-06
344,g06-047m-03-03
344,g06-026m-04-11
344,g06-042m-02-06
344,g06-031m-03-03
344,g06-037m-09-03
344,g06-037m-03-08
344,g06-047m-00-00
344,g06-047m-04-01
344,g06-018m-00-09
344,g06-011m-07-01
344,g06-031m-01-05
344,g06-018m-07-04
344,g06-045m-01-06
344,g06-018m-06-02
344,g06-018m-03-07
344,g06-042m-06-02
344,g06-026m-01-04
344,g06-031m-00-13
344,g06-011m-00-06
344,g06-037m-03-00
344,g06-026m-02-04
344,g06-026m-00-00
344,g06-011m-03-02
344,g06-011m-03-01
344,g06-042m-02-05
344,g06-026m-03-05
344,g06-037m-03-05
344,g06-031m-06-00
344,g06-042m-01-06
344,g06-018m-04-02
344,g06-050m-07-05
344,g06-031m-00-02
344,g06-042m-00-09
344,g06-045m-01-03
344,g06-031m-06-06
344,g06-011m-04-03
344,g06-045m-00-02
344,g06-011m-06-02
344,g06-018m-00-01
344,g06-042m-00-05
344,g06-026m-00-07
344,g06-037m-01-04
344,g06-037m-00-07
344,g06-050m-07-01
344,g06-050m-07-00
344,g06-031m-08-03
344,g06-018m-03-05
344,g06-011m-04-08
344,g06-018m-06-05
344,g06-031m-03-07
344,g06-018m-03-06
344,g06-011m-09-01
344,g06-042m-01-05
344,g06-018m-07-09
344,g06-026m-02-02
344,g06-045m-08-02
344,g06-026m-01-02
344,g06-031m-06-01
344,g06-037m-02-02
344,g06-018m-04-00
344,g06-031m-04-04
344,g06-050m-07-03
344,g06-037m-10-04
344,g06-031m-03-08
344,g06-045m-02-00
344,g06-011m-06-00
344,g06-018m-02-10
344,g06-011m-09-03
344,g06-026m-04-00
344,g06-047m-02-00
344,g06-011m-06-06
344,g06-018m-00-08
344,g06-031m-05-02
344,g06-026m-03-00
344,g06-037m-05-03
344,g06-011m-03-13
344,g06-037m-06-02
344,g06-045m-01-01
344,g06-050m-04-03
344,g06-037m-01-01
344,g06-045m-05-01
344,g06-037m-00-02
344,g06-031m-00-04
344,g06-011m-06-01
344,g06-037m-03-03
344,g06-045m-04-03
344,g06-031m-02-09
344,g06-047m-04-00
344,g06-037m-10-02
344,g06-018m-05-06
344,g06-018m-06-07
344,g06-018m-02-09
344,g06-042m-03-03
344,g06-011m-00-08
344,g06-045m-07-02
344,g06-018m-01-00
344,g06-026m-04-05
344,g06-031m-01-00
344,g06-011m-08-06
344,g06-045m-06-06
344,g06-011m-08-02
344,g06-037m-04-04
344,g06-045m-05-06
344,g06-045m-04-01
344,g06-026m-05-05
344,g06-042m-01-01
344,g06-037m-04-07
344,g06-050m-09-02
344,g06-026m-02-08
344,g06-042m-04-06
344,g06-047m-05-06
344,g06-045m-07-03
344,g06-037m-01-02
344,g06-026m-04-07
344,g06-037m-03-04
344,g06-018m-07-01
344,g06-045m-00-01
344,g06-037m-08-03
344,g06-026m-06-01
344,g06-018m-05-05
344,g06-011m-06-08
344,g06-045m-02-03
344,g06-026m-03-08
344,g06-047m-04-03
344,g06-047m-01-05
344,g06-045m-07-01
344,g06-047m-03-07
344,g06-045m-02-01
344,g06-018m-04-05
344,g06-031m-04-05
344,g06-045m-03-00
344,g06-045m-03-08
344,g06-026m-03-10
344,g06-031m-06-08
344,g06-050m-09-03
344,g06-037m-08-01
344,g06-026m-00-03
344,g06-037m-04-06
344,g06-018m-05-04
344,g06-031m-05-04
344,g06-050m-05-00
344,g06-026m-03-09
344,g06-037m-01-05
344,g06-045m-02-04
344,g06-050m-00-04
344,g06-042m-06-04
344,g06-045m-05-04
344,g06-050m-08-01
344,g06-011m-04-01
344,g06-018m-06-04
344,g06-042m-00-03
344,g06-047m-08-02
344,g06-031m-03-06
344,g06-018m-00-04
344,g06-031m-04-09
344,g06-037m-01-00
344,g06-042m-03-00
344,g06-026m-02-06
344,g06-011m-04-05
344,g06-047m-02-04
344,g06-037m-01-07
344,g06-050m-00-07
344,g06-031m-02-10
344,g06-018m-01-09
344,g06-011m-02-03
344,g06-047m-03-02
344,g06-018m-05-08
344,g06-011m-04-07
344,g06-011m-03-07
344,g06-031m-00-07
344,g06-042m-02-08
344,g06-026m-00-06
344,g06-031m-03-04
344,g06-031m-03-05
344,g06-031m-07-00
344,g06-045m-01-05
344,g06-018m-07-00
344,g06-031m-07-03
344,g06-026m-01-06
344,g06-031m-02-05
344,g06-018m-04-03
344,g06-045m-05-00
344,g06-026m-02-01
344,g06-026m-02-00
344,g06-011m-01-01
344,g06-026m-03-04
344,g06-011m-00-05
344,g06-042m-03-05
344,g06-047m-05-03
344,g06-031m-02-02
344,g06-011m-07-05
344,g06-018m-03-01
344,g06-011m-01-08
344,g06-031m-06-04
344,g06-042m-01-07
344,g06-026m-01-03
344,g06-011m-04-00
344,g06-042m-05-02
344,g06-047m-03-09
511,m01-090-00-04
511,m01-090-02-07
511,m01-090-05-01
511,m01-090-05-02
511,m01-090-00-02
511,m01-090-05-03
511,m01-090-02-01
511,m01-090-05-08
511,m01-090-03-04
511,m01-090-01-06
511,m01-090-00-06
511,m01-090-01-03
511,m01-090-06-07
511,m01-090-06-03
511,m01-090-04-00
511,m01-090-06-04
511,m01-090-04-01
511,m01-090-01-08
511,m01-090-05-10
511,m01-090-03-09
511,m01-090-02-00
511,m01-090-04-03
511,m01-090-04-02
511,m01-090-03-03
511,m01-090-01-04
511,m01-090-07-03
511,m01-090-07-02
511,m01-090-04-07
511,m01-090-03-06
511,m01-090-06-08
511,m01-090-07-04
511,m01-090-06-01
511,m01-090-06-05
511,m01-090-00-05
511,m01-090-02-08
511,m01-090-03-08
511,m01-090-04-06
511,m01-090-02-06
511,m01-090-04-05
511,m01-090-03-00
511,m01-090-02-09
511,m01-090-03-05
511,m01-090-02-03
511,m01-090-00-03
511,m01-090-04-09
511,m01-090-04-08
511,m01-090-03-01
511,m01-090-02-05
511,m01-090-03-07
511,m01-090-06-00
511,m01-090-02-04
511,m01-090-06-09
511,m01-090-00-09
511,m01-090-07-01
511,m01-090-00-00
511,m01-090-07-06
511,m01-090-03-02
511,m01-090-01-07
511,m01-090-00-08
511,m01-090-05-04
511,m01-090-00-01
511,m01-090-05-07
511,m01-090-00-10
511,m01-090-06-02
511,m01-090-05-05
511,m01-090-06-06
511,m01-090-01-09
511,m01-090-07-05
511,m01-090-04-04
511,m01-090-05-06
511,m01-090-02-02
511,m01-090-05-09
511,m01-090-02-10
511,m01-090-01-00
511,m01-090-01-05
511,m01-090-01-02
511,m01-090-02-11
511,m01-090-07-00
511,m01-090-01-01
511,m01-090-05-00
511,m01-090-00-07
515,m01-115-04-06
515,m01-115-01-02
515,m01-115-06-03
515,m01-115-03-08
515,m01-115-00-05
515,m01-115-03-04
515,m01-115-00-02
515,m01-115-05-00
515,m01-115-06-00
515,m01-115-06-02
515,m01-115-03-03
515,m01-115-01-06
515,m01-115-07-05
515,m01-115-02-06
515,m01-115-00-03
515,m01-115-06-08
515,m01-115-05-01
515,m01-115-01-03
515,m01-115-01-10
515,m01-115-03-06
515,m01-115-07-01
515,m01-115-07-02
515,m01-115-04-03
515,m01-115-02-02
515,m01-115-00-00
515,m01-115-03-09
515,m01-115-01-00
515,m01-115-03-07
515,m01-115-01-05
515,m01-115-04-08
515,m01-115-01-07
515,m01-115-05-06
515,m01-115-05-07
515,m01-115-07-03
515,m01-115-03-05
515,m01-115-02-04
515,m01-115-03-01
515,m01-115-01-04
515,m01-115-04-05
515,m01-115-01-01
515,m01-115-05-05
515,m01-115-08-00
515,m01-115-02-03
515,m01-115-06-06
515,m01-115-00-07
515,m01-115-06-05
515,m01-115-03-02
515,m01-115-06-01
515,m01-115-04-04
515,m01-115-03-00
515,m01-115-00-06
515,m01-115-00-08
515,m01-115-05-02
515,m01-115-07-04
515,m01-115-04-02
515,m01-115-07-06
515,m01-115-02-00
515,m01-115-02-05
515,m01-115-08-01
515,m01-115-06-07
515,m01-115-02-08
515,m01-115-04-01
515,m01-115-05-04
515,m01-115-00-01
515,m01-115-07-00
515,m01-115-01-08
515,m01-115-00-04
515,m01-115-04-07
515,m01-115-02-01
515,m01-115-06-04
515,m01-115-02-07
515,m01-115-05-03
519,m01-160-05-02
519,m01-160-06-01
519,m01-160-05-00
519,m01-160-03-08
519,m01-160-03-01
519,m01-160-04-04
519,m01-160-05-04
519,m01-160-05-05
519,m01-160-04-02
519,m01-160-03-07
519,m01-160-03-03
519,m01-160-03-00
519,m01-160-00-00
519,m01-160-02-05
519,m01-160-00-01
519,m01-160-01-05
519,m01-160-01-03
519,m01-160-01-00
519,m01-160-05-01
519,m01-160-00-06
519,m01-160-06-00
519,m01-160-03-02
519,m01-160-05-07
519,m01-160-04-06
519,m01-160-02-02
519,m01-160-02-01
519,m01-160-04-01
519,m01-160-03-04
519,m01-160-01-01
519,m01-160-04-00
519,m01-160-01-02
519,m01-160-04-05
519,m01-160-00-08
519,m01-160-04-03
519,m01-160-06-02
519,m01-160-03-05
519,m01-160-00-04
519,m01-160-02-03
519,m01-160-05-06
519,m01-160-00-03
519,m01-160-02-00
519,m01-160-00-05
519,m01-160-02-06
519,m01-160-00-07
519,m01-160-02-04
519,m01-160-05-03
519,m01-160-01-04
519,m01-160-01-06
519,m01-160-00-02
519,m01-160-03-06
519,m01-160-06-03
519,m01-160-02-07
521,m02-052-02-02
521,m02-052-06-01
521,m02-052-03-00
521,m02-052-05-01
521,m02-052-04-00
521,m02-052-03-08
521,m02-052-05-00
521,m02-052-06-05
521,m02-052-04-08
521,m02-052-05-10
521,m02-052-04-05
521,m02-052-05-07
521,m02-052-05-02
521,m02-052-02-01
521,m02-052-02-07
521,m02-052-04-07
521,m02-052-02-04
521,m02-052-06-04
521,m02-052-06-06
521,m02-052-02-05
521,m02-052-02-08
521,m02-052-03-07
521,m02-052-05-09
521,m02-052-05-04
521,m02-052-06-09
521,m02-052-05-06
521,m02-052-06-02
521,m02-052-06-08
521,m02-052-04-06
521,m02-052-03-01
521,m02-052-06-00
521,m02-052-05-08
521,m02-052-05-05
521,m02-052-06-03
521,m02-052-03-06
521,m02-052-02-00
521,m02-052-02-03
521,m02-052-02-06
521,m02-052-05-03
521,m02-052-06-07
521,m02-052-03-03
521,m02-052-03-02
521,m02-052-03-05
521,m02-052-04-01
521,m02-052-04-04
527,m02-106-00-01
527,m02-106-09-06
527,m02-106-01-08
527,m02-106-03-03
527,m02-106-01-04
527,m02-106-00-06
527,m02-075-06-02
527,m02-106-09-00
527,m02-106-07-00
527,m02-075-04-03
527,m02-075-06-04
527,m02-075-05-05
527,m02-106-02-04
527,m02-075-00-01
527,m02-106-05-07
527,m02-075-00-09
527,m02-106-05-04
527,m02-075-00-08
527,m02-106-05-03
527,m02-106-07-04
527,m02-106-00-03
527,m02-106-03-07
527,m02-075-02-07
527,m02-075-05-01
527,m02-075-02-02
527,m02-075-02-06
527,m02-106-05-08
527,m02-075-07-02
527,m02-106-07-03
527,m02-106-09-02
527,m02-075-01-07
527,m02-075-02-05
527,m02-075-01-06
527,m02-106-09-09
527,m02-106-02-05
527,m02-075-06-05
527,m02-075-00-02
527,m02-106-05-06
527,m02-106-02-06
527,m02-106-08-05
527,m02-075-02-04
527,m02-075-00-03
527,m02-106-05-00
527,m02-075-04-02
527,m02-075-06-01
527,m02-075-06-06
527,m02-075-07-03
527,m02-106-01-06
527,m02-106-01-05
527,m02-106-02-01
527,m02-075-00-07
527,m02-106-01-03
527,m02-106-09-05
527,m02-106-03-01
527,m02-075-04-01
527,m02-106-00-08
527,m02-106-09-07
527,m02-075-01-00
527,m02-075-00-00
527,m02-106-02-02
527,m02-106-05-01
527,m02-075-00-06
527,m02-106-00-07
527,m02-075-06-00
527,m02-106-07-01
527,m02-075-05-00
527,m02-075-07-01
527,m02-106-09-08
527,m02-106-09-01
527,m02-075-05-04
527,m02-106-01-02
527,m02-075-05-07
527,m02-075-06-07
527,m02-075-00-05
527,m02-106-09-10
527,m02-075-04-05
527,m02-075-02-01
527,m02-106-07-06
527,m02-106-08-00
527,m02-106-01-07
527,m02-075-01-01
527,m02-106-02-00
527,m02-106-03-02
527,m02-106-00-04
527,m02-106-08-04
527,m02-075-02-03
527,m02-075-06-03
527,m02-106-03-06
527,m02-075-01-04
527,m02-075-01-03
527,m02-075-01-05
527,m02-106-01-10
527,m02-106-03-00
527,m02-106-08-02
527,m02-075-04-07
527,m02-106-01-09
527,m02-075-05-06
527,m02-106-08-06
527,m02-106-09-03
527,m02-075-05-02
527,m02-106-08-07
527,m02-106-00-05
527,m02-106-07-05
527,m02-106-05-02
527,m02-106-07-02
527,m02-106-02-03
527,m02-106-05-09
527,m02-106-03-04
527,m02-075-05-03
527,m02-106-08-08
527,m02-106-02-07
527,m02-075-04-06
527,m02-075-04-04
527,m02-106-09-04
527,m02-075-04-00
527,m02-106-05-05
527,m02-106-01-00
527,m02-106-00-02
527,m02-106-03-05
527,m02-106-00-00
527,m02-106-01-01
527,m02-075-02-00
527,m02-106-08-01
529,m02-083-00-04
529,m02-083-06-07
529,m02-083-06-09
529,m02-083-06-01
529,m02-083-01-00
529,m02-083-05-04
529,m02-083-03-08
529,m02-083-02-05
529,m02-083-03-11
529,m02-083-07-01
529,m02-083-01-06
529,m02-083-08-03
529,m02-083-02-06
529,m02-083-09-11
529,m02-083-02-01
529,m02-083-03-05
529,m02-083-09-04
529,m02-083-09-02
529,m02-083-08-02
529,m02-083-06-03
529,m02-083-03-07
529,m02-083-07-06
529,m02-083-00-00
529,m02-083-03-01
529,m02-083-07-00
529,m02-083-02-02
529,m02-083-04-05
529,m02-083-07-04
529,m02-083-06-00
529,m02-083-08-06
529,m02-083-09-08
529,m02-083-08-04
529,m02-083-05-02
529,m02-083-00-02
529,m02-083-09-06
529,m02-083-03-10
529,m02-083-06-04
529,m02-083-00-01
529,m02-083-05-06
529,m02-083-07-05
529,m02-083-09-09
529,m02-083-04-01
529,m02-083-01-03
529,m02-083-02-04
529,m02-083-09-01
529,m02-083-07-02
529,m02-083-04-04
529,m02-083-05-00
529,m02-083-08-05
529,m02-083-07-07
529,m02-083-00-10
529,m02-083-03-12
529,m02-083-00-08
529,m02-083-03-04
529,m02-083-04-02
529,m02-083-07-03
529,m02-083-05-05
529,m02-083-08-07
529,m02-083-03-13
529,m02-083-05-01
529,m02-083-06-02
529,m02-083-09-00
529,m02-083-00-07
529,m02-083-04-03
529,m02-083-06-06
529,m02-083-00-03
529,m02-083-07-08
529,m02-083-00-09
529,m02-083-01-05
529,m02-083-03-03
529,m02-083-09-05
529,m02-083-04-06
529,m02-083-00-05
529,m02-083-09-10
529,m02-083-01-01
529,m02-083-03-00
529,m02-083-01-07
529,m02-083-04-07
529,m02-083-03-02
529,m02-083-00-06
529,m02-083-03-09
529,m02-083-02-07
529,m02-083-03-06
529,m02-083-08-01
529,m02-083-01-04
529,m02-083-05-03
529,m02-083-09-03
529,m02-083-06-05
529,m02-083-06-08
529,m02-083-09-07
529,m02-083-02-03
529,m02-083-08-00
529,m02-083-01-02
529,m02-083-04-00
529,m02-083-02-00
529,m02-083-05-07
531,m02-090-08-01
531,m02-090-08-03
531,m02-090-00-08
531,m02-090-05-01
531,m02-090-02-08
531,m02-090-08-06
531,m02-090-07-03
531,m02-090-03-01
531,m02-090-03-08
531,m02-090-06-03
531,m02-090-05-09
531,m02-090-01-08
531,m02-090-07-09
531,m02-090-07-01
531,m02-090-00-04
531,m02-090-07-04
531,m02-090-08-04
531,m02-090-01-03
531,m02-090-03-06
531,m02-090-06-09
531,m02-090-05-07
531,m02-090-06-05
531,m02-090-00-10
531,m02-090-08-08
531,m02-090-01-09
531,m02-090-08-02
531,m02-090-06-06
531,m02-090-04-04
531,m02-090-07-10
531,m02-090-02-02
531,m02-090-02-00
531,m02-090-04-05
531,m02-090-07-06
531,m02-090-00-00
531,m02-090-01-10
531,m02-090-06-00
531,m02-090-01-01
531,m02-090-03-03
531,m02-090-04-00
531,m02-090-01-11
531,m02-090-03-10
531,m02-090-00-01
531,m02-090-06-11
531,m02-090-02-06
531,m02-090-05-03
531,m02-090-00-02
531,m02-090-01-02
531,m02-090-03-07
531,m02-090-07-02
531,m02-090-04-01
531,m02-090-05-05
531,m02-090-05-06
531,m02-090-07-07
531,m02-090-00-06
531,m02-090-04-07
531,m02-090-07-00
531,m02-090-06-07
531,m02-090-04-03
531,m02-090-02-01
531,m02-090-00-03
531,m02-090-06-08
531,m02-090-06-02
531,m02-090-02-03
531,m02-090-07-08
531,m02-090-08-05
531,m02-090-06-01
531,m02-090-02-04
531,m02-090-03-00
531,m02-090-04-06
531,m02-090-00-09
531,m02-090-06-04
531,m02-090-02-05
531,m02-090-08-00
531,m02-090-01-07
531,m02-090-03-05
531,m02-090-03-04
531,m02-090-03-02
531,m02-090-07-05
531,m02-090-04-08
531,m02-090-02-07
531,m02-090-01-04
531,m02-090-06-10
531,m02-090-03-09
531,m02-090-01-05
531,m02-090-00-05
531,m02-090-04-02
531,m02-090-05-02
531,m02-090-01-00
531,m02-090-01-06
531,m02-090-08-07
531,m02-090-00-07
531,m02-090-05-00
531,m02-090-05-08
533,m02-102-00-00
533,m02-102-00-05
533,m02-102-08-01
533,m02-102-04-06
533,m02-102-06-05
533,m02-102-05-05
533,m02-102-05-01
533,m02-102-04-03
533,m02-102-02-03
533,m02-102-05-00
533,m02-102-08-04
533,m02-102-05-04
533,m02-102-08-07
533,m02-102-06-03
533,m02-102-00-01
533,m02-102-06-00
533,m02-102-00-02
533,m02-102-09-04
533,m02-102-09-06
533,m02-102-08-05
533,m02-102-09-03
533,m02-102-02-01
533,m02-102-06-07
533,m02-102-04-02
533,m02-102-04-01
533,m02-102-02-05
533,m02-102-09-05
533,m02-102-00-04
533,m02-102-05-03
533,m02-102-08-00
533,m02-102-00-06
533,m02-102-09-00
533,m02-102-02-06
533,m02-102-08-02
533,m02-102-02-00
533,m02-102-09-01
533,m02-102-08-06
533,m02-102-09-02
533,m02-102-04-04
533,m02-102-06-06
533,m02-102-00-07
533,m02-102-00-03
533,m02-102-02-02
533,m02-102-02-04
533,m02-102-02-07
533,m02-102-05-02
533,m02-102-06-01
533,m02-102-08-03
533,m02-102-04-05
533,m02-102-04-00
533,m02-102-06-04
540,m03-062-03-00
540,m03-062-05-07
540,m03-062-00-00
540,m03-062-00-05
540,m03-062-06-06
540,m03-062-06-03
540,m03-062-04-04
540,m03-062-05-05
540,m03-062-07-01
540,m03-062-08-04
540,m03-062-03-01
540,m03-062-03-07
540,m03-062-05-08
540,m03-062-03-02
540,m03-062-02-05
540,m03-062-00-03
540,m03-062-07-03
540,m03-062-02-06
540,m03-062-03-04
540,m03-062-03-06
540,m03-062-02-00
540,m03-062-04-00
540,m03-062-04-01
540,m03-062-00-06
540,m03-062-03-03
540,m03-062-05-02
540,m03-062-06-08
540,m03-062-02-03
540,m03-062-04-03
540,m03-062-08-03
540,m03-062-07-02
540,m03-062-08-00
540,m03-062-07-04
540,m03-062-04-06
540,m03-062-05-06
540,m03-062-02-01
540,m03-062-05-01
540,m03-062-06-02
540,m03-062-06-00
540,m03-062-00-04
540,m03-062-08-05
540,m03-062-02-02
540,m03-062-06-07
540,m03-062-03-05
540,m03-062-00-01
540,m03-062-00-02
540,m03-062-02-04
540,m03-062-05-00
540,m03-062-05-03
540,m03-062-08-02
540,m03-062-06-01
540,m03-062-05-04
540,m03-062-04-05
540,m03-062-07-00
540,m03-062-06-04
540,m03-062-08-01
540,m03-062-06-05
540,m03-062-04-02
541,m03-095-06-02
541,m03-095-03-07
541,m03-095-00-05
541,m03-095-00-00
541,m03-095-08-01
541,m03-095-06-06
541,m03-095-05-01
541,m03-095-06-03
541,m03-095-03-00
541,m03-095-06-00
541,m03-095-02-06
541,m03-095-05-03
541,m03-095-03-06
541,m03-095-00-04
541,m03-095-07-01
541,m03-095-07-03
541,m03-095-04-05
541,m03-095-01-05
541,m03-095-00-06
541,m03-095-04-02
541,m03-095-04-00
541,m03-095-02-00
541,m03-095-07-00
541,m03-095-03-01
541,m03-095-01-02
541,m03-095-07-02
541,m03-095-05-02
541,m03-095-07-05
541,m03-095-04-01
541,m03-095-03-05
541,m03-095-08-02
541,m03-095-00-03
541,m03-095-01-04
541,m03-095-02-03
541,m03-095-00-01
541,m03-095-03-04
541,m03-095-04-06
541,m03-095-02-01
541,m03-095-06-04
541,m03-095-07-06
541,m03-095-08-04
541,m03-095-04-04
541,m03-095-03-03
541,m03-095-02-05
541,m03-095-08-03
541,m03-095-02-04
541,m03-095-01-03
541,m03-095-06-01
541,m03-095-00-02
541,m03-095-05-00
541,m03-095-07-04
541,m03-095-06-05
541,m03-095-08-00
541,m03-095-01-00
541,m03-095-04-03
541,m03-095-02-02
541,m03-095-01-01
541,m03-095-05-04
541,m03-095-03-02
544,m04-019-00-06
544,m04-019-04-01
544,m04-007-02-04
544,m04-024-00-00
544,m04-000-00-01
544,m04-007-05-03
544,m04-000-03-00
544,m04-019-03-05
544,m04-024-06-03
544,m04-019-02-09
544,m04-012-06-01
544,m04-019-07-00
544,m04-007-04-09
544,m04-024-05-04
544,m04-024-07-03
544,m04-019-02-08
544,m04-007-08-05
544,m04-019-02-00
544,m04-012-09-01
544,m04-012-07-04
544,m04-007-02-00
544,m04-000-04-04
544,m04-024-00-06
544,m04-012-00-10
544,m04-012-01-00
544,m04-019-01-08
544,m04-007-04-00
544,m04-024-00-04
544,m04-024-02-06
544,m04-012-00-02
544,m04-019-02-10
544,m04-012-01-06
544,m04-007-08-00
544,m04-012-07-02
544,m04-024-01-00
544,m04-007-00-08
544,m04-024-00-05
544,m04-024-06-05
544,m04-024-04-06
544,m04-007-06-06
544,m04-019-07-06
544,m04-007-04-08
544,m04-007-06-05
544,m04-012-07-01
544,m04-007-02-08
544,m04-000-06-04
544,m04-019-00-10
544,m04-012-00-07
544,m04-000-00-07
544,m04-000-00-06
544,m04-000-07-05
544,m04-012-08-00
544,m04-012-04-07
544,m04-000-04-05
544,m04-024-02-05
544,m04-000-07-01
544,m04-012-02-05
544,m04-000-03-06
544,m04-000-06-08
544,m04-000-05-03
544,m04-024-03-01
544,m04-012-00-03
544,m04-019-03-04
544,m04-024-07-05
544,m04-019-06-05
544,m04-007-00-00
544,m04-012-01-03
544,m04-024-05-02
544,m04-024-05-03
544,m04-012-07-00
544,m04-012-05-00
544,m04-012-06-04
544,m04-000-04-03
544,m04-019-01-04
544,m04-000-06-06
544,m04-012-02-00
544,m04-012-05-05
544,m04-000-05-05
544,m04-012-04-05
544,m04-024-06-06
544,m04-007-00-09
544,m04-000-03-03
544,m04-024-03-00
544,m04-024-07-01
544,m04-012-01-01
544,m04-007-09-00
544,m04-024-04-05
544,m04-019-01-00
544,m04-007-04-07
544,m04-007-08-07
544,m04-012-04-08
544,m04-000-06-02
544,m04-007-06-01
544,m04-007-02-01
544,m04-000-03-01
544,m04-019-07-01
544,m04-019-03-03
544,m04-024-03-02
544,m04-012-02-03
544,m04-007-00-01
544,m04-019-04-07
544,m04-012-05-04
544,m04-024-03-07
544,m04-000-04-01
544,m04-024-03-08
544,m04-000-00-02
544,m04-012-04-06
544,m04-019-00-02
544,m04-000-00-05
544,m04-024-04-01
544,m04-024-01-04
544,m04-000-05-01
544,m04-000-04-07
544,m04-019-02-06
544,m04-024-06-07
544,m04-012-06-00
544,m04-000-03-05
544,m04-007-08-01
544,m04-024-01-07
544,m04-007-05-00
544,m04-019-02-14
544,m04-007-08-02
544,m04-012-07-07
544,m04-007-08-04
544,m04-000-04-06
544,m04-019-02-11
544,m04-024-05-06
544,m04-012-05-01
544,m04-012-03-05
544,m04-019-03-00
544,m04-012-06-02
544,m04-007-02-02
544,m04-024-00-03
544,m04-007-06-02
544,m04-019-01-05
544,m04-012-03-03
544,m04-019-00-00
544,m04-007-06-00
544,m04-019-00-09
544,m04-007-00-04
544,m04-019-02-12
544,m04-019-01-06
544,m04-012-06-06
544,m04-007-04-04
544,m04-019-05-00
544,m04-012-09-02
544,m04-012-01-05
544,m04-019-02-13
544,m04-019-02-02
544,m04-019-01-07
544,m04-000-07-03
544,m04-019-03-06
544,m04-019-04-08
544,m04-007-05-01
544,m04-012-04-02
544,m04-012-06-03
544,m04-024-00-08
544,m04-012-05-06
544,m04-000-06-01
544,m04-019-00-04
544,m04-019-00-05
544,m04-012-00-05
544,m04-000-05-06
544,m04-019-07-03
544,m04-012-00-08
544,m04-000-07-00
544,m04-012-04-03
544,m04-019-02-04
544,m04-007-02-05
544,m04-024-04-04
544,m04-024-06-02
544,m04-019-00-01
544,m04-024-05-00
544,m04-019-02-01
544,m04-000-03-02
544,m04-024-07-08
544,m04-024-07-07
544,m04-024-04-02
544,m04-012-04-01
544,m04-019-07-04
544,m04-000-00-00
544,m04-007-09-02
544,m04-024-04-09
544,m04-000-04-00
544,m04-019-03-01
544,m04-019-01-03
544,m04-024-01-05
544,m04-019-06-06
544,m04-019-04-06
544,m04-007-00-07
544,m04-024-07-00
544,m04-024-07-06
544,m04-024-06-04
544,m04-012-05-03
544,m04-012-00-04
544,m04-012-02-01
544,m04-012-01-08
544,m04-000-06-03
544,m04-007-06-07
544,m04-012-00-01
544,m04-019-05-02
544,m04-007-05-02
544,m04-024-01-02
544,m04-019-04-04
544,m04-000-04-02
544,m04-012-00-09
544,m04-024-00-01
544,m04-012-04-09
544,m04-012-03-06
544,m04-019-04-02
544,m04-007-00-05
544,m04-024-06-08
544,m04-007-00-02
544,m04-024-03-06
544,m04-012-02-06
544,m04-007-08-03
544,m04-019-07-05
544,m04-024-07-04
544,m04-007-04-02
544,m04-000-06-00
544,m04-007-04-03
544,m04-012-02-07
544,m04-012-09-00
544,m04-019-04-00
544,m04-019-02-03
544,m04-024-00-02
544,m04-024-00-07
544,m04-024-02-02
544,m04-024-04-00
544,m04-012-05-07
544,m04-000-05-04
544,m04-012-07-05
544,m04-019-06-00
544,m04-000-03-04
544,m04-019-06-04
544,m04-012-03-00
544,m04-019-00-07
544,m04-019-02-05
544,m04-024-03-03
544,m04-019-05-01
544,m04-024-04-07
544,m04-024-00-09
544,m04-019-05-06
544,m04-024-03-04
544,m04-012-00-00
544,m04-007-00-10
544,m04-012-06-05
544,m04-012-01-04
544,m04-024-05-01
544,m04-012-08-06
544,m04-000-00-04
544,m04-007-05-04
544,m04-024-06-00
544,m04-019-04-03
544,m04-012-08-01
544,m04-012-03-01
544,m04-019-07-02
544,m04-000-05-00
544,m04-019-06-03
544,m04-019-05-05
544,m04-024-02-04
544,m04-012-04-04
544,m04-007-06-04
544,m04-007-00-03
544,m04-012-01-07
544,m04-012-03-02
544,m04-024-03-05
544,m04-012-02-02
544,m04-000-04-08
544,m04-024-05-05
544,m04-012-08-02
544,m04-019-04-05
544,m04-019-03-02
544,m04-024-02-01
544,m04-019-01-02
544,m04-024-04-08
544,m04-019-06-01
544,m04-012-05-02
544,m04-012-07-03
544,m04-024-04-03
544,m04-007-05-06
544,m04-012-08-05
544,m04-007-02-06
544,m04-007-02-03
544,m04-000-05-02
544,m04-019-05-03
544,m04-012-08-03
544,m04-007-05-05
544,m04-007-00-11
544,m04-024-01-06
544,m04-007-00-06
544,m04-012-06-07
544,m04-000-06-07
544,m04-019-00-08
544,m04-024-01-03
544,m04-007-04-01
544,m04-007-02-07
544,m04-019-06-02
544,m04-024-02-00
544,m04-019-05-04
544,m04-007-02-09
544,m04-019-03-07
544,m04-007-09-01
544,m04-000-06-05
544,m04-024-02-03
544,m04-024-01-01
544,m04-019-01-01
544,m04-012-00-06
544,m04-012-01-02
544,m04-000-07-04
544,m04-000-07-02
544,m04-012-03-04
544,m04-012-04-00
544,m04-000-05-07
544,m04-007-06-03
544,m04-012-07-06
544,m04-007-08-06
544,m04-007-04-06
544,m04-024-07-02
548,m04-152-04-02
548,m04-152-01-09
548,m04-152-01-12
548,m04-180-00-06
548,m04-180-00-01
548,m04-164-02-00
548,m04-164-03-06
548,m04-164-02-13
548,m04-164-02-14
548,m04-145-04-05
548,m04-145-05-05
548,m04-145-02-06
548,m04-251-00-10
548,m04-145-03-03
548,m04-180-04-12
548,m04-164-02-04
548,m04-145-00-08
548,m04-251-00-08
548,m04-180-04-03
548,m04-152-03-03
548,m04-164-04-00
548,m04-164-06-02
548,m04-145-06-10
548,m04-180-00-05
548,m04-152-02-05
548,m04-164-04-04
548,m04-164-06-05
548,m04-145-04-09
548,m04-164-02-16
548,m04-145-02-01
548,m04-145-06-06
548,m04-145-06-09
548,m04-164-03-11
548,m04-152-03-11
548,m04-145-02-10
548,m04-180-00-13
548,m04-145-04-02
548,m04-251-01-00
548,m04-145-04-04
548,m04-152-02-09
548,m04-152-03-10
548,m04-180-04-05
548,m04-152-02-03
548,m04-145-02-05
548,m04-164-07-00
548,m04-145-03-05
548,m04-145-02-00
548,m04-145-06-04
548,m04-145-02-08
548,m04-164-06-06
548,m04-145-01-03
548,m04-145-00-03
548,m04-180-00-02
548,m04-251-01-04
548,m04-152-03-01
548,m04-145-05-04
548,m04-145-07-04
548,m04-145-01-01
548,m04-180-00-08
548,m04-152-06-02
548,m04-145-07-03
548,m04-180-01-08
548,m04-180-04-11
548,m04-251-01-07
548,m04-180-05-01
548,m04-180-01-02
548,m04-145-05-06
548,m04-145-00-04
548,m04-145-03-01
548,m04-180-05-06
548,m04-145-06-00
548,m04-145-05-02
548,m04-180-00-03
548,m04-152-04-08
548,m04-180-04-06
548,m04-152-01-08
548,m04-145-01-07
548,m04-152-02-04
548,m04-180-04-10
548,m04-145-04-01
548,m04-152-06-05
548,m04-164-06-01
548,m04-164-03-07
548,m04-180-04-00
548,m04-180-00-12
548,m04-180-05-00
548,m04-180-04-07
548,m04-180-05-05
548,m04-251-00-05
548,m04-180-04-09
548,m04-164-04-09
548,m04-180-01-03
548,m04-180-06-07
548,m04-164-02-05
548,m04-145-00-06
548,m04-180-01-00
548,m04-180-04-04
548,m04-152-06-04
548,m04-145-01-00
548,m04-251-01-05
548,m04-180-03-04
548,m04-145-01-02
548,m04-251-00-07
548,m04-145-07-00
548,m04-152-02-01
548,m04-145-06-01
548,m04-164-01-09
548,m04-251-00-09
548,m04-164-03-00
548,m04-152-03-09
548,m04-164-03-02
548,m04-152-03-02
548,m04-145-01-08
548,m04-145-03-02
548,m04-152-04-03
548,m04-251-00-03
548,m04-164-06-07
548,m04-164-06-00
548,m04-164-04-03
548,m04-152-01-02
548,m04-180-03-07
548,m04-251-00-04
548,m04-164-01-10
548,m04-145-00-05
548,m04-152-04-05
548,m04-152-02-07
548,m04-152-01-04
548,m04-251-01-03
548,m04-152-01-00
548,m04-180-03-02
548,m04-145-06-07
548,m04-164-03-12
548,m04-180-00-07
548,m04-145-07-02
548,m04-164-03-05
548,m04-145-02-04
548,m04-164-06-11
548,m04-164-03-01
548,m04-164-03-09
548,m04-251-00-02
548,m04-152-01-13
548,m04-251-02-00
548,m04-164-01-08
548,m04-145-03-06
548,m04-152-04-01
548,m04-145-04-03
548,m04-180-03-06
548,m04-164-07-02
548,m04-164-02-02
548,m04-164-04-10
548,m04-145-03-08
548,m04-180-06-05
548,m04-180-06-04
548,m04-145-05-01
548,m04-251-01-01
548,m04-251-00-06
548,m04-180-00-10
548,m04-152-04-04
548,m04-164-01-05
548,m04-180-05-08
548,m04-164-06-04
548,m04-145-04-08
548,m04-164-01-04
548,m04-164-03-13
548,m04-152-04-00
548,m04-152-06-07
548,m04-145-05-03
548,m04-180-01-06
548,m04-164-04-06
548,m04-164-06-13
548,m04-164-06-12
548,m04-145-06-03
548,m04-180-00-00
548,m04-145-01-05
548,m04-152-01-01
548,m04-152-03-08
548,m04-164-02-01
548,m04-164-02-07
548,m04-180-05-02
548,m04-180-01-07
548,m04-164-02-08
548,m04-152-06-08
548,m04-152-06-10
548,m04-180-06-06
548,m04-164-03-14
548,m04-145-02-03
548,m04-180-01-10
548,m04-164-01-06
548,m04-164-02-09
548,m04-251-00-01
548,m04-164-02-03
548,m04-152-03-06
548,m04-164-04-05
548,m04-164-02-15
548,m04-145-06-02
548,m04-145-06-08
548,m04-164-06-03
548,m04-180-03-08
548,m04-180-03-03
548,m04-180-05-07
548,m04-164-06-14
548,m04-164-02-11
548,m04-152-01-11
548,m04-164-06-09
548,m04-164-04-07
548,m04-152-01-03
548,m04-164-06-10
548,m04-164-03-04
548,m04-180-05-03
548,m04-145-06-05
548,m04-145-00-02
548,m04-180-06-00
548,m04-164-04-08
548,m04-152-04-09
548,m04-145-01-06
548,m04-164-03-03
548,m04-164-04-02
548,m04-145-05-08
548,m04-164-02-06
548,m04-180-01-05
548,m04-152-02-00
548,m04-164-03-08
548,m04-180-04-01
548,m04-145-05-07
548,m04-152-02-08
548,m04-251-01-02
548,m04-251-00-11
548,m04-145-03-04
548,m04-145-02-07
548,m04-145-00-00
548,m04-145-04-00
548,m04-164-01-02
548,m04-251-02-01
548,m04-180-03-05
548,m04-152-04-07
548,m04-145-07-01
548,m04-152-01-07
548,m04-180-04-08
548,m04-152-02-02
548,m04-251-00-00
548,m04-152-06-01
548,m04-145-04-06
548,m04-180-03-09
548,m04-152-03-07
548,m04-180-03-00
548,m04-180-05-10
548,m04-145-01-04
548,m04-145-03-09
548,m04-164-04-01
548,m04-164-07-03
548,m04-152-01-10
548,m04-145-02-09
548,m04-145-03-00
548,m04-145-00-07
548,m04-164-01-03
548,m04-145-02-02
548,m04-145-03-07
548,m04-152-04-06
548,m04-180-05-11
548,m04-164-02-12
548,m04-180-01-04
548,m04-180-00-04
548,m04-145-05-00
548,m04-164-06-08
548,m04-152-06-06
548,m04-180-01-09
548,m04-145-06-11
548,m04-251-01-06
548,m04-145-06-12
548,m04-152-01-05
548,m04-152-01-14
548,m04-164-01-07
548,m04-180-01-01
548,m04-180-04-02
548,m04-180-06-08
548,m04-164-01-00
548,m04-152-03-00
548,m04-180-00-11
548,m04-164-07-01
548,m04-152-03-04
548,m04-152-06-09
548,m04-152-06-03
548,m04-180-06-02
548,m04-164-01-01
548,m04-152-01-06
548,m04-180-06-01
548,m04-164-02-10
548,m04-180-05-09
548,m04-145-00-01
548,m04-152-03-05
548,m04-152-02-06
549,m04-190-05-05
549,m04-190-04-05
549,m04-200-01-07
549,m04-222-06-02
549,m04-222-01-00
549,m04-222-05-03
549,m04-216-03-04
549,m04-216-02-02
549,m04-209-01-07
549,m04-222-06-11
549,m04-216-04-07
549,m04-209-05-01
549,m04-190-01-03
549,m04-222-03-11
549,m04-216-02-03
549,m04-216-02-06
549,m04-222-05-05
549,m04-190-07-04
549,m04-209-04-08
549,m04-216-05-01
549,m04-222-04-00
549,m04-209-01-01
549,m04-190-07-02
549,m04-200-07-03
549,m04-190-02-00
549,m04-209-01-00
549,m04-190-02-05
549,m04-222-00-03
549,m04-190-00-01
549,m04-222-03-09
549,m04-222-07-04
549,m04-216-04-06
549,m04-222-05-09
549,m04-190-04-07
549,m04-216-01-03
549,m04-190-03-01
549,m04-200-06-01
549,m04-200-04-10
549,m04-190-03-08
549,m04-222-03-04
549,m04-209-01-10
549,m04-216-04-02
549,m04-190-00-10
549,m04-190-03-02
549,m04-216-03-07
549,m04-216-02-04
549,m04-209-06-03
549,m04-190-09-09
549,m04-190-05-06
549,m04-200-01-01
549,m04-200-05-02
549,m04-190-01-00
549,m04-216-03-03
549,m04-222-01-05
549,m04-222-03-07
549,m04-222-04-04
549,m04-216-02-00
549,m04-200-06-07
549,m04-209-00-06
549,m04-209-00-04
549,m04-216-05-10
549,m04-200-06-00
549,m04-216-04-05
549,m04-209-01-11
549,m04-200-01-05
549,m04-190-07-07
549,m04-209-02-01
549,m04-216-03-00
549,m04-209-02-09
549,m04-190-06-05
549,m04-200-05-04
549,m04-190-04-00
549,m04-216-03-06
549,m04-209-03-02
549,m04-190-07-03
549,m04-216-05-04
549,m04-222-01-01
549,m04-200-02-08
549,m04-200-04-04
549,m04-222-03-06
549,m04-190-07-06
549,m04-216-03-02
549,m04-222-05-00
549,m04-216-04-03
549,m04-190-09-12
549,m04-190-03-09
549,m04-200-04-02
549,m04-216-00-04
549,m04-200-07-02
549,m04-209-01-05
549,m04-190-00-02
549,m04-209-00-08
549,m04-216-01-08
549,m04-200-06-05
549,m04-190-07-09
549,m04-190-02-08
549,m04-190-03-03
549,m04-209-02-05
549,m04-190-09-05
549,m04-216-04-00
549,m04-200-05-09
549,m04-190-02-09
549,m04-200-04-00
549,m04-200-06-03
549,m04-209-03-03
549,m04-190-06-02
549,m04-222-01-07
549,m04-209-05-07
549,m04-190-03-00
549,m04-222-01-04
549,m04-216-01-06
549,m04-200-01-06
549,m04-209-00-01
549,m04-190-00-08
549,m04-222-00-05
549,m04-216-03-05
549,m04-209-06-01
549,m04-209-02-06
549,m04-200-02-04
549,m04-209-02-10
549,m04-190-07-05
549,m04-216-00-10
549,m04-190-03-06
549,m04-222-06-01
549,m04-209-06-00
549,m04-190-01-07
549,m04-200-05-08
549,m04-216-00-07
549,m04-190-02-07
549,m04-216-00-08
549,m04-209-03-00
549,m04-190-07-01
549,m04-209-04-00
549,m04-216-01-05
549,m04-200-05-06
549,m04-190-05-02
549,m04-190-05-01
549,m04-222-07-01
549,m04-209-04-03
549,m04-190-09-01
549,m04-216-02-08
549,m04-190-04-04
549,m04-200-02-01
549,m04-209-05-09
549,m04-216-01-00
549,m04-222-07-02
549,m04-190-05-03
549,m04-222-07-03
549,m04-222-05-11
549,m04-216-06-02
549,m04-190-04-01
549,m04-222-05-07
549,m04-209-03-04
549,m04-209-02-03
549,m04-209-01-06
549,m04-209-06-04
549,m04-190-01-01
549,m04-190-04-09
549,m04-190-00-07
549,m04-209-03-05
549,m04-209-04-01
549,m04-190-02-02
549,m04-190-06-00
549,m04-222-01-06
549,m04-200-05-11
549,m04-216-02-09
549,m04-190-03-05
549,m04-200-01-02
549,m04-209-05-04
549,m04-222-06-08
549,m04-209-02-04
549,m04-190-03-04
549,m04-216-05-06
549,m04-222-01-03
549,m04-216-04-04
549,m04-200-02-03
549,m04-222-00-09
549,m04-200-02-06
549,m04-222-00-01
549,m04-200-04-09
549,m04-216-01-01
549,m04-190-00-03
549,m04-190-04-02
549,m04-216-03-08
549,m04-209-01-09
549,m04-222-05-06
549,m04-209-01-03
549,m04-209-00-00
549,m04-216-01-09
549,m04-200-05-07
549,m04-190-00-06
549,m04-190-07-08
549,m04-190-07-00
549,m04-209-04-05
549,m04-216-00-00
549,m04-200-02-02
549,m04-222-03-01
549,m04-200-04-03
549,m04-190-04-06
549,m04-190-00-09
549,m04-190-09-13
549,m04-209-00-07
549,m04-209-06-02
549,m04-190-01-08
549,m04-222-03-03
549,m04-222-06-03
549,m04-222-06-10
549,m04-209-05-00
549,m04-190-06-03
549,m04-200-01-00
549,m04-216-00-01
549,m04-222-00-02
549,m04-222-04-08
549,m04-200-05-00
549,m04-190-09-11
549,m04-216-00-06
549,m04-222-03-00
549,m04-200-06-06
549,m04-222-03-10
549,m04-209-04-06
549,m04-190-04-08
549,m04-190-06-01
549,m04-222-00-08
549,m04-209-01-04
549,m04-209-03-07
549,m04-222-07-05
549,m04-222-05-04
549,m04-190-05-00
549,m04-209-04-07
549,m04-190-09-03
549,m04-200-04-08
549,m04-222-00-07
549,m04-216-01-04
549,m04-222-01-02
549,m04-209-03-01
549,m04-190-09-00
549,m04-216-05-03
549,m04-216-06-04
549,m04-222-04-03
549,m04-190-06-04
549,m04-222-05-01
549,m04-222-04-01
549,m04-190-09-02
549,m04-209-02-00
549,m04-222-00-06
549,m04-200-01-04
549,m04-190-02-03
549,m04-200-07-00
549,m04-209-05-08
549,m04-190-05-04
549,m04-190-09-08
549,m04-216-00-02
549,m04-209-01-02
549,m04-209-04-04
549,m04-222-04-07
549,m04-222-03-05
549,m04-190-09-04
549,m04-222-01-08
549,m04-209-03-06
549,m04-190-01-04
549,m04-209-05-03
549,m04-222-06-09
549,m04-209-05-05
549,m04-222-05-10
549,m04-200-04-07
549,m04-216-05-05
549,m04-200-05-03
549,m04-209-04-02
549,m04-222-00-00
549,m04-222-04-06
549,m04-216-02-05
549,m04-216-05-00
549,m04-216-04-01
549,m04-190-01-09
549,m04-222-06-05
549,m04-216-00-05
549,m04-200-04-05
549,m04-190-02-01
549,m04-190-09-07
549,m04-209-05-06
549,m04-190-01-06
549,m04-216-01-02
549,m04-216-01-07
549,m04-222-05-02
549,m04-200-07-01
549,m04-216-05-08
549,m04-222-04-02
549,m04-200-02-07
549,m04-209-00-05
549,m04-222-06-07
549,m04-200-02-00
549,m04-200-06-02
549,m04-209-00-02
549,m04-222-06-06
549,m04-216-05-02
549,m04-222-07-00
549,m04-190-00-00
549,m04-200-05-10
549,m04-209-00-03
549,m04-216-00-09
549,m04-200-04-12
549,m04-222-04-05
549,m04-190-09-10
549,m04-222-06-00
549,m04-216-02-07
549,m04-216-01-10
549,m04-200-01-03
549,m04-222-06-04
549,m04-200-04-01
549,m04-200-05-05
549,m04-190-00-04
549,m04-216-05-09
549,m04-222-03-08
549,m04-190-02-06
549,m04-190-06-06
549,m04-190-04-03
549,m04-190-02-04
549,m04-216-06-00
549,m04-209-02-07
549,m04-209-01-08
549,m04-200-05-01
549,m04-216-02-01
549,m04-216-06-05
549,m04-209-05-02
549,m04-209-02-08
549,m04-216-00-03
549,m04-216-03-01
549,m04-216-06-01
549,m04-190-09-06
549,m04-190-00-05
549,m04-200-04-06
549,m04-190-03-07
549,m04-200-04-11
549,m04-190-01-02
549,m04-216-06-03
549,m04-200-02-05
549,m04-190-01-05
549,m04-200-06-04
549,m04-209-02-02
549,m04-222-03-02
551,n06-148-06-02
551,n06-163-01-07
551,n06-175-07-04
551,n06-201-05-06
551,n06-163-06-08
551,n06-201-06-00
551,n06-186-01-06
551,n06-175-07-06
551,m06-019-03-07
551,n06-201-01-06
551,n06-148-06-08
551,n06-148-04-05
551,n06-163-03-09
551,n06-201-03-09
551,m06-019-06-08
551,n06-156-04-08
551,n06-163-00-05
551,n06-194-01-00
551,n06-194-05-01
551,n06-156-05-04
551,m06-019-01-12
551,n06-182-02-00
551,n06-169-03-01
551,n06-186-03-02
551,n06-186-07-06
551,n06-169-05-06
551,m06-019-07-01
551,n06-148-06-06
551,n06-186-04-10
551,n06-156-03-06
551,n06-182-05-05
551,n06-182-02-07
551,n06-156-01-05
551,n06-175-05-06
551,n06-148-07-09
551,n06-156-04-03
551,n06-156-07-09
551,n06-194-01-06
551,n06-182-07-01
551,n06-182-04-06
551,n06-148-03-07
551,n06-186-01-05
551,n06-182-06-00
551,n06-148-02-04
551,n06-148-07-10
551,n06-148-03-10
551,n06-201-02-07
551,m06-019-00-06
551,n06-156-07-03
551,n06-186-04-00
551,n06-163-06-00
551,n06-169-02-00
551,n06-156-06-03
551,n06-186-07-00
551,n06-182-03-05
551,n06-186-06-09
551,n06-148-06-07
551,n06-175-05-07
551,n06-201-01-01
551,n06-182-04-04
551,n06-186-06-00
551,n06-156-06-02
551,n06-182-00-00
551,n06-163-04-06
551,n06-194-02-05
551,n06-182-05-01
551,m06-019-00-04
551,n06-182-00-04
551,n06-163-04-08
551,n06-148-07-05
551,n06-163-06-05
551,n06-186-06-05
551,n06-163-01-06
551,m06-019-02-02
551,n06-175-01-10
551,n06-186-06-08
551,n06-186-07-02
551,n06-194-03-07
551,n06-194-00-00
551,m06-019-05-08
551,n06-186-06-01
551,n06-194-05-00
551,n06-182-07-00
551,n06-182-06-09
551,n06-182-01-08
551,n06-163-07-03
551,n06-186-06-06
551,n06-201-05-04
551,n06-148-03-04
551,n06-148-03-11
551,n06-175-03-04
551,m06-019-00-07
551,n06-169-02-07
551,n06-169-03-00
551,n06-169-03-10
551,n06-156-01-01
551,n06-175-09-00
551,n06-182-06-08
551,n06-169-03-06
551,n06-186-04-06
551,n06-156-05-03
551,n06-148-00-03
551,n06-163-04-07
551,m06-019-04-01
551,m06-019-01-11
551,n06-169-07-06
551,n06-148-04-04
551,n06-148-04-09
551,n06-163-01-02
551,n06-186-04-03
551,n06-182-07-08
551,n06-201-05-07
551,n06-201-05-03
551,n06-163-00-08
551,n06-182-01-07
551,n06-201-06-02
551,n06-175-01-05
551,n06-156-04-10
551,n06-163-00-02
551,n06-169-05-03
551,n06-148-00-02
551,n06-156-01-04
551,n06-182-01-09
551,n06-156-05-00
551,n06-163-04-04
551,m06-019-03-02
551,n06-201-03-06
551,n06-201-05-11
551,n06-186-01-08
551,n06-156-01-00
551,m06-019-03-05
551,n06-148-02-01
551,n06-182-06-02
551,n06-201-01-02
551,n06-163-03-03
551,m06-019-04-03
551,m06-019-01-07
551,n06-148-07-06
551,n06-156-06-08
551,n06-182-01-01
551,n06-163-06-06
551,n06-175-07-05
551,n06-186-04-07
551,n06-169-02-01
551,n06-182-03-01
551,n06-201-05-09
551,m06-019-02-04
551,n06-156-06-05
551,m06-019-04-07
551,n06-163-01-01
551,n06-186-04-01
551,n06-156-01-02
551,n06-182-06-01
551,n06-156-07-06
551,n06-182-04-00
551,m06-019-03-08
551,n06-201-06-05
551,n06-156-03-04
551,n06-194-05-03
551,n06-182-05-00
551,n06-163-03-07
551,m06-019-04-02
551,n06-169-07-04
551,n06-201-01-03
551,n06-175-08-05
551,n06-182-01-02
551,n06-169-03-08
551,n06-186-03-00
551,m06-019-00-05
551,n06-148-00-06
551,m06-019-06-06
551,n06-169-02-10
551,n06-163-06-03
551,n06-175-05-01
551,n06-186-06-03
551,n06-186-07-04
551,n06-163-06-07
551,n06-148-02-06
551,n06-194-01-05
551,m06-019-05-09
551,n06-175-07-07
551,n06-182-06-11
551,n06-169-02-06
551,n06-194-02-03
551,m06-019-07-06
551,n06-175-04-04
551,m06-019-07-05
551,n06-148-04-03
551,n06-186-01-03
551,n06-186-06-04
551,n06-148-04-07
551,n06-186-03-04
551,n06-182-07-05
551,n06-163-08-01
551,n06-194-02-00
551,n06-194-01-01
551,n06-182-06-05
551,n06-201-06-11
551,n06-186-01-01
551,m06-019-03-09
551,n06-163-00-04
551,n06-175-08-06
551,n06-148-07-13
551,n06-182-06-06
551,m06-019-06-07
551,m06-019-01-05
551,n06-201-05-01
551,n06-163-03-02
551,n06-201-03-08
551,m06-019-02-09
551,n06-175-01-07
551,n06-156-03-01
551,n06-156-03-05
551,n06-201-05-00
551,n06-163-03-00
551,n06-148-08-03
551,n06-156-05-05
551,n06-201-06-09
551,n06-156-03-00
551,n06-182-05-04
551,n06-169-07-05
551,n06-148-08-06
551,n06-175-01-04
551,n06-163-08-02
551,n06-156-02-07
551,m06-019-00-03
551,n06-194-02-07
551,n06-194-05-07
551,n06-148-07-00
551,n06-163-08-07
551,n06-186-03-07
551,n06-148-04-00
551,n06-201-06-06
551,m06-019-06-10
551,n06-148-06-03
551,n06-163-07-02
551,n06-148-00-04
551,n06-182-03-06
551,n06-175-03-05
551,m06-019-05-01
551,n06-148-08-00
551,n06-156-02-03
551,n06-156-06-04
551,n06-175-01-03
551,n06-163-03-01
551,n06-169-03-05
551,n06-175-05-05
551,n06-201-07-00
551,n06-182-04-03
551,n06-194-01-08
551,n06-194-00-03
551,m06-019-05-05
551,n06-201-02-00
551,n06-201-05-05
551,n06-175-09-01
551,n06-148-03-02
551,m06-019-06-09
551,n06-148-08-05
551,n06-169-03-09
551,n06-186-01-04
551,n06-175-04-05
551,n06-148-08-04
551,n06-156-04-06
551,m06-019-01-01
551,n06-201-02-06
551,n06-148-02-02
551,n06-186-03-08
551,m06-019-04-08
551,n06-201-06-07
551,n06-163-07-05
551,n06-156-03-03
551,n06-148-07-12
551,n06-148-06-09
551,n06-156-04-02
551,n06-163-04-02
551,n06-163-06-09
551,n06-186-03-06
551,n06-182-00-08
551,n06-201-01-04
551,n06-175-04-09
551,n06-175-08-07
551,m06-019-06-00
551,n06-175-07-00
551,n06-163-00-00
551,n06-148-08-01
551,n06-156-02-00
551,n06-163-03-04
551,n06-194-05-04
551,n06-186-01-00
551,n06-156-07-08
551,n06-182-01-00
551,n06-156-04-05
551,n06-182-03-07
551,n06-148-03-08
551,n06-201-03-05
551,n06-163-01-00
551,n06-163-04-09
551,n06-201-03-07
551,n06-175-01-09
551,n06-148-07-08
551,n06-156-04-04
551,n06-201-07-05
551,n06-163-03-08
551,n06-163-06-02
551,n06-194-01-04
551,n06-182-03-03
551,n06-182-00-05
551,n06-163-07-00
551,n06-194-00-10
551,n06-148-06-05
551,n06-182-06-03
551,n06-156-04-00
551,m06-019-02-05
551,m06-019-07-04
551,n06-182-07-09
551,m06-019-06-05
551,n06-182-03-00
551,n06-156-02-01
551,n06-169-03-07
551,n06-194-00-04
551,n06-186-04-02
551,n06-156-02-08
551,n06-148-02-00
551,n06-163-08-05
551,n06-148-03-09
551,n06-186-01-07
551,m06-019-06-04
551,n06-156-06-07
551,n06-163-07-06
551,n06-148-03-05
551,n06-156-01-08
551,n06-175-03-00
551,n06-201-03-04
551,n06-169-02-05
551,n06-201-02-03
551,n06-156-01-03
551,n06-201-03-00
551,n06-201-05-10
551,n06-182-00-01
551,m06-019-04-00
551,n06-169-05-08
551,n06-175-04-02
551,n06-148-06-00
551,n06-175-08-04
551,n06-194-00-05
551,n06-163-01-08
551,n06-169-07-01
551,n06-186-04-08
551,n06-163-01-05
551,m06-019-02-01
551,n06-194-02-02
551,n06-182-07-02
551,n06-163-07-04
551,n06-148-03-03
551,n06-186-03-09
551,m06-019-01-06
551,n06-182-07-07
551,m06-019-04-05
551,m06-019-01-09
551,n06-148-06-10
551,n06-194-02-08
551,n06-201-06-03
551,n06-169-02-04
551,n06-169-05-05
551,n06-194-02-06
551,m06-019-03-00
551,n06-163-00-06
551,n06-194-05-09
551,m06-019-05-03
551,n06-194-03-05
551,n06-194-01-10
551,n06-148-07-11
551,n06-186-04-09
551,n06-175-03-02
551,n06-194-05-02
551,n06-194-00-02
551,n06-163-04-10
551,n06-175-05-00
551,n06-175-08-00
551,n06-175-07-03
551,n06-156-07-00
551,n06-169-05-01
551,n06-186-06-07
551,n06-175-05-03
551,m06-019-05-04
551,n06-169-07-03
551,n06-186-04-04
551,m06-019-05-07
551,n06-148-04-01
551,n06-148-04-02
551,n06-201-02-05
551,n06-201-01-05
551,n06-175-08-08
551,m06-019-04-06
551,m06-019-01-10
551,n06-156-03-02
551,n06-182-00-02
551,n06-148-07-07
551,m06-019-00-08
551,m06-019-01-00
551,m06-019-06-02
551,n06-163-01-04
551,n06-201-02-02
551,n06-182-02-01
551,n06-194-05-05
551,m06-019-07-02
551,n06-148-06-04
551,n06-194-02-09
551,m06-019-06-03
551,n06-182-00-07
551,n06-156-02-05
551,n06-194-00-07
551,n06-175-04-07
551,m06-019-01-08
551,n06-194-00-06
551,n06-201-06-10
551,n06-148-00-01
551,n06-156-02-04
551,n06-148-00-00
551,n06-156-01-07
551,n06-169-03-04
551,n06-169-02-09
551,n06-182-04-05
551,n06-156-06-01
551,n06-201-05-08
551,n06-175-05-02
551,m06-019-01-04
551,n06-182-06-04
551,m06-019-07-07
551,m06-019-02-08
551,n06-156-05-02
551,m06-019-03-06
551,n06-175-01-08
551,n06-194-02-01
551,n06-169-02-08
551,m06-019-05-02
551,n06-182-00-03
551,n06-182-03-04
551,n06-201-07-01
551,n06-148-03-00
551,m06-019-06-11
551,n06-175-01-01
551,n06-175-04-00
551,n06-148-03-06
551,n06-156-07-01
551,n06-156-04-09
551,n06-156-07-02
551,n06-194-01-02
551,n06-175-01-00
551,n06-175-04-03
551,n06-186-06-02
551,n06-182-07-03
551,n06-156-07-07
551,n06-182-02-04
551,n06-156-07-05
551,m06-019-03-04
551,n06-148-02-03
551,m06-019-02-00
551,m06-019-03-03
551,n06-156-01-06
551,n06-182-06-07
551,n06-169-05-02
551,n06-148-02-05
551,m06-019-05-06
551,n06-163-04-00
551,n06-169-02-03
551,n06-163-04-05
551,n06-148-03-12
551,n06-194-03-01
551,n06-163-00-03
551,n06-163-07-01
551,n06-201-03-02
551,n06-182-01-05
551,n06-163-08-00
551,n06-182-01-04
551,n06-163-00-01
551,n06-194-05-10
551,m06-019-01-03
551,n06-194-02-04
551,n06-156-06-00
551,n06-201-01-00
551,n06-182-02-06
551,n06-201-02-01
551,n06-156-02-02
551,n06-182-05-06
551,n06-156-06-06
551,n06-169-03-03
551,n06-163-08-03
551,n06-156-05-06
551,n06-148-07-02
551,n06-175-04-06
551,n06-148-00-05
551,n06-163-06-04
551,n06-156-02-06
551,n06-182-01-03
551,m06-019-02-07
551,n06-194-00-11
551,n06-148-06-11
551,n06-148-03-01
551,n06-194-01-03
551,n06-182-07-06
551,n06-182-04-01
551,m06-019-00-01
551,n06-148-07-01
551,n06-182-05-03
551,n06-163-07-07
551,n06-186-07-03
551,n06-186-04-05
551,n06-175-04-08
551,n06-169-07-00
551,m06-019-04-04
551,n06-163-04-03
551,n06-201-07-04
551,n06-194-03-03
551,n06-186-07-05
551,n06-186-03-05
551,n06-175-08-03
551,n06-148-08-07
551,n06-194-03-08
551,n06-156-05-01
551,n06-163-00-07
551,n06-156-03-07
551,n06-156-04-07
551,n06-163-06-01
551,n06-175-05-04
551,n06-182-02-05
551,n06-194-05-06
551,n06-194-01-09
551,n06-182-06-10
551,n06-175-01-02
551,n06-169-05-00
551,n06-182-03-02
551,m06-019-02-03
551,n06-163-08-04
551,n06-175-07-01
551,n06-163-01-03
551,n06-194-03-00
551,n06-156-07-04
551,n06-175-08-01
551,n06-201-06-01
551,n06-201-07-02
551,m06-019-05-00
551,n06-201-02-04
551,n06-201-05-02
551,n06-156-04-01
551,n06-194-00-08
551,n06-182-04-02
551,n06-169-05-04
551,n06-175-03-03
551,n06-148-07-03
551,n06-194-05-08
551,n06-169-05-07
551,m06-019-07-00
551,n06-175-01-06
551,n06-182-04-07
551,n06-169-02-02
551,n06-163-04-01
551,n06-186-03-01
551,n06-182-00-06
551,n06-175-07-02
551,n06-201-03-03
551,n06-194-03-04
551,n06-169-03-02
551,m06-019-00-00
551,m06-019-01-02
551,n06-182-07-04
551,m06-019-00-02
551,m06-019-02-06
551,m06-019-07-03
551,n06-186-01-02
551,n06-194-01-07
551,n06-182-01-06
551,n06-175-04-01
551,n06-163-03-06
551,n06-201-03-01
551,m06-019-03-01
551,n06-194-03-06
551,n06-148-02-07
551,n06-169-07-02
551,n06-182-02-02
551,n06-148-04-06
551,n06-201-06-08
551,n06-175-08-02
551,n06-201-06-04
551,n06-148-07-04
551,n06-194-00-01
551,n06-148-06-01
551,n06-163-03-05
551,n06-201-02-08
551,n06-182-05-02
551,n06-201-07-03
551,n06-148-04-08
551,n06-194-03-02
551,m06-019-03-10
559,n02-016-05-04
559,n02-016-05-08
559,n02-000-00-01
559,n02-000-02-03
559,n02-016-06-00
559,n02-016-07-05
559,n02-000-05-05
559,n02-000-02-08
559,n02-016-01-02
559,n02-016-04-07
559,n02-000-07-01
559,n02-016-03-00
559,n02-000-03-02
559,n02-000-03-08
559,n02-016-06-05
559,n02-016-04-06
559,n02-016-05-10
559,n02-016-05-03
559,n02-000-05-03
559,n02-016-07-00
559,n02-000-02-00
559,n02-000-07-05
559,n02-016-01-05
559,n02-000-05-00
559,n02-000-07-03
559,n02-000-02-01
559,n02-000-04-08
559,n02-016-07-07
559,n02-016-07-06
559,n02-000-06-03
559,n02-000-00-05
559,n02-000-05-07
559,n02-000-03-00
559,n02-016-02-01
559,n02-016-05-07
559,n02-000-07-02
559,n02-016-05-05
559,n02-000-05-09
559,n02-000-01-00
559,n02-016-04-05
559,n02-000-06-05
559,n02-016-05-02
559,n02-016-07-03
559,n02-016-04-08
559,n02-016-03-01
559,n02-016-05-09
559,n02-016-06-03
559,n02-016-04-01
559,n02-000-04-01
559,n02-000-02-04
559,n02-016-02-10
559,n02-000-05-04
559,n02-000-06-04
559,n02-016-03-02
559,n02-000-03-07
559,n02-000-01-05
559,n02-016-01-01
559,n02-000-04-03
559,n02-016-01-04
559,n02-000-06-07
559,n02-016-07-04
559,n02-000-03-06
559,n02-000-01-06
559,n02-000-04-06
559,n02-016-02-07
559,n02-000-00-02
559,n02-016-03-03
559,n02-000-06-08
559,n02-000-01-08
559,n02-016-01-11
559,n02-000-01-01
559,n02-000-02-06
559,n02-000-05-06
559,n02-000-03-04
559,n02-016-01-08
559,n02-000-05-02
559,n02-016-03-04
559,n02-016-02-06
559,n02-000-04-00
559,n02-016-07-08
559,n02-016-01-06
559,n02-000-04-02
559,n02-016-01-00
559,n02-016-02-03
559,n02-016-05-06
559,n02-000-06-01
559,n02-016-01-07
559,n02-000-00-00
559,n02-000-00-06
559,n02-016-04-03
559,n02-016-01-09
559,n02-000-01-03
559,n02-016-04-00
559,n02-000-02-05
559,n02-000-07-00
559,n02-000-00-07
559,n02-016-03-06
559,n02-016-04-02
559,n02-000-00-04
559,n02-000-06-00
559,n02-000-04-09
559,n02-016-02-00
559,n02-016-02-04
559,n02-016-03-08
559,n02-016-02-08
559,n02-000-03-01
559,n02-016-06-01
559,n02-016-01-12
559,n02-016-06-02
559,n02-000-00-03
559,n02-000-02-02
559,n02-016-05-00
559,n02-016-03-05
559,n02-000-03-05
559,n02-000-04-07
559,n02-000-03-09
559,n02-000-05-08
559,n02-016-02-05
559,n02-000-04-04
559,n02-000-01-07
559,n02-016-03-09
559,n02-016-06-04
559,n02-000-06-06
559,n02-000-02-07
559,n02-016-04-09
559,n02-000-01-04
559,n02-016-05-01
559,n02-016-03-07
559,n02-016-03-10
559,n02-016-02-02
559,n02-016-07-01
559,n02-016-07-02
559,n02-016-04-04
559,n02-016-02-09
559,n02-000-07-04
559,n02-016-01-13
559,n02-016-01-10
559,n02-000-06-02
559,n02-000-01-09
559,n02-000-05-01
559,n02-000-03-03
559,n02-000-04-05
566,n02-082a-05-07
566,n02-082a-05-00
566,n02-082a-01-05
566,n02-082a-03-09
566,n02-082a-02-06
566,n02-082a-02-05
566,n02-082a-05-02
566,n02-082a-05-01
566,n02-082a-02-07
566,n02-082a-01-07
566,n02-082a-03-08
566,n02-082a-03-07
566,n02-082a-04-01
566,n02-082a-03-02
566,n02-082a-04-02
566,n02-082a-01-04
566,n02-082a-01-09
566,n02-082a-06-00
566,n02-082a-06-01
566,n02-082a-04-04
566,n02-082a-01-02
566,n02-082a-05-11
566,n02-082a-05-05
566,n02-082a-04-00
566,n02-082a-01-08
566,n02-082a-01-06
566,n02-082a-02-03
566,n02-082a-01-01
566,n02-082a-06-05
566,n02-082a-03-04
566,n02-082a-01-03
566,n02-082a-06-04
566,n02-082a-05-03
566,n02-082a-05-08
566,n02-082a-03-05
566,n02-082a-02-02
566,n02-082a-03-03
566,n02-082a-05-09
566,n02-082a-05-04
566,n02-082a-02-01
566,n02-082a-05-10
566,n02-082a-06-03
566,n02-082a-06-02
566,n02-082a-04-03
566,n02-082a-02-10
566,n02-082a-02-08
566,n02-082a-05-06
566,n02-082a-02-09
566,n02-082a-02-04
566,n02-082a-03-00
566,n02-082a-04-06
566,n02-082a-04-05
566,n02-082a-03-06
566,n02-082a-02-00
566,n02-082a-04-09
566,n02-082a-04-07
566,n02-082a-01-00
566,n02-082a-03-01
566,n02-082a-04-08
567,p03-096-01-04
567,n02-098-03-09
567,p03-087-08-06
567,p03-057-04-02
567,p03-103-04-01
567,p03-096-02-05
567,p03-057-01-01
567,p03-103-01-04
567,p03-057-02-00
567,p03-087-10-01
567,p03-096-07-07
567,p03-112-03-01
567,p03-096-07-00
567,p03-096-01-08
567,p03-103-01-01
567,p03-112-00-06
567,p03-087-04-00
567,p03-103-00-06
567,p03-087-01-03
567,p03-112-04-10
567,p03-096-02-07
567,p03-103-04-08
567,p03-096-00-08
567,p03-057-03-03
567,p03-087-10-03
567,p03-103-03-07
567,n02-098-01-04
567,p03-112-09-07
567,p03-087-10-06
567,p03-087-03-03
567,p03-087-04-04
567,p03-087-10-00
567,p03-096-08-00
567,n02-098-07-05
567,n02-098-07-06
567,p03-103-04-07
567,p03-103-00-13
567,p03-112-03-12
567,p03-103-00-03
567,p03-057-02-07
567,p03-057-09-01
567,n02-098-07-08
567,n02-098-02-02
567,p03-096-02-06
567,p03-087-04-01
567,p03-057-08-10
567,p03-057-09-02
567,p03-057-02-02
567,p03-103-02-02
567,p03-057-08-04
567,p03-103-07-03
567,n02-098-07-03
567,p03-087-06-07
567,p03-096-06-02
567,p03-096-09-01
567,n02-098-03-03
567,p03-103-03-04
567,p03-087-09-01
567,p03-096-08-05
567,p03-112-04-00
567,p03-112-05-04
567,p03-057-05-10
567,p03-112-09-05
567,p03-087-00-02
567,p03-103-02-04
567,p03-087-03-06
567,p03-112-09-03
567,p03-096-05-03
567,p03-112-04-03
567,p03-057-01-03
567,p03-087-02-04
567,p03-087-06-04
567,p03-112-00-04
567,p03-103-04-02
567,p03-057-05-01
567,p03-087-09-04
567,p03-087-06-01
567,p03-096-06-05
567,p03-057-04-00
567,p03-087-02-00
567,p03-112-08-04
567,n02-098-02-01
567,p03-103-03-01
567,p03-057-08-08
567,p03-087-02-01
567,n02-098-02-06
567,p03-103-03-05
567,p03-087-06-05
567,p03-087-07-11
567,n02-098-01-07
567,p03-112-03-05
567,p03-087-01-01
567,p03-087-03-08
567,p03-112-05-01
567,p03-096-01-03
567,p03-057-09-00
567,p03-112-01-06
567,p03-096-07-08
567,p03-096-07-02
567,n02-098-03-02
567,p03-112-01-02
567,p03-057-00-01
567,p03-096-03-05
567,n02-098-01-02
567,p03-057-01-10
567,p03-057-04-07
567,p03-087-04-07
567,p03-087-05-08
567,p03-103-04-09
567,p03-096-01-00
567,p03-112-04-05
567,p03-112-01-07
567,p03-112-07-00
567,p03-057-08-00
567,p03-112-02-06
567,p03-112-04-06
567,p03-087-09-00
567,p03-087-01-02
567,p03-087-04-02
567,p03-057-02-05
567,p03-096-03-08
567,p03-096-04-01
567,p03-096-03-03
567,p03-057-05-09
567,p03-087-07-08
567,p03-096-06-12
567,p03-057-03-05
567,p03-087-10-04
567,p03-112-01-00
567,p03-103-00-08
567,p03-096-07-03
567,p03-112-09-08
567,p03-103-03-00
567,n02-098-07-04
567,p03-096-02-04
567,n02-098-05-02
567,p03-087-01-04
567,p03-112-08-01
567,p03-112-09-01
567,p03-096-04-06
567,p03-087-07-03
567,p03-057-04-01
567,n02-098-04-06
567,p03-087-07-10
567,n02-098-03-00
567,p03-087-03-04
567,p03-112-03-11
567,p03-057-00-05
567,p03-112-09-02
567,p03-087-08-04
567,p03-087-07-12
567,p03-057-01-09
567,p03-112-00-05
567,n02-098-03-04
567,n02-098-02-08
567,p03-057-00-03
567,p03-112-09-06
567,p03-103-02-01
567,p03-112-03-02
567,p03-096-03-01
567,p03-103-04-05
567,p03-103-03-09
567,p03-087-08-01
567,p03-057-05-11
567,p03-096-08-01
567,n02-098-02-09
567,p03-087-06-02
567,p03-112-02-07
567,p03-087-07-00
567,p03-112-07-03
567,p03-096-03-09
567,n02-098-07-07
567,p03-112-04-07
567,p03-057-05-07
567,p03-096-06-11
567,p03-103-01-02
567,p03-057-03-06
567,p03-057-05-03
567,p03-103-07-00
567,n02-098-05-04
567,p03-096-08-06
567,p03-112-08-05
567,p03-087-10-07
567,p03-112-03-06
567,p03-112-04-04
567,p03-096-03-02
567,p03-112-05-07
567,p03-096-06-10
567,p03-057-05-05
567,p03-087-03-07
567,p03-112-02-08
567,n02-098-02-07
567,n02-098-05-05
567,p03-112-00-09
567,n02-098-03-06
567,p03-112-02-05
567,p03-057-08-11
567,p03-087-04-03
567,n02-098-04-08
567,p03-096-08-03
567,p03-096-07-06
567,p03-096-02-02
567,p03-087-01-05
567,p03-112-04-02
567,p03-112-01-05
567,p03-096-04-00
567,p03-103-00-05
567,p03-096-02-08
567,p03-112-08-03
567,p03-087-06-03
567,p03-103-07-01
567,p03-103-00-10
567,p03-096-03-00
567,p03-087-05-06
567,p03-096-00-02
567,p03-103-04-06
567,p03-096-00-09
567,p03-057-05-06
567,p03-087-05-04
567,p03-112-02-02
567,p03-057-04-06
567,p03-096-01-06
567,p03-096-02-09
567,n02-098-02-04
567,p03-103-04-03
567,p03-087-00-07
567,n02-098-05-08
567,p03-112-03-03
567,p03-096-02-01
567,p03-096-02-00
567,n02-098-04-02
567,p03-096-04-03
567,p03-096-06-01
567,p03-057-04-04
567,p03-103-02-05
567,n02-098-03-05
567,n02-098-02-05
567,p03-057-08-02
567,p03-112-05-00
567,p03-087-03-02
567,p03-096-03-07
567,p03-087-07-04
567,p03-096-04-04
567,p03-057-02-01
567,p03-096-01-02
567,p03-096-06-04
567,p03-096-06-08
567,p03-057-01-00
567,n02-098-04-00
567,p03-103-07-05
567,p03-087-07-06
567,n02-098-04-04
567,p03-057-08-05
567,p03-103-07-07
567,p03-096-01-07
567,p03-112-03-08
567,p03-112-00-01
567,p03-096-06-06
567,p03-057-00-02
567,p03-087-09-05
567,p03-096-07-01
567,p03-096-00-07
567,p03-096-06-00
567,n02-098-01-00
567,p03-103-02-07
567,p03-112-07-02
567,p03-112-07-04
567,p03-112-00-07
567,p03-103-00-14
567,p03-112-05-02
567,p03-087-00-04
567,p03-087-08-02
567,p03-087-03-09
567,p03-087-05-00
567,p03-112-03-07
567,p03-057-02-06
567,p03-096-06-09
567,p03-087-10-05
567,n02-098-05-06
567,p03-112-02-03
567,p03-112-09-04
567,p03-103-03-08
567,p03-096-01-01
567,p03-096-07-05
567,p03-112-02-00
567,p03-096-00-05
567,p03-057-00-06
567,p03-087-04-05
567,p03-112-04-09
567,p03-087-00-08
567,p03-112-01-04
567,p03-087-00-03
567,n02-098-03-08
567,p03-112-00-03
567,n02-098-04-05
567,p03-087-05-03
567,p03-096-04-05
567,n02-098-03-01
567,p03-103-02-03
567,p03-112-05-05
567,p03-057-03-08
567,p03-087-08-07
567,p03-057-02-03
567,p03-112-01-03
567,p03-087-05-07
567,p03-103-03-06
567,p03-112-04-11
567,p03-057-03-07
567,p03-096-00-04
567,p03-057-08-01
567,p03-096-00-01
567,p03-057-05-08
567,p03-096-07-09
567,p03-087-09-06
567,p03-087-00-01
567,p03-057-01-11
567,p03-103-00-01
567,p03-096-05-04
567,p03-103-00-02
567,p03-087-06-00
567,p03-087-03-01
567,p03-057-05-04
567,p03-096-06-07
567,p03-096-05-05
567,p03-057-05-02
567,n02-098-04-07
567,p03-112-03-04
567,p03-087-07-07
567,p03-057-08-09
567,p03-103-01-03
567,n02-098-01-08
567,p03-087-00-05
567,p03-112-00-00
567,p03-112-04-12
567,p03-057-03-04
567,p03-112-07-05
567,p03-057-09-03
567,p03-112-08-00
567,p03-057-03-01
567,p03-087-09-02
567,n02-098-05-01
567,p03-096-00-06
567,p03-112-03-00
567,p03-057-00-08
567,p03-103-02-00
567,p03-096-01-05
567,p03-087-07-02
567,p03-112-04-01
567,p03-096-05-00
567,p03-112-07-01
567,p03-096-03-04
567,p03-096-09-00
567,p03-087-10-02
567,p03-112-01-01
567,p03-112-00-08
567,n02-098-01-05
567,p03-096-08-04
567,p03-096-00-03
567,p03-103-03-03
567,p03-087-08-03
567,p03-112-04-08
567,p03-103-04-00
567,p03-087-08-05
567,n02-098-01-06
567,p03-103-00-09
567,p03-096-02-03
567,p03-103-03-02
567,p03-087-07-09
567,p03-096-00-00
567,p03-112-02-01
567,p03-057-02-08
567,p03-096-03-06
567,p03-087-02-06
567,p03-103-04-04
567,n02-098-07-00
567,p03-112-03-10
567,p03-096-05-02
567,n02-098-04-03
567,p03-057-01-07
567,p03-057-00-07
567,n02-098-05-07
567,p03-112-05-03
567,p03-103-02-06
567,p03-057-02-04
567,p03-103-00-11
567,p03-112-00-10
567,p03-057-08-03
567,n02-098-04-01
567,p03-096-03-10
567,p03-087-03-05
567,p03-103-07-04
567,p03-057-04-05
567,p03-096-07-04
567,p03-096-06-03
567,p03-112-02-04
567,p03-103-01-00
567,p03-057-03-00
567,p03-087-01-00
567,p03-096-09-03
567,n02-098-07-02
567,p03-057-08-06
567,p03-057-00-00
567,p03-087-09-03
567,n02-098-07-01
567,p03-112-07-06
567,n02-098-02-03
567,p03-096-04-02
567,p03-103-07-06
567,p03-087-06-06
567,p03-096-08-02
567,p03-087-04-06
567,p03-087-02-05
567,p03-112-08-02
567,p03-087-02-03
567,p03-112-09-00
567,p03-087-05-01
567,n02-098-05-03
567,p03-057-08-07
567,p03-087-00-06
567,p03-057-01-02
567,p03-087-07-01
567,p03-057-03-02
567,p03-112-03-09
567,p03-096-00-10
567,n02-098-01-03
567,n02-098-05-00
567,p03-103-00-00
567,p03-103-00-12
567,p03-096-09-02
567,n02-098-03-07
567,p03-112-05-06
567,n02-098-02-00
567,p03-112-00-02
567,p03-103-00-07
567,p03-087-00-00
567,p03-096-05-01
567,p03-103-00-04
567,p03-057-01-08
567,p03-057-04-03
567,p03-087-08-00
567,p03-057-01-06
567,p03-087-10-08
567,p03-087-07-05
567,p03-057-01-04
567,p03-087-05-02
567,p03-103-07-02
567,p03-087-02-02
567,p03-087-05-05
567,p03-057-05-00
574,n03-079-00-09
574,n03-079-02-05
574,n03-079-04-03
574,n03-079-03-10
574,n03-079-03-05
574,n03-079-03-00
574,n03-079-06-02
574,n03-079-00-08
574,n03-079-00-00
574,n03-079-02-01
574,n03-079-04-01
574,n03-079-01-08
574,n03-079-05-03
574,n03-079-03-11
574,n03-079-00-06
574,n03-079-06-00
574,n03-079-00-10
574,n03-079-02-06
574,n03-079-02-04
574,n03-079-06-01
574,n03-079-00-05
574,n03-079-01-00
574,n03-079-03-07
574,n03-079-03-01
574,n03-079-05-02
574,n03-079-05-04
574,n03-079-05-06
574,n03-079-00-03
574,n03-079-04-02
574,n03-079-03-09
574,n03-079-04-04
574,n03-079-05-05
574,n03-079-02-02
574,n03-079-02-00
574,n03-079-02-03
574,n03-079-03-06
574,n03-079-01-02
574,n03-079-02-07
574,n03-079-01-01
574,n03-079-03-03
574,n03-079-06-03
574,n03-079-01-07
574,n03-079-05-01
574,n03-079-01-04
574,n03-079-05-00
574,n03-079-03-04
574,n03-079-02-08
574,n03-079-03-08
574,n03-079-01-03
574,n03-079-04-05
574,n03-079-00-07
574,n03-079-01-05
574,n03-079-04-06
574,n03-079-03-02
574,n03-079-00-01
574,n03-079-00-02
574,n03-079-01-06
574,n03-079-00-04
574,n03-079-04-00
575,n03-082-05-00
575,n03-082-05-01
575,n03-082-00-05
575,n03-082-03-07
575,n03-082-00-03
575,n03-082-05-10
575,n03-082-00-07
575,n03-082-01-01
575,n03-082-05-07
575,n03-082-01-10
575,n03-082-06-07
575,n03-082-02-08
575,n03-082-01-09
575,n03-082-01-03
575,n03-082-07-02
575,n03-082-05-08
575,n03-082-03-06
575,n03-082-04-04
575,n03-082-00-02
575,n03-082-00-01
575,n03-082-06-05
575,n03-082-02-01
575,n03-082-06-06
575,n03-082-05-09
575,n03-082-04-02
575,n03-082-06-02
575,n03-082-03-05
575,n03-082-05-04
575,n03-082-06-01
575,n03-082-07-01
575,n03-082-02-02
575,n03-082-00-06
575,n03-082-01-00
575,n03-082-01-05
575,n03-082-00-04
575,n03-082-00-08
575,n03-082-05-06
575,n03-082-03-04
575,n03-082-01-08
575,n03-082-04-06
575,n03-082-07-03
575,n03-082-02-07
575,n03-082-04-05
575,n03-082-06-03
575,n03-082-01-11
575,n03-082-03-10
575,n03-082-04-08
575,n03-082-02-06
575,n03-082-05-11
575,n03-082-02-00
575,n03-082-03-02
575,n03-082-07-00
575,n03-082-01-04
575,n03-082-02-09
575,n03-082-03-03
575,n03-082-04-01
575,n03-082-05-03
575,n03-082-01-07
575,n03-082-02-05
575,n03-082-06-04
575,n03-082-04-00
575,n03-082-03-08
575,n03-082-04-07
575,n03-082-06-08
575,n03-082-00-00
575,n03-082-05-05
575,n03-082-04-03
575,n03-082-01-02
575,n03-082-06-00
575,n03-082-03-01
575,n03-082-05-02
575,n03-082-03-09
575,n03-082-03-00
575,n03-082-02-04
576,n03-091-01-09
576,n03-091-06-00
576,n03-091-00-04
576,n03-091-03-03
576,n03-091-02-02
576,n03-091-05-05
576,n03-091-08-03
576,n03-091-00-05
576,n03-091-01-11
576,n03-091-02-08
576,n03-091-04-09
576,n03-091-05-06
576,n03-091-06-05
576,n03-091-01-03
576,n03-091-04-03
576,n03-091-00-00
576,n03-091-01-05
576,n03-091-02-01
576,n03-091-03-01
576,n03-091-05-03
576,n03-091-02-09
576,n03-091-05-04
576,n03-091-03-02
576,n03-091-04-02
576,n03-091-03-07
576,n03-091-03-06
576,n03-091-05-07
576,n03-091-03-11
576,n03-091-04-01
576,n03-091-06-04
576,n03-091-00-02
576,n03-091-04-00
576,n03-091-04-10
576,n03-091-01-07
576,n03-091-03-08
576,n03-091-04-05
576,n03-091-00-12
576,n03-091-06-01
576,n03-091-06-02
576,n03-091-05-08
576,n03-091-00-03
576,n03-091-03-09
576,n03-091-03-04
576,n03-091-05-00
576,n03-091-05-02
576,n03-091-05-01
576,n03-091-01-01
576,n03-091-03-05
576,n03-091-03-12
576,n03-091-02-05
576,n03-091-01-02
576,n03-091-01-10
576,n03-091-00-07
576,n03-091-03-00
576,n03-091-00-01
576,n03-091-04-08
576,n03-091-00-10
576,n03-091-04-07
576,n03-091-01-04
576,n03-091-02-07
576,n03-091-00-06
576,n03-091-02-03
576,n03-091-04-04
576,n03-091-02-06
576,n03-091-06-07
576,n03-091-01-08
576,n03-091-06-03
576,n03-091-01-06
576,n03-091-08-00
576,n03-091-01-00
576,n03-091-00-09
576,n03-091-08-02
576,n03-091-00-11
576,n03-091-02-04
576,n03-091-04-06
576,n03-091-08-01
576,n03-091-06-06
576,n03-091-02-00
576,n03-091-00-08
576,n03-091-03-10
582,n04-044-08-07
582,n04-044-04-07
582,n04-022-03-05
582,n04-044-01-06
582,n04-015-04-10
582,n04-039-00-00
582,n04-031-03-08
582,n04-031-00-07
582,n04-015-04-03
582,n04-015-00-05
582,n04-039-01-05
582,n04-044-04-04
582,n04-039-05-04
582,n04-039-01-04
582,n04-022-02-06
582,n04-044-07-00
582,n04-044-05-03
582,n04-044-00-02
582,n04-031-00-10
582,n04-039-05-02
582,n04-015-05-09
582,n04-044-02-00
582,n04-015-02-05
582,n04-044-01-05
582,n04-039-04-04
582,n04-044-09-04
582,n04-044-01-02
582,n04-022-02-03
582,n04-044-08-03
582,n04-022-05-04
582,n04-015-05-08
582,n04-044-06-02
582,n04-044-03-08
582,n04-031-01-01
582,n04-044-05-06
582,n04-044-01-09
582,n04-022-02-12
582,n04-015-05-02
582,n04-044-02-10
582,n04-015-00-01
582,n04-044-00-04
582,n04-015-05-01
582,n04-039-03-06
582,n04-015-07-03
582,n04-044-02-02
582,n04-039-05-09
582,n04-031-05-02
582,n04-031-03-11
582,n04-015-00-06
582,n04-044-08-06
582,n04-044-05-08
582,n04-044-04-08
582,n04-015-04-08
582,n04-044-00-01
582,n04-022-07-03
582,n04-022-04-01
582,n04-044-01-07
582,n04-015-02-04
582,n04-044-02-06
582,n04-015-01-03
582,n04-039-05-06
582,n04-031-02-05
582,n04-022-06-05
582,n04-031-03-01
582,n04-044-03-00
582,n04-022-00-10
582,n04-031-05-04
582,n04-015-02-01
582,n04-022-04-07
582,n04-044-04-05
582,n04-022-05-07
582,n04-039-00-06
582,n04-015-05-00
582,n04-022-00-08
582,n04-031-06-07
582,n04-039-05-01
582,n04-022-00-05
582,n04-022-03-07
582,n04-022-06-08
582,n04-044-05-01
582,n04-044-09-06
582,n04-015-07-05
582,n04-044-06-01
582,n04-044-01-00
582,n04-022-02-10
582,n04-015-06-06
582,n04-015-01-06
582,n04-015-06-08
582,n04-015-01-08
582,n04-039-03-00
582,n04-015-02-08
582,n04-039-04-08
582,n04-022-02-01
582,n04-031-07-01
582,n04-031-02-10
582,n04-031-03-07
582,n04-022-02-09
582,n04-022-07-02
582,n04-044-07-05
582,n04-022-04-04
582,n04-044-04-06
582,n04-039-05-00
582,n04-039-03-07
582,n04-015-06-07
582,n04-044-09-00
582,n04-031-07-00
582,n04-031-03-02
582,n04-031-05-06
582,n04-015-04-05
582,n04-044-08-05
582,n04-031-00-03
582,n04-044-09-03
582,n04-031-01-05
582,n04-015-06-09
582,n04-022-03-06
582,n04-031-02-08
582,n04-039-04-00
582,n04-031-01-10
582,n04-044-05-00
582,n04-044-04-01
582,n04-022-07-01
582,n04-022-00-04
582,n04-044-09-07
582,n04-044-04-02
582,n04-015-00-08
582,n04-022-06-01
582,n04-044-02-07
582,n04-015-06-03
582,n04-015-05-06
582,n04-039-05-07
582,n04-015-05-10
582,n04-022-04-03
582,n04-022-06-04
582,n04-044-03-01
582,n04-044-07-07
582,n04-039-00-03
582,n04-022-00-02
582,n04-022-02-05
582,n04-039-04-02
582,n04-044-00-03
582,n04-031-05-07
582,n04-044-05-05
582,n04-022-07-00
582,n04-039-00-01
582,n04-044-07-03
582,n04-031-06-08
582,n04-022-00-03
582,n04-031-01-07
582,n04-031-00-01
582,n04-022-04-02
582,n04-015-07-04
582,n04-015-05-05
582,n04-031-03-03
582,n04-044-06-03
582,n04-022-06-03
582,n04-039-04-03
582,n04-022-00-11
582,n04-022-02-00
582,n04-022-03-08
582,n04-039-03-08
582,n04-044-02-05
582,n04-022-02-08
582,n04-031-03-10
582,n04-015-02-07
582,n04-044-02-09
582,n04-044-07-06
582,n04-044-00-08
582,n04-044-03-09
582,n04-031-00-08
582,n04-015-00-07
582,n04-022-06-07
582,n04-039-03-01
582,n04-039-01-03
582,n04-031-00-02
582,n04-044-09-02
582,n04-015-06-01
582,n04-044-02-03
582,n04-022-05-00
582,n04-044-03-05
582,n04-022-05-01
582,n04-022-06-06
582,n04-015-06-10
582,n04-022-00-00
582,n04-022-05-08
582,n04-044-03-02
582,n04-031-00-09
582,n04-022-02-07
582,n04-015-06-00
582,n04-044-06-07
582,n04-031-01-04
582,n04-039-00-08
582,n04-044-09-05
582,n04-015-05-03
582,n04-015-00-02
582,n04-031-01-06
582,n04-044-00-00
582,n04-022-05-02
582,n04-044-06-00
582,n04-015-07-00
582,n04-022-03-04
582,n04-015-05-07
582,n04-031-00-06
582,n04-039-03-03
582,n04-031-01-11
582,n04-031-00-04
582,n04-031-01-03
582,n04-039-04-06
582,n04-039-05-08
582,n04-031-05-00
582,n04-031-05-03
582,n04-022-03-00
582,n04-044-01-04
582,n04-022-02-04
582,n04-015-04-00
582,n04-039-01-00
582,n04-022-07-05
582,n04-015-04-04
582,n04-044-00-07
582,n04-044-01-03
582,n04-044-02-01
582,n04-015-01-07
582,n04-044-02-04
582,n04-015-04-07
582,n04-022-06-02
582,n04-039-03-05
582,n04-031-03-05
582,n04-044-05-04
582,n04-015-07-02
582,n04-015-00-04
582,n04-044-07-02
582,n04-039-04-05
582,n04-044-03-03
582,n04-022-02-11
582,n04-031-06-00
582,n04-022-05-06
582,n04-015-00-03
582,n04-039-04-07
582,n04-031-06-03
582,n04-044-06-06
582,n04-044-08-00
582,n04-022-07-04
582,n04-022-03-01
582,n04-044-07-04
582,n04-044-07-08
582,n04-031-02-07
582,n04-039-01-06
582,n04-015-02-00
582,n04-022-06-00
582,n04-031-00-00
582,n04-022-00-09
582,n04-015-01-04
582,n04-031-02-09
582,n04-039-00-02
582,n04-015-06-12
582,n04-022-05-03
582,n04-031-02-01
582,n04-031-01-08
582,n04-044-04-03
582,n04-031-06-06
582,n04-015-04-01
582,n04-044-04-00
582,n04-022-00-06
582,n04-015-04-02
582,n04-031-02-04
582,n04-039-03-04
582,n04-022-00-07
582,n04-022-04-00
582,n04-044-05-07
582,n04-044-08-01
582,n04-022-02-02
582,n04-031-02-00
582,n04-044-02-08
582,n04-015-01-02
582,n04-044-08-02
582,n04-015-01-00
582,n04-022-04-06
582,n04-039-05-05
582,n04-015-01-01
582,n04-022-02-13
582,n04-031-01-00
582,n04-015-02-03
582,n04-015-06-11
582,n04-022-07-06
582,n04-031-05-05
582,n04-039-00-07
582,n04-031-02-03
582,n04-039-03-02
582,n04-031-02-06
582,n04-044-03-10
582,n04-015-00-00
582,n04-044-03-07
582,n04-031-01-09
582,n04-039-03-09
582,n04-031-06-01
582,n04-031-06-04
582,n04-044-06-04
582,n04-044-03-06
582,n04-044-08-04
582,n04-015-06-02
582,n04-031-06-05
582,n04-031-05-01
582,n04-015-04-09
582,n04-039-00-04
582,n04-015-04-11
582,n04-015-05-04
582,n04-015-01-05
582,n04-039-01-02
582,n04-015-06-05
582,n04-015-04-06
582,n04-022-05-05
582,n04-031-03-00
582,n04-044-07-01
582,n04-022-00-01
582,n04-031-03-09
582,n04-044-00-09
582,n04-031-03-06
582,n04-039-04-01
582,n04-044-01-08
582,n04-044-00-06
582,n04-031-05-08
582,n04-015-02-02
582,n04-044-00-05
582,n04-031-06-02
582,n04-015-02-06
582,n04-044-09-01
582,n04-022-04-05
582,n04-015-06-04
582,n04-039-01-01
582,n04-031-03-04
582,n04-022-03-03
582,n04-044-05-02
582,n04-039-00-05
582,n04-031-02-02
582,n04-015-02-09
582,n04-022-03-02
582,n04-044-01-01
582,n04-044-06-05
582,n04-015-07-01
586,n04-183-02-10
586,n04-195-02-04
586,n04-195-02-08
586,n04-195-05-05
586,n04-171-03-09
586,n04-183-05-03
586,n04-171-04-11
586,n04-183-01-01
586,n04-190-01-00
586,n04-195-05-03
586,n04-195-00-00
586,n04-171-01-01
586,n04-171-04-05
586,n04-183-06-03
586,n04-190-03-07
586,n04-183-00-12
586,n04-190-01-03
586,n04-195-05-02
586,n04-183-00-13
586,n04-183-05-06
586,n04-190-04-04
586,n04-171-06-05
586,n04-195-01-03
586,n04-171-03-06
586,n04-183-04-00
586,n04-183-05-08
586,n04-171-02-11
586,n04-195-00-10
586,n04-183-02-05
586,n04-171-05-02
586,n04-195-05-12
586,n04-183-02-08
586,n04-171-00-08
586,n04-183-00-03
586,n04-171-05-06
586,n04-171-02-05
586,n04-171-03-13
586,n04-190-02-06
586,n04-195-03-08
586,n04-171-03-11
586,n04-190-03-11
586,n04-183-03-04
586,n04-195-03-12
586,n04-171-06-01
586,n04-183-05-00
586,n04-171-03-10
586,n04-171-02-13
586,n04-171-01-03
586,n04-190-02-10
586,n04-171-05-04
586,n04-195-03-11
586,n04-195-03-02
586,n04-190-04-07
586,n04-195-05-09
586,n04-183-03-05
586,n04-171-01-08
586,n04-195-05-00
586,n04-171-01-10
586,n04-190-04-02
586,n04-171-05-07
586,n04-183-00-06
586,n04-171-00-03
586,n04-171-02-06
586,n04-190-02-04
586,n04-195-00-09
586,n04-195-02-09
586,n04-183-02-06
586,n04-195-03-01
586,n04-190-01-07
586,n04-195-02-05
586,n04-183-00-04
586,n04-195-02-06
586,n04-183-00-11
586,n04-183-00-00
586,n04-171-03-01
586,n04-183-01-06
586,n04-171-01-07
586,n04-171-02-12
586,n04-195-01-04
586,n04-171-00-07
586,n04-171-02-08
586,n04-190-02-01
586,n04-171-00-01
586,n04-171-03-07
586,n04-183-00-01
586,n04-183-03-03
586,n04-171-02-07
586,n04-190-02-11
586,n04-183-02-02
586,n04-190-01-04
586,n04-171-01-02
586,n04-195-02-01
586,n04-195-00-05
586,n04-171-00-09
586,n04-190-03-01
586,n04-195-02-07
586,n04-183-06-05
586,n04-171-01-00
586,n04-183-05-04
586,n04-183-06-06
586,n04-183-05-09
586,n04-195-00-08
586,n04-171-03-03
586,n04-183-00-10
586,n04-195-03-04
586,n04-195-00-01
586,n04-171-05-09
586,n04-195-02-03
586,n04-190-06-02
586,n04-195-05-10
586,n04-171-04-08
586,n04-190-06-00
586,n04-183-06-07
586,n04-171-04-06
586,n04-183-01-04
586,n04-195-03-10
586,n04-183-01-05
586,n04-190-03-04
586,n04-190-04-05
586,n04-171-03-05
586,n04-171-02-03
586,n04-171-04-02
586,n04-190-02-00
586,n04-171-04-09
586,n04-183-01-09
586,n04-190-03-03
586,n04-171-02-01
586,n04-171-03-00
586,n04-195-00-02
586,n04-171-04-03
586,n04-183-04-03
586,n04-183-04-07
586,n04-183-06-09
586,n04-183-03-07
586,n04-171-06-04
586,n04-190-03-09
586,n04-171-06-07
586,n04-190-04-00
586,n04-195-05-07
586,n04-183-05-07
586,n04-190-03-10
586,n04-195-05-06
586,n04-183-04-02
586,n04-183-03-01
586,n04-171-00-02
586,n04-183-01-02
586,n04-171-00-06
586,n04-171-06-00
586,n04-183-02-00
586,n04-195-05-08
586,n04-195-05-01
586,n04-171-03-04
586,n04-183-03-06
586,n04-171-01-05
586,n04-171-01-06
586,n04-190-01-10
586,n04-195-03-00
586,n04-195-02-00
586,n04-183-04-06
586,n04-183-05-02
586,n04-190-02-03
586,n04-171-03-12
586,n04-183-04-04
586,n04-190-01-02
586,n04-171-02-09
586,n04-183-00-05
586,n04-190-01-05
586,n04-183-03-02
586,n04-183-06-04
586,n04-171-06-03
586,n04-195-03-06
586,n04-171-00-05
586,n04-190-02-08
586,n04-183-04-05
586,n04-171-01-04
586,n04-195-01-02
586,n04-190-03-05
586,n04-190-04-03
586,n04-183-06-08
586,n04-183-02-01
586,n04-183-04-09
586,n04-171-05-03
586,n04-190-02-02
586,n04-190-06-01
586,n04-171-04-04
586,n04-190-01-01
586,n04-183-05-01
586,n04-171-06-06
586,n04-171-03-02
586,n04-171-03-08
586,n04-195-02-02
586,n04-190-03-02
586,n04-195-01-07
586,n04-171-00-04
586,n04-183-01-00
586,n04-195-00-07
586,n04-190-03-06
586,n04-195-03-07
586,n04-171-04-00
586,n04-190-03-08
586,n04-183-02-03
586,n04-195-01-08
586,n04-183-01-03
586,n04-195-01-01
586,n04-183-05-05
586,n04-171-06-02
586,n04-195-03-05
586,n04-190-03-00
586,n04-171-02-10
586,n04-171-04-01
586,n04-171-02-00
586,n04-171-00-00
586,n04-183-01-08
586,n04-183-02-09
586,n04-183-01-07
586,n04-183-06-02
586,n04-190-01-09
586,n04-195-03-03
586,n04-190-04-01
586,n04-171-04-07
586,n04-190-04-06
586,n04-195-01-06
586,n04-183-06-01
586,n04-183-02-12
586,n04-183-01-10
586,n04-195-00-04
586,n04-195-00-03
586,n04-183-03-00
586,n04-195-01-05
586,n04-171-05-08
586,n04-183-02-07
586,n04-183-04-08
586,n04-183-04-01
586,n04-195-01-00
586,n04-171-02-02
586,n04-190-02-07
586,n04-190-01-08
586,n04-183-00-02
586,n04-190-02-05
586,n04-171-04-10
586,n04-183-02-04
586,n04-171-01-09
586,n04-195-05-04
586,n04-171-02-04
586,n04-183-00-07
586,n04-171-05-01
586,n04-171-05-10
586,n04-171-05-00
586,n04-171-05-05
586,n04-190-01-06
586,n04-183-00-08
586,n04-195-01-09
586,n04-190-02-09
586,n04-195-00-06
586,n04-183-00-09
586,n04-183-04-10
586,n04-195-05-11
586,n04-195-03-09
595,p02-017-03-02
595,p02-017-05-07
595,p02-017-07-00
595,p02-017-05-00
595,p02-017-06-07
595,p02-017-06-02
595,p02-017-03-03
595,p02-017-02-01
595,p02-017-06-01
595,p02-017-04-05
595,p02-017-02-07
595,p02-017-04-06
595,p02-017-04-01
595,p02-017-03-01
595,p02-017-06-00
595,p02-017-04-07
595,p02-017-06-04
595,p02-017-07-01
595,p02-017-07-02
595,p02-017-05-05
595,p02-017-07-03
595,p02-017-06-08
595,p02-017-05-06
595,p02-017-06-03
595,p02-017-03-07
595,p02-017-02-06
595,p02-017-06-05
595,p02-017-06-06
595,p02-017-05-04
595,p02-017-05-01
595,p02-017-03-08
595,p02-017-02-03
595,p02-017-04-00
595,p02-017-02-04
595,p02-017-02-09
595,p02-017-05-08
595,p02-017-05-02
595,p02-017-03-05
595,p02-017-02-05
595,p02-017-03-04
595,p02-017-04-02
595,p02-017-04-04
595,p02-017-05-03
595,p02-017-02-08
595,p02-017-02-00
595,p02-017-02-02
595,p02-017-03-00
595,p02-017-04-03
595,p02-017-03-06
595,p02-017-05-09
595,p02-017-03-09
604,p02-121-00-06
604,p02-121-00-04
604,p02-121-00-13
604,p02-121-00-00
604,p02-121-00-09
604,p02-121-00-10
604,p02-121-01-01
604,p02-121-00-12
604,p02-121-00-01
604,p02-121-01-00
604,p02-121-01-02
604,p02-121-00-11
604,p02-121-01-08
604,p02-121-01-03
604,p02-121-01-09
604,p02-121-01-07
604,p02-121-01-06
604,p02-121-01-10
604,p02-121-00-03
604,p02-121-00-14
604,p02-121-00-02
604,p02-121-00-07
604,p02-121-00-08
604,p02-121-01-05
604,p02-121-00-05
605,p02-127-03-09
605,p02-127-03-03
605,p02-127-00-10
605,p02-127-03-05
605,p02-127-03-02
605,p02-127-03-07
605,p02-127-00-04
605,p02-127-03-06
605,p02-127-03-04
605,p02-127-06-05
605,p02-127-05-10
605,p02-127-03-12
605,p02-127-05-09
605,p02-127-06-03
605,p02-127-05-11
605,p02-127-00-03
605,p02-127-00-02
605,p02-127-05-08
605,p02-127-06-01
605,p02-127-05-05
605,p02-127-00-13
605,p02-127-05-04
605,p02-127-05-01
605,p02-127-00-12
605,p02-127-00-00
605,p02-127-03-10
605,p02-127-05-06
605,p02-127-00-09
605,p02-127-06-04
605,p02-127-00-08
605,p02-127-06-00
605,p02-127-05-03
605,p02-127-00-05
605,p02-127-03-11
605,p02-127-05-07
605,p02-127-06-02
605,p02-127-03-14
605,p02-127-00-06
605,p02-127-00-07
605,p02-127-05-00
605,p02-127-03-13
605,p02-127-00-01
605,p02-127-00-11
605,p02-127-03-00
605,p02-127-05-02
605,p02-127-03-08
605,p02-127-03-01
606,p02-131-00-06
606,p02-131-06-05
606,p02-131-02-03
606,p02-131-05-06
606,p02-131-04-02
606,p02-131-02-06
606,p02-131-04-08
606,p02-131-00-09
606,p02-131-02-08
606,p02-131-06-02
606,p02-131-05-01
606,p02-131-00-01
606,p02-131-04-04
606,p02-131-05-02
606,p02-131-03-03
606,p02-131-06-03
606,p02-131-06-07
606,p02-131-01-06
606,p02-131-01-04
606,p02-131-00-02
606,p02-131-01-01
606,p02-131-02-04
606,p02-131-07-02
606,p02-131-07-04
606,p02-131-03-01
606,p02-131-07-06
606,p02-131-01-00
606,p02-131-03-05
606,p02-131-03-06
606,p02-131-00-03
606,p02-131-07-01
606,p02-131-03-04
606,p02-131-05-07
606,p02-131-02-09
606,p02-131-02-02
606,p02-131-04-06
606,p02-131-04-01
606,p02-131-07-05
606,p02-131-07-00
606,p02-131-00-07
606,p02-131-05-05
606,p02-131-06-00
606,p02-131-02-01
606,p02-131-06-01
606,p02-131-04-09
606,p02-131-06-04
606,p02-131-02-00
606,p02-131-07-03
606,p02-131-04-11
606,p02-131-04-05
606,p02-131-03-02
606,p02-131-03-07
606,p02-131-00-04
606,p02-131-02-05
606,p02-131-04-00
606,p02-131-01-05
606,p02-131-00-00
606,p02-131-04-07
606,p02-131-01-03
606,p02-131-01-07
606,p02-131-00-05
606,p02-131-05-04
606,p02-131-04-10
606,p02-131-07-07
606,p02-131-04-03
606,p02-131-06-06
606,p02-131-00-08
606,p02-131-05-00
606,p02-131-02-07
606,p02-131-01-02
606,p02-131-05-03
606,p02-131-05-08
606,p02-131-01-08
606,p02-131-03-00
606,p02-131-06-08
611,p02-155-01-01
611,p02-155-00-03
611,p02-155-00-02
611,p02-155-00-06
611,p02-155-00-10
611,p02-155-00-00
611,p02-155-00-08
611,p02-155-00-05
611,p02-155-00-04
611,p02-155-00-07
611,p02-155-00-09
611,p02-155-01-00
611,p02-155-00-01
612,p03-004-09-04
612,p03-004-06-05
612,p03-004-03-06
612,p03-004-03-03
612,p03-004-00-06
612,p03-004-08-06
612,p03-004-03-04
612,p03-004-04-00
612,p03-004-07-06
612,p03-004-09-00
612,p03-004-08-00
612,p03-004-02-00
612,p03-004-00-00
612,p03-004-08-05
612,p03-004-08-04
612,p03-004-04-03
612,p03-004-06-00
612,p03-004-04-01
612,p03-004-07-05
612,p03-004-07-00
612,p03-004-09-03
612,p03-004-07-07
612,p03-004-06-01
612,p03-004-01-00
612,p03-004-06-04
612,p03-004-00-03
612,p03-004-08-02
612,p03-004-02-02
612,p03-004-08-01
612,p03-004-07-03
612,p03-004-06-03
612,p03-004-09-05
612,p03-004-02-01
612,p03-004-01-04
612,p03-004-08-03
612,p03-004-03-05
612,p03-004-00-04
612,p03-004-04-02
612,p03-004-01-03
612,p03-004-07-04
612,p03-004-03-02
612,p03-004-01-02
612,p03-004-06-02
612,p03-004-00-02
612,p03-004-09-01
612,p03-004-00-01
612,p03-004-07-02
612,p03-004-09-06
612,p03-004-00-05
612,p03-004-09-02
612,p03-004-03-01
612,p03-004-01-01
612,p03-004-02-03
613,p03-009-03-03
613,p03-009-05-00
613,p03-009-03-04
613,p03-009-02-07
613,p03-009-02-08
613,p03-009-05-06
613,p03-009-04-03
613,p03-009-04-00
613,p03-009-05-05
613,p03-009-03-00
613,p03-009-02-04
613,p03-009-06-14
613,p03-009-06-01
613,p03-009-02-05
613,p03-009-06-03
613,p03-009-06-11
613,p03-009-02-01
613,p03-009-05-03
613,p03-009-06-07
613,p03-009-06-06
613,p03-009-06-13
613,p03-009-06-02
613,p03-009-05-09
613,p03-009-04-07
613,p03-009-04-02
613,p03-009-05-01
613,p03-009-04-06
613,p03-009-06-00
613,p03-009-04-08
613,p03-009-02-02
613,p03-009-02-06
613,p03-009-06-10
613,p03-009-05-07
613,p03-009-02-09
613,p03-009-06-09
613,p03-009-05-08
613,p03-009-06-12
613,p03-009-06-04
613,p03-009-06-05
613,p03-009-04-05
613,p03-009-02-03
613,p03-009-03-05
613,p03-009-03-02
613,p03-009-05-04
613,p03-009-03-01
613,p03-009-04-01
613,p03-009-02-00
613,p03-009-05-02
613,p03-009-04-04
621,p03-069-06-07
621,p03-069-04-13
621,p03-069-04-01
621,p03-069-00-06
621,p03-069-04-11
621,p03-069-05-09
621,p03-069-05-00
621,p03-069-04-00
621,p03-069-02-06
621,p03-069-04-03
621,p03-069-00-07
621,p03-069-02-03
621,p03-069-05-05
621,p03-069-04-10
621,p03-069-01-03
621,p03-069-04-08
621,p03-069-01-04
621,p03-069-03-02
621,p03-069-06-01
621,p03-069-04-04
621,p03-069-05-08
621,p03-069-03-03
621,p03-069-01-01
621,p03-069-00-12
621,p03-069-02-08
621,p03-069-05-06
621,p03-069-04-06
621,p03-069-05-03
621,p03-069-02-10
621,p03-069-06-03
621,p03-069-03-06
621,p03-069-05-01
621,p03-069-04-02
621,p03-069-04-05
621,p03-069-01-00
621,p03-069-05-04
621,p03-069-00-03
621,p03-069-00-02
621,p03-069-00-05
621,p03-069-02-11
621,p03-069-05-02
621,p03-069-06-06
621,p03-069-00-08
621,p03-069-00-11
621,p03-069-02-07
621,p03-069-01-10
621,p03-069-01-05
621,p03-069-00-01
621,p03-069-03-01
621,p03-069-02-05
621,p03-069-06-00
621,p03-069-04-07
621,p03-069-00-10
621,p03-069-03-09
621,p03-069-00-00
621,p03-069-03-07
621,p03-069-02-02
621,p03-069-01-09
621,p03-069-03-00
621,p03-069-02-04
621,p03-069-03-05
621,p03-069-01-07
621,p03-069-04-12
621,p03-069-02-00
621,p03-069-01-11
621,p03-069-06-05
621,p03-069-02-09
621,p03-069-01-06
621,p03-069-03-08
621,p03-069-00-04
621,p03-069-04-09
621,p03-069-01-02
621,p03-069-06-08
621,p03-069-03-04
621,p03-069-01-12
621,p03-069-00-09
621,p03-069-02-01
621,p03-069-01-08
621,p03-069-06-04
621,p03-069-05-07
621,p03-069-06-02
624,p03-121-03-07
624,p03-121-01-06
624,p03-121-01-00
624,p03-121-04-06
624,p03-121-01-07
624,p03-121-01-05
624,p03-121-01-11
624,p03-121-04-10
624,p03-121-01-04
624,p03-121-05-00
624,p03-121-04-00
624,p03-121-04-08
624,p03-121-05-03
624,p03-121-01-09
624,p03-121-03-05
624,p03-121-01-10
624,p03-121-05-01
624,p03-121-04-01
624,p03-121-01-08
624,p03-121-03-02
624,p03-121-01-01
624,p03-121-03-08
624,p03-121-03-00
624,p03-121-05-06
624,p03-121-01-03
624,p03-121-01-12
624,p03-121-03-09
624,p03-121-04-04
624,p03-121-04-07
624,p03-121-04-03
624,p03-121-04-05
624,p03-121-03-04
624,p03-121-05-02
624,p03-121-03-03
624,p03-121-04-09
624,p03-121-05-04
624,p03-121-01-13
624,p03-121-03-06
624,p03-121-04-02
624,p03-121-03-01
624,p03-121-05-05
624,p03-121-01-02
624,p03-121-04-11
625,p03-135-01-01
625,p03-135-04-03
625,p03-135-02-08
625,p03-135-03-04
625,p03-135-05-06
625,p03-135-01-09
625,p03-135-03-11
625,p03-135-01-07
625,p03-135-05-05
625,p03-135-01-00
625,p03-135-00-07
625,p03-135-00-04
625,p03-135-04-00
625,p03-135-05-03
625,p03-135-00-11
625,p03-135-04-09
625,p03-135-02-09
625,p03-135-02-03
625,p03-135-00-10
625,p03-135-03-06
625,p03-135-03-01
625,p03-135-00-01
625,p03-135-03-08
625,p03-135-06-00
625,p03-135-01-10
625,p03-135-00-05
625,p03-135-00-00
625,p03-135-01-11
625,p03-135-05-01
625,p03-135-02-07
625,p03-135-05-10
625,p03-135-05-02
625,p03-135-03-10
625,p03-135-01-08
625,p03-135-05-04
625,p03-135-05-07
625,p03-135-04-13
625,p03-135-00-02
625,p03-135-02-04
625,p03-135-04-02
625,p03-135-02-12
625,p03-135-04-12
625,p03-135-05-00
625,p03-135-03-00
625,p03-135-01-02
625,p03-135-01-06
625,p03-135-02-01
625,p03-135-04-01
625,p03-135-03-05
625,p03-135-04-08
625,p03-135-04-07
625,p03-135-02-10
625,p03-135-04-10
625,p03-135-00-12
625,p03-135-04-06
625,p03-135-02-13
625,p03-135-02-06
625,p03-135-04-04
625,p03-135-02-11
625,p03-135-00-09
625,p03-135-06-02
625,p03-135-05-08
625,p03-135-03-09
625,p03-135-06-01
625,p03-135-00-06
625,p03-135-02-00
625,p03-135-01-03
625,p03-135-03-03
625,p03-135-05-09
625,p03-135-02-05
625,p03-135-04-05
625,p03-135-02-02
625,p03-135-01-04
625,p03-135-03-12
625,p03-135-01-05
625,p03-135-00-03
625,p03-135-03-07
625,p03-135-04-11
625,p03-135-03-02
626,p03-142-06-04
626,p03-142-04-02
626,p03-142-02-01
626,p03-142-04-08
626,p03-142-04-05
626,p03-142-03-05
626,p03-142-01-00
626,p03-142-05-03
626,p03-142-01-05
626,p03-142-03-16
626,p03-142-01-01
626,p03-142-02-00
626,p03-142-06-01
626,p03-142-06-09
626,p03-142-05-00
626,p03-142-01-02
626,p03-142-02-05
626,p03-142-05-09
626,p03-142-03-00
626,p03-142-06-05
626,p03-142-03-10
626,p03-142-03-14
626,p03-142-03-13
626,p03-142-06-03
626,p03-142-03-11
626,p03-142-03-15
626,p03-142-03-06
626,p03-142-05-06
626,p03-142-04-03
626,p03-142-06-08
626,p03-142-05-08
626,p03-142-02-03
626,p03-142-01-08
626,p03-142-03-03
626,p03-142-06-00
626,p03-142-06-02
626,p03-142-01-04
626,p03-142-03-07
626,p03-142-05-10
626,p03-142-05-07
626,p03-142-04-06
626,p03-142-02-02
626,p03-142-03-08
626,p03-142-02-06
626,p03-142-04-00
626,p03-142-02-07
626,p03-142-02-08
626,p03-142-01-03
626,p03-142-06-06
626,p03-142-02-04
626,p03-142-05-01
626,p03-142-04-04
626,p03-142-04-09
626,p03-142-04-01
626,p03-142-01-07
626,p03-142-05-02
626,p03-142-03-12
626,p03-142-01-09
626,p03-142-01-06
626,p03-142-03-01
626,p03-142-05-05
626,p03-142-03-09
626,p03-142-04-07
626,p03-142-05-04
626,p03-142-03-04
626,p03-142-06-07
626,p03-142-03-02
627,p03-151-04-06
627,p03-151-02-05
627,p03-151-03-00
627,p03-151-04-05
627,p03-151-02-00
627,p03-151-04-01
627,p03-151-04-00
627,p03-151-06-01
627,p03-151-07-03
627,p03-151-06-05
627,p03-151-03-09
627,p03-151-03-06
627,p03-151-06-02
627,p03-151-03-01
627,p03-151-07-06
627,p03-151-06-06
627,p03-151-07-02
627,p03-151-06-07
627,p03-151-03-07
627,p03-151-06-04
627,p03-151-07-08
627,p03-151-03-05
627,p03-151-07-04
627,p03-151-03-04
627,p03-151-04-04
627,p03-151-02-03
627,p03-151-03-08
627,p03-151-04-08
627,p03-151-04-03
627,p03-151-04-07
627,p03-151-06-03
627,p03-151-02-02
627,p03-151-06-00
627,p03-151-03-03
627,p03-151-07-05
627,p03-151-07-07
627,p03-151-03-02
627,p03-151-07-00
627,p03-151-07-01
627,p03-151-02-01
627,p03-151-02-04
627,p03-151-04-02
628,p03-158-02-06
628,p03-158-03-07
628,p03-158-06-05
628,p03-158-03-05
628,p03-158-05-09
628,p03-158-01-05
628,p03-158-03-06
628,p03-158-01-06
628,p03-158-07-01
628,p03-158-06-09
628,p03-158-02-02
628,p03-158-05-00
628,p03-158-04-05
628,p03-158-07-00
628,p03-158-03-01
628,p03-158-02-09
628,p03-158-05-07
628,p03-158-05-01
628,p03-158-03-03
628,p03-158-04-09
628,p03-158-06-00
628,p03-158-02-01
628,p03-158-06-11
628,p03-158-03-04
628,p03-158-04-10
628,p03-158-05-02
628,p03-158-01-07
628,p03-158-02-05
628,p03-158-06-12
628,p03-158-05-10
628,p03-158-04-04
628,p03-158-05-06
628,p03-158-02-04
628,p03-158-05-08
628,p03-158-01-00
628,p03-158-05-03
628,p03-158-05-11
628,p03-158-04-01
628,p03-158-06-03
628,p03-158-04-00
628,p03-158-03-08
628,p03-158-04-02
628,p03-158-01-02
628,p03-158-06-01
628,p03-158-06-02
628,p03-158-06-10
628,p03-158-06-04
628,p03-158-02-00
628,p03-158-04-08
628,p03-158-03-02
628,p03-158-04-07
628,p03-158-01-03
628,p03-158-04-06
628,p03-158-02-07
628,p03-158-06-13
628,p03-158-01-04
628,p03-158-05-04
628,p03-158-06-08
628,p03-158-01-09
628,p03-158-07-02
628,p03-158-05-05
628,p03-158-01-08
628,p03-158-02-03
628,p03-158-06-06
628,p03-158-03-00
628,p03-158-01-01
628,p03-158-06-07
628,p03-158-04-03
632,p03-185-00-03
632,p03-185-04-06
632,p03-185-03-01
632,p03-185-05-08
632,p03-185-01-08
632,p03-185-06-04
632,p03-185-02-02
632,p03-185-06-06
632,p03-185-05-09
632,p03-185-06-00
632,p03-185-08-06
632,p03-185-02-09
632,p03-185-04-07
632,p03-185-03-00
632,p03-185-06-01
632,p03-185-02-10
632,p03-185-00-02
632,p03-185-03-02
632,p03-185-03-07
632,p03-185-06-05
632,p03-185-06-08
632,p03-185-00-05
632,p03-185-03-10
632,p03-185-03-03
632,p03-185-05-06
632,p03-185-04-03
632,p03-185-04-05
632,p03-185-08-01
632,p03-185-00-06
632,p03-185-00-04
632,p03-185-03-09
632,p03-185-01-06
632,p03-185-02-03
632,p03-185-01-01
632,p03-185-08-03
632,p03-185-05-00
632,p03-185-01-00
632,p03-185-00-07
632,p03-185-06-03
632,p03-185-02-04
632,p03-185-01-03
632,p03-185-01-07
632,p03-185-04-04
632,p03-185-06-07
632,p03-185-05-07
632,p03-185-05-04
632,p03-185-08-04
632,p03-185-02-00
632,p03-185-05-02
632,p03-185-00-08
632,p03-185-03-06
632,p03-185-03-08
632,p03-185-05-05
632,p03-185-02-05
632,p03-185-00-00
632,p03-185-03-05
632,p03-185-08-02
632,p03-185-05-01
632,p03-185-03-04
632,p03-185-02-08
632,p03-185-04-02
632,p03-185-01-09
632,p03-185-08-05
632,p03-185-02-07
632,p03-185-05-03
632,p03-185-01-05
632,p03-185-06-02
632,p03-185-02-06
632,p03-185-04-01
632,p03-185-00-01
632,p03-185-04-00
632,p03-185-02-01
632,p03-185-08-00
635,p06-242-01-05
635,r06-022-01-03
635,r06-022-07-00
635,r06-000-03-01
635,r06-018-06-00
635,r06-018-03-05
635,r06-022-01-05
635,p06-248-01-02
635,r06-027-01-04
635,p06-242-01-02
635,r06-000-02-01
635,r06-027-05-02
635,r06-022-02-00
635,r06-027-06-06
635,p06-242-06-05
635,r06-003-05-01
635,r06-003-01-08
635,r06-022-00-01
635,r06-027-04-01
635,r06-007-00-14
635,p06-248-03-09
635,p06-248-00-09
635,r06-143-03-08
635,r06-007-05-05
635,r06-018-04-02
635,r06-022-05-01
635,r06-007-00-08
635,p06-248-02-03
635,r06-011-00-11
635,r06-007-00-05
635,r06-027-01-05
635,r06-007-00-12
635,p06-248-02-09
635,r06-003-07-05
635,r06-011-02-04
635,r06-022-05-06
635,r06-022-03-08
635,p06-248-00-04
635,r06-143-01-06
635,r06-003-05-11
635,r06-027-04-05
635,r06-027-02-11
635,r06-143-02-04
635,r06-143-02-05
635,r06-007-01-07
635,r06-027-07-04
635,r06-007-05-03
635,r06-022-01-09
635,r06-027-02-08
635,p06-248-02-00
635,r06-003-05-06
635,r06-022-03-10
635,r06-003-07-04
635,r06-022-04-06
635,r06-022-01-08
635,p06-242-02-03
635,p06-242-02-10
635,p06-248-03-02
635,r06-007-01-04
635,p06-242-06-02
635,p06-242-06-07
635,p06-242-00-08
635,r06-000-01-01
635,p06-248-01-07
635,r06-027-00-09
635,p06-242-04-08
635,r06-018-05-01
635,p06-242-04-02
635,r06-027-06-03
635,r06-143-02-12
635,r06-000-04-01
635,r06-011-05-04
635,p06-242-04-07
635,r06-003-00-03
635,r06-027-07-00
635,p06-248-02-11
635,p06-248-04-06
635,r06-000-02-05
635,r06-003-03-08
635,r06-007-06-05
635,p06-248-02-07
635,p06-242-02-00
635,r06-022-02-08
635,p06-242-02-06
635,r06-007-04-00
635,r06-003-02-05
635,r06-007-01-12
635,r06-027-03-09
635,r06-018-03-02
635,r06-011-02-07
635,r06-018-03-09
635,r06-143-03-06
635,r06-007-04-06
635,p06-242-06-04
635,r06-143-02-01
635,r06-027-00-08
635,p06-242-05-04
635,r06-022-00-03
635,r06-007-01-09
635,r06-003-01-04
635,r06-143-04-04
635,p06-242-01-04
635,r06-027-07-02
635,p06-248-00-00
635,r06-007-06-04
635,p06-242-05-07
635,p06-248-03-03
635,p06-242-00-00
635,r06-003-03-03
635,p06-242-04-13
635,r06-000-00-09
635,r06-018-01-08
635,r06-027-03-10
635,r06-022-05-04
635,r06-011-00-00
635,r06-011-00-03
635,r06-027-00-00
635,r06-027-03-08
635,r06-003-01-07
635,r06-022-04-05
635,r06-022-04-04
635,r06-022-04-01
635,r06-003-02-02
635,r06-007-07-03
635,r06-018-04-07
635,r06-027-02-09
635,r06-027-02-04
635,r06-022-02-01
635,p06-242-00-05
635,r06-003-03-05
635,r06-018-05-05
635,p06-242-01-03
635,r06-027-06-01
635,r06-003-02-07
635,r06-000-01-00
635,r06-007-04-05
635,r06-143-00-07
635,r06-018-05-09
635,r06-000-00-08
635,r06-027-03-02
635,r06-007-05-10
635,r06-143-02-06
635,r06-007-05-09
635,r06-143-04-09
635,r06-018-04-03
635,p06-242-07-02
635,r06-143-01-03
635,r06-007-04-08
635,r06-143-00-08
635,r06-018-04-08
635,r06-022-02-11
635,r06-022-04-09
635,r06-022-02-09
635,r06-018-01-07
635,p06-242-05-00
635,r06-007-05-11
635,r06-022-06-07
635,r06-003-05-02
635,p06-242-05-06
635,r06-003-03-07
635,p06-248-04-03
635,r06-000-00-07
635,r06-007-02-03
635,r06-007-00-06
635,p06-242-03-04
635,p06-242-00-03
635,r06-011-02-08
635,r06-007-02-00
635,r06-143-04-08
635,p06-248-01-08
635,r06-007-00-07
635,p06-242-01-00
635,r06-000-00-06
635,r06-000-04-07
635,r06-027-03-07
635,r06-007-00-15
635,r06-007-02-07
635,r06-011-01-04
635,r06-027-06-07
635,r06-011-00-05
635,r06-000-02-10
635,p06-242-07-03
635,r06-027-00-13
635,r06-022-03-11
635,r06-027-04-08
635,r06-027-00-01
635,r06-011-05-00
635,r06-022-03-03
635,p06-248-00-06
635,r06-018-04-04
635,r06-027-06-09
635,r06-022-02-02
635,r06-011-01-02
635,r06-027-03-06
635,r06-007-05-08
635,r06-027-00-10
635,r06-007-00-02
635,p06-248-03-07
635,r06-143-03-07
635,r06-022-00-07
635,r06-003-02-04
635,r06-022-01-02
635,r06-000-01-09
635,r06-027-04-04
635,p06-248-04-07
635,r06-143-03-00
635,r06-027-01-03
635,r06-027-05-01
635,p06-242-05-03
635,r06-027-02-01
635,r06-018-03-10
635,r06-018-05-07
635,r06-011-05-05
635,r06-011-01-12
635,r06-143-03-01
635,r06-007-04-09
635,p06-242-04-05
635,p06-242-03-03
635,r06-007-07-02
635,r06-011-02-03
635,p06-248-03-06
635,r06-000-00-01
635,r06-022-04-03
635,p06-242-00-01
635,r06-018-03-07
635,r06-011-00-07
635,r06-007-01-06
635,p06-248-00-02
635,r06-143-02-00
635,r06-007-00-09
635,r06-143-04-03
635,r06-027-07-03
635,r06-003-05-04
635,r06-018-06-01
635,p06-242-02-07
635,p06-242-07-05
635,r06-027-04-07
635,r06-003-01-01
635,r06-007-07-01
635,r06-143-02-02
635,r06-027-06-02
635,p06-242-04-10
635,r06-000-01-08
635,r06-022-06-00
635,r06-018-04-05
635,r06-007-05-12
635,r06-022-04-07
635,r06-000-00-02
635,r06-022-05-03
635,r06-011-01-05
635,r06-018-02-07
635,r06-018-02-02
635,r06-018-06-02
635,r06-027-05-00
635,r06-027-03-04
635,r06-143-02-10
635,r06-018-05-08
635,r06-003-05-00
635,r06-011-02-11
635,r06-022-02-10
635,p06-248-01-03
635,p06-242-03-02
635,r06-003-05-03
635,r06-022-05-02
635,r06-027-03-01
635,r06-003-07-01
635,r06-000-01-11
635,p06-248-04-00
635,p06-242-02-04
635,r06-143-04-02
635,r06-003-02-01
635,r06-018-05-04
635,r06-007-05-04
635,r06-011-01-14
635,r06-000-01-10
635,r06-027-00-12
635,r06-143-02-07
635,r06-011-01-01
635,r06-000-03-07
635,r06-027-05-08
635,p06-242-02-09
635,r06-022-05-08
635,r06-022-00-02
635,r06-007-02-05
635,r06-022-04-02
635,r06-022-03-07
635,p06-242-05-02
635,r06-011-00-06
635,r06-027-05-10
635,p06-248-03-08
635,p06-242-06-03
635,r06-003-03-01
635,r06-011-05-03
635,r06-007-04-04
635,p06-248-03-00
635,r06-022-02-05
635,r06-143-01-05
635,r06-018-05-06
635,r06-027-02-03
635,r06-007-01-05
635,r06-018-02-03
635,r06-000-04-06
635,r06-011-00-10
635,r06-007-00-03
635,r06-022-03-12
635,p06-242-05-09
635,p06-242-04-11
635,r06-000-04-03
635,r06-022-02-03
635,p06-248-01-06
635,p06-248-00-03
635,r06-011-01-10
635,r06-003-00-08
635,r06-007-04-02
635,r06-000-01-06
635,r06-143-00-01
635,r06-027-01-10
635,r06-027-05-09
635,p06-248-02-08
635,r06-143-01-01
635,r06-022-02-04
635,r06-011-01-08
635,p06-242-03-01
635,r06-003-01-00
635,r06-003-05-10
635,r06-022-03-09
635,p06-242-02-02
635,r06-027-00-11
635,r06-022-05-07
635,r06-022-04-00
635,r06-000-03-02
635,r06-022-04-10
635,r06-022-00-06
635,r06-027-05-03
635,r06-000-02-09
635,r06-022-06-03
635,r06-007-00-10
635,r06-018-04-01
635,r06-007-01-00
635,r06-027-02-10
635,r06-003-00-10
635,r06-018-01-06
635,r06-000-00-00
635,r06-018-03-01
635,p06-242-04-09
635,p06-242-00-04
635,r06-143-03-04
635,r06-027-01-08
635,p06-242-05-08
635,r06-027-03-11
635,r06-018-02-04
635,r06-027-03-00
635,r06-000-02-04
635,r06-018-02-00
635,r06-018-03-00
635,r06-007-04-03
635,r06-143-01-07
635,p06-242-04-04
635,r06-000-02-00
635,r06-143-00-02
635,r06-003-00-04
635,r06-027-05-06
635,r06-143-03-10
635,r06-000-01-02
635,r06-003-07-00
635,r06-000-04-08
635,r06-011-01-06
635,r06-018-03-04
635,p06-242-03-07
635,p06-248-02-13
635,r06-027-05-11
635,r06-007-01-10
635,r06-027-04-09
635,r06-003-03-02
635,r06-000-00-05
635,r06-000-02-06
635,p06-242-03-06
635,r06-022-05-09
635,r06-011-02-06
635,r06-003-02-08
635,r06-007-00-13
635,r06-027-06-05
635,r06-007-06-06
635,r06-003-07-03
635,r06-143-02-08
635,r06-000-04-02
635,r06-143-04-07
635,p06-248-02-02
635,r06-007-04-01
635,r06-007-06-00
635,r06-000-02-07
635,p06-248-03-01
635,r06-003-02-09
635,r06-007-01-03
635,p06-248-00-08
635,p06-248-00-01
635,r06-022-01-07
635,r06-007-01-11
635,r06-007-05-00
635,r06-000-02-03
635,r06-003-05-07
635,r06-018-05-03
635,r06-027-05-05
635,r06-007-04-07
635,p06-242-01-06
635,r06-018-05-02
635,p06-242-03-00
635,r06-143-02-11
635,r06-022-03-00
635,r06-011-00-01
635,r06-022-02-12
635,r06-022-01-00
635,r06-011-00-04
635,r06-007-00-01
635,p06-242-06-06
635,r06-027-00-02
635,r06-003-00-01
635,r06-003-00-07
635,r06-003-03-11
635,r06-027-00-04
635,r06-143-01-00
635,r06-143-02-03
635,r06-027-04-03
635,r06-027-06-08
635,p06-248-03-05
635,r06-003-00-00
635,p06-242-04-12
635,r06-022-03-01
635,r06-027-01-01
635,r06-018-06-03
635,r06-003-00-06
635,r06-007-06-07
635,r06-027-02-07
635,r06-007-01-02
635,r06-022-05-00
635,p06-248-02-01
635,r06-143-02-09
635,r06-011-02-01
635,r06-000-01-07
635,r06-143-00-00
635,r06-018-05-00
635,p06-242-05-01
635,r06-003-02-06
635,r06-027-01-06
635,r06-022-05-05
635,r06-143-01-02
635,p06-248-02-12
635,r06-007-00-00
635,r06-000-01-03
635,r06-003-02-03
635,r06-011-00-09
635,p06-242-04-06
635,r06-022-03-04
635,r06-011-02-10
635,p06-242-02-05
635,r06-003-01-03
635,r06-022-04-08
635,r06-027-05-04
635,r06-000-03-05
635,r06-027-01-02
635,r06-027-06-00
635,r06-007-06-02
635,r06-003-05-08
635,r06-027-00-07
635,p06-248-01-05
635,r06-022-03-06
635,r06-143-02-14
635,r06-003-05-05
635,r06-027-01-07
635,r06-011-02-05
635,r06-003-01-05
635,p06-242-00-02
635,r06-003-07-08
635,p06-242-01-07
635,r06-143-01-08
635,p06-242-07-00
635,r06-018-01-03
635,r06-003-03-00
635,r06-003-03-10
635,p06-242-07-04
635,r06-027-03-03
635,r06-018-02-01
635,r06-027-02-05
635,r06-143-02-13
635,r06-022-00-00
635,r06-018-01-00
635,r06-027-04-02
635,r06-018-01-01
635,p06-248-02-05
635,r06-018-02-06
635,p06-248-00-05
635,r06-011-01-11
635,r06-143-04-10
635,r06-011-00-08
635,r06-000-02-02
635,p06-242-04-03
635,r06-022-00-04
635,r06-022-06-04
635,r06-022-06-01
635,p06-248-04-02
635,r06-022-00-09
635,r06-007-05-07
635,r06-143-03-09
635,r06-022-00-05
635,r06-007-02-02
635,r06-022-06-06
635,r06-027-02-06
635,r06-018-01-02
635,r06-027-05-12
635,r06-003-05-09
635,r06-000-03-04
635,r06-022-06-05
635,p06-242-07-06
635,r06-003-03-06
635,r06-003-07-02
635,r06-022-06-08
635,p06-248-04-04
635,r06-003-01-02
635,r06-000-01-05
635,r06-000-00-03
635,r06-007-06-01
635,r06-011-01-07
635,r06-022-01-01
635,r06-027-00-06
635,r06-022-01-04
635,p06-242-01-08
635,r06-000-03-00
635,r06-143-00-03
635,r06-018-01-05
635,r06-007-02-08
635,p06-242-01-09
635,r06-022-00-08
635,r06-018-02-05
635,r06-143-03-05
635,r06-003-01-06
635,p06-242-04-01
635,r06-007-01-01
635,r06-003-07-06
635,r06-003-00-09
635,r06-022-01-06
635,r06-011-01-00
635,r06-007-00-04
635,r06-011-01-03
635,r06-011-02-00
635,r06-007-06-03
635,r06-022-07-01
635,r06-000-03-03
635,r06-027-03-05
635,r06-027-06-04
635,r06-011-05-01
635,r06-143-00-06
635,r06-027-06-10
635,r06-027-02-02
635,p06-248-02-04
635,r06-000-04-04
635,p06-242-00-06
635,r06-022-02-07
635,r06-011-02-02
635,p06-242-00-07
635,p06-242-02-08
635,p06-242-05-05
635,p06-242-02-01
635,r06-022-06-02
635,r06-018-04-06
635,r06-027-00-05
635,r06-011-01-13
635,r06-003-00-05
635,r06-143-03-02
635,r06-007-05-02
635,r06-143-00-04
635,r06-143-04-06
635,r06-027-04-00
635,r06-007-02-06
635,r06-003-03-04
635,r06-027-01-09
635,r06-003-02-10
635,r06-027-04-06
635,r06-000-00-04
635,p06-242-06-01
635,r06-003-03-09
635,r06-007-05-01
635,r06-007-02-01
635,r06-143-03-03
635,p06-248-01-04
635,r06-027-01-00
635,p06-248-03-04
635,r06-018-01-04
635,r06-000-01-04
635,r06-011-02-09
635,r06-011-05-02
635,r06-143-04-00
635,r06-143-04-05
635,r06-007-07-00
635,r06-000-04-00
635,p06-248-02-10
635,p06-248-04-01
635,r06-007-01-08
635,r06-018-01-09
635,r06-011-00-12
635,p06-242-03-05
635,r06-007-02-04
635,r06-027-00-03
635,r06-003-07-07
635,r06-018-03-08
635,p06-242-01-01
635,r06-022-02-06
635,r06-027-05-07
635,r06-018-04-00
635,p06-248-01-01
635,r06-000-03-06
635,p06-248-02-06
635,r06-011-01-09
635,r06-011-05-06
635,r06-003-00-02
635,p06-248-01-00
635,r06-027-07-01
635,r06-011-00-02
635,r06-027-07-05
635,r06-007-05-06
635,r06-007-00-11
635,r06-000-02-08
635,r06-143-01-04
635,p06-242-04-00
635,r06-143-00-05
635,p06-242-06-00
635,r06-011-02-12
635,r06-000-04-05
635,p06-248-00-07
635,p06-248-04-05
635,r06-018-03-03
635,r06-018-03-06
636,r02-000-01-02
636,r02-000-03-04
636,r02-000-06-06
636,r02-000-03-07
636,r02-000-05-06
636,r02-000-07-00
636,r02-000-04-02
636,r02-000-06-03
636,r02-000-04-01
636,r02-000-00-01
636,r02-000-01-01
636,r02-000-04-05
636,r02-000-03-02
636,r02-000-05-07
636,r02-000-03-00
636,r02-000-00-04
636,r02-000-05-04
636,r02-000-06-05
636,r02-000-00-05
636,r02-000-02-05
636,r02-000-04-03
636,r02-000-05-05
636,r02-000-04-00
636,r02-000-06-01
636,r02-000-02-02
636,r02-000-03-05
636,r02-000-00-02
636,r02-000-02-07
636,r02-000-00-06
636,r02-000-00-07
636,r02-000-01-05
636,r02-000-04-06
636,r02-000-04-04
636,r02-000-05-03
636,r02-000-03-01
636,r02-000-07-02
636,r02-000-07-04
636,r02-000-02-00
636,r02-000-01-03
636,r02-000-02-04
636,r02-000-03-06
636,r02-000-07-05
636,r02-000-00-00
636,r02-000-03-03
636,r02-000-07-07
636,r02-000-02-03
636,r02-000-05-01
636,r02-000-06-00
636,r02-000-04-07
636,r02-000-01-04
636,r02-000-07-01
636,r02-000-05-00
636,r02-000-06-04
636,r02-000-07-06
636,r02-000-05-08
636,r02-000-02-06
636,r02-000-06-02
636,r02-000-05-02
636,r02-000-00-03
636,r02-000-07-03
636,r02-000-02-01
636,r02-000-01-00
637,r02-003-05-07
637,r02-003-01-02
637,r02-003-02-01
637,r02-003-01-07
637,r02-003-02-04
637,r02-003-03-00
637,r02-003-00-00
637,r02-003-02-07
637,r02-003-01-00
637,r02-003-03-04
637,r02-003-00-07
637,r02-003-05-05
637,r02-003-04-05
637,r02-003-02-00
637,r02-003-00-01
637,r02-003-03-01
637,r02-003-01-03
637,r02-003-01-08
637,r02-003-00-09
637,r02-003-03-02
637,r02-003-01-06
637,r02-003-00-10
637,r02-003-04-09
637,r02-003-04-07
637,r02-003-05-08
637,r02-003-02-10
637,r02-003-01-01
637,r02-003-05-06
637,r02-003-05-04
637,r02-003-04-02
637,r02-003-05-09
637,r02-003-04-10
637,r02-003-04-03
637,r02-003-04-01
637,r02-003-00-03
637,r02-003-02-03
637,r02-003-05-02
637,r02-003-03-05
637,r02-003-02-02
637,r02-003-02-05
637,r02-003-02-08
637,r02-003-01-04
637,r02-003-02-09
637,r02-003-00-04
637,r02-003-05-00
637,r02-003-00-05
637,r02-003-03-03
637,r02-003-04-04
637,r02-003-00-02
637,r02-003-05-03
637,r02-003-04-00
637,r02-003-00-08
637,r02-003-03-07
637,r02-003-01-09
637,r02-003-02-06
637,r02-003-05-01
637,r02-003-04-08
637,r02-003-00-06
637,r02-003-03-06
637,r02-003-01-05
637,r02-003-04-06
638,r02-006-02-05
638,r02-006-00-01
638,r02-006-04-02
638,r02-006-05-00
638,r02-006-06-05
638,r02-006-08-01
638,r02-006-00-04
638,r02-006-04-06
638,r02-006-02-06
638,r02-006-08-04
638,r02-006-03-02
638,r02-006-07-01
638,r02-006-00-02
638,r02-006-00-00
638,r02-006-03-05
638,r02-006-01-01
638,r02-006-01-04
638,r02-006-04-00
638,r02-006-02-00
638,r02-006-06-03
638,r02-006-08-02
638,r02-006-00-05
638,r02-006-01-02
638,r02-006-01-06
638,r02-006-05-02
638,r02-006-08-00
638,r02-006-00-03
638,r02-006-03-06
638,r02-006-07-02
638,r02-006-02-04
638,r02-006-02-02
638,r02-006-09-03
638,r02-006-06-00
638,r02-006-09-04
638,r02-006-02-01
638,r02-006-09-01
638,r02-006-06-04
638,r02-006-04-04
638,r02-006-08-03
638,r02-006-05-05
638,r02-006-01-03
638,r02-006-07-03
638,r02-006-04-03
638,r02-006-03-00
638,r02-006-09-02
638,r02-006-06-01
638,r02-006-03-01
638,r02-006-05-04
638,r02-006-05-03
638,r02-006-09-05
638,r02-006-00-06
638,r02-006-04-05
638,r02-006-03-04
638,r02-006-01-05
638,r02-006-04-01
638,r02-006-05-01
638,r02-006-09-00
638,r02-006-02-03
638,r02-006-03-03
638,r02-006-01-00
639,r02-010-05-00
639,r02-010-00-02
639,r02-010-05-07
639,r02-010-07-01
639,r02-010-00-01
639,r02-010-07-02
639,r02-010-04-06
639,r02-010-04-00
639,r02-010-07-05
639,r02-010-02-01
639,r02-010-02-06
639,r02-010-07-04
639,r02-010-02-04
639,r02-010-02-02
639,r02-010-00-00
639,r02-010-00-06
639,r02-010-00-03
639,r02-010-04-05
639,r02-010-02-03
639,r02-010-02-07
639,r02-010-05-03
639,r02-010-02-05
639,r02-010-05-05
639,r02-010-07-03
639,r02-010-00-04
639,r02-010-04-04
639,r02-010-04-03
639,r02-010-04-01
639,r02-010-02-00
639,r02-010-00-05
639,r02-010-04-02
639,r02-010-05-04
639,r02-010-05-02
639,r02-010-05-06
639,r02-010-00-07
640,r02-013-10-05
640,r02-013-02-08
640,r02-013-03-03
640,r02-013-00-02
640,r02-013-09-07
640,r02-013-08-05
640,r02-013-02-04
640,r02-013-07-00
640,r02-013-03-06
640,r02-013-02-05
640,r02-013-04-01
640,r02-013-03-00
640,r02-013-00-01
640,r02-013-01-07
640,r02-013-02-01
640,r02-013-09-06
640,r02-013-08-03
640,r02-013-02-02
640,r02-013-08-00
640,r02-013-03-05
640,r02-013-04-00
640,r02-013-10-06
640,r02-013-08-01
640,r02-013-04-04
640,r02-013-00-04
640,r02-013-09-02
640,r02-013-02-00
640,r02-013-07-02
640,r02-013-10-03
640,r02-013-09-05
640,r02-013-08-07
640,r02-013-10-07
640,r02-013-02-03
640,r02-013-09-00
640,r02-013-09-04
640,r02-013-00-05
640,r02-013-08-06
640,r02-013-02-07
640,r02-013-01-06
640,r02-013-02-06
640,r02-013-01-03
640,r02-013-08-08
640,r02-013-00-00
640,r02-013-03-01
640,r02-013-07-04
640,r02-013-01-02
640,r02-013-08-02
640,r02-013-03-04
640,r02-013-10-04
640,r02-013-10-01
640,r02-013-10-02
640,r02-013-01-04
640,r02-013-07-01
640,r02-013-03-02
640,r02-013-09-03
640,r02-013-01-05
640,r02-013-09-01
640,r02-013-04-03
640,r02-013-10-00
640,r02-013-08-04
640,r02-013-04-02
640,r02-013-01-01
640,r02-013-01-00
640,r02-013-07-05
641,r02-038-02-02
641,r02-038-04-03
641,r02-038-03-01
641,r02-038-05-08
641,r02-038-00-07
641,r02-038-04-06
641,r02-038-02-05
641,r02-038-00-03
641,r02-038-01-01
641,r02-038-02-04
641,r02-038-01-05
641,r02-038-02-06
641,r02-038-01-02
641,r02-038-03-07
641,r02-038-00-00
641,r02-038-04-00
641,r02-038-03-06
641,r02-038-04-08
641,r02-038-00-13
641,r02-038-00-09
641,r02-038-04-01
641,r02-038-05-02
641,r02-038-03-03
641,r02-038-04-05
641,r02-038-02-08
641,r02-038-00-08
641,r02-038-00-10
641,r02-038-00-12
641,r02-038-05-00
641,r02-038-02-11
641,r02-038-01-00
641,r02-038-02-00
641,r02-038-05-06
641,r02-038-03-05
641,r02-038-04-07
641,r02-038-02-03
641,r02-038-05-04
641,r02-038-02-01
641,r02-038-01-06
641,r02-038-03-04
641,r02-038-02-10
641,r02-038-00-02
641,r02-038-01-04
641,r02-038-00-11
641,r02-038-00-06
641,r02-038-05-05
641,r02-038-00-05
641,r02-038-05-01
641,r02-038-04-04
641,r02-038-02-07
641,r02-038-04-02
641,r02-038-03-00
641,r02-038-05-03
641,r02-038-02-09
641,r02-038-00-04
641,r02-038-00-01
641,r02-038-03-02
641,r02-038-05-07
642,r02-054-00-03
642,r02-054-05-01
642,r02-054-03-07
642,r02-054-04-08
642,r02-054-00-02
642,r02-054-05-03
642,r02-054-01-09
642,r02-054-05-02
642,r02-054-03-02
642,r02-054-03-00
642,r02-054-03-04
642,r02-054-04-07
642,r02-054-01-01
642,r02-054-01-06
642,r02-054-00-04
642,r02-054-04-00
642,r02-054-05-00
642,r02-054-03-05
642,r02-054-03-01
642,r02-054-03-11
642,r02-054-04-06
642,r02-054-00-01
642,r02-054-03-09
642,r02-054-00-00
642,r02-054-01-05
642,r02-054-04-02
642,r02-054-00-09
642,r02-054-01-07
642,r02-054-01-08
642,r02-054-00-06
642,r02-054-01-03
642,r02-054-00-05
642,r02-054-05-09
642,r02-054-06-04
642,r02-054-03-08
642,r02-054-05-07
642,r02-054-06-00
642,r02-054-03-10
642,r02-054-01-02
642,r02-054-04-03
642,r02-054-04-01
642,r02-054-06-03
642,r02-054-04-10
642,r02-054-05-06
642,r02-054-04-05
642,r02-054-01-04
642,r02-054-01-00
642,r02-054-04-04
642,r02-054-06-01
642,r02-054-05-04
642,r02-054-06-02
642,r02-054-03-03
642,r02-054-00-08
642,r02-054-06-05
642,r02-054-03-06
642,r02-054-05-05
642,r02-054-00-07
643,r02-060-10-00
643,r02-060-07-03
643,r02-060-04-04
643,r02-060-01-01
643,r02-060-04-00
643,r02-060-02-01
643,r02-060-06-01
643,r02-060-06-02
643,r02-060-02-02
643,r02-060-05-01
643,r02-060-04-01
643,r02-060-01-03
643,r02-060-04-02
643,r02-060-03-04
643,r02-060-05-04
643,r02-060-05-02
643,r02-060-06-04
643,r02-060-01-02
643,r02-060-03-05
643,r02-060-01-00
643,r02-060-05-03
643,r02-060-04-03
643,r02-060-02-03
643,r02-060-06-00
643,r02-060-07-05
643,r02-060-07-01
643,r02-060-05-00
643,r02-060-03-01
643,r02-060-03-02
643,r02-060-07-04
643,r02-060-01-04
643,r02-060-06-03
643,r02-060-03-00
643,r02-060-01-05
643,r02-060-04-06
643,r02-060-02-04
643,r02-060-02-00
643,r02-060-06-05
643,r02-060-07-00
643,r02-060-07-02
643,r02-060-10-01
643,r02-060-04-05
643,r02-060-03-06
643,r02-060-02-05
643,r02-060-10-02
643,r02-060-03-03
644,r02-065-00-09
644,r02-065-01-01
644,r02-065-06-04
644,r02-065-06-06
644,r02-065-05-06
644,r02-065-02-10
644,r02-065-00-01
644,r02-065-01-04
644,r02-065-02-05
644,r02-065-05-05
644,r02-065-04-06
644,r02-065-04-02
644,r02-065-01-07
644,r02-065-00-07
644,r02-065-04-10
644,r02-065-04-00
644,r02-065-06-08
644,r02-065-06-05
644,r02-065-05-00
644,r02-065-04-07
644,r02-065-02-07
644,r02-065-05-08
644,r02-065-05-04
644,r02-065-01-06
644,r02-065-02-08
644,r02-065-05-02
644,r02-065-04-04
644,r02-065-04-05
644,r02-065-06-03
644,r02-065-02-03
644,r02-065-07-01
644,r02-065-04-09
644,r02-065-03-10
644,r02-065-01-09
644,r02-065-04-01
644,r02-065-03-07
644,r02-065-03-01
644,r02-065-02-00
644,r02-065-06-07
644,r02-065-01-02
644,r02-065-03-03
644,r02-065-04-08
644,r02-065-02-02
644,r02-065-05-03
644,r02-065-00-05
644,r02-065-05-07
644,r02-065-00-02
644,r02-065-07-04
644,r02-065-06-02
644,r02-065-07-02
644,r02-065-03-12
644,r02-065-06-09
644,r02-065-03-02
644,r02-065-00-04
644,r02-065-00-03
644,r02-065-06-01
644,r02-065-05-09
644,r02-065-03-05
644,r02-065-03-04
644,r02-065-02-04
644,r02-065-01-00
644,r02-065-00-08
644,r02-065-02-06
644,r02-065-00-00
644,r02-065-04-03
644,r02-065-03-00
644,r02-065-03-06
644,r02-065-01-05
644,r02-065-06-00
644,r02-065-02-09
644,r02-065-01-08
644,r02-065-05-01
644,r02-065-01-03
644,r02-065-04-11
644,r02-065-03-08
644,r02-065-07-00
644,r02-065-02-01
644,r02-065-00-06
644,r02-065-03-09
645,r02-070-00-01
645,r02-070-06-04
645,r02-070-02-08
645,r02-070-06-02
645,r02-070-03-03
645,r02-070-05-02
645,r02-070-02-00
645,r02-070-01-02
645,r02-070-05-08
645,r02-070-00-07
645,r02-070-02-11
645,r02-070-05-06
645,r02-070-06-08
645,r02-070-00-08
645,r02-070-04-03
645,r02-070-02-05
645,r02-070-05-09
645,r02-070-03-08
645,r02-070-05-04
645,r02-070-05-07
645,r02-070-03-01
645,r02-070-00-00
645,r02-070-02-04
645,r02-070-03-02
645,r02-070-02-14
645,r02-070-01-08
645,r02-070-01-07
645,r02-070-01-11
645,r02-070-04-02
645,r02-070-01-09
645,r02-070-00-04
645,r02-070-04-01
645,r02-070-06-07
645,r02-070-06-00
645,r02-070-05-03
645,r02-070-06-06
645,r02-070-03-06
645,r02-070-02-12
645,r02-070-02-09
645,r02-070-02-03
645,r02-070-01-06
645,r02-070-01-01
645,r02-070-04-00
645,r02-070-02-01
645,r02-070-05-05
645,r02-070-01-14
645,r02-070-02-07
645,r02-070-03-09
645,r02-070-03-00
645,r02-070-00-03
645,r02-070-06-03
645,r02-070-01-12
645,r02-070-00-05
645,r02-070-00-06
645,r02-070-03-07
645,r02-070-01-03
645,r02-070-01-13
645,r02-070-01-05
645,r02-070-06-05
645,r02-070-01-00
645,r02-070-02-02
645,r02-070-02-10
645,r02-070-05-00
645,r02-070-02-13
645,r02-070-03-04
645,r02-070-01-10
645,r02-070-01-04
645,r02-070-03-05
645,r02-070-00-02
645,r02-070-02-06
645,r02-070-05-01
645,r02-070-06-01
647,r02-078-06-01
647,r02-078-02-09
647,r02-078-05-06
647,r02-078-00-01
647,r02-078-04-02
647,r02-078-03-02
647,r02-078-04-04
647,r02-078-06-02
647,r02-078-05-04
647,r02-078-03-00
647,r02-078-02-04
647,r02-078-05-05
647,r02-078-00-04
647,r02-078-03-04
647,r02-078-03-05
647,r02-078-03-03
647,r02-078-02-03
647,r02-078-03-06
647,r02-078-07-00
647,r02-078-04-06
647,r02-078-00-02
647,r02-078-06-04
647,r02-078-03-07
647,r02-078-04-00
647,r02-078-04-03
647,r02-078-00-06
647,r02-078-00-03
647,r02-078-07-02
647,r02-078-05-00
647,r02-078-00-07
647,r02-078-06-05
647,r02-078-06-03
647,r02-078-00-05
647,r02-078-04-01
647,r02-078-05-01
647,r02-078-02-01
647,r02-078-06-00
647,r02-078-00-08
647,r02-078-02-00
647,r02-078-05-02
647,r02-078-04-05
647,r02-078-02-06
647,r02-078-07-03
647,r02-078-00-00
647,r02-078-03-01
647,r02-078-02-02
647,r02-078-05-03
647,r02-078-02-07
647,r02-078-02-05
647,r02-078-07-01
647,r02-078-02-08
647,r02-078-03-08
648,r02-081-01-02
648,r02-081-01-00
648,r02-081-06-02
648,r02-081-00-01
648,r02-081-01-03
648,r02-081-01-07
648,r02-081-06-06
648,r02-081-01-01
648,r02-081-06-01
648,r02-081-07-02
648,r02-081-01-04
648,r02-081-01-06
648,r02-081-06-03
648,r02-081-07-00
648,r02-081-01-08
648,r02-081-07-03
648,r02-081-07-01
648,r02-081-06-00
648,r02-081-00-00
648,r02-081-06-04
648,r02-081-06-05
648,r02-081-01-05
649,r02-089-07-00
649,r02-089-08-05
649,r02-089-07-07
649,r02-089-01-01
649,r02-089-07-08
649,r02-089-09-04
649,r02-089-05-00
649,r02-089-09-02
649,r02-089-07-04
649,r02-089-08-09
649,r02-089-01-07
649,r02-089-01-06
649,r02-089-10-01
649,r02-089-10-04
649,r02-089-09-01
649,r02-089-01-08
649,r02-089-01-04
649,r02-089-01-09
649,r02-089-08-06
649,r02-089-07-01
649,r02-089-10-00
649,r02-089-08-00
649,r02-089-05-05
649,r02-089-10-03
649,r02-089-05-03
649,r02-089-01-03
649,r02-089-08-08
649,r02-089-08-03
649,r02-089-07-05
649,r02-089-09-03
649,r02-089-07-03
649,r02-089-05-01
649,r02-089-01-00
649,r02-089-05-07
649,r02-089-07-06
649,r02-089-09-05
649,r02-089-05-02
649,r02-089-01-05
649,r02-089-05-06
649,r02-089-08-04
649,r02-089-01-10
649,r02-089-09-00
649,r02-089-08-07
649,r02-089-09-06
649,r02-089-01-02
649,r02-089-01-11
649,r02-089-05-04
649,r02-089-08-01
649,r02-089-08-02
649,r02-089-10-02
649,r02-089-09-07
649,r02-089-10-05
650,r02-109-02-03
650,r02-109-03-01
650,r02-109-06-04
650,r02-109-05-00
650,r02-109-05-02
650,r02-109-08-04
650,r02-109-07-06
650,r02-109-09-00
650,r02-109-04-09
650,r02-109-06-06
650,r02-109-02-07
650,r02-109-02-01
650,r02-109-09-05
650,r02-109-04-03
650,r02-109-03-00
650,r02-109-07-01
650,r02-109-08-02
650,r02-109-00-02
650,r02-109-00-00
650,r02-109-07-08
650,r02-109-06-02
650,r02-109-05-05
650,r02-109-00-07
650,r02-109-07-03
650,r02-109-03-05
650,r02-109-05-07
650,r02-109-09-06
650,r02-109-02-04
650,r02-109-03-07
650,r02-109-09-04
650,r02-109-00-05
650,r02-109-03-06
650,r02-109-08-08
650,r02-109-00-01
650,r02-109-06-03
650,r02-109-00-06
650,r02-109-02-06
650,r02-109-04-05
650,r02-109-08-07
650,r02-109-04-00
650,r02-109-07-09
650,r02-109-06-09
650,r02-109-03-02
650,r02-109-09-01
650,r02-109-06-08
650,r02-109-07-04
650,r02-109-02-02
650,r02-109-07-05
650,r02-109-09-02
650,r02-109-07-10
650,r02-109-05-01
650,r02-109-06-05
650,r02-109-05-04
650,r02-109-04-07
650,r02-109-02-00
650,r02-109-04-08
650,r02-109-06-01
650,r02-109-04-02
650,r02-109-04-01
650,r02-109-06-00
650,r02-109-03-09
650,r02-109-06-07
650,r02-109-04-06
650,r02-109-03-10
650,r02-109-07-00
650,r02-109-04-04
650,r02-109-05-06
650,r02-109-02-05
650,r02-109-08-06
650,r02-109-00-03
650,r02-109-05-03
650,r02-109-08-05
650,r02-109-09-03
650,r02-109-03-03
650,r02-109-00-04
650,r02-109-08-01
650,r02-109-08-00
650,r02-109-03-08
650,r02-109-07-02
650,r02-109-03-04
650,r02-109-09-07
650,r02-109-07-07
650,r02-109-08-03
651,r02-117-04-08
651,r02-117-01-10
651,r02-117-00-08
651,r02-117-03-07
651,r02-117-04-03
651,r02-117-04-01
651,r02-117-05-00
651,r02-117-00-03
651,r02-117-06-01
651,r02-117-06-03
651,r02-117-07-01
651,r02-117-00-05
651,r02-117-06-00
651,r02-117-00-02
651,r02-117-03-12
651,r02-117-00-00
651,r02-117-00-01
651,r02-117-07-00
651,r02-117-01-02
651,r02-117-01-09
651,r02-117-01-07
651,r02-117-05-08
651,r02-117-05-07
651,r02-117-07-03
651,r02-117-05-03
651,r02-117-01-06
651,r02-117-03-04
651,r02-117-06-04
651,r02-117-03-05
651,r02-117-05-01
651,r02-117-04-10
651,r02-117-01-00
651,r02-117-03-11
651,r02-117-05-02
651,r02-117-03-08
651,r02-117-00-04
651,r02-117-04-04
651,r02-117-03-02
651,r02-117-04-06
651,r02-117-03-13
651,r02-117-01-03
651,r02-117-05-04
651,r02-117-05-06
651,r02-117-06-07
651,r02-117-04-00
651,r02-117-03-03
651,r02-117-01-01
651,r02-117-03-01
651,r02-117-01-05
651,r02-117-03-06
651,r02-117-07-02
651,r02-117-04-07
651,r02-117-00-06
651,r02-117-01-08
651,r02-117-00-07
651,r02-117-04-05
651,r02-117-06-06
651,r02-117-00-09
651,r02-117-01-04
651,r02-117-03-09
651,r02-117-04-09
651,r02-117-06-05
651,r02-117-05-05
651,r02-117-06-02
651,r02-117-03-00
651,r02-117-03-10
652,r02-127-05-03
652,r02-127-02-12
652,r02-127-02-08
652,r02-127-03-00
652,r02-127-00-02
652,r02-127-04-06
652,r02-127-00-03
652,r02-127-02-00
652,r02-127-02-09
652,r02-127-02-11
652,r02-127-04-03
652,r02-127-01-01
652,r02-127-05-04
652,r02-127-05-01
652,r02-127-05-05
652,r02-127-00-06
652,r02-127-04-02
652,r02-127-02-06
652,r02-127-04-10
652,r02-127-01-10
652,r02-127-04-11
652,r02-127-01-00
652,r02-127-01-04
652,r02-127-01-07
652,r02-127-02-03
652,r02-127-04-00
652,r02-127-03-01
652,r02-127-01-08
652,r02-127-04-09
652,r02-127-04-08
652,r02-127-03-05
652,r02-127-05-00
652,r02-127-01-06
652,r02-127-03-02
652,r02-127-03-04
652,r02-127-04-04
652,r02-127-01-05
652,r02-127-05-02
652,r02-127-04-01
652,r02-127-02-02
652,r02-127-02-04
652,r02-127-00-01
652,r02-127-00-05
652,r02-127-03-03
652,r02-127-02-10
652,r02-127-01-02
652,r02-127-03-08
652,r02-127-04-07
652,r02-127-00-00
652,r02-127-00-04
652,r02-127-03-07
652,r02-127-01-03
652,r02-127-02-07
652,r02-127-01-09
652,r02-127-02-05
652,r02-127-02-01
652,r02-127-04-05
653,r02-131-03-04
653,r02-131-04-01
653,r02-131-03-06
653,r02-131-04-09
653,r02-131-00-02
653,r02-131-04-04
653,r02-131-00-10
653,r02-131-00-11
653,r02-131-05-01
653,r02-131-03-08
653,r02-131-00-04
653,r02-131-04-02
653,r02-131-05-05
653,r02-131-00-08
653,r02-131-04-11
653,r02-131-05-03
653,r02-131-04-05
653,r02-131-04-06
653,r02-131-03-09
653,r02-131-04-08
653,r02-131-03-03
653,r02-131-04-10
653,r02-131-04-12
653,r02-131-05-04
653,r02-131-03-05
653,r02-131-05-00
653,r02-131-05-06
653,r02-131-00-05
653,r02-131-00-09
653,r02-131-04-00
653,r02-131-00-00
653,r02-131-04-03
653,r02-131-00-01
653,r02-131-03-00
653,r02-131-05-02
653,r02-131-04-07
653,r02-131-03-07
653,r02-131-00-12
653,r02-131-03-02
653,r02-131-03-01
653,r02-131-00-07
653,r02-131-00-06
653,r02-131-00-03
654,r02-137-07-05
654,r02-137-01-02
654,r02-137-05-03
654,r02-137-05-06
654,r02-137-01-05
654,r02-137-07-01
654,r02-137-05-04
654,r02-137-02-05
654,r02-137-02-04
654,r02-137-07-06
654,r02-137-07-00
654,r02-137-02-07
654,r02-137-05-05
654,r02-137-01-07
654,r02-137-02-03
654,r02-137-01-09
654,r02-137-02-02
654,r02-137-01-01
654,r02-137-01-06
654,r02-137-01-00
654,r02-137-01-08
654,r02-137-07-02
654,r02-137-07-07
654,r02-137-02-01
654,r02-137-05-01
654,r02-137-02-06
654,r02-137-01-04
654,r02-137-07-04
654,r02-137-05-02
654,r02-137-02-00
654,r02-137-07-03
654,r02-137-05-00
654,r02-137-01-03
655,r02-146-02-02
655,r02-146-02-09
655,r02-146-03-03
655,r02-146-03-04
655,r02-146-03-08
655,r02-146-02-08
655,r02-146-03-00
655,r02-146-02-03
655,r02-146-03-07
655,r02-146-02-04
655,r02-146-02-01
655,r02-146-02-07
655,r02-146-02-05
655,r02-146-03-01
655,r02-146-03-02
655,r02-146-03-06
655,r02-146-02-00
655,r02-146-02-06
655,r02-146-03-05
658,r03-007-02-06
658,r03-002-07-01
658,r03-007-08-01
658,r03-007-02-02
658,r03-002-04-03
658,r03-007-05-04
658,r03-007-00-05
658,r03-007-04-02
658,r03-007-06-02
658,r03-007-05-03
658,r03-007-05-09
658,r03-002-06-01
658,r03-002-00-02
658,r03-002-06-04
658,r03-002-08-02
658,r03-007-06-09
658,r03-007-07-05
658,r03-002-01-06
658,r03-002-06-00
658,r03-002-08-08
658,r03-002-00-05
658,r03-002-05-05
658,r03-007-03-01
658,r03-007-06-06
658,r03-007-06-01
658,r03-002-04-04
658,r03-007-03-03
658,r03-002-01-05
658,r03-002-05-06
658,r03-007-06-08
658,r03-007-05-00
658,r03-002-08-03
658,r03-002-09-03
658,r03-007-06-05
658,r03-007-04-06
658,r03-002-07-06
658,r03-007-05-02
658,r03-002-05-01
658,r03-007-00-01
658,r03-002-07-00
658,r03-007-03-00
658,r03-002-09-00
658,r03-002-08-07
658,r03-002-07-03
658,r03-002-04-06
658,r03-002-01-03
658,r03-007-06-04
658,r03-007-04-07
658,r03-007-03-06
658,r03-002-08-05
658,r03-007-06-00
658,r03-007-03-05
658,r03-007-02-07
658,r03-002-06-07
658,r03-007-07-01
658,r03-002-09-02
658,r03-007-00-02
658,r03-007-05-08
658,r03-007-03-09
658,r03-007-02-00
658,r03-007-03-10
658,r03-007-04-08
658,r03-007-05-06
658,r03-007-01-03
658,r03-007-04-03
658,r03-002-05-04
658,r03-007-00-00
658,r03-007-04-09
658,r03-002-04-01
658,r03-007-01-05
658,r03-007-05-10
658,r03-007-04-04
658,r03-002-00-00
658,r03-007-06-07
658,r03-002-09-01
658,r03-002-06-03
658,r03-007-00-06
658,r03-007-01-04
658,r03-007-02-05
658,r03-007-07-02
658,r03-007-07-04
658,r03-007-08-02
658,r03-007-02-01
658,r03-002-09-04
658,r03-007-01-01
658,r03-002-06-06
658,r03-002-07-07
658,r03-002-05-02
658,r03-002-07-05
658,r03-007-04-00
658,r03-002-08-01
658,r03-002-01-02
658,r03-007-00-07
658,r03-007-04-01
658,r03-002-01-04
658,r03-002-00-04
658,r03-007-07-03
658,r03-007-01-02
658,r03-002-00-06
658,r03-007-08-00
658,r03-007-03-02
658,r03-007-05-05
658,r03-002-08-04
658,r03-007-05-11
658,r03-002-07-02
658,r03-007-03-07
658,r03-007-01-06
658,r03-002-08-00
658,r03-002-05-03
658,r03-002-07-04
658,r03-007-05-07
658,r03-007-04-05
658,r03-002-01-07
658,r03-002-01-00
658,r03-002-04-00
658,r03-002-00-01
658,r03-007-00-04
658,r03-007-01-00
658,r03-002-05-00
658,r03-002-04-02
658,r03-007-02-04
658,r03-007-03-04
658,r03-002-04-05
658,r03-002-01-01
658,r03-007-02-03
658,r03-007-05-01
658,r03-002-00-03
658,r03-007-03-08
658,r03-007-00-03
658,r03-007-07-00
658,r03-007-06-03
659,r03-026-01-00
659,r03-026-03-05
659,r03-026-00-05
659,r03-026-07-07
659,r03-026-03-01
659,r03-026-04-01
659,r03-026-02-06
659,r03-026-06-01
659,r03-026-06-00
659,r03-026-03-06
659,r03-026-03-07
659,r03-026-07-05
659,r03-026-01-04
659,r03-026-10-06
659,r03-026-04-03
659,r03-026-07-01
659,r03-026-04-07
659,r03-026-10-08
659,r03-026-00-02
659,r03-026-10-10
659,r03-026-06-10
659,r03-026-06-02
659,r03-026-10-02
659,r03-026-04-04
659,r03-026-03-02
659,r03-026-03-00
659,r03-026-06-09
659,r03-026-02-05
659,r03-026-03-04
659,r03-026-00-01
659,r03-026-00-07
659,r03-026-02-01
659,r03-026-07-02
659,r03-026-06-05
659,r03-026-10-00
659,r03-026-04-00
659,r03-026-04-02
659,r03-026-10-03
659,r03-026-10-07
659,r03-026-03-03
659,r03-026-06-06
659,r03-026-06-04
659,r03-026-04-05
659,r03-026-07-03
659,r03-026-00-06
659,r03-026-10-01
659,r03-026-00-04
659,r03-026-01-01
659,r03-026-07-00
659,r03-026-10-04
659,r03-026-01-03
659,r03-026-02-00
659,r03-026-01-05
659,r03-026-04-06
659,r03-026-07-04
659,r03-026-07-06
659,r03-026-06-11
659,r03-026-07-08
659,r03-026-00-03
659,r03-026-02-03
659,r03-026-10-05
659,r03-026-06-07
659,r03-026-06-03
659,r03-026-06-08
659,r03-026-10-09
659,r03-026-01-02
659,r03-026-02-02
659,r03-026-02-04
659,r03-026-00-00
660,r03-030-02-00
660,r03-030-05-01
660,r03-030-04-04
660,r03-030-05-07
660,r03-030-06-03
660,r03-030-02-04
660,r03-030-06-00
660,r03-030-03-03
660,r03-030-02-03
660,r03-030-06-04
660,r03-030-05-02
660,r03-030-00-04
660,r03-030-00-00
660,r03-030-03-02
660,r03-030-04-05
660,r03-030-03-09
660,r03-030-02-01
660,r03-030-02-08
660,r03-030-02-02
660,r03-030-00-05
660,r03-030-05-03
660,r03-030-02-07
660,r03-030-06-06
660,r03-030-00-07
660,r03-030-06-02
660,r03-030-03-05
660,r03-030-05-04
660,r03-030-03-04
660,r03-030-05-06
660,r03-030-04-02
660,r03-030-04-00
660,r03-030-03-01
660,r03-030-04-03
660,r03-030-03-00
660,r03-030-03-08
660,r03-030-04-06
660,r03-030-00-01
660,r03-030-00-03
660,r03-030-05-00
660,r03-030-00-06
660,r03-030-03-07
660,r03-030-06-05
660,r03-030-05-08
660,r03-030-04-01
660,r03-030-03-06
660,r03-030-02-05
660,r03-030-04-07
660,r03-030-02-06
660,r03-030-05-05
660,r03-030-00-02
660,r03-030-06-01
661,r03-035-03-02
661,r03-035-07-03
661,r03-035-05-06
661,r03-035-02-08
661,r03-035-06-07
661,r03-035-06-05
661,r03-035-05-12
661,r03-035-02-02
661,r03-035-07-00
661,r03-035-03-00
661,r03-035-03-07
661,r03-035-03-01
661,r03-035-07-09
661,r03-035-04-04
661,r03-035-04-09
661,r03-035-05-03
661,r03-035-01-00
661,r03-035-02-04
661,r03-035-03-06
661,r03-035-02-01
661,r03-035-06-04
661,r03-035-06-10
661,r03-035-04-00
661,r03-035-05-11
661,r03-035-06-00
661,r03-035-07-05
661,r03-035-05-07
661,r03-035-07-04
661,r03-035-05-14
661,r03-035-07-07
661,r03-035-05-05
661,r03-035-05-13
661,r03-035-07-06
661,r03-035-07-11
661,r03-035-02-03
661,r03-035-00-00
661,r03-035-06-08
661,r03-035-04-08
661,r03-035-04-05
661,r03-035-05-10
661,r03-035-07-01
661,r03-035-02-00
661,r03-035-04-03
661,r03-035-07-12
661,r03-035-01-05
661,r03-035-06-02
661,r03-035-05-01
661,r03-035-01-03
661,r03-035-05-08
661,r03-035-02-06
661,r03-035-04-06
661,r03-035-00-01
661,r03-035-06-06
661,r03-035-06-01
661,r03-035-00-02
661,r03-035-00-05
661,r03-035-01-04
661,r03-035-01-01
661,r03-035-06-09
661,r03-035-03-03
661,r03-035-03-04
661,r03-035-04-02
661,r03-035-04-01
661,r03-035-00-03
661,r03-035-04-07
661,r03-035-05-04
661,r03-035-00-06
661,r03-035-00-08
661,r03-035-06-03
661,r03-035-07-08
661,r03-035-03-05
661,r03-035-05-09
661,r03-035-05-02
661,r03-035-00-04
661,r03-035-01-06
661,r03-035-02-05
661,r03-035-00-07
661,r03-035-02-07
661,r03-035-05-00
661,r03-035-07-10
661,r03-035-01-02
662,r03-050-00-08
662,r03-050-06-03
662,r03-050-00-05
662,r03-050-00-10
662,r03-050-02-02
662,r03-050-04-02
662,r03-050-00-04
662,r03-050-01-03
662,r03-050-04-07
662,r03-050-01-02
662,r03-050-06-01
662,r03-050-03-05
662,r03-050-06-00
662,r03-050-00-01
662,r03-050-05-04
662,r03-050-05-02
662,r03-050-04-08
662,r03-050-05-01
662,r03-050-04-00
662,r03-050-03-02
662,r03-050-06-04
662,r03-050-02-04
662,r03-050-03-08
662,r03-050-01-07
662,r03-050-00-02
662,r03-050-06-05
662,r03-050-01-00
662,r03-050-03-07
662,r03-050-00-07
662,r03-050-03-01
662,r03-050-01-04
662,r03-050-04-09
662,r03-050-00-06
662,r03-050-01-05
662,r03-050-02-10
662,r03-050-00-03
662,r03-050-00-09
662,r03-050-06-07
662,r03-050-03-00
662,r03-050-05-07
662,r03-050-04-05
662,r03-050-01-01
662,r03-050-04-06
662,r03-050-04-03
662,r03-050-01-06
662,r03-050-01-08
662,r03-050-02-03
662,r03-050-02-07
662,r03-050-05-03
662,r03-050-01-09
662,r03-050-04-04
662,r03-050-03-03
662,r03-050-02-00
662,r03-050-00-00
662,r03-050-05-08
662,r03-050-05-05
662,r03-050-02-08
662,r03-050-05-06
662,r03-050-04-01
662,r03-050-05-09
662,r03-050-02-06
662,r03-050-03-06
662,r03-050-06-02
662,r03-050-02-09
662,r03-050-06-06
662,r03-050-02-05
662,r03-050-02-01
662,r03-050-03-09
662,r03-050-05-00
663,r03-056-03-03
663,r03-056-02-07
663,r03-056-05-04
663,r03-056-03-16
663,r03-056-05-11
663,r03-056-00-07
663,r03-056-01-05
663,r03-056-03-09
663,r03-056-02-06
663,r03-056-05-05
663,r03-056-02-01
663,r03-056-03-12
663,r03-056-00-04
663,r03-056-05-17
663,r03-056-07-03
663,r03-056-05-10
663,r03-056-03-07
663,r03-056-00-03
663,r03-056-05-02
663,r03-056-03-11
663,r03-056-03-06
663,r03-056-03-08
663,r03-056-03-05
663,r03-056-00-02
663,r03-056-05-13
663,r03-056-05-07
663,r03-056-07-05
663,r03-056-02-04
663,r03-056-05-09
663,r03-056-01-06
663,r03-056-05-15
663,r03-056-07-00
663,r03-056-00-08
663,r03-056-03-13
663,r03-056-00-11
663,r03-056-01-03
663,r03-056-03-02
663,r03-056-02-09
663,r03-056-03-04
663,r03-056-01-08
663,r03-056-00-05
663,r03-056-00-01
663,r03-056-01-01
663,r03-056-01-04
663,r03-056-02-08
663,r03-056-05-08
663,r03-056-02-00
663,r03-056-03-00
663,r03-056-01-07
663,r03-056-07-01
663,r03-056-05-16
663,r03-056-02-03
663,r03-056-00-00
663,r03-056-05-01
663,r03-056-02-05
663,r03-056-07-04
663,r03-056-00-10
663,r03-056-03-14
663,r03-056-05-14
663,r03-056-03-10
663,r03-056-00-09
663,r03-056-07-02
663,r03-056-01-00
663,r03-056-05-12
663,r03-056-02-02
663,r03-056-05-06
663,r03-056-00-06
663,r03-056-05-00
663,r03-056-01-09
663,r03-056-00-13
663,r03-056-03-15
663,r03-056-01-02
663,r03-056-03-01
663,r03-056-00-12
664,r03-065-05-04
664,r03-065-03-04
664,r03-065-00-00
664,r03-065-03-06
664,r03-065-00-01
664,r03-065-04-07
664,r03-065-06-02
664,r03-065-03-03
664,r03-065-06-00
664,r03-065-00-13
664,r03-065-04-02
664,r03-065-00-15
664,r03-065-04-01
664,r03-065-04-03
664,r03-065-00-10
664,r03-065-03-05
664,r03-065-00-06
664,r03-065-00-07
664,r03-065-04-08
664,r03-065-00-09
664,r03-065-06-04
664,r03-065-03-07
664,r03-065-04-00
664,r03-065-03-08
664,r03-065-00-16
664,r03-065-00-02
664,r03-065-03-09
664,r03-065-00-03
664,r03-065-06-03
664,r03-065-06-05
664,r03-065-07-02
664,r03-065-00-05
664,r03-065-03-01
664,r03-065-04-05
664,r03-065-05-01
664,r03-065-00-08
664,r03-065-05-07
664,r03-065-03-02
664,r03-065-05-03
664,r03-065-07-01
664,r03-065-00-12
664,r03-065-05-05
664,r03-065-07-00
664,r03-065-06-01
664,r03-065-06-06
664,r03-065-00-14
664,r03-065-05-02
664,r03-065-03-10
664,r03-065-04-04
664,r03-065-00-17
664,r03-065-07-03
664,r03-065-00-11
664,r03-065-05-00
664,r03-065-00-04
664,r03-065-03-00
664,r03-065-04-06
664,r03-065-05-06
665,r03-084-07-01
665,r03-084-00-05
665,r03-084-00-01
665,r03-084-08-05
665,r03-084-09-05
665,r03-084-09-04
665,r03-084-08-08
665,r03-084-00-08
665,r03-084-07-02
665,r03-084-08-06
665,r03-084-07-05
665,r03-084-00-07
665,r03-084-08-01
665,r03-084-08-04
665,r03-084-09-02
665,r03-084-08-07
665,r03-084-00-03
665,r03-084-00-04
665,r03-084-08-02
665,r03-084-07-07
665,r03-084-00-00
665,r03-084-07-03
665,r03-084-08-03
665,r03-084-09-01
665,r03-084-09-00
665,r03-084-07-04
665,r03-084-00-06
665,r03-084-00-02
665,r03-084-07-06
665,r03-084-07-00
665,r03-084-08-00
665,r03-084-09-03
666,r03-090-06-04
666,r03-090-05-01
666,r03-090-05-06
666,r03-090-03-07
666,r03-090-00-01
666,r03-090-00-07
666,r03-090-00-10
666,r03-090-05-04
666,r03-090-03-02
666,r03-090-00-03
666,r03-090-04-10
666,r03-090-03-04
666,r03-090-00-06
666,r03-090-05-08
666,r03-090-06-03
666,r03-090-04-02
666,r03-090-02-00
666,r03-090-02-08
666,r03-090-02-01
666,r03-090-04-06
666,r03-090-02-04
666,r03-090-06-02
666,r03-090-05-02
666,r03-090-05-07
666,r03-090-04-07
666,r03-090-04-05
666,r03-090-02-05
666,r03-090-00-00
666,r03-090-04-09
666,r03-090-03-10
666,r03-090-06-01
666,r03-090-03-09
666,r03-090-03-01
666,r03-090-02-03
666,r03-090-00-05
666,r03-090-04-00
666,r03-090-06-00
666,r03-090-03-08
666,r03-090-06-05
666,r03-090-05-00
666,r03-090-06-06
666,r03-090-03-00
666,r03-090-02-02
666,r03-090-05-05
666,r03-090-05-09
666,r03-090-04-04
666,r03-090-05-03
666,r03-090-00-09
666,r03-090-02-06
666,r03-090-04-03
666,r03-090-05-10
666,r03-090-02-07
666,r03-090-00-04
666,r03-090-03-06
666,r03-090-00-02
666,r03-090-05-11
666,r03-090-03-03
666,r03-090-04-08
666,r03-090-06-07
666,r03-090-04-01
666,r03-090-03-05
666,r03-090-00-08
667,r03-096-02-00
667,r03-096-03-05
667,r03-096-04-07
667,r03-096-01-04
667,r03-096-05-02
667,r03-096-01-02
667,r03-096-03-01
667,r03-096-02-03
667,r03-096-04-05
667,r03-096-04-01
667,r03-096-01-06
667,r03-096-05-03
667,r03-096-03-10
667,r03-096-03-03
667,r03-096-03-00
667,r03-096-03-06
667,r03-096-03-02
667,r03-096-04-11
667,r03-096-03-04
667,r03-096-05-01
667,r03-096-02-08
667,r03-096-04-02
667,r03-096-02-04
667,r03-096-01-03
667,r03-096-05-07
667,r03-096-01-07
667,r03-096-01-08
667,r03-096-04-06
667,r03-096-04-09
667,r03-096-03-07
667,r03-096-05-08
667,r03-096-03-08
667,r03-096-02-05
667,r03-096-05-06
667,r03-096-02-07
667,r03-096-04-04
667,r03-096-04-03
667,r03-096-03-11
667,r03-096-05-04
667,r03-096-02-06
667,r03-096-04-10
667,r03-096-04-08
667,r03-096-05-09
667,r03-096-03-09
667,r03-096-01-00
667,r03-096-05-05
667,r03-096-01-10
667,r03-096-02-02
667,r03-096-05-10
667,r03-096-01-01
667,r03-096-05-00
667,r03-096-01-05
667,r03-096-04-00
667,r03-096-02-01
668,r03-110-07-07
668,r03-110-07-06
668,r03-110-02-09
668,r03-110-05-11
668,r03-110-06-07
668,r03-110-04-06
668,r03-110-06-06
668,r03-110-03-08
668,r03-110-06-03
668,r03-110-03-03
668,r03-110-06-08
668,r03-110-08-05
668,r03-110-07-01
668,r03-110-04-08
668,r03-110-01-07
668,r03-110-01-11
668,r03-110-04-02
668,r03-110-08-03
668,r03-110-03-06
668,r03-110-04-03
668,r03-110-08-07
668,r03-110-06-09
668,r03-110-07-02
668,r03-110-02-00
668,r03-110-03-00
668,r03-110-05-09
668,r03-110-05-12
668,r03-110-03-10
668,r03-110-03-11
668,r03-110-02-03
668,r03-110-03-01
668,r03-110-01-08
668,r03-110-01-09
668,r03-110-03-02
668,r03-110-04-00
668,r03-110-01-05
668,r03-110-06-04
668,r03-110-03-05
668,r03-110-08-06
668,r03-110-06-11
668,r03-110-08-01
668,r03-110-07-08
668,r03-110-01-03
668,r03-110-06-01
668,r03-110-09-00
668,r03-110-04-05
668,r03-110-09-01
668,r03-110-05-04
668,r03-110-08-04
668,r03-110-08-02
668,r03-110-01-10
668,r03-110-04-07
668,r03-110-05-03
668,r03-110-02-08
668,r03-110-09-03
668,r03-110-02-06
668,r03-110-02-04
668,r03-110-08-08
668,r03-110-05-10
668,r03-110-09-02
668,r03-110-04-04
668,r03-110-08-09
668,r03-110-06-02
668,r03-110-08-10
668,r03-110-06-05
668,r03-110-02-02
668,r03-110-07-03
668,r03-110-01-01
668,r03-110-06-10
668,r03-110-05-08
668,r03-110-08-00
668,r03-110-05-07
668,r03-110-05-00
668,r03-110-08-11
668,r03-110-05-06
668,r03-110-07-00
668,r03-110-07-09
668,r03-110-04-01
668,r03-110-05-01
668,r03-110-02-01
668,r03-110-01-06
668,r03-110-02-05
668,r03-110-03-07
668,r03-110-07-05
668,r03-110-01-00
668,r03-110-05-05
668,r03-110-01-02
668,r03-110-08-12
668,r03-110-02-07
668,r03-110-05-02
668,r03-110-03-04
668,r03-110-01-04
668,r03-110-06-00
668,r03-110-03-09
669,r03-115-00-06
669,r03-115-01-03
669,r03-115-01-01
669,r03-115-00-05
669,r03-115-03-04
669,r03-115-00-07
669,r03-115-02-06
669,r03-115-01-00
669,r03-115-01-07
669,r03-115-00-08
669,r03-115-03-01
669,r03-115-01-06
669,r03-115-00-02
669,r03-115-01-05
669,r03-115-03-03
669,r03-115-00-01
669,r03-115-02-05
669,r03-115-02-01
669,r03-115-03-02
669,r03-115-02-03
669,r03-115-00-00
669,r03-115-02-02
669,r03-115-00-04
669,r03-115-02-00
669,r03-115-01-02
669,r03-115-00-03
669,r03-115-02-04
669,r03-115-03-05
669,r03-115-03-00
670,r06-049-03-03
670,r06-044-08-02
670,r06-057-05-04
670,r06-049-09-03
670,r06-057-01-01
670,r06-044-05-01
670,r06-035-00-07
670,r06-041-08-00
670,r06-044-06-04
670,r06-053-03-02
670,r06-062-04-01
670,r06-057-01-03
670,r06-044-06-00
670,r06-066-00-00
670,r06-070-08-02
670,r06-053-08-07
670,r06-076-04-07
670,r06-057-02-04
670,r06-057-05-06
670,r06-062-05-00
670,r06-049-06-01
670,r06-049-02-01
670,r06-057-03-05
670,r06-035-02-08
670,r06-053-02-01
670,r06-070-05-02
670,r06-044-06-06
670,r06-057-05-03
670,r06-062-03-02
670,r06-076-03-03
670,r06-070-08-01
670,r06-041-00-01
670,r06-070-01-04
670,r06-053-04-08
670,r06-057-03-03
670,r06-066-03-05
670,r06-070-03-02
670,r06-070-06-05
670,r06-066-08-04
670,r06-044-02-02
670,r06-044-06-05
670,r06-066-09-04
670,r06-057-02-06
670,r06-076-01-02
670,r06-041-00-04
670,r06-076-02-05
670,r06-076-02-06
670,r06-070-01-06
670,r06-044-02-05
670,r06-049-05-03
670,r06-076-07-01
670,r06-049-04-03
670,r06-049-05-02
670,r06-070-05-05
670,r06-044-07-08
670,r06-053-07-05
670,r06-070-02-04
670,r06-070-06-03
670,r06-062-04-00
670,r06-041-03-04
670,r06-049-03-02
670,r06-062-06-00
670,r06-044-05-04
670,r06-062-08-05
670,r06-035-00-02
670,r06-049-07-07
670,r06-049-01-00
670,r06-053-04-06
670,r06-049-04-01
670,r06-044-04-03
670,r06-057-01-06
670,r06-076-04-01
670,r06-070-00-01
670,r06-041-06-05
670,r06-049-09-06
670,r06-076-02-02
670,r06-076-06-01
670,r06-035-02-03
670,r06-062-00-03
670,r06-076-07-05
670,r06-062-04-04
670,r06-076-03-00
670,r06-035-04-08
670,r06-057-05-08
670,r06-035-00-03
670,r06-070-05-00
670,r06-062-02-00
670,r06-053-00-06
670,r06-057-04-00
670,r06-062-05-06
670,r06-070-03-01
670,r06-066-02-08
670,r06-053-00-04
670,r06-057-04-06
670,r06-062-01-00
670,r06-035-05-07
670,r06-044-04-07
670,r06-062-00-02
670,r06-044-08-05
670,r06-035-01-02
670,r06-076-00-06
670,r06-062-03-05
670,r06-057-02-09
670,r06-041-05-03
670,r06-062-01-07
670,r06-049-06-03
670,r06-062-08-03
670,r06-044-04-02
670,r06-041-05-06
670,r06-053-09-00
670,r06-062-07-01
670,r06-062-01-05
670,r06-076-03-05
670,r06-035-00-10
670,r06-035-06-07
670,r06-049-09-05
670,r06-062-08-02
670,r06-070-02-06
670,r06-076-06-05
670,r06-076-08-01
670,r06-057-03-01
670,r06-076-08-02
670,r06-070-00-00
670,r06-053-00-00
670,r06-076-00-05
670,r06-062-03-01
670,r06-049-01-04
670,r06-062-09-02
670,r06-041-04-04
670,r06-053-03-03
670,r06-062-05-01
670,r06-076-01-00
670,r06-035-06-02
670,r06-066-02-04
670,r06-035-06-00
670,r06-062-08-01
670,r06-049-09-01
670,r06-044-04-04
670,r06-044-02-08
670,r06-053-07-04
670,r06-066-01-07
670,r06-057-04-02
670,r06-062-07-05
670,r06-044-01-07
670,r06-070-03-07
670,r06-057-03-02
670,r06-076-02-07
670,r06-053-04-01
670,r06-035-00-00
670,r06-044-10-05
670,r06-076-04-04
670,r06-041-03-02
670,r06-053-05-02
670,r06-044-05-02
670,r06-057-04-03
670,r06-062-02-07
670,r06-057-08-04
670,r06-035-00-01
670,r06-057-01-04
670,r06-049-03-07
670,r06-049-08-00
670,r06-057-01-00
670,r06-049-08-07
670,r06-035-00-05
670,r06-041-04-01
670,r06-066-04-03
670,r06-066-02-07
670,r06-076-06-06
670,r06-035-01-06
670,r06-035-05-04
670,r06-053-04-05
670,r06-044-03-01
670,r06-044-09-03
670,r06-062-06-03
670,r06-062-07-02
670,r06-076-06-07
670,r06-035-06-05
670,r06-066-08-00
670,r06-066-02-05
670,r06-066-08-05
670,r06-057-08-05
670,r06-035-00-09
670,r06-057-01-02
670,r06-062-09-01
670,r06-066-00-04
670,r06-070-04-02
670,r06-041-03-03
670,r06-076-06-03
670,r06-053-02-06
670,r06-066-02-01
670,r06-053-05-08
670,r06-041-00-05
670,r06-062-01-04
670,r06-041-00-06
670,r06-041-00-02
670,r06-049-07-04
670,r06-062-05-03
670,r06-044-07-07
670,r06-070-00-03
670,r06-070-01-02
670,r06-041-04-00
670,r06-035-02-01
670,r06-066-08-03
670,r06-049-08-03
670,r06-044-08-04
670,r06-044-02-03
670,r06-041-00-00
670,r06-057-03-07
670,r06-044-07-05
670,r06-044-01-06
670,r06-035-02-04
670,r06-053-05-06
670,r06-070-05-06
670,r06-062-00-05
670,r06-044-03-04
670,r06-070-07-01
670,r06-070-04-00
670,r06-057-05-05
670,r06-049-01-06
670,r06-053-08-04
670,r06-044-01-09
670,r06-062-05-02
670,r06-057-01-07
670,r06-049-09-07
670,r06-044-03-05
670,r06-049-09-02
670,r06-076-03-02
670,r06-066-04-00
670,r06-044-04-06
670,r06-041-03-01
670,r06-070-05-03
670,r06-044-01-01
670,r06-035-04-05
670,r06-070-04-01
670,r06-057-01-05
670,r06-066-04-02
670,r06-076-00-04
670,r06-066-00-07
670,r06-044-06-01
670,r06-076-04-02
670,r06-041-04-02
670,r06-035-04-03
670,r06-066-01-05
670,r06-062-01-08
670,r06-053-01-03
670,r06-044-10-01
670,r06-053-09-02
670,r06-049-10-04
670,r06-041-08-01
670,r06-035-02-00
670,r06-076-07-07
670,r06-062-03-03
670,r06-044-06-02
670,r06-049-02-06
670,r06-057-05-07
670,r06-044-07-02
670,r06-070-00-02
670,r06-070-06-02
670,r06-053-01-00
670,r06-041-00-03
670,r06-053-01-01
670,r06-066-03-07
670,r06-035-02-07
670,r06-076-06-08
670,r06-057-08-02
670,r06-049-04-00
670,r06-062-08-00
670,r06-070-03-09
670,r06-053-03-00
670,r06-070-07-04
670,r06-062-05-04
670,r06-053-04-04
670,r06-035-06-03
670,r06-076-01-03
670,r06-044-03-06
670,r06-049-10-05
670,r06-041-06-06
670,r06-057-04-07
670,r06-044-02-06
670,r06-057-02-02
670,r06-035-01-03
670,r06-070-04-06
670,r06-076-02-00
670,r06-076-08-03
670,r06-062-01-02
670,r06-070-07-06
670,r06-070-03-05
670,r06-049-02-00
670,r06-070-05-04
670,r06-062-02-06
670,r06-044-03-00
670,r06-049-00-02
670,r06-053-01-05
670,r06-070-03-04
670,r06-066-00-08
670,r06-035-06-06
670,r06-057-04-04
670,r06-066-02-03
670,r06-066-01-03
670,r06-049-03-01
670,r06-070-08-03
670,r06-070-06-01
670,r06-076-08-05
670,r06-049-04-04
670,r06-062-03-06
670,r06-076-00-01
670,r06-070-01-05
670,r06-049-03-04
670,r06-062-02-05
670,r06-035-02-05
670,r06-035-05-02
670,r06-049-10-02
670,r06-035-01-08
670,r06-049-03-08
670,r06-049-00-03
670,r06-044-10-06
670,r06-076-07-06
670,r06-066-09-01
670,r06-070-08-00
670,r06-041-06-01
670,r06-062-09-04
670,r06-044-02-00
670,r06-053-03-05
670,r06-066-03-04
670,r06-066-03-01
670,r06-053-08-05
670,r06-066-01-04
670,r06-076-06-00
670,r06-044-04-01
670,r06-057-02-07
670,r06-035-05-01
670,r06-070-03-03
670,r06-053-00-03
670,r06-035-04-06
670,r06-076-02-03
670,r06-049-00-00
670,r06-049-09-04
670,r06-044-05-00
670,r06-041-06-04
670,r06-041-06-02
670,r06-035-01-00
670,r06-035-04-04
670,r06-066-00-05
670,r06-044-01-02
670,r06-035-01-01
670,r06-057-08-03
670,r06-076-04-03
670,r06-062-02-04
670,r06-066-09-03
670,r06-062-03-04
670,r06-070-01-01
670,r06-070-08-06
670,r06-066-08-01
670,r06-049-08-02
670,r06-044-09-06
670,r06-062-03-00
670,r06-053-01-02
670,r06-049-02-03
670,r06-044-10-00
670,r06-062-04-03
670,r06-062-04-02
670,r06-057-05-00
670,r06-049-05-01
670,r06-041-06-07
670,r06-070-00-04
670,r06-044-09-04
670,r06-053-07-01
670,r06-062-09-03
670,r06-049-04-06
670,r06-062-02-01
670,r06-066-04-06
670,r06-035-05-00
670,r06-070-06-00
670,r06-049-06-06
670,r06-062-01-03
670,r06-062-06-07
670,r06-076-04-06
670,r06-035-04-01
670,r06-041-06-08
670,r06-057-02-00
670,r06-066-00-02
670,r06-053-04-07
670,r06-035-04-02
670,r06-044-07-01
670,r06-044-08-00
670,r06-035-00-08
670,r06-070-06-04
670,r06-044-07-04
670,r06-041-05-01
670,r06-076-02-08
670,r06-049-07-01
670,r06-057-02-08
670,r06-041-07-02
670,r06-049-08-06
670,r06-035-00-04
670,r06-044-07-03
670,r06-049-03-05
670,r06-053-04-03
670,r06-049-07-06
670,r06-062-05-05
670,r06-053-07-02
670,r06-049-10-03
670,r06-066-09-02
670,r06-053-02-04
670,r06-062-02-03
670,r06-044-01-00
670,r06-066-04-04
670,r06-053-08-01
670,r06-076-04-05
670,r06-035-00-06
670,r06-044-02-07
670,r06-076-01-04
670,r06-049-05-04
670,r06-049-05-05
670,r06-066-03-02
670,r06-049-10-00
670,r06-041-07-01
670,r06-066-02-00
670,r06-062-07-06
670,r06-049-03-06
670,r06-057-04-01
670,r06-070-02-00
670,r06-070-02-02
670,r06-044-07-06
670,r06-053-04-02
670,r06-049-06-04
670,r06-041-05-02
670,r06-044-01-05
670,r06-049-07-03
670,r06-044-04-00
670,r06-062-04-05
670,r06-035-01-04
670,r06-062-00-04
670,r06-057-03-06
670,r06-066-02-02
670,r06-066-01-06
670,r06-066-00-03
670,r06-035-01-05
670,r06-053-05-04
670,r06-070-03-00
670,r06-049-02-04
670,r06-049-07-00
670,r06-041-05-00
670,r06-044-10-03
670,r06-053-02-07
670,r06-062-07-04
670,r06-070-07-05
670,r06-041-03-05
670,r06-049-00-04
670,r06-053-05-03
670,r06-062-06-05
670,r06-053-02-02
670,r06-035-04-07
670,r06-044-09-05
670,r06-044-03-03
670,r06-066-08-07
670,r06-053-08-06
670,r06-035-01-07
670,r06-076-01-01
670,r06-049-06-05
670,r06-053-05-07
670,r06-062-01-06
670,r06-070-07-00
670,r06-041-03-00
670,r06-049-05-00
670,r06-041-04-03
670,r06-035-06-01
670,r06-044-08-01
670,r06-053-05-05
670,r06-062-00-07
670,r06-044-01-04
670,r06-053-07-00
670,r06-053-08-02
670,r06-076-08-04
670,r06-041-06-00
670,r06-076-06-04
670,r06-044-10-04
670,r06-053-01-06
670,r06-049-05-06
670,r06-049-04-02
670,r06-035-05-08
670,r06-062-04-06
670,r06-053-02-05
670,r06-053-03-01
670,r06-070-07-03
670,r06-049-01-03
670,r06-041-07-04
670,r06-049-07-02
670,r06-049-01-05
670,r06-062-06-06
670,r06-044-05-07
670,r06-053-05-01
670,r06-066-02-06
670,r06-044-06-03
670,r06-066-03-06
670,r06-076-07-03
670,r06-057-08-00
670,r06-041-07-00
670,r06-076-03-04
670,r06-041-05-07
670,r06-057-04-05
670,r06-035-05-03
670,r06-070-02-01
670,r06-044-07-00
670,r06-070-01-07
670,r06-057-05-02
670,r06-062-03-07
670,r06-049-04-05
670,r06-035-04-09
670,r06-066-01-00
670,r06-076-00-02
670,r06-070-06-06
670,r06-062-07-00
670,r06-076-00-03
670,r06-044-05-06
670,r06-057-03-00
670,r06-053-03-06
670,r06-053-00-05
670,r06-044-03-02
670,r06-066-08-02
670,r06-035-02-02
670,r06-057-02-03
670,r06-041-05-05
670,r06-053-08-03
670,r06-053-00-01
670,r06-049-01-02
670,r06-049-08-05
670,r06-066-09-00
670,r06-062-00-01
670,r06-062-09-00
670,r06-053-01-04
670,r06-066-03-03
670,r06-076-00-00
670,r06-070-04-05
670,r06-076-07-00
670,r06-053-07-03
670,r06-062-01-01
670,r06-076-02-04
670,r06-070-01-00
670,r06-044-05-03
670,r06-049-00-01
670,r06-062-06-02
670,r06-070-05-07
670,r06-066-04-05
670,r06-053-09-01
670,r06-070-00-05
670,r06-044-02-04
670,r06-076-06-02
670,r06-044-02-01
670,r06-057-02-01
670,r06-070-05-01
670,r06-066-04-01
670,r06-053-02-03
670,r06-057-03-04
670,r06-044-08-03
670,r06-053-04-00
670,r06-062-07-03
670,r06-044-09-02
670,r06-076-07-02
670,r06-057-05-01
670,r06-044-10-02
670,r06-044-08-06
670,r06-062-08-04
670,r06-049-08-01
670,r06-053-00-02
670,r06-070-02-03
670,r06-049-07-05
670,r06-076-08-00
670,r06-053-05-00
670,r06-049-03-00
670,r06-076-07-04
670,r06-053-03-04
670,r06-057-02-05
670,r06-053-02-00
670,r06-066-01-02
670,r06-070-03-06
670,r06-044-05-05
670,r06-041-04-05
670,r06-070-08-05
670,r06-041-07-03
670,r06-070-04-04
670,r06-053-01-07
670,r06-066-01-01
670,r06-044-09-00
670,r06-041-07-06
670,r06-044-09-01
670,r06-035-05-06
670,r06-041-07-05
670,r06-049-02-02
670,r06-035-04-00
670,r06-041-07-07
670,r06-066-08-06
670,r06-070-04-03
670,r06-041-05-04
670,r06-053-08-00
670,r06-049-06-02
670,r06-044-04-05
670,r06-041-06-03
670,r06-062-06-01
670,r06-070-08-04
670,r06-044-01-08
670,r06-062-00-06
670,r06-049-01-01
670,r06-070-02-05
670,r06-076-02-01
670,r06-070-07-02
670,r06-062-00-00
670,r06-035-02-06
670,r06-035-06-04
670,r06-070-03-08
670,r06-062-06-04
670,r06-076-03-01
670,r06-057-08-01
670,r06-049-09-00
670,r06-035-05-05
670,r06-066-00-01
670,r06-044-10-07
670,r06-076-04-00
670,r06-049-06-00
670,r06-066-03-00
671,r06-121-00-00
671,r06-106-05-00
671,r06-137-09-04
671,r06-115-03-05
671,r06-115-00-02
671,r06-090-10-01
671,r06-115-09-00
671,r06-126-01-03
671,r06-111-02-04
671,r06-126-00-04
671,r06-103-07-04
671,r06-115-08-01
671,r06-111-02-00
671,r06-106-04-00
671,r06-130-04-03
671,r06-097-06-04
671,r06-090-08-04
671,r06-111-03-00
671,r06-121-06-02
671,r06-130-03-03
671,r06-103-06-06
671,r06-121-10-07
671,r06-090-08-05
671,r06-130-07-00
671,r06-111-06-02
671,r06-130-09-02
671,r06-121-00-04
671,r06-106-01-06
671,r06-126-07-07
671,r06-090-05-07
671,r06-121-09-04
671,r06-137-06-08
671,r06-090-08-00
671,r06-137-06-04
671,r06-097-02-02
671,r06-090-02-01
671,r06-090-10-03
671,r06-121-08-03
671,r06-106-03-07
671,r06-130-01-06
671,r06-106-03-01
671,r06-126-07-05
671,r06-106-04-06
671,r06-097-03-01
671,r06-097-06-01
671,r06-126-08-03
671,r06-090-06-06
671,r06-137-05-06
671,r06-130-05-08
671,r06-126-07-03
671,r06-111-06-07
671,r06-111-08-01
671,r06-111-05-04
671,r06-097-04-03
671,r06-121-05-02
671,r06-097-06-07
671,r06-126-09-08
671,r06-090-00-01
671,r06-121-03-00
671,r06-111-05-01
671,r06-103-06-07
671,r06-130-01-04
671,r06-130-04-00
671,r06-137-07-12
671,r06-137-08-06
671,r06-121-05-07
671,r06-103-02-02
671,r06-137-07-08
671,r06-111-04-04
671,r06-097-01-02
671,r06-121-10-08
671,r06-115-08-05
671,r06-111-00-04
671,r06-121-03-05
671,r06-130-04-05
671,r06-103-07-01
671,r06-137-07-09
671,r06-121-06-00
671,r06-126-04-00
671,r06-090-05-05
671,r06-103-04-01
671,r06-137-09-09
671,r06-115-00-05
671,r06-137-05-03
671,r06-130-07-02
671,r06-106-05-03
671,r06-130-07-05
671,r06-126-02-06
671,r06-137-07-11
671,r06-126-02-04
671,r06-097-02-00
671,r06-090-07-04
671,r06-137-06-01
671,r06-115-10-06
671,r06-097-07-03
671,r06-121-01-01
671,r06-121-02-00
671,r06-130-00-03
671,r06-090-06-07
671,r06-137-04-02
671,r06-130-03-04
671,r06-090-06-01
671,r06-111-00-00
671,r06-130-07-03
671,r06-111-02-02
671,r06-097-02-04
671,r06-097-04-05
671,r06-130-08-01
671,r06-115-10-05
671,r06-126-06-05
671,r06-126-07-04
671,r06-097-09-01
671,r06-130-04-11
671,r06-126-03-01
671,r06-090-04-07
671,r06-115-01-03
671,r06-097-02-07
671,r06-130-05-03
671,r06-137-09-01
671,r06-130-00-04
671,r06-115-10-03
671,r06-137-04-07
671,r06-130-09-06
671,r06-121-08-02
671,r06-126-00-00
671,r06-106-07-07
671,r06-111-00-03
671,r06-137-07-01
671,r06-097-08-01
671,r06-130-08-03
671,r06-115-10-01
671,r06-106-02-04
671,r06-137-04-04
671,r06-106-04-08
671,r06-130-04-08
671,r06-137-03-01
671,r06-137-02-00
671,r06-097-06-06
671,r06-097-05-02
671,r06-126-08-00
671,r06-097-08-04
671,r06-111-06-09
671,r06-106-01-04
671,r06-130-06-04
671,r06-090-04-01
671,r06-137-05-10
671,r06-137-02-05
671,r06-137-00-04
671,r06-111-05-06
671,r06-111-06-03
671,r06-106-00-01
671,r06-090-00-04
671,r06-097-10-04
671,r06-090-06-05
671,r06-121-04-01
671,r06-115-03-02
671,r06-137-08-05
671,r06-121-09-02
671,r06-106-04-05
671,r06-126-09-02
671,r06-126-02-07
671,r06-126-03-03
671,r06-111-06-04
671,r06-090-09-07
671,r06-090-00-06
671,r06-137-02-01
671,r06-130-00-06
671,r06-090-01-04
671,r06-121-06-04
671,r06-111-06-05
671,r06-111-04-03
671,r06-090-03-04
671,r06-130-04-02
671,r06-126-05-00
671,r06-137-03-02
671,r06-106-07-06
671,r06-115-00-00
671,r06-126-03-02
671,r06-097-03-02
671,r06-121-09-01
671,r06-115-07-00
671,r06-121-01-00
671,r06-126-03-05
671,r06-097-09-05
671,r06-121-10-01
671,r06-090-06-00
671,r06-115-03-06
671,r06-097-03-00
671,r06-106-03-06
671,r06-097-06-00
671,r06-130-00-02
671,r06-103-07-05
671,r06-115-07-01
671,r06-137-03-06
671,r06-115-01-05
671,r06-137-01-03
671,r06-106-09-00
671,r06-130-08-05
671,r06-121-05-00
671,r06-103-01-05
671,r06-106-01-02
671,r06-090-02-04
671,r06-121-03-01
671,r06-090-06-04
671,r06-115-02-01
671,r06-103-04-03
671,r06-090-05-01
671,r06-115-09-01
671,r06-121-03-07
671,r06-115-01-04
671,r06-126-02-05
671,r06-106-00-06
671,r06-126-03-04
671,r06-137-07-03
671,r06-121-03-02
671,r06-126-01-01
671,r06-137-07-07
671,r06-103-06-04
671,r06-106-05-05
671,r06-130-03-08
671,r06-137-06-05
671,r06-103-04-05
671,r06-103-02-04
671,r06-126-04-08
671,r06-106-06-07
671,r06-097-04-00
671,r06-126-01-05
671,r06-106-07-05
671,r06-090-03-05
671,r06-137-01-01
671,r06-103-07-02
671,r06-121-01-02
671,r06-097-05-04
671,r06-121-09-05
671,r06-111-04-06
671,r06-106-02-00
671,r06-103-06-08
671,r06-090-09-01
671,r06-121-02-05
671,r06-115-03-07
671,r06-126-04-04
671,r06-111-06-00
671,r06-103-02-05
671,r06-115-00-01
671,r06-097-02-06
671,r06-126-09-04
671,r06-090-06-08
671,r06-115-09-03
671,r06-121-07-04
671,r06-126-05-01
671,r06-111-02-03
671,r06-130-06-05
671,r06-103-06-03
671,r06-097-05-07
671,r06-130-05-02
671,r06-137-10-00
671,r06-137-09-08
671,r06-130-00-01
671,r06-090-07-03
671,r06-130-04-04
671,r06-126-07-02
671,r06-111-08-05
671,r06-137-01-04
671,r06-111-02-05
671,r06-103-03-00
671,r06-111-02-09
671,r06-106-04-03
671,r06-121-01-05
671,r06-137-01-05
671,r06-121-02-01
671,r06-126-10-00
671,r06-103-01-03
671,r06-126-09-06
671,r06-090-04-04
671,r06-126-00-02
671,r06-130-06-02
671,r06-111-02-06
671,r06-126-09-07
671,r06-126-06-00
671,r06-115-02-02
671,r06-137-03-05
671,r06-090-07-00
671,r06-137-02-06
671,r06-115-10-00
671,r06-103-04-02
671,r06-121-10-06
671,r06-111-03-05
671,r06-121-05-03
671,r06-130-04-01
671,r06-115-02-05
671,r06-137-08-00
671,r06-103-03-03
671,r06-130-05-00
671,r06-090-09-06
671,r06-126-06-03
671,r06-090-03-07
671,r06-130-03-05
671,r06-121-04-00
671,r06-090-04-05
671,r06-130-06-00
671,r06-130-04-07
671,r06-106-06-04
671,r06-126-01-04
671,r06-106-04-02
671,r06-111-04-01
671,r06-130-08-06
671,r06-106-05-06
671,r06-106-00-05
671,r06-106-04-07
671,r06-090-09-04
671,r06-137-05-02
671,r06-137-05-08
671,r06-121-02-06
671,r06-121-07-00
671,r06-111-03-02
671,r06-137-06-07
671,r06-106-08-04
671,r06-121-00-07
671,r06-121-08-06
671,r06-097-07-06
671,r06-090-00-03
671,r06-111-08-04
671,r06-103-03-06
671,r06-121-06-05
671,r06-126-04-03
671,r06-126-09-00
671,r06-097-08-05
671,r06-103-03-02
671,r06-137-10-01
671,r06-121-10-02
671,r06-106-07-01
671,r06-106-05-07
671,r06-103-03-04
671,r06-097-04-02
671,r06-097-09-00
671,r06-126-00-03
671,r06-121-08-05
671,r06-097-10-01
671,r06-126-09-01
671,r06-097-05-01
671,r06-097-07-00
671,r06-115-02-06
671,r06-097-06-03
671,r06-115-07-03
671,r06-115-00-03
671,r06-097-09-04
671,r06-097-05-06
671,r06-137-08-02
671,r06-103-01-06
671,r06-137-00-01
671,r06-137-03-03
671,r06-097-09-03
671,r06-137-02-02
671,r06-097-07-04
671,r06-090-10-02
671,r06-106-07-02
671,r06-103-06-00
671,r06-097-07-05
671,r06-106-06-01
671,r06-137-01-02
671,r06-115-09-04
671,r06-137-09-00
671,r06-137-06-03
671,r06-121-00-03
671,r06-111-05-05
671,r06-126-05-06
671,r06-121-00-08
671,r06-130-03-06
671,r06-137-05-04
671,r06-130-06-01
671,r06-097-02-08
671,r06-137-10-02
671,r06-106-06-05
671,r06-130-08-00
671,r06-115-03-08
671,r06-111-02-08
671,r06-090-09-05
671,r06-126-07-01
671,r06-090-09-03
671,r06-137-09-07
671,r06-106-08-02
671,r06-121-02-04
671,r06-111-00-05
671,r06-121-03-04
671,r06-137-04-00
671,r06-126-08-02
671,r06-115-09-07
671,r06-097-05-00
671,r06-090-08-03
671,r06-126-01-02
671,r06-121-06-03
671,r06-090-07-02
671,r06-137-08-01
671,r06-137-01-06
671,r06-103-01-02
671,r06-106-08-00
671,r06-103-01-01
671,r06-130-09-04
671,r06-121-09-08
671,r06-111-03-01
671,r06-090-09-00
671,r06-111-04-00
671,r06-111-05-00
671,r06-137-07-06
671,r06-130-08-07
671,r06-097-10-05
671,r06-137-06-00
671,r06-121-03-06
671,r06-106-00-00
671,r06-130-01-02
671,r06-130-03-07
671,r06-126-04-02
671,r06-137-09-10
671,r06-126-05-05
671,r06-106-04-04
671,r06-121-10-00
671,r06-103-06-01
671,r06-126-03-06
671,r06-121-02-03
671,r06-137-08-08
671,r06-121-06-01
671,r06-106-02-01
671,r06-126-02-03
671,r06-115-02-03
671,r06-106-00-02
671,r06-137-10-03
671,r06-106-01-05
671,r06-103-03-01
671,r06-130-06-03
671,r06-103-03-05
671,r06-090-01-02
671,r06-106-06-06
671,r06-126-08-07
671,r06-097-08-00
671,r06-126-04-07
671,r06-103-02-01
671,r06-137-03-04
671,r06-121-01-04
671,r06-130-05-07
671,r06-111-08-03
671,r06-090-08-02
671,r06-111-06-01
671,r06-097-03-05
671,r06-126-08-01
671,r06-115-09-05
671,r06-103-01-04
671,r06-111-08-02
671,r06-097-04-01
671,r06-121-05-05
671,r06-130-05-05
671,r06-126-04-05
671,r06-106-06-03
671,r06-097-10-02
671,r06-111-04-05
671,r06-130-09-03
671,r06-137-07-10
671,r06-137-09-05
671,r06-130-03-02
671,r06-097-10-03
671,r06-121-07-07
671,r06-090-01-01
671,r06-106-06-02
671,r06-097-04-04
671,r06-115-07-02
671,r06-106-01-03
671,r06-137-00-00
671,r06-126-06-06
671,r06-106-07-04
671,r06-121-01-03
671,r06-130-01-00
671,r06-115-03-04
671,r06-090-03-00
671,r06-115-01-02
671,r06-126-02-00
671,r06-115-01-01
671,r06-106-08-05
671,r06-115-01-07
671,r06-115-02-04
671,r06-115-10-02
671,r06-137-04-05
671,r06-121-07-02
671,r06-103-02-03
671,r06-111-08-00
671,r06-090-00-00
671,r06-130-00-05
671,r06-130-07-01
671,r06-137-02-04
671,r06-103-07-06
671,r06-121-03-03
671,r06-111-03-04
671,r06-090-08-06
671,r06-126-03-00
671,r06-137-07-04
671,r06-103-06-05
671,r06-097-05-03
671,r06-121-07-05
671,r06-115-10-04
671,r06-115-08-04
671,r06-130-08-04
671,r06-137-04-08
671,r06-137-03-00
671,r06-090-00-05
671,r06-097-01-04
671,r06-130-05-01
671,r06-121-09-09
671,r06-111-05-03
671,r06-097-06-05
671,r06-090-03-02
671,r06-115-00-04
671,r06-115-03-01
671,r06-097-05-05
671,r06-115-08-00
671,r06-126-04-06
671,r06-090-03-03
671,r06-111-03-06
671,r06-121-02-02
671,r06-130-03-01
671,r06-137-05-07
671,r06-130-05-09
671,r06-126-05-02
671,r06-121-09-03
671,r06-097-09-02
671,r06-115-09-06
671,r06-130-04-10
671,r06-103-04-00
671,r06-103-02-00
671,r06-103-01-00
671,r06-137-09-11
671,r06-121-07-03
671,r06-121-04-04
671,r06-090-02-03
671,r06-111-06-08
671,r06-137-08-04
671,r06-137-04-06
671,r06-121-07-06
671,r06-111-02-07
671,r06-090-00-02
671,r06-106-00-03
671,r06-121-09-07
671,r06-115-01-00
671,r06-106-03-00
671,r06-111-02-01
671,r06-090-10-05
671,r06-111-00-01
671,r06-126-00-05
671,r06-130-09-01
671,r06-130-01-01
671,r06-097-02-01
671,r06-097-08-03
671,r06-121-07-01
671,r06-137-08-03
671,r06-130-00-00
671,r06-090-00-07
671,r06-121-05-06
671,r06-121-01-06
671,r06-097-07-02
671,r06-106-04-01
671,r06-090-09-02
671,r06-130-04-09
671,r06-137-02-07
671,r06-115-09-02
671,r06-126-01-06
671,r06-121-10-04
671,r06-090-04-03
671,r06-090-04-02
671,r06-090-07-05
671,r06-137-09-02
671,r06-137-08-07
671,r06-130-07-04
671,r06-137-05-00
671,r06-121-08-04
671,r06-090-01-00
671,r06-121-09-06
671,r06-090-10-04
671,r06-126-08-04
671,r06-106-05-01
671,r06-106-05-04
671,r06-090-05-00
671,r06-097-02-05
671,r06-097-01-01
671,r06-126-07-00
671,r06-090-01-03
671,r06-097-03-03
671,r06-137-04-01
671,r06-121-09-00
671,r06-103-07-03
671,r06-097-07-01
671,r06-121-00-02
671,r06-106-00-04
671,r06-130-03-00
671,r06-137-04-03
671,r06-090-06-02
671,r06-130-05-04
671,r06-090-03-06
671,r06-090-10-00
671,r06-137-07-05
671,r06-130-09-05
671,r06-106-02-06
671,r06-137-05-11
671,r06-106-03-02
671,r06-126-10-01
671,r06-106-03-04
671,r06-126-06-07
671,r06-130-06-07
671,r06-097-01-03
671,r06-137-00-03
671,r06-090-04-06
671,r06-137-06-06
671,r06-097-03-04
671,r06-090-07-07
671,r06-130-07-06
671,r06-090-01-06
671,r06-106-03-05
671,r06-115-03-00
671,r06-097-03-07
671,r06-137-07-02
671,r06-126-00-01
671,r06-103-07-00
671,r06-106-08-01
671,r06-121-05-04
671,r06-090-07-01
671,r06-106-09-01
671,r06-097-03-06
671,r06-121-04-02
671,r06-126-04-01
671,r06-130-09-07
671,r06-090-07-06
671,r06-097-01-00
671,r06-103-01-07
671,r06-126-02-01
671,r06-137-06-02
671,r06-106-01-01
671,r06-090-04-00
671,r06-126-05-07
671,r06-130-06-06
671,r06-103-06-02
671,r06-137-08-09
671,r06-115-08-03
671,r06-130-08-02
671,r06-126-08-05
671,r06-137-01-00
671,r06-106-02-07
671,r06-126-00-06
671,r06-137-05-01
671,r06-137-02-03
671,r06-137-09-03
671,r06-121-00-05
671,r06-106-02-02
671,r06-126-07-06
671,r06-097-08-02
671,r06-090-03-01
671,r06-126-01-00
671,r06-126-09-03
671,r06-126-05-03
671,r06-115-02-00
671,r06-090-02-02
671,r06-115-01-06
671,r06-137-09-06
671,r06-121-10-03
671,r06-130-09-00
671,r06-126-05-04
671,r06-121-05-01
671,r06-090-05-03
671,r06-111-00-02
671,r06-106-03-03
671,r06-126-09-05
671,r06-121-10-05
671,r06-130-01-05
671,r06-090-01-05
671,r06-121-00-06
671,r06-115-08-02
671,r06-115-03-09
671,r06-090-05-02
671,r06-111-04-02
671,r06-137-07-00
671,r06-103-03-07
671,r06-126-08-06
671,r06-130-04-06
671,r06-130-05-06
671,r06-106-06-00
671,r06-115-03-03
671,r06-126-06-01
671,r06-121-08-00
671,r06-111-06-06
671,r06-111-03-03
671,r06-090-02-00
671,r06-106-02-08
671,r06-126-02-02
671,r06-097-02-03
671,r06-090-05-04
671,r06-106-02-03
671,r06-097-06-02
671,r06-130-01-03
671,r06-106-05-02
671,r06-121-04-03
671,r06-097-10-00
671,r06-137-05-05
671,r06-137-00-02
671,r06-090-08-01
671,r06-106-07-00
