writer_id,line_id
344,g06-050m-00
344,g06-050m-01
344,g06-050m-02
344,g06-050m-03
344,g06-050m-04
344,g06-050m-05
344,g06-050m-06
344,g06-050m-07
344,g06-050m-08
341,g06-026j-00
341,g06-026j-01
341,g06-026j-02
341,g06-026j-03
341,g06-026j-04
341,g06-026j-05
341,g06-026j-06
333,g06-018b-00
333,g06-018b-01
333,g06-018b-02
333,g06-018b-03
333,g06-018b-04
333,g06-018b-05
333,g06-018b-06
333,g06-018b-07
333,g06-018b-08
333,g06-018b-09
241,e04-132-00
241,e04-132-01
241,e04-132-02
241,e04-132-03
070,a06-025-00
070,a06-025-01
070,a06-025-02
070,a06-025-03
070,a06-025-04
070,a06-025-07
670,r06-035-00
670,r06-035-01
670,r06-035-02
670,r06-035-03
670,r06-035-04
670,r06-035-05
670,r06-035-06
342,g06-045k-04
342,g06-045k-05
342,g06-045k-06
044,a03-017-00
044,a03-017-01
044,a03-017-02
044,a03-017-03
044,a03-017-04
044,a03-017-05
044,a03-017-06
044,a03-017-07
044,a03-017-08
227,e02-094-00
227,e02-094-01
227,e02-094-02
227,e02-094-03
227,e02-094-04
227,e02-094-05
227,e02-094-06
227,e02-094-07
227,e02-094-08
227,e02-094-09
125,b06-093-00
125,b06-093-01
125,b06-093-02
125,b06-093-03
125,b06-093-04
125,b06-093-05
125,b06-093-06
125,b06-093-07
125,b06-093-08
125,b06-093-09
125,b06-093-10
026,a02-098-00
026,a02-098-01
026,a02-098-02
026,a02-098-06
026,a02-098-07
026,a02-098-08
000,a01-132x-01
000,a01-132x-03
000,a01-132x-04
000,a01-132x-06
000,a01-132x-07
000,a01-132x-08
021,a02-000-02
021,a02-000-03
021,a02-000-04
021,a02-000-05
021,a02-000-06
021,a02-000-07
109,b04-060-00
109,b04-060-04
109,b04-060-05
109,b04-060-06
064,a04-092-00
064,a04-092-01
064,a04-092-03
064,a04-092-05
064,a04-092-07
064,a04-092-08
064,a04-092-09
064,a04-092-10
249,e07-112-00
249,e07-112-01
249,e07-112-02
249,e07-112-03
249,e07-112-04
249,e07-112-05
009,a01-026-00
009,a01-026-01
009,a01-026-03
009,a01-026-05
009,a01-026-06
009,a01-026-07
009,a01-026-08
067,a06-008-01
067,a06-008-04
067,a06-008-06
067,a06-008-07
128,b06-071-00
128,b06-071-01
128,b06-071-02
128,b06-071-03
128,b06-071-04
128,b06-071-05
128,b06-071-06
128,b06-071-07
128,b06-071-08
128,b06-071-09
000,a05-013-00
000,a05-013-01
000,a05-013-02
000,a05-013-03
000,a05-013-04
000,a05-013-05
000,a05-013-06
000,a05-013-07
165,c04-080-00
165,c04-080-01
165,c04-080-02
165,c04-080-03
165,c04-080-04
165,c04-080-05
165,c04-080-06
036,a02-086-00
036,a02-086-01
036,a02-086-02
036,a02-086-03
036,a02-086-04
036,a02-086-05
036,a02-086-06
635,r06-027-06
060,a04-043-00
060,a04-043-01
060,a04-043-02
060,a04-043-03
060,a04-043-04
060,a04-043-05
060,a04-043-07
261,f02-030-05
261,f02-030-06
000,a01-096u-00
000,a01-096u-01
000,a01-096u-02
000,a01-096u-03
000,a01-096u-04
000,a01-096u-05
000,a01-096u-06
000,a01-096u-07
000,a01-096u-08
000,a01-096u-09
340,g06-042i-04
255,f01-135-00
255,f01-135-01
255,f01-135-02
255,f01-135-03
255,f01-135-04
255,f01-135-05
255,f01-135-06
255,f01-135-07
255,f01-135-08
255,f01-135-09
255,f01-135-10
041,a03-009-00
041,a03-009-03
041,a03-009-04
041,a03-009-06
041,a03-009-07
341,g06-050j-00
341,g06-050j-01
341,g06-050j-03
341,g06-050j-04
341,g06-050j-05
341,g06-050j-06
341,g06-050j-07
341,g06-050j-08
241,e04-099-00
241,e04-099-01
241,e04-099-02
241,e04-099-03
241,e04-099-04
241,e04-099-05
088,b01-014-00
088,b01-014-01
088,b01-014-02
088,b01-014-05
088,b01-014-06
088,b01-014-07
334,g06-011c-00
334,g06-011c-01
334,g06-011c-04
334,g06-011c-05
334,g06-011c-06
334,g06-011c-07
334,g06-011c-09
123,b06-097-00
123,b06-097-01
123,b06-097-02
123,b06-097-03
123,b06-097-04
123,b06-097-05
123,b06-097-06
123,b06-097-07
063,a04-081-00
063,a04-081-01
063,a04-081-02
063,a04-081-03
063,a04-081-04
063,a04-081-05
063,a04-081-06
063,a04-081-07
063,a04-081-08
063,a04-081-09
000,a01-072u-00
000,a01-072u-01
000,a01-072u-02
000,a01-072u-03
000,a01-072u-04
000,a01-072u-05
000,a01-072u-06
000,a01-072u-07
000,a01-072u-08
153,c03-003d-00
153,c03-003d-01
153,c03-003d-02
153,c03-003d-03
153,c03-003d-04
153,c03-003d-05
153,c03-003d-06
153,c03-003d-07
153,c03-003d-08
111,b04-116-00
336,g06-026e-02
336,g06-026e-04
215,e01-102-00
215,e01-102-04
215,e01-102-05
215,e01-102-06
215,e01-102-08
134,b06-090-00
134,b06-090-01
134,b06-090-02
134,b06-090-03
134,b06-090-04
134,b06-090-05
134,b06-090-06
142,c02-030-03
142,c02-030-04
142,c02-030-05
142,c02-030-06
142,c02-030-07
142,c02-030-08
034,a02-078-00
034,a02-078-01
034,a02-078-04
034,a02-078-05
034,a02-078-06
034,a02-078-07
034,a02-078-08
034,a02-078-09
091,b01-079-00
091,b01-079-01
091,b01-079-02
091,b01-079-03
091,b01-079-04
091,b01-079-05
091,b01-079-06
091,b01-079-07
091,b01-079-08
091,b01-079-09
091,b01-079-10
065,a05-004-00
065,a05-004-01
065,a05-004-02
065,a05-004-03
065,a05-004-04
065,a05-004-05
065,a05-004-06
065,a05-004-07
065,a05-004-08
065,a05-004-09
336,g06-037e-02
336,g06-037e-04
153,c03-007d-00
153,c03-007d-01
153,c03-007d-02
153,c03-007d-03
153,c03-007d-04
153,c03-007d-05
153,c03-007d-06
153,c03-007d-07
153,c03-007d-08
123,c06-039-00
123,c06-039-02
123,c06-039-03
123,c06-039-06
123,c06-039-07
017,a01-087-00
017,a01-087-01
017,a01-087-02
017,a01-087-03
017,a01-087-04
017,a01-087-05
017,a01-087-06
017,a01-087-07
128,c06-076-00
128,c06-076-01
128,c06-076-02
128,c06-076-03
128,c06-076-04
128,c06-076-05
128,c06-076-06
128,c06-076-07
128,c06-076-08
128,c06-076-09
065,a05-009-00
065,a05-009-01
065,a05-009-02
065,a05-009-03
065,a05-009-04
065,a05-009-05
065,a05-009-06
268,f03-174-02
268,f03-174-03
268,f03-174-04
224,e02-082-01
224,e02-082-02
224,e02-082-03
224,e02-082-04
224,e02-082-05
224,e02-082-06
224,e02-082-07
332,g06-031a-00
332,g06-031a-02
332,g06-031a-03
332,g06-031a-05
332,g06-031a-06
332,g06-031a-07
000,a01-102u-00
000,a01-102u-01
000,a01-102u-02
000,a01-102u-03
000,a01-102u-04
000,a01-102u-05
000,a01-102u-06
000,a01-102u-07
000,a01-102u-08
127,c06-106-00
127,c06-106-01
127,c06-106-02
127,c06-106-03
127,c06-106-04
127,c06-106-05
127,c06-106-06
127,c06-106-07
127,c06-106-08
127,c06-106-09
127,c06-106-10
248,e07-105-00
248,e07-105-01
248,e07-105-02
248,e07-105-03
248,e07-105-04
248,e07-105-05
248,e07-105-06
232,e04-019-00
232,e04-019-01
232,e04-019-02
232,e04-019-03
232,e04-019-04
232,e04-019-05
232,e04-019-06
232,e04-019-07
165,c04-128-00
165,c04-128-01
165,c04-128-02
165,c04-128-03
165,c04-128-04
165,c04-128-05
165,c04-128-06
165,c04-128-07
636,r02-000-00
636,r02-000-01
636,r02-000-02
636,r02-000-03
636,r02-000-04
636,r02-000-05
636,r02-000-06
636,r02-000-07
001,a01-000x-00
001,a01-000x-01
001,a01-000x-02
001,a01-000x-03
001,a01-000x-04
001,a01-000x-05
234,e04-034-07
223,e02-074-00
223,e02-074-01
223,e02-074-02
223,e02-074-03
223,e02-074-04
223,e02-074-05
223,e02-074-06
223,e02-074-07
223,e02-074-08
223,e02-074-09
223,e02-074-10
084,a06-128-00
084,a06-128-01
084,a06-128-02
084,a06-128-03
084,a06-128-04
084,a06-128-05
084,a06-128-06
084,a06-128-07
084,a06-128-08
084,a06-128-09
013,a01-058-00
013,a01-058-01
013,a01-058-02
013,a01-058-03
013,a01-058-04
013,a01-058-05
013,a01-058-06
013,a01-058-07
013,a01-058-08
013,a01-058-09
000,a01-030u-00
000,a01-030u-01
000,a01-030u-02
000,a01-030u-03
000,a01-030u-04
000,a01-030u-05
000,a01-030u-06
000,a01-030u-07
000,a01-030u-08
000,a01-030u-09
000,a01-030u-10
328,g04-088-00
328,g04-088-01
328,g04-088-02
328,g04-088-03
328,g04-088-04
328,g04-088-05
328,g04-088-06
328,g04-088-07
328,g04-088-08
328,g04-088-09
328,g04-088-10
328,g04-088-11
000,a01-020u-00
000,a01-020u-01
000,a01-020u-02
000,a01-020u-03
000,a01-020u-04
000,a01-020u-05
000,a01-020u-06
000,a01-020u-07
000,a01-020u-08
274,f04-020-05
098,b02-102-02
098,b02-102-04
000,a05-116-00
000,a05-116-01
000,a05-116-02
000,a05-116-03
000,a05-116-04
000,a05-116-05
000,a05-116-06
000,a05-116-07
000,a05-116-08
000,a05-116-09
000,a05-125-00
000,a05-125-01
000,a05-125-02
000,a05-125-03
000,a05-125-04
000,a05-125-05
000,a05-125-06
127,b06-015-00
127,b06-015-01
127,b06-015-02
127,b06-015-03
127,b06-015-04
127,b06-015-05
127,b06-015-06
127,b06-015-07
127,b06-015-08
127,b06-015-09
127,b06-015-10
154,c03-000e-00
154,c03-000e-01
154,c03-000e-03
154,c03-000e-04
154,c03-000e-05
154,c03-000e-06
154,c03-000e-07
159,c04-017-00
159,c04-017-01
159,c04-017-02
645,r02-070-04
645,r02-070-05
645,r02-070-06
060,a04-031-00
060,a04-031-01
060,a04-031-02
060,a04-031-03
060,a04-031-04
060,a04-031-05
060,a04-031-06
060,a04-031-08
113,b04-181-00
113,b04-181-01
113,b04-181-02
113,b04-181-03
113,b04-181-04
113,b04-181-05
113,b04-181-06
264,f02-040-00
264,f02-040-03
264,f02-040-04
264,f02-040-08
264,f02-040-09
341,g06-018j-00
341,g06-018j-01
341,g06-018j-02
341,g06-018j-03
341,g06-018j-04
341,g06-018j-05
341,g06-018j-06
341,g06-018j-07
213,e01-062-00
213,e01-062-01
213,e01-062-02
213,e01-062-04
213,e01-062-05
341,g06-045j-00
341,g06-045j-01
341,g06-045j-02
341,g06-045j-03
341,g06-045j-04
341,g06-045j-05
341,g06-045j-06
341,g06-045j-07
037,a02-106-00
037,a02-106-01
037,a02-106-02
037,a02-106-06
037,a02-106-07
037,a02-106-08
037,a02-106-09
275,f04-024-02
275,f04-024-03
275,f04-024-04
275,f04-024-06
334,g06-018c-03
334,g06-018c-04
334,g06-018c-05
334,g06-018c-06
026,a02-042-00
026,a02-042-02
026,a02-042-05
247,e07-083-00
247,e07-083-01
247,e07-083-02
247,e07-083-03
247,e07-083-04
247,e07-083-05
247,e07-083-06
247,e07-083-07
247,e07-083-08
247,e07-083-09
247,e07-083-10
239,h04-000-00
239,h04-000-01
239,h04-000-02
239,h04-000-03
239,h04-000-04
239,h04-000-05
239,h04-000-06
239,h04-000-07
239,h04-000-08
239,h04-000-09
126,b06-012-05
045,a03-020-00
045,a03-020-01
045,a03-020-02
045,a03-020-03
045,a03-020-04
045,a03-020-05
045,a03-020-06
045,a03-020-07
045,a03-020-08
045,a03-020-09
045,a03-020-10
004,a01-007-00
004,a01-007-01
004,a01-007-02
004,a01-007-03
004,a01-007-04
004,a01-007-05
004,a01-007-06
004,a01-007-07
004,a01-007-08
650,r02-109-00
650,r02-109-01
650,r02-109-02
650,r02-109-03
650,r02-109-04
650,r02-109-05
650,r02-109-06
650,r02-109-07
650,r02-109-08
650,r02-109-09
670,r06-049-00
670,r06-049-01
670,r06-049-02
670,r06-049-03
670,r06-049-04
670,r06-049-05
670,r06-049-06
670,r06-049-07
670,r06-049-08
670,r06-049-09
670,r06-049-10
267,f03-169-00
267,f03-169-02
267,f03-169-03
267,f03-169-04
267,f03-169-05
267,f03-169-06
333,g06-045b-00
333,g06-045b-01
333,g06-045b-02
333,g06-045b-03
333,g06-045b-04
333,g06-045b-05
333,g06-045b-06
333,g06-045b-07
333,g06-045b-08
042,a03-011-07
042,a03-011-08
154,c03-081e-00
154,c03-081e-01
154,c03-081e-02
154,c03-081e-03
154,c03-081e-04
154,c03-081e-05
154,c03-081e-06
154,c03-081e-07
154,c03-081e-09
000,a05-084-00
000,a05-084-01
000,a05-084-02
000,a05-084-03
000,a05-084-04
000,a05-084-05
000,a05-084-06
000,a05-084-07
000,a05-084-08
000,a05-084-09
000,a05-048-00
000,a05-048-01
000,a05-048-02
000,a05-048-03
000,a05-048-04
000,a05-048-05
000,a05-048-06
000,a05-048-07
000,a05-048-08
000,a05-048-09
000,a05-048-10
340,g06-037i-00
340,g06-037i-02
340,g06-037i-07
340,g06-037i-08
151,c03-081b-00
151,c03-081b-01
151,c03-081b-02
151,c03-081b-03
151,c03-081b-04
151,c03-081b-05
151,c03-081b-06
151,c03-081b-07
334,g06-026c-02
334,g06-026c-04
334,g06-026c-05
641,r02-038-01
641,r02-038-03
641,r02-038-05
334,g06-045c-02
334,g06-045c-04
334,g06-045c-05
334,g06-045c-06
153,c03-081d-00
153,c03-081d-01
153,c03-081d-02
153,c03-081d-03
153,c03-081d-04
153,c03-081d-05
153,c03-081d-06
153,c03-081d-07
153,c03-081d-08
153,c03-081d-09
272,f04-016-01
272,f04-016-02
272,f04-016-03
272,f04-016-04
272,f04-016-05
272,f04-016-06
272,f04-016-07
121,b05-083-00
121,b05-083-01
121,b05-083-03
121,b05-083-04
121,b05-083-05
121,b05-083-06
121,b05-083-07
121,b05-083-08
125,c06-005-00
125,c06-005-01
125,c06-005-02
125,c06-005-03
125,c06-005-04
125,c06-005-05
125,c06-005-06
125,c06-005-07
125,c06-005-08
671,r06-097-00
671,r06-097-01
671,r06-097-02
671,r06-097-03
671,r06-097-04
671,r06-097-05
671,r06-097-06
671,r06-097-07
671,r06-097-08
671,r06-097-09
671,r06-097-10
023,a02-008-04
158,c04-013-02
158,c04-013-03
158,c04-013-04
158,c04-013-05
007,a01-038-00
007,a01-038-01
007,a01-038-02
007,a01-038-03
007,a01-038-05
007,a01-038-06
007,a01-038-07
007,a01-038-08
007,a01-038-10
007,a01-038-11
335,g06-018d-00
335,g06-018d-01
335,g06-018d-03
649,r02-089-08
649,r02-089-09
649,r02-089-10
334,g06-047c-00
334,g06-047c-01
334,g06-047c-02
334,g06-047c-03
334,g06-047c-04
334,g06-047c-05
334,g06-047c-06
329,g04-098-03
329,g04-098-04
329,g04-098-05
329,g04-098-06
000,a01-117u-00
000,a01-117u-01
000,a01-117u-02
000,a01-117u-03
000,a01-117u-04
000,a01-117u-05
000,a01-117u-06
000,a01-117u-07
000,a01-117u-08
000,a01-117u-09
000,a01-117u-10
218,e02-000-00
218,e02-000-01
218,e02-000-02
218,e02-000-03
218,e02-000-04
218,e02-000-05
218,e02-000-06
218,e02-000-07
150,c03-003a-00
150,c03-003a-01
150,c03-003a-02
150,c03-003a-03
150,c03-003a-04
150,c03-003a-05
150,c03-003a-06
150,c03-003a-07
150,c03-003a-08
124,b06-004-00
124,b06-004-01
124,b06-004-03
124,b06-004-04
124,b06-004-05
124,b06-004-06
124,b06-004-07
339,g06-042h-00
339,g06-042h-01
339,g06-042h-02
339,g06-042h-03
339,g06-042h-04
339,g06-042h-05
008,a01-014x-00
008,a01-014x-01
008,a01-014x-02
008,a01-014x-03
008,a01-014x-04
008,a01-014x-05
008,a01-014x-06
008,a01-014x-07
008,a01-014x-08
008,a01-014x-09
000,a05-000-00
000,a05-000-01
000,a05-000-02
000,a05-000-03
000,a05-000-04
000,a05-000-05
000,a05-000-06
000,a05-000-07
671,r06-115-00
671,r06-115-01
671,r06-115-02
671,r06-115-03
671,r06-115-04
671,r06-115-05
671,r06-115-06
671,r06-115-07
671,r06-115-08
671,r06-115-09
671,r06-115-10
117,b05-042-00
117,b05-042-01
117,b05-042-02
117,b05-042-03
117,b05-042-04
117,b05-042-05
117,b05-042-06
117,b05-042-07
117,b05-042-08
117,b05-042-09
117,b05-042-10
000,a01-132u-01
000,a01-132u-02
000,a01-132u-03
000,a01-132u-04
000,a01-132u-05
000,a01-132u-07
000,a01-132u-08
000,a01-132u-09
133,c06-116-00
133,c06-116-01
133,c06-116-02
133,c06-116-03
133,c06-116-04
133,c06-116-05
133,c06-116-06
133,c06-116-07
133,c06-116-08
133,c06-116-09
133,c06-116-10
159,c04-035-00
159,c04-035-01
159,c04-035-07
123,b06-023-00
123,b06-023-01
123,b06-023-03
123,b06-023-04
123,b06-023-05
123,b06-023-06
635,r06-018-05
661,r03-035-00
661,r03-035-01
661,r03-035-02
661,r03-035-03
661,r03-035-04
661,r03-035-06
661,r03-035-08
050,a03-037-00
050,a03-037-05
050,a03-037-06
050,a03-037-07
000,a01-091u-00
000,a01-091u-01
000,a01-091u-02
000,a01-091u-03
000,a01-091u-04
000,a01-091u-05
000,a01-091u-06
000,a01-091u-07
000,a01-091u-08
118,g05-098-06
670,r06-076-00
670,r06-076-01
670,r06-076-02
670,r06-076-03
670,r06-076-04
670,r06-076-05
670,r06-076-06
670,r06-076-07
670,r06-076-08
124,c06-111-00
124,c06-111-02
124,c06-111-04
124,c06-111-05
124,c06-111-06
338,g06-045g-05
635,r06-011-00
131,b06-068-00
131,b06-068-01
131,b06-068-02
131,b06-068-03
131,b06-068-04
131,b06-068-05
131,b06-068-06
131,b06-068-07
131,b06-068-08
131,b06-068-09
131,b06-068-10
152,c03-000c-00
152,c03-000c-01
152,c03-000c-02
152,c03-000c-04
152,c03-000c-05
152,c03-000c-06
129,c06-014-00
129,c06-014-01
129,c06-014-02
129,c06-014-03
129,c06-014-05
129,c06-014-06
129,c06-014-07
129,c06-014-09
109,b04-075-05
647,r02-078-00
647,r02-078-01
647,r02-078-02
647,r02-078-03
647,r02-078-04
647,r02-078-05
647,r02-078-06
132,b06-082-00
132,b06-082-02
132,b06-082-03
132,b06-082-04
132,b06-082-05
132,b06-082-06
132,b06-082-07
132,b06-082-08
132,b06-082-09
671,r06-137-00
671,r06-137-01
671,r06-137-02
671,r06-137-03
671,r06-137-04
671,r06-137-05
671,r06-137-06
671,r06-137-07
671,r06-137-08
671,r06-137-09
148,c02-082-00
148,c02-082-01
148,c02-082-02
148,c02-082-03
148,c02-082-04
148,c02-082-05
148,c02-082-06
148,c02-082-07
148,c02-082-08
148,c02-082-09
122,b05-088-00
122,b05-088-06
122,b05-088-07
152,c03-016c-00
152,c03-016c-01
152,c03-016c-02
152,c03-016c-03
152,c03-016c-04
152,c03-016c-05
152,c03-016c-06
152,c03-016c-07
152,c03-016c-08
152,c03-016c-09
344,g06-031m-01
344,g06-031m-02
344,g06-031m-03
344,g06-031m-04
344,g06-031m-05
344,g06-031m-06
344,g06-031m-07
092,b01-089-00
092,b01-089-01
092,b01-089-02
092,b01-089-03
092,b01-089-04
092,b01-089-05
092,b01-089-06
092,b01-089-07
092,b01-089-08
092,b01-089-09
092,b01-084-00
092,b01-084-01
092,b01-084-03
092,b01-084-04
092,b01-084-05
092,b01-084-06
092,b01-084-07
000,a01-053u-00
000,a01-053u-01
000,a01-053u-02
000,a01-053u-03
000,a01-053u-04
000,a01-053u-05
000,a01-053u-06
000,a01-053u-07
000,a01-053u-08
000,a01-053u-09
064,a04-103-00
064,a04-103-01
064,a04-103-02
064,a04-103-03
064,a04-103-04
064,a04-103-05
064,a04-103-06
064,a04-103-07
064,a04-103-08
001,a01-072x-00
001,a01-072x-01
001,a01-072x-04
001,a01-072x-05
001,a01-072x-06
154,c03-096e-00
154,c03-096e-01
154,c03-096e-03
154,c03-096e-04
154,c03-096e-05
154,c03-096e-06
154,c03-096e-07
164,c04-122-07
342,g06-047k-00
342,g06-047k-02
342,g06-047k-03
342,g06-047k-04
342,g06-047k-06
231,e04-011-00
231,e04-011-01
231,e04-011-03
231,e04-011-04
231,e04-011-05
231,e04-011-06
231,e04-011-07
086,a06-152-00
086,a06-152-01
086,a06-152-02
086,a06-152-03
086,a06-152-04
086,a06-152-05
086,a06-152-06
086,a06-152-07
086,a06-152-08
086,a06-152-09
123,b06-000-00
123,b06-000-01
123,b06-000-05
123,b06-000-06
123,b06-000-07
000,a01-007u-00
000,a01-007u-01
000,a01-007u-02
000,a01-007u-03
000,a01-007u-04
000,a01-007u-05
000,a01-007u-06
000,a01-007u-07
000,a01-007u-08
000,a01-007u-09
103,b03-098-00
103,b03-098-01
103,b03-098-02
103,b03-098-03
103,b03-098-04
103,b03-098-05
103,b03-098-06
103,b03-098-07
103,b03-098-08
084,a06-119-00
084,a06-119-01
084,a06-119-02
084,a06-119-03
084,a06-119-04
084,a06-119-05
084,a06-119-06
084,a06-119-07
084,a06-119-08
138,c02-003-00
138,c02-003-01
138,c02-003-02
138,c02-003-03
138,c02-003-04
138,c02-003-05
138,c02-003-07
154,c03-003e-00
154,c03-003e-01
154,c03-003e-02
154,c03-003e-03
154,c03-003e-04
154,c03-003e-05
154,c03-003e-06
154,c03-003e-07
154,c03-003e-08
342,g06-050k-00
342,g06-050k-01
342,g06-050k-02
342,g06-050k-03
342,g06-050k-04
342,g06-050k-05
342,g06-050k-06
342,g06-050k-07
342,g06-050k-08
637,r02-003-05
143,c02-035-02
143,c02-035-05
214,e01-081-01
214,e01-081-03
111,b04-121-01
111,b04-121-03
111,b04-121-06
058,a04-000-00
058,a04-000-01
058,a04-000-02
058,a04-000-03
058,a04-000-04
058,a04-000-05
085,e07-000-00
085,e07-000-02
660,r03-030-00
660,r03-030-01
660,r03-030-02
660,r03-030-03
660,r03-030-04
660,r03-030-05
660,r03-030-06
000,a01-000u-00
000,a01-000u-01
000,a01-000u-02
000,a01-000u-03
000,a01-000u-04
000,a01-000u-05
000,a01-000u-06
110,b04-089-01
110,b04-089-03
110,b04-089-05
110,b04-089-06
110,b04-089-07
239,k04-017-00
239,k04-017-01
239,k04-017-02
239,k04-017-03
239,k04-017-04
239,k04-017-05
239,k04-017-06
239,k04-017-07
239,k04-017-08
239,k04-017-09
150,c03-087a-00
150,c03-087a-01
150,c03-087a-02
150,c03-087a-03
150,c03-087a-04
150,c03-087a-05
150,c03-087a-06
150,c03-087a-07
104,b03-104-00
104,b03-104-01
104,b03-104-02
104,b03-104-03
104,b03-104-04
104,b03-104-05
104,b03-104-06
104,b03-104-07
104,b03-104-08
104,b03-104-09
135,c01-014-00
135,c01-014-01
135,c01-014-02
135,c01-014-03
135,c01-014-04
135,c01-014-05
135,c01-014-09
333,g06-042b-00
333,g06-042b-01
333,g06-042b-02
333,g06-042b-03
333,g06-042b-04
333,g06-042b-05
333,g06-042b-06
339,g06-026h-04
339,g06-026h-05
132,c06-091-04
132,c06-091-05
244,e07-003-00
244,e07-003-01
244,e07-003-02
244,e07-003-03
244,e07-003-04
244,e07-003-05
244,e07-003-06
244,e07-003-07
244,e07-003-08
244,e07-003-09
330,h04-007-08
116,b05-032-00
116,b05-032-01
116,b05-032-03
116,b05-032-08
116,b05-032-10
334,g06-050c-00
334,g06-050c-01
334,g06-050c-03
334,g06-050c-04
334,g06-050c-06
334,g06-050c-07
112,b04-147-01
112,b04-147-02
112,b04-147-03
112,b04-147-04
112,b04-147-05
112,b04-147-07
134,b06-087-00
134,b06-087-01
134,b06-087-02
134,b06-087-03
134,b06-087-04
134,b06-087-05
134,b06-087-06
134,b06-087-07
134,b06-087-08
235,e04-043-00
235,e04-043-01
235,e04-043-02
235,e04-043-03
235,e04-043-04
235,e04-043-05
235,e04-043-06
000,a03-050-00
000,a03-050-01
000,a03-050-02
000,a03-050-03
000,a03-050-04
000,a03-050-05
000,a03-050-06
000,a03-050-07
087,b01-004-00
087,b01-004-01
087,b01-004-02
087,b01-004-03
087,b01-004-04
087,b01-004-05
087,b01-004-06
332,g06-045a-01
332,g06-045a-03
332,g06-045a-04
332,g06-045a-05
332,g06-045a-06
239,g04-003-00
239,g04-003-01
239,g04-003-02
239,g04-003-03
239,g04-003-04
239,g04-003-05
239,g04-003-06
239,g04-003-07
239,g04-003-08
663,r03-056-01
663,r03-056-07
112,b04-154-00
112,b04-154-01
112,b04-154-02
112,b04-154-04
112,b04-154-05
112,b04-154-06
112,b04-154-07
151,c03-016b-00
151,c03-016b-01
151,c03-016b-02
151,c03-016b-03
151,c03-016b-04
151,c03-016b-05
151,c03-016b-06
151,c03-016b-07
151,c03-016b-08
017,b01-057-00
017,b01-057-01
017,b01-057-02
017,b01-057-04
017,b01-057-05
017,b01-057-06
017,b01-057-07
017,b01-057-09
017,b01-057-10
000,a01-014u-00
000,a01-014u-01
000,a01-014u-02
000,a01-014u-03
000,a01-014u-04
000,a01-014u-05
000,a01-014u-06
000,a01-014u-07
017,b01-062-00
017,b01-062-01
017,b01-062-03
017,b01-062-04
017,b01-062-05
017,b01-062-06
017,b01-062-07
017,b01-062-08
017,b01-062-09
341,g06-037j-00
341,g06-037j-01
341,g06-037j-02
341,g06-037j-04
341,g06-037j-05
341,g06-037j-06
341,g06-037j-07
341,g06-037j-08
341,g06-037j-09
341,g06-037j-10
212,e01-035-00
212,e01-035-01
212,e01-035-02
212,e01-035-03
212,e01-035-04
212,e01-035-05
212,e01-035-06
212,e01-035-07
019,a01-122-05
019,a01-122-06
019,a01-122-07
659,r03-026-00
659,r03-026-01
659,r03-026-02
659,r03-026-03
659,r03-026-04
659,r03-026-05
659,r03-026-07
659,r03-026-08
659,r03-026-09
659,r03-026-10
251,f01-066-09
252,f01-070-00
252,f01-070-02
252,f01-070-04
252,f01-070-05
252,f01-070-08
111,b04-107-01
111,b04-107-07
662,r03-050-00
662,r03-050-02
662,r03-050-03
662,r03-050-04
662,r03-050-05
662,r03-050-06
022,a02-004-00
022,a02-004-01
022,a02-004-02
022,a02-004-03
022,a02-004-04
022,a02-004-05
022,a02-004-06
022,a02-004-07
022,a02-004-08
022,a02-004-10
087,b01-009-00
087,b01-009-01
087,b01-009-02
087,b01-009-03
087,b01-009-04
087,b01-009-05
087,b01-009-06
014,a01-058x-00
014,a01-058x-01
014,a01-058x-02
014,a01-058x-03
014,a01-058x-04
014,a01-058x-05
014,a01-058x-06
014,a01-058x-07
014,a01-058x-08
247,e07-086-00
247,e07-086-01
247,e07-086-02
247,e07-086-03
247,e07-086-04
247,e07-086-05
247,e07-086-06
247,e07-086-07
247,e07-086-08
247,e07-086-09
246,e07-072-00
246,e07-072-01
246,e07-072-02
246,e07-072-03
246,e07-072-04
246,e07-072-05
246,e07-072-06
246,e07-072-07
246,e07-072-08
246,e07-072-09
246,e07-072-10
246,e07-072-11
132,b06-045-00
132,b06-045-01
132,b06-045-02
132,b06-045-03
132,b06-045-04
132,b06-045-05
132,b06-045-06
132,b06-045-07
132,b06-045-08
333,g06-050b-00
333,g06-050b-01
333,g06-050b-03
333,g06-050b-04
333,g06-050b-05
333,g06-050b-06
333,g06-050b-07
333,g06-050b-08
062,a04-069-00
062,a04-069-01
062,a04-069-02
062,a04-069-04
062,a04-069-05
062,a04-069-07
330,g04-108-00
330,g04-108-02
130,b06-079-00
130,b06-079-01
130,b06-079-02
130,b06-079-03
130,b06-079-04
130,b06-079-06
130,b06-079-07
130,b06-079-08
130,b06-079-09
016,a01-077-00
016,a01-077-01
016,a01-077-02
016,a01-077-03
016,a01-077-04
016,a01-077-05
016,a01-077-06
016,a01-077-07
016,a01-077-08
030,a02-057-00
030,a02-057-01
030,a02-057-02
030,a02-057-03
030,a02-057-04
030,a02-057-05
030,a02-057-06
030,a02-057-07
342,g06-042k-00
342,g06-042k-01
342,g06-042k-02
342,g06-042k-03
342,g06-042k-04
342,g06-042k-05
000,a05-025-00
000,a05-025-01
000,a05-025-02
000,a05-025-03
000,a05-025-04
000,a05-025-05
000,a05-025-06
000,a05-025-07
000,a05-025-08
000,a05-025-09
025,a02-017-00
025,a02-017-01
025,a02-017-02
025,a02-017-04
025,a02-017-05
025,a02-017-06
025,a02-017-07
139,c02-017-00
139,c02-017-01
139,c02-017-02
139,c02-017-03
139,c02-017-04
139,c02-017-05
139,c02-017-06
139,c02-017-07
139,c02-017-08
139,c02-017-09
150,c03-084a-00
150,c03-084a-02
150,c03-084a-03
150,c03-084a-04
150,c03-084a-05
150,c03-084a-06
150,c03-084a-07
037,a02-111-00
037,a02-111-01
037,a02-111-02
037,a02-111-03
037,a02-111-04
037,a02-111-05
037,a02-111-07
037,a02-111-08
037,a02-111-09
037,a02-111-10
226,e02-091-00
226,e02-091-01
226,e02-091-02
226,e02-091-03
226,e02-091-04
226,e02-091-05
226,e02-091-06
226,e02-091-07
130,c06-000-00
130,c06-000-01
130,c06-000-02
130,c06-000-03
130,c06-000-04
130,c06-000-05
155,c03-081f-00
155,c03-081f-01
155,c03-081f-02
155,c03-081f-03
155,c03-081f-04
155,c03-081f-05
155,c03-081f-06
155,c03-081f-07
155,c03-081f-08
155,c03-081f-09
121,b05-098-00
121,b05-098-01
121,b05-098-02
121,b05-098-03
121,b05-098-04
121,b05-098-05
121,b05-098-06
121,b05-098-07
121,b05-098-08
121,b05-098-09
342,g06-018k-00
342,g06-018k-01
342,g06-018k-02
342,g06-018k-03
342,g06-018k-04
342,g06-018k-05
342,g06-018k-06
342,g06-018k-07
152,c03-087c-01
152,c03-087c-03
152,c03-087c-04
152,c03-087c-05
152,c03-087c-06
152,c03-087c-07
644,r02-065-00
644,r02-065-01
644,r02-065-06
275,f04-028-01
275,f04-028-02
275,f04-028-04
275,f04-028-05
275,f04-028-06
275,f04-028-07
275,f04-028-08
275,f04-028-09
336,g06-050e-06
032,a02-067-00
032,a02-067-01
032,a02-067-02
032,a02-067-03
032,a02-067-04
032,a02-067-05
032,a02-067-06
032,a02-067-07
032,a02-067-08
032,a02-067-09
344,g06-047m-00
344,g06-047m-01
344,g06-047m-02
344,g06-047m-03
344,g06-047m-04
344,g06-047m-05
344,g06-047m-06
344,g06-047m-07
344,g06-047m-08
093,b01-118-00
093,b01-118-01
093,b01-118-03
093,b01-118-04
093,b01-118-05
093,b01-118-06
250,f01-058-00
250,f01-058-01
250,f01-058-02
250,f01-058-03
250,f01-058-04
250,f01-058-05
250,f01-058-06
250,f01-058-07
250,f01-058-08
250,f01-058-09
648,r02-081-01
648,r02-081-06
152,c03-094c-02
152,c03-094c-03
152,c03-094c-04
152,c03-094c-05
152,c03-094c-06
152,c03-094c-07
152,c03-094c-08
000,a05-044-00
000,a05-044-01
000,a05-044-02
000,a05-044-03
000,a05-044-04
000,a05-044-05
000,a05-044-06
000,a05-044-07
000,a05-044-08
000,a05-044-09
245,e07-007-00
245,e07-007-01
245,e07-007-02
245,e07-007-03
245,e07-007-05
245,e07-007-06
245,e07-007-07
037,a02-102-00
037,a02-102-01
037,a02-102-02
037,a02-102-03
037,a02-102-04
037,a02-102-05
037,a02-102-06
037,a02-102-07
339,g06-050h-02
339,g06-050h-05
339,g06-050h-07
337,g06-026f-04
091,b01-073-00
091,b01-073-01
091,b01-073-03
091,b01-073-04
091,b01-073-05
091,b01-073-06
091,b01-073-07
091,b01-073-08
091,b01-073-09
091,b01-073-10
016,a01-091-00
016,a01-091-01
016,a01-091-02
016,a01-091-03
016,a01-091-04
016,a01-091-05
016,a01-091-06
016,a01-091-07
016,a01-091-08
016,a01-091-09
338,g06-042g-04
162,c04-050-00
162,c04-050-01
162,c04-050-02
162,c04-050-03
162,c04-050-04
162,c04-050-05
162,c04-050-06
162,c04-050-07
162,c04-050-08
155,c03-000f-00
155,c03-000f-01
155,c03-000f-02
155,c03-000f-03
155,c03-000f-04
155,c03-000f-05
155,c03-000f-06
155,c03-000f-07
332,g06-018a-00
332,g06-018a-01
332,g06-018a-02
332,g06-018a-03
332,g06-018a-04
332,g06-018a-05
332,g06-018a-06
113,b04-169-00
113,b04-169-01
113,b04-169-02
113,b04-169-03
113,b04-169-04
113,b04-169-05
113,b04-169-06
153,c03-084d-00
153,c03-084d-01
153,c03-084d-02
153,c03-084d-03
153,c03-084d-05
153,c03-084d-06
153,c03-084d-07
334,g06-042c-00
334,g06-042c-01
334,g06-042c-02
334,g06-042c-03
334,g06-042c-04
334,g06-042c-05
152,c03-096c-02
152,c03-096c-03
152,c03-096c-04
152,c03-096c-05
152,c03-096c-06
263,f02-038-00
263,f02-038-01
263,f02-038-02
263,f02-038-03
263,f02-038-04
263,f02-038-05
263,f02-038-06
263,f02-038-07
263,f02-038-08
263,f02-038-09
263,f02-038-10
237,e04-068-02
237,e04-068-03
237,e04-068-04
237,e04-068-06
332,g06-011a-00
332,g06-011a-01
332,g06-011a-02
332,g06-011a-03
332,g06-011a-04
332,g06-011a-05
332,g06-011a-06
332,g06-011a-07
332,g06-011a-08
332,g06-011a-09
125,b06-008-00
125,b06-008-01
125,b06-008-02
125,b06-008-03
125,b06-008-04
125,b06-008-05
125,b06-008-06
125,b06-008-07
125,b06-008-08
125,b06-008-09
248,e07-098-01
248,e07-098-02
248,e07-098-03
248,e07-098-04
248,e07-098-05
248,e07-098-06
248,e07-098-07
248,e07-098-08
248,e07-098-09
064,a04-099-00
064,a04-099-01
064,a04-099-02
064,a04-099-03
064,a04-099-04
064,a04-099-05
064,a04-099-06
064,a04-099-07
064,a04-099-08
064,a04-099-09
064,a04-099-10
000,a05-121-00
000,a05-121-01
000,a05-121-02
000,a05-121-03
000,a05-121-04
000,a05-121-05
000,a05-121-06
000,a05-121-07
000,a05-121-08
344,g06-037m-00
344,g06-037m-01
344,g06-037m-02
344,g06-037m-03
344,g06-037m-04
344,g06-037m-05
344,g06-037m-06
344,g06-037m-07
344,g06-037m-08
344,g06-037m-09
344,g06-037m-10
335,g06-047d-00
335,g06-047d-02
335,g06-047d-04
250,f01-053-00
250,f01-053-01
250,f01-053-02
250,f01-053-03
250,f01-053-04
250,f01-053-05
250,f01-053-06
250,f01-053-07
000,a01-043u-00
000,a01-043u-01
000,a01-043u-02
000,a01-043u-03
000,a01-043u-04
000,a01-043u-05
000,a01-043u-06
000,a01-043u-07
000,a01-043u-08
256,f01-147-00
130,b06-032-00
130,b06-032-01
130,b06-032-02
130,b06-032-03
130,b06-032-04
130,b06-032-05
130,b06-032-06
332,g06-042a-00
332,g06-042a-01
332,g06-042a-02
332,g06-042a-03
332,g06-042a-04
332,g06-042a-05
332,g06-026a-00
332,g06-026a-01
332,g06-026a-02
332,g06-026a-03
332,g06-026a-05
654,r02-137-00
654,r02-137-01
654,r02-137-02
654,r02-137-03
654,r02-137-04
654,r02-137-05
654,r02-137-06
654,r02-137-07
654,r02-137-08
653,r02-131-05
665,r03-084-00
665,r03-084-01
665,r03-084-02
665,r03-084-03
665,r03-084-04
665,r03-084-05
665,r03-084-06
665,r03-084-07
665,r03-084-08
665,r03-084-09
150,c03-000a-00
150,c03-000a-01
150,c03-000a-02
150,c03-000a-03
150,c03-000a-04
150,c03-000a-05
150,c03-000a-06
343,g06-047l-00
343,g06-047l-02
343,g06-047l-03
343,g06-047l-04
343,g06-047l-06
217,g01-000-00
217,g01-000-01
217,g01-000-03
217,g01-000-04
217,g01-000-06
217,g01-000-07
241,e04-095-00
241,e04-095-01
241,e04-095-02
241,e04-095-03
241,e04-095-04
241,e04-095-05
241,e04-095-06
029,a02-053-02
029,a02-053-05
029,a02-053-06
029,a02-053-07
216,e01-113-00
216,e01-113-01
216,e01-113-02
216,e01-113-03
216,e01-113-04
216,e01-113-05
216,e01-113-06
000,a01-049u-00
000,a01-049u-01
000,a01-049u-02
000,a01-049u-03
000,a01-049u-04
000,a01-049u-05
000,a01-049u-06
000,a01-049u-07
000,a01-049u-08
000,a01-049u-09
000,a01-049u-10
670,r06-062-00
670,r06-062-01
670,r06-062-02
670,r06-062-03
670,r06-062-04
670,r06-062-05
670,r06-062-06
670,r06-062-07
670,r06-062-08
090,b01-044-01
090,b01-044-02
090,b01-044-05
090,b01-044-06
093,b01-122-00
093,b01-122-01
093,b01-122-02
093,b01-122-03
093,b01-122-04
093,b01-122-05
093,b01-122-07
093,b01-122-08
094,b01-127-00
094,b01-127-01
094,b01-127-02
094,b01-127-04
094,b01-127-05
094,b01-127-06
094,b01-127-07
094,b01-127-08
339,g06-011h-01
339,g06-011h-02
339,g06-011h-03
339,g06-011h-04
339,g06-011h-05
339,g06-011h-06
339,g06-011h-07
339,g06-011h-08
339,g06-011h-09
247,e07-076-00
247,e07-076-01
247,e07-076-02
247,e07-076-03
247,e07-076-04
247,e07-076-05
247,e07-076-06
247,e07-076-07
247,e07-076-08
247,e07-076-09
147,c02-078-00
147,c02-078-01
147,c02-078-02
147,c02-078-03
147,c02-078-04
147,c02-078-05
147,c02-078-06
147,c02-078-07
147,c02-078-08
147,c02-078-09
068,a06-014-00
068,a06-014-01
068,a06-014-02
068,a06-014-03
068,a06-014-04
068,a06-014-05
068,a06-014-06
068,a06-014-07
068,a06-014-08
068,a06-014-09
332,g06-050a-00
332,g06-050a-03
332,g06-050a-04
332,g06-050a-05
332,g06-050a-06
332,g06-050a-07
099,b02-105-00
099,b02-105-01
099,b02-105-02
099,b02-105-03
099,b02-105-04
099,b02-105-05
026,a02-090-01
026,a02-090-03
026,a02-090-04
026,a02-090-05
248,e07-108-00
248,e07-108-01
248,e07-108-02
248,e07-108-03
248,e07-108-04
248,e07-108-05
248,e07-108-06
248,e07-108-07
248,e07-108-08
248,e07-108-09
133,c06-043-00
133,c06-043-01
133,c06-043-02
133,c06-043-03
133,c06-043-04
133,c06-043-05
133,c06-043-06
133,c06-043-07
133,c06-043-08
133,c06-043-09
333,g06-047b-00
333,g06-047b-01
333,g06-047b-02
333,g06-047b-03
333,g06-047b-04
333,g06-047b-05
333,g06-047b-06
333,g06-047b-07
037,a03-047-00
037,a03-047-01
037,a03-047-02
037,a03-047-03
037,a03-047-04
037,a03-047-05
037,a03-047-06
037,a03-047-07
037,a03-047-08
037,a03-047-09
026,a02-093-00
026,a02-093-02
026,a02-093-05
026,a02-093-06
151,c03-007b-00
151,c03-007b-01
151,c03-007b-03
151,c03-007b-04
151,c03-007b-06
000,a01-049x-00
000,a01-049x-01
000,a01-049x-04
000,a01-049x-05
000,a01-049x-06
000,a01-049x-07
000,a01-049x-08
000,a01-049x-10
000,a01-128u-00
000,a01-128u-01
000,a01-128u-02
000,a01-128u-03
000,a01-128u-04
000,a01-128u-05
000,a01-128u-06
000,a01-128u-07
000,a01-128u-08
000,a01-128u-09
000,a01-128u-10
020,a01-132-00
020,a01-132-01
020,a01-132-02
020,a01-132-03
020,a01-132-04
020,a01-132-05
020,a01-132-06
020,a01-132-08
020,a01-132-09
020,a01-132-10
039,a02-120-00
039,a02-120-01
039,a02-120-02
039,a02-120-03
039,a02-120-04
039,a02-120-05
039,a02-120-06
039,a02-120-07
039,a02-120-08
039,a02-120-09
039,a02-120-10
339,g06-018h-04
339,g06-018h-05
339,g06-018h-06
076,a06-064-00
076,a06-064-01
076,a06-064-02
076,a06-064-03
076,a06-064-04
076,a06-064-05
076,a06-064-06
076,a06-064-07
076,a06-064-08
076,a06-064-09
011,a01-043x-00
011,a01-043x-01
011,a01-043x-04
011,a01-043x-05
011,a01-043x-06
011,a01-043x-07
056,a03-066-00
056,a03-066-01
056,a03-066-02
056,a03-066-03
056,a03-066-04
056,a03-066-05
056,a03-066-06
056,a03-066-07
248,e07-101-00
248,e07-101-02
248,e07-101-04
248,e07-101-05
248,e07-101-06
248,e07-101-07
248,e07-101-08
248,e07-101-09
241,e04-091-00
241,e04-091-01
241,e04-091-02
241,e04-091-03
241,e04-091-04
241,e04-091-05
075,a06-057-05
233,e04-026-00
233,e04-026-01
233,e04-026-03
233,e04-026-06
671,r06-130-00
671,r06-130-01
671,r06-130-02
671,r06-130-03
671,r06-130-04
671,r06-130-05
671,r06-130-06
671,r06-130-07
671,r06-130-08
671,r06-130-09
061,a04-050-01
061,a04-050-03
061,a04-050-05
114,b04-195-00
114,b04-195-01
114,b04-195-02
114,b04-195-03
114,b04-195-04
114,b04-195-05
114,b04-195-06
229,e02-117-00
229,e02-117-01
229,e02-117-02
229,e02-117-03
229,e02-117-05
229,e02-117-06
229,e02-117-07
229,e02-117-08
000,a03-080-00
000,a03-080-01
000,a03-080-02
000,a03-080-03
000,a03-080-04
000,a03-080-05
000,a03-080-06
000,a03-080-07
000,a03-080-08
000,a03-080-09
330,g04-104-00
330,g04-104-02
330,g04-104-07
330,g04-104-08
025,a02-020-00
025,a02-020-03
025,a02-020-05
640,r02-013-00
640,r02-013-01
640,r02-013-02
640,r02-013-03
640,r02-013-04
640,r02-013-05
640,r02-013-06
640,r02-013-07
640,r02-013-08
640,r02-013-09
640,r02-013-10
640,r02-013-11
062,a04-066-00
062,a04-066-01
062,a04-066-02
062,a04-066-04
062,a04-066-05
062,a04-066-06
062,a04-066-07
273,g04-011-04
273,g04-011-05
273,g04-011-07
154,c03-007e-00
154,c03-007e-01
154,c03-007e-02
154,c03-007e-03
154,c03-007e-04
154,c03-007e-05
154,c03-007e-06
154,c03-007e-07
146,c02-059-00
146,c02-059-01
146,c02-059-02
146,c02-059-03
146,c02-059-04
146,c02-059-05
146,c02-059-07
146,c02-059-09
146,c02-059-10
151,c03-096b-00
151,c03-096b-01
151,c03-096b-02
151,c03-096b-03
151,c03-096b-04
151,c03-096b-05
151,c03-096b-06
151,c03-096b-07
344,g06-042m-00
344,g06-042m-01
344,g06-042m-02
344,g06-042m-03
344,g06-042m-04
344,g06-042m-05
344,g06-042m-06
110,b04-096-00
110,b04-096-01
110,b04-096-02
110,b04-096-04
110,b04-096-05
110,b04-096-06
670,r06-041-00
670,r06-041-01
670,r06-041-02
670,r06-041-03
670,r06-041-04
670,r06-041-05
670,r06-041-06
670,r06-041-07
015,a01-063x-00
015,a01-063x-01
015,a01-063x-02
015,a01-063x-03
015,a01-063x-04
015,a01-063x-05
015,a01-063x-06
015,a01-063x-07
015,a01-063x-08
015,a01-063x-09
136,c01-066-00
136,c01-066-01
136,c01-066-02
136,c01-066-03
136,c01-066-04
136,c01-066-05
136,c01-066-06
136,c01-066-07
136,c01-066-08
136,c01-066-09
273,g04-014-00
273,g04-014-01
273,g04-014-02
273,g04-014-03
273,g04-014-04
273,g04-014-05
344,g06-026m-00
344,g06-026m-01
344,g06-026m-02
344,g06-026m-03
344,g06-026m-05
344,g06-026m-06
213,e01-059-00
213,e01-059-01
213,e01-059-02
213,e01-059-04
213,e01-059-05
213,e01-059-06
009,a01-020-00
009,a01-020-01
009,a01-020-02
009,a01-020-03
009,a01-020-04
009,a01-020-05
009,a01-020-06
009,a01-020-07
009,a01-020-08
153,c03-021d-00
153,c03-021d-01
153,c03-021d-02
153,c03-021d-03
153,c03-021d-04
153,c03-021d-05
153,c03-021d-06
153,c03-021d-07
153,c03-021d-09
085,a06-147-02
085,a06-147-06
215,e01-092-00
215,e01-092-01
215,e01-092-02
215,e01-092-03
215,e01-092-04
215,e01-092-05
215,e01-092-06
215,e01-092-07
151,c03-000b-00
151,c03-000b-02
151,c03-000b-03
000,a05-113-00
000,a05-113-01
000,a05-113-02
000,a05-113-03
000,a05-113-04
000,a05-113-05
000,a05-113-06
000,a05-113-07
000,a05-113-08
259,f02-017-00
259,f02-017-01
259,f02-017-02
259,f02-017-03
259,f02-017-04
259,f02-017-05
259,f02-017-06
259,f02-017-07
259,f02-017-08
063,a04-089-00
063,a04-089-01
063,a04-089-02
063,a04-089-03
063,a04-089-04
063,a04-089-05
063,a04-089-06
063,a04-089-07
063,a04-089-08
063,a04-089-09
071,a06-036-00
071,a06-036-01
071,a06-036-02
071,a06-036-03
071,a06-036-04
071,a06-036-06
071,a06-036-07
667,r03-096-05
667,r03-096-06
125,c06-020-00
125,c06-020-01
125,c06-020-02
125,c06-020-03
125,c06-020-04
125,c06-020-05
125,c06-020-06
125,c06-020-07
635,r06-143-00
635,r06-143-01
635,r06-143-03
635,r06-143-04
239,e04-083-00
239,e04-083-01
239,e04-083-03
239,e04-083-04
239,e04-083-05
239,e04-083-06
211,e01-025-00
211,e01-025-01
211,e01-025-02
211,e01-025-03
211,e01-025-04
211,e01-025-05
211,e01-025-06
211,e01-025-07
211,e01-025-08
211,e01-025-09
117,b05-038-00
117,b05-038-01
117,b05-038-02
117,b05-038-03
117,b05-038-04
117,b05-038-05
117,b05-038-06
117,b05-038-07
117,b05-038-08
266,f02-076-00
266,f02-076-01
266,f02-076-02
266,f02-076-03
266,f02-076-04
266,f02-076-05
266,f02-076-06
266,f02-076-07
266,f02-076-08
266,f02-076-09
338,g06-050g-06
642,r02-054-01
642,r02-054-04
642,r02-054-05
642,r02-054-06
154,c03-087e-00
154,c03-087e-01
154,c03-087e-02
154,c03-087e-03
154,c03-087e-04
154,c03-087e-05
154,c03-087e-06
154,c03-087e-07
154,c03-087e-08
011,a01-038x-00
011,a01-038x-01
011,a01-038x-02
333,g06-026b-00
333,g06-026b-01
333,g06-026b-02
333,g06-026b-03
333,g06-026b-04
333,g06-026b-05
333,g06-026b-06
333,g06-026b-07
333,g06-026b-08
113,b04-175-00
113,b04-175-01
113,b04-175-02
113,b04-175-04
113,b04-175-05
113,b04-175-06
113,b04-175-07
113,b04-175-08
342,g06-011k-00
342,g06-011k-01
342,g06-011k-02
342,g06-011k-04
342,g06-011k-05
342,g06-011k-06
342,g06-011k-07
342,g06-011k-08
342,g06-011k-09
112,b04-134-00
112,b04-134-01
112,b04-134-02
112,b04-134-03
112,b04-134-04
112,b04-134-05
112,b04-134-06
112,b04-134-08
000,a01-011u-00
000,a01-011u-01
000,a01-011u-02
000,a01-011u-03
000,a01-011u-04
000,a01-011u-05
000,a01-011u-06
000,a01-011u-07
000,a01-011u-08
000,a01-011u-09
010,a01-030x-00
010,a01-030x-01
010,a01-030x-02
010,a01-030x-04
010,a01-030x-05
010,a01-030x-06
010,a01-030x-07
010,a01-030x-08
666,r03-090-02
666,r03-090-03
666,r03-090-04
666,r03-090-05
666,r03-090-06
332,g06-047a-00
332,g06-047a-01
332,g06-047a-02
332,g06-047a-03
332,g06-047a-04
332,g06-047a-05
332,g06-047a-06
671,r06-103-00
671,r06-103-01
671,r06-103-02
671,r06-103-03
671,r06-103-06
671,r06-103-07
097,b02-097-01
097,b02-097-02
097,b02-097-03
097,b02-097-04
097,b02-097-05
097,b02-097-06
097,b02-097-07
635,r06-003-07
670,r06-057-00
670,r06-057-01
670,r06-057-02
670,r06-057-03
670,r06-057-04
670,r06-057-05
670,r06-057-06
670,r06-057-07
670,r06-057-08
639,r02-010-00
639,r02-010-01
639,r02-010-02
639,r02-010-03
639,r02-010-04
639,r02-010-05
639,r02-010-06
639,r02-010-07
135,c01-009-00
135,c01-009-01
135,c01-009-02
135,c01-009-03
135,c01-009-05
135,c01-009-06
135,c01-009-07
135,c01-009-08
135,c01-009-09
246,e07-066-00
246,e07-066-01
246,e07-066-02
246,e07-066-03
246,e07-066-04
246,e07-066-05
246,e07-066-06
246,e07-066-07
246,e07-066-08
153,c03-016d-00
153,c03-016d-01
153,c03-016d-02
153,c03-016d-03
153,c03-016d-04
153,c03-016d-05
153,c03-016d-07
153,c03-016d-08
153,c03-016d-09
000,a05-058-00
000,a05-058-01
000,a05-058-02
000,a05-058-03
000,a05-058-04
000,a05-058-05
000,a05-058-06
000,a05-058-07
635,r06-007-01
635,r06-007-02
635,r06-007-06
088,b01-018-00
088,b01-018-03
088,b01-018-05
088,b01-018-06
088,b01-018-07
131,b06-042-00
131,b06-042-01
131,b06-042-02
131,b06-042-03
131,b06-042-04
131,b06-042-05
131,b06-042-06
131,b06-042-07
131,b06-042-08
131,b06-042-09
131,b06-042-10
000,a05-094-00
000,a05-094-01
000,a05-094-03
000,a05-094-04
000,a05-094-05
000,a05-094-06
000,a05-094-07
000,a05-094-08
000,a05-094-09
000,a05-094-10
652,r02-127-01
652,r02-127-04
013,a01-053-00
013,a01-053-01
013,a01-053-02
013,a01-053-03
013,a01-053-04
013,a01-053-05
013,a01-053-06
013,a01-053-07
013,a01-053-08
013,a01-053-09
013,a01-053-10
003,a01-007x-00
003,a01-007x-02
003,a01-007x-03
003,a01-007x-04
003,a01-007x-05
003,a01-007x-06
151,c03-087b-00
151,c03-087b-01
151,c03-087b-02
151,c03-087b-03
151,c03-087b-04
151,c03-087b-05
151,c03-087b-06
151,c03-087b-07
019,a01-117-01
019,a01-117-02
019,a01-117-03
019,a01-117-04
019,a01-117-05
019,a01-117-07
019,a01-117-08
019,a01-117-09
028,a02-050-02
062,a04-072-00
062,a04-072-01
062,a04-072-02
062,a04-072-03
062,a04-072-04
062,a04-072-05
062,a04-072-06
062,a04-072-07
062,a04-072-08
062,a04-072-09
062,a04-072-10
133,c06-080-00
133,c06-080-01
133,c06-080-02
133,c06-080-03
133,c06-080-04
133,c06-080-05
133,c06-080-06
133,c06-080-07
133,c06-080-08
133,c06-080-09
658,r03-007-00
658,r03-007-01
658,r03-007-02
658,r03-007-03
658,r03-007-04
658,r03-007-05
658,r03-007-06
658,r03-007-07
131,c06-058-00
131,c06-058-01
131,c06-058-02
131,c06-058-03
131,c06-058-04
131,c06-058-05
131,c06-058-06
156,c03-007-00
156,c03-007-01
156,c03-007-02
156,c03-007-03
156,c03-007-04
156,c03-007-05
156,c03-007-07
151,c03-021b-06
151,c03-021b-07
087,b01-000-00
087,b01-000-01
087,b01-000-02
087,b01-000-03
087,b01-000-04
087,b01-000-05
087,b01-000-06
024,a02-012-00
024,a02-012-01
024,a02-012-02
024,a02-012-03
024,a02-012-04
024,a02-012-05
024,a02-012-06
024,a02-012-07
024,a02-012-08
024,a02-012-09
013,a01-063-00
013,a01-063-01
013,a01-063-02
013,a01-063-03
013,a01-063-04
013,a01-063-05
013,a01-063-06
013,a01-063-07
013,a01-063-08
013,a01-063-09
129,b06-027-00
129,b06-027-01
129,b06-027-02
129,b06-027-03
129,b06-027-04
129,b06-027-05
129,b06-027-06
129,b06-027-07
129,b06-027-08
129,b06-027-09
155,c03-084f-00
155,c03-084f-01
155,c03-084f-02
155,c03-084f-03
155,c03-084f-04
155,c03-084f-05
155,c03-084f-06
155,c03-084f-07
151,c03-003b-00
151,c03-003b-01
151,c03-003b-03
151,c03-003b-05
151,c03-003b-07
228,e02-100-02
228,e02-100-05
114,b04-187-01
114,b04-187-03
114,b04-187-04
114,b04-187-05
114,b04-187-06
114,b04-187-07
327,g04-081-04
161,c04-039-00
161,c04-039-01
161,c04-039-02
161,c04-039-03
161,c04-039-05
161,c04-039-06
161,c04-039-07
019,a01-128-00
019,a01-128-01
019,a01-128-07
242,e04-103-00
242,e04-103-01
242,e04-103-02
242,e04-103-03
242,e04-103-04
242,e04-103-05
242,e04-103-06
000,a05-053-00
000,a05-053-01
000,a05-053-02
000,a05-053-03
000,a05-053-04
000,a05-053-05
000,a05-053-06
000,a05-053-07
000,a05-053-08
000,a05-053-09
000,a05-053-10
212,e01-032-00
212,e01-032-01
212,e01-032-02
212,e01-032-03
212,e01-032-04
212,e01-032-05
212,e01-032-06
212,e01-032-07
212,e01-032-08
212,e01-032-09
212,e01-032-10
269,f03-182-02
269,f03-182-04
269,f03-182-05
635,p06-242-00
635,p06-242-01
635,p06-242-02
635,p06-242-06
343,g06-026l-02
219,e02-014-00
219,e02-014-01
219,e02-014-02
219,e02-014-04
219,e02-014-05
107,b04-004-00
107,b04-004-01
107,b04-004-02
107,b04-004-03
107,b04-004-04
107,b04-004-05
107,b04-004-06
107,b04-004-07
107,b04-004-08
107,b04-004-09
107,b04-004-10
154,c03-016e-00
154,c03-016e-01
154,c03-016e-02
154,c03-016e-03
154,c03-016e-04
154,c03-016e-05
154,c03-016e-06
154,c03-016e-07
154,c03-016e-08
154,c03-016e-09
154,c03-016e-10
638,r02-006-00
638,r02-006-01
638,r02-006-02
638,r02-006-03
638,r02-006-04
638,r02-006-05
638,r02-006-06
638,r02-006-07
638,r02-006-08
638,r02-006-09
080,a06-095-00
080,a06-095-01
080,a06-095-02
080,a06-095-03
080,a06-095-04
080,a06-095-05
080,a06-095-06
080,a06-095-07
080,a06-095-08
080,a06-095-09
000,a01-063u-00
000,a01-063u-01
000,a01-063u-02
000,a01-063u-03
000,a01-063u-04
000,a01-063u-06
000,a01-063u-07
000,a01-063u-08
107,b04-010-00
107,b04-010-01
107,b04-010-02
107,b04-010-03
107,b04-010-04
107,b04-010-05
107,b04-010-06
107,b04-010-07
107,b04-010-08
107,b04-010-09
107,b04-000-00
107,b04-000-01
107,b04-000-02
107,b04-000-03
107,b04-000-04
107,b04-000-05
107,b04-000-06
031,a02-062-00
031,a02-062-01
031,a02-062-02
031,a02-062-04
031,a02-062-05
031,a02-062-06
000,a05-108-00
000,a05-108-01
000,a05-108-02
000,a05-108-03
000,a05-108-04
000,a05-108-05
000,a05-108-06
000,a05-108-07
132,c06-047-00
132,c06-047-03
132,c06-047-04
132,c06-047-05
132,c06-047-06
339,g06-037h-00
339,g06-037h-01
339,g06-037h-02
339,g06-037h-04
339,g06-037h-05
339,g06-037h-07
339,g06-037h-08
339,g06-037h-09
240,k04-022-00
240,k04-022-01
240,k04-022-04
240,k04-022-05
240,k04-022-06
240,k04-022-07
124,b06-075-00
124,b06-075-01
124,b06-075-02
124,b06-075-03
124,b06-075-04
124,b06-075-05
124,b06-075-06
124,b06-075-07
124,b06-075-08
124,b06-075-09
124,b06-075-10
339,g06-045h-01
339,g06-045h-03
339,g06-045h-04
339,g06-045h-05
339,g06-045h-06
000,a05-069-00
000,a05-069-01
000,a05-069-02
000,a05-069-03
000,a05-069-04
000,a05-069-05
000,a05-069-06
000,a05-069-07
000,a05-069-08
000,a05-069-09
150,c03-096a-00
150,c03-096a-01
150,c03-096a-02
150,c03-096a-03
150,c03-096a-04
150,c03-096a-05
150,c03-096a-06
150,c03-096a-07
242,e04-109-01
242,e04-109-02
242,e04-109-03
242,e04-109-05
150,c03-021a-00
150,c03-021a-01
150,c03-021a-02
150,c03-021a-03
150,c03-021a-04
150,c03-021a-05
150,c03-021a-06
150,c03-021a-07
150,c03-021a-08
150,c03-021a-09
344,g06-018m-00
344,g06-018m-01
344,g06-018m-02
344,g06-018m-03
344,g06-018m-05
344,g06-018m-06
344,g06-018m-07
154,c03-084e-00
154,c03-084e-02
154,c03-084e-03
154,c03-084e-05
154,c03-084e-06
154,c03-084e-07
000,a01-068u-00
000,a01-068u-01
000,a01-068u-02
000,a01-068u-03
000,a01-068u-04
000,a01-068u-05
000,a01-068u-06
000,a01-068u-07
000,a01-068u-08
094,b01-136-00
094,b01-136-01
094,b01-136-02
094,b01-136-03
094,b01-136-04
094,b01-136-05
094,b01-136-06
094,b01-136-07
150,c03-016a-00
150,c03-016a-01
150,c03-016a-02
150,c03-016a-03
150,c03-016a-04
150,c03-016a-05
150,c03-016a-06
150,c03-016a-07
150,c03-016a-08
150,c03-016a-09
129,c06-138-00
129,c06-138-01
129,c06-138-02
129,c06-138-03
129,c06-138-04
129,c06-138-05
129,c06-138-06
129,c06-138-07
129,c06-138-08
129,c06-138-09
064,a04-096-00
064,a04-096-01
064,a04-096-02
064,a04-096-03
064,a04-096-04
064,a04-096-05
064,a04-096-06
064,a04-096-07
064,a04-096-08
155,c03-094f-00
155,c03-094f-01
155,c03-094f-02
155,c03-094f-03
155,c03-094f-04
155,c03-094f-05
155,c03-094f-06
155,c03-094f-07
155,c03-094f-08
155,c03-094f-09
334,g06-037c-00
334,g06-037c-01
334,g06-037c-02
334,g06-037c-04
334,g06-037c-08
334,g06-037c-09
119,b05-074-01
119,b05-074-03
119,b05-074-09
119,b05-074-10
150,c03-081a-00
150,c03-081a-01
150,c03-081a-02
150,c03-081a-03
150,c03-081a-04
150,c03-081a-05
150,c03-081a-06
150,c03-081a-07
150,c03-081a-08
150,c03-081a-09
154,c03-094e-00
154,c03-094e-01
154,c03-094e-02
154,c03-094e-03
154,c03-094e-04
154,c03-094e-05
154,c03-094e-06
154,c03-094e-07
154,c03-094e-08
154,c03-094e-09
000,a03-089-00
000,a03-089-01
000,a03-089-02
669,r03-115-00
669,r03-115-01
669,r03-115-02
669,r03-115-03
000,a05-017-00
000,a05-017-01
000,a05-017-02
000,a05-017-03
000,a05-017-04
000,a05-017-05
000,a05-017-06
000,a05-017-07
000,a05-017-08
000,a05-017-09
333,g06-011b-00
333,g06-011b-01
333,g06-011b-02
333,g06-011b-03
333,g06-011b-04
333,g06-011b-05
333,g06-011b-06
333,g06-011b-07
333,g06-011b-08
333,g06-011b-09
333,g06-011b-10
043,a03-014-00
043,a03-014-01
043,a03-014-02
043,a03-014-03
043,a03-014-04
043,a03-014-05
043,a03-014-06
043,a03-014-07
043,a03-014-08
339,g06-047h-00
339,g06-047h-02
339,g06-047h-03
339,g06-047h-04
339,g06-047h-06
149,c02-089-00
149,c02-089-01
149,c02-089-02
149,c02-089-03
149,c02-089-04
149,c02-089-05
335,g06-031d-02
335,g06-031d-04
341,g06-047j-00
341,g06-047j-01
341,g06-047j-02
341,g06-047j-03
341,g06-047j-04
341,g06-047j-05
341,g06-047j-06
341,g06-047j-07
341,g06-047j-08
257,f02-000-00
257,f02-000-01
257,f02-000-02
257,f02-000-03
257,f02-000-04
257,f02-000-05
257,f02-000-06
257,f02-000-07
257,f02-000-08
119,g05-094-01
119,g05-094-02
119,g05-094-03
119,g05-094-04
119,g05-094-05
119,g05-094-06
119,g05-094-07
119,g05-094-08
119,g05-094-09
342,g06-031k-02
342,g06-031k-03
342,g06-031k-04
342,g06-031k-05
342,g06-031k-06
342,g06-031k-07
671,r06-090-00
671,r06-090-01
671,r06-090-02
671,r06-090-03
671,r06-090-04
671,r06-090-05
671,r06-090-06
671,r06-090-07
671,r06-090-08
671,r06-090-09
671,r06-090-10
151,c03-084b-00
151,c03-084b-02
151,c03-084b-03
151,c03-084b-04
151,c03-084b-05
151,c03-084b-06
151,c03-084b-07
079,a06-090-00
079,a06-090-01
079,a06-090-02
079,a06-090-04
079,a06-090-05
079,a06-090-06
079,a06-090-07
079,a06-090-08
025,a02-032-00
025,a02-032-01
025,a02-032-05
025,a02-032-06
328,g04-092-00
328,g04-092-01
328,g04-092-02
328,g04-092-03
328,g04-092-04
328,g04-092-05
328,g04-092-06
328,g04-092-07
328,g04-092-08
328,g04-092-09
328,g04-092-10
000,a01-087u-00
000,a01-087u-01
000,a01-087u-02
000,a01-087u-03
000,a01-087u-04
000,a01-087u-05
000,a01-087u-06
000,a01-087u-07
000,a01-087u-08
005,a01-011-03
005,a01-011-05
058,a04-003-00
058,a04-003-01
058,a04-003-02
058,a04-003-03
058,a04-003-04
058,a04-003-05
058,a04-003-06
058,a04-003-07
037,a02-124-00
037,a02-124-01
037,a02-124-02
037,a02-124-03
037,a02-124-04
027,a02-046-01
027,a02-046-02
027,a02-046-05
027,a02-046-06
027,a02-046-07
005,a01-030-00
005,a01-030-07
220,e02-018-00
220,e02-018-01
220,e02-018-02
220,e02-018-03
220,e02-018-04
220,e02-018-05
220,e02-018-06
635,p06-248-00
635,p06-248-02
635,p06-248-03
635,p06-248-04
126,c06-052-02
126,c06-052-06
007,a01-014-00
007,a01-014-01
007,a01-014-02
007,a01-014-03
007,a01-014-04
007,a01-014-05
007,a01-014-06
007,a01-014-07
007,a01-014-08
007,a01-014-09
003,a01-003x-00
003,a01-003x-01
003,a01-003x-03
003,a01-003x-05
003,a01-003x-06
003,a01-003x-07
216,e01-107-00
216,e01-107-01
216,e01-107-02
216,e01-107-03
216,e01-107-04
216,e01-107-05
216,e01-107-06
216,e01-107-07
216,e01-107-08
216,e01-107-09
670,r06-070-00
670,r06-070-01
670,r06-070-02
670,r06-070-03
670,r06-070-04
670,r06-070-05
670,r06-070-06
670,r06-070-07
670,r06-070-08
113,b04-162-00
113,b04-162-01
113,b04-162-02
113,b04-162-03
113,b04-162-04
113,b04-162-05
113,b04-162-06
113,b04-162-07
643,r02-060-00
643,r02-060-01
643,r02-060-02
643,r02-060-03
643,r02-060-04
643,r02-060-05
643,r02-060-06
643,r02-060-07
643,r02-060-08
643,r02-060-09
152,c03-081c-00
152,c03-081c-01
152,c03-081c-02
152,c03-081c-03
152,c03-081c-04
152,c03-081c-06
152,c03-081c-08
125,b06-056-00
125,b06-056-01
125,b06-056-02
125,b06-056-03
125,b06-056-04
125,b06-056-05
125,b06-056-06
125,b06-056-07
125,b06-056-08
125,b06-056-09
125,b06-056-10
106,b03-114-00
106,b03-114-01
106,b03-114-02
106,b03-114-03
106,b03-114-04
106,b03-114-05
106,b03-114-06
106,b03-114-07
106,b03-114-08
040,a03-006-00
040,a03-006-03
040,a03-006-04
040,a03-006-05
040,a03-006-06
040,a03-006-07
040,a03-006-08
163,c04-066-00
163,c04-066-01
163,c04-066-02
163,c04-066-03
163,c04-066-04
163,c04-066-05
163,c04-066-06
163,c04-066-07
343,g06-037l-02
343,g06-037l-04
343,g06-037l-07
093,b01-113-03
093,b01-113-05
093,b01-113-06
093,b01-113-07
000,a05-099-00
000,a05-099-01
000,a05-099-02
000,a05-099-03
000,a05-099-04
000,a05-099-05
000,a05-099-06
000,a05-099-07
000,a05-099-08
000,a05-099-09
211,e01-022-00
211,e01-022-01
211,e01-022-02
211,e01-022-03
211,e01-022-04
211,e01-022-05
211,e01-022-06
060,a04-035-00
060,a04-035-01
060,a04-035-03
060,a04-035-04
060,a04-035-05
060,a04-035-06
060,a04-035-07
060,a04-035-09
010,a01-020x-00
010,a01-020x-01
010,a01-020x-02
010,a01-020x-03
010,a01-020x-04
010,a01-020x-05
010,a01-020x-06
010,a01-020x-07
141,c02-026-00
141,c02-026-01
141,c02-026-02
141,c02-026-03
141,c02-026-04
141,c02-026-05
141,c02-026-06
141,c02-026-07
141,c02-026-08
074,a06-051-00
074,a06-051-01
074,a06-051-02
074,a06-051-03
074,a06-051-04
074,a06-051-05
074,a06-051-06
074,a06-051-07
074,a06-051-08
126,c06-087-07
331,g05-087-00
331,g05-087-01
331,g05-087-02
331,g05-087-04
133,b06-064-00
133,b06-064-01
133,b06-064-02
133,b06-064-03
133,b06-064-04
133,b06-064-05
133,b06-064-06
133,b06-064-07
133,b06-064-08
133,b06-064-09
635,r06-022-00
335,g06-026d-02
335,g06-026d-05
117,b05-045-00
117,b05-045-01
117,b05-045-02
117,b05-045-03
117,b05-045-04
117,b05-045-06
117,b05-045-07
117,b05-045-08
117,b05-045-09
089,b01-033-03
089,b01-033-04
668,r03-110-03
668,r03-110-05
668,r03-110-06
668,r03-110-07
668,r03-110-08
061,a04-054-01
061,a04-054-02
061,a04-054-03
061,a04-054-04
061,a04-054-06
000,a01-107u-00
000,a01-107u-01
000,a01-107u-02
000,a01-107u-03
000,a01-107u-04
000,a01-107u-05
000,a01-107u-06
000,a01-107u-07
151,c03-094b-00
151,c03-094b-01
151,c03-094b-02
151,c03-094b-03
151,c03-094b-05
151,c03-094b-06
151,c03-094b-07
151,c03-094b-08
153,c03-096d-00
153,c03-096d-01
153,c03-096d-02
153,c03-096d-03
153,c03-096d-04
153,c03-096d-05
153,c03-096d-06
153,c03-096d-07
167,c04-105-00
167,c04-105-01
167,c04-105-02
167,c04-105-03
167,c04-105-04
167,c04-105-05
167,c04-105-06
270,f03-191-00
270,f03-191-01
270,f03-191-04
270,f03-191-05
270,f03-191-06
082,a06-110-00
082,a06-110-01
082,a06-110-02
082,a06-110-03
082,a06-110-04
082,a06-110-05
082,a06-110-06
082,a06-110-07
253,f01-075-00
253,f01-075-01
253,f01-075-02
253,f01-075-03
253,f01-075-04
253,f01-075-05
253,f01-075-06
253,f01-075-07
253,f01-075-08
000,a01-026u-00
000,a01-026u-01
000,a01-026u-02
000,a01-026u-03
000,a01-026u-04
000,a01-026u-05
000,a01-026u-06
000,a01-026u-07
000,a01-026u-08
000,a01-026u-09
000,a01-026u-10
238,e04-079-00
238,e04-079-01
238,e04-079-02
238,e04-079-03
238,e04-079-04
238,e04-079-05
238,e04-079-06
238,e04-079-07
238,e04-079-08
234,e04-038-03
234,e04-038-04
234,e04-038-05
234,e04-038-06
046,a03-023-00
046,a03-023-01
046,a03-023-02
046,a03-023-03
046,a03-023-04
046,a03-023-05
046,a03-023-06
046,a03-023-07
046,a03-023-08
046,a03-023-09
046,a03-023-10
054,a03-059-01
054,a03-059-02
054,a03-059-03
054,a03-059-04
054,a03-059-05
054,a03-059-06
054,a03-059-07
054,a03-059-08
054,a03-059-09
054,a03-059-10
054,a03-059-11
000,a03-073-00
000,a03-073-01
000,a03-073-02
000,a03-073-03
000,a03-073-04
000,a03-073-05
000,a03-073-06
000,a03-073-07
000,a03-073-08
000,a03-073-09
000,a03-073-10
140,c02-022-00
140,c02-022-01
140,c02-022-02
140,c02-022-03
140,c02-022-04
140,c02-022-05
140,c02-022-06
140,c02-022-07
232,e04-022-00
232,e04-022-01
232,e04-022-02
232,e04-022-03
232,e04-022-04
232,e04-022-05
232,e04-022-06
336,g06-042e-01
336,g06-042e-04
096,b02-045-05
096,b02-045-07
096,b02-045-08
008,a01-026x-00
008,a01-026x-01
008,a01-026x-03
008,a01-026x-04
008,a01-026x-05
008,a01-026x-06
008,a01-026x-07
008,a01-026x-08
008,a01-026x-09
128,b06-019-00
128,b06-019-01
128,b06-019-02
128,b06-019-03
128,b06-019-04
128,b06-019-05
128,b06-019-07
128,b06-019-08
333,g06-031b-00
333,g06-031b-01
333,g06-031b-02
333,g06-031b-03
333,g06-031b-04
333,g06-031b-05
333,g06-031b-06
333,g06-031b-07
333,g06-031b-08
333,g06-031b-09
272,f04-011-00
272,f04-011-02
272,f04-011-03
272,f04-011-04
272,f04-011-06
272,f04-011-07
272,f04-011-08
272,f04-011-09
272,f04-011-10
247,e07-090-00
247,e07-090-01
247,e07-090-02
247,e07-090-03
247,e07-090-04
247,e07-090-05
247,e07-090-06
247,e07-090-07
247,e07-090-08
000,a05-029-00
000,a05-029-01
000,a05-029-02
000,a05-029-03
000,a05-029-04
000,a05-029-05
000,a05-029-06
000,a05-029-07
000,a05-029-08
150,c03-007a-00
150,c03-007a-01
150,c03-007a-02
150,c03-007a-03
150,c03-007a-04
150,c03-007a-05
150,c03-007a-07
153,c03-094d-00
153,c03-094d-01
153,c03-094d-02
153,c03-094d-03
153,c03-094d-04
153,c03-094d-05
153,c03-094d-06
153,c03-094d-07
153,c03-094d-08
153,c03-094d-09
153,c03-094d-10
217,e01-119-00
217,e01-119-01
217,e01-119-02
217,e01-119-03
217,e01-119-04
217,e01-119-05
217,e01-119-06
217,e01-119-07
063,a04-085-00
063,a04-085-01
063,a04-085-02
063,a04-085-03
063,a04-085-04
063,a04-085-05
063,a04-085-06
063,a04-085-07
063,a04-085-08
063,a04-085-09
262,f02-036-07
262,f02-036-08
049,a03-034-02
049,a03-034-03
049,a03-034-04
049,a03-034-05
049,a03-034-06
049,a03-034-07
124,b06-049-00
124,b06-049-01
124,b06-049-02
124,b06-049-03
124,b06-049-04
124,b06-049-05
124,b06-049-06
124,b06-049-07
124,b06-049-08
124,b06-049-09
088,b01-023-01
088,b01-023-02
088,b01-023-03
088,b01-023-05
077,a06-070-00
077,a06-070-01
077,a06-070-02
077,a06-070-03
077,a06-070-05
077,a06-070-07
222,e02-025-00
222,e02-025-01
222,e02-025-02
222,e02-025-03
222,e02-025-04
222,e02-025-05
222,e02-025-06
222,e02-025-07
222,e02-025-08
222,e02-025-09
105,b03-109-00
105,b03-109-05
105,b03-109-06
105,b03-109-08
671,r06-126-00
671,r06-126-01
671,r06-126-02
671,r06-126-03
671,r06-126-04
671,r06-126-05
671,r06-126-06
671,r06-126-07
671,r06-126-08
671,r06-126-09
341,g06-011j-00
341,g06-011j-01
341,g06-011j-02
341,g06-011j-04
341,g06-011j-05
341,g06-011j-06
341,g06-011j-07
341,g06-011j-08
341,g06-011j-09
341,g06-011j-10
161,c04-044-00
161,c04-044-02
161,c04-044-03
161,c04-044-04
161,c04-044-05
161,c04-044-06
161,c04-044-08
235,e04-052-00
026,a02-037-00
026,a02-037-05
026,a02-037-07
026,a02-037-09
000,a01-077u-00
000,a01-077u-01
000,a01-077u-02
000,a01-077u-03
000,a01-077u-04
000,a01-077u-05
000,a01-077u-06
000,a01-077u-07
085,a06-134-00
085,a06-134-07
061,a04-047-01
061,a04-047-02
240,e04-086-00
240,e04-086-02
240,e04-086-03
240,e04-086-04
259,f02-033-00
259,f02-033-01
259,f02-033-02
259,f02-033-03
259,f02-033-04
259,f02-033-05
259,f02-033-06
259,f02-033-07
259,f02-033-08
259,f02-033-09
259,f02-033-10
112,b04-140-00
112,b04-140-01
112,b04-140-03
112,b04-140-04
112,b04-140-05
112,b04-140-06
112,b04-140-07
112,b04-140-08
000,a05-089-00
000,a05-089-01
000,a05-089-02
000,a05-089-03
000,a05-089-05
000,a05-089-06
000,a05-089-07
000,a05-089-08
000,a05-089-09
000,a05-089-10
066,a06-004-00
066,a06-004-01
066,a06-004-03
066,a06-004-04
066,a06-004-05
066,a06-004-07
066,a06-004-08
000,a01-058u-00
000,a01-058u-01
000,a01-058u-02
000,a01-058u-03
000,a01-058u-04
000,a01-058u-05
000,a01-058u-06
000,a01-058u-07
000,a01-058u-08
651,r02-117-00
651,r02-117-01
651,r02-117-02
651,r02-117-03
651,r02-117-05
651,r02-117-06
052,a03-043-00
052,a03-043-01
052,a03-043-02
052,a03-043-03
052,a03-043-04
052,a03-043-05
052,a03-043-06
052,a03-043-07
000,a05-073-00
000,a05-073-01
000,a05-073-04
000,a05-073-05
000,a05-073-06
000,a05-073-07
000,a05-073-08
000,a05-073-09
338,g06-047g-00
078,a06-075-00
078,a06-075-01
078,a06-075-02
078,a06-075-03
078,a06-075-04
078,a06-075-05
078,a06-075-06
078,a06-075-07
078,a06-075-08
237,e04-062-00
237,e04-062-01
237,e04-062-03
237,e04-062-04
237,e04-062-06
237,e04-062-07
090,b01-049-04
090,b01-049-05
090,b01-049-06
090,b01-049-07
158,e04-000-00
158,e04-000-01
158,e04-000-03
158,e04-000-04
158,e04-000-05
158,e04-000-06
158,c04-008-01
158,c04-008-02
158,c04-008-05
139,c02-007-00
139,c02-007-01
139,c02-007-02
139,c02-007-03
139,c02-007-06
139,c02-007-07
139,c02-007-08
144,c02-049-00
144,c02-049-01
144,c02-049-02
144,c02-049-03
144,c02-049-05
144,c02-049-06
144,c02-049-07
144,c02-049-08
144,c02-049-09
272,f04-004-00
272,f04-004-02
272,f04-004-04
272,f04-004-05
272,f04-004-06
047,a03-027-00
047,a03-027-04
047,a03-027-06
047,a03-027-08
128,c06-027-00
128,c06-027-01
128,c06-027-02
128,c06-027-03
128,c06-027-04
128,c06-027-05
128,c06-027-06
128,c06-027-07
000,a01-122u-00
000,a01-122u-01
000,a01-122u-02
000,a01-122u-03
000,a01-122u-04
000,a01-122u-05
000,a01-122u-06
000,a01-122u-07
000,a01-122u-08
000,a01-122u-09
340,g06-047i-00
340,g06-047i-04
340,g06-047i-05
340,g06-047i-06
635,r06-000-00
635,r06-000-03
635,r06-000-04
635,r06-000-05
336,g06-047e-05
120,b05-079-00
120,b05-079-01
120,b05-079-02
120,b05-079-03
120,b05-079-04
120,b05-079-05
120,b05-079-06
120,b05-079-07
120,b05-079-08
120,b05-079-09
274,g04-026-06
152,c03-021c-00
152,c03-021c-01
152,c03-021c-02
152,c03-021c-03
152,c03-021c-04
152,c03-021c-05
152,c03-021c-06
152,c03-021c-08
114,b04-208-00
114,b04-208-01
108,b04-040-05
110,b04-103-00
110,b04-103-02
110,b04-103-04
110,b04-103-06
670,r06-053-00
670,r06-053-01
670,r06-053-02
670,r06-053-03
670,r06-053-04
670,r06-053-05
670,r06-053-06
670,r06-053-07
670,r06-053-08
212,e01-029-00
212,e01-029-01
212,e01-029-02
212,e01-029-03
212,e01-029-04
212,e01-029-05
212,e01-029-06
212,e01-029-07
212,e01-029-08
000,a01-113u-00
000,a01-113u-01
000,a01-113u-02
000,a01-113u-03
000,a01-113u-04
000,a01-113u-05
000,a01-113u-06
000,a01-113u-07
000,a01-113u-08
000,a01-113u-09
000,a01-113u-10
670,r06-044-00
670,r06-044-01
670,r06-044-02
670,r06-044-03
670,r06-044-04
670,r06-044-05
670,r06-044-06
670,r06-044-07
670,r06-044-08
670,r06-044-09
670,r06-044-10
095,b02-013-00
095,b02-013-01
095,b02-013-02
095,b02-013-03
095,b02-013-04
095,b02-013-05
095,b02-013-06
095,b02-013-07
095,b02-013-08
095,b02-013-09
344,g06-011m-00
344,g06-011m-01
344,g06-011m-04
344,g06-011m-06
344,g06-011m-07
344,g06-011m-08
344,g06-011m-09
340,g06-026i-04
340,g06-026i-05
344,g06-045m-00
344,g06-045m-01
344,g06-045m-02
344,g06-045m-03
344,g06-045m-04
344,g06-045m-05
344,g06-045m-06
344,g06-045m-07
000,a05-104-00
000,a05-104-01
000,a05-104-02
000,a05-104-03
000,a05-104-04
000,a05-104-05
000,a05-104-06
000,a05-104-07
000,a05-104-08
000,a01-082u-00
000,a01-082u-01
000,a01-082u-02
000,a01-082u-03
000,a01-082u-04
000,a01-082u-05
000,a01-082u-06
000,a01-082u-07
000,a01-082u-08
000,a01-082u-09
058,a04-006-00
058,a04-006-01
058,a04-006-03
058,a04-006-06
058,a04-006-07
058,a04-006-08
058,a04-006-09
155,c03-096f-00
155,c03-096f-01
155,c03-096f-02
155,c03-096f-03
155,c03-096f-04
155,c03-096f-05
155,c03-096f-06
155,c03-096f-07
160,c04-023-00
160,c04-023-03
160,c04-023-04
089,b01-038-01
089,b01-038-02
089,b01-038-03
089,b01-038-05
089,b01-038-06
089,b01-038-07
089,b01-038-08
089,b01-038-09
089,b01-038-10
000,a01-003u-00
000,a01-003u-01
000,a01-003u-02
000,a01-003u-03
000,a01-003u-04
000,a01-003u-05
000,a01-003u-06
000,a01-003u-07
000,a01-003u-08
000,a01-003u-09
000,a01-003u-10
072,a06-039-00
072,a06-039-01
072,a06-039-02
072,a06-039-03
072,a06-039-04
072,a06-039-05
072,a06-039-06
072,a06-039-07
072,a06-039-08
072,a06-039-09
072,a06-039-10
329,g04-101-00
329,g04-101-01
329,g04-101-02
329,g04-101-03
329,g04-101-04
329,g04-101-05
329,g04-101-06
160,c04-028-03
160,c04-028-04
160,c04-028-05
160,c04-028-07
338,g06-037g-00
338,g06-037g-02
671,r06-121-00
671,r06-121-01
671,r06-121-02
671,r06-121-03
671,r06-121-04
671,r06-121-05
671,r06-121-06
671,r06-121-07
671,r06-121-08
671,r06-121-09
671,r06-121-10
152,c03-084c-05
152,c03-084c-06
337,g06-018f-05
247,e07-079-00
247,e07-079-01
247,e07-079-02
247,e07-079-03
247,e07-079-04
247,e07-079-05
247,e07-079-06
247,e07-079-07
247,e07-079-08
247,e07-079-09
000,a03-071-00
000,a03-071-01
000,a03-071-02
000,a03-071-03
000,a03-071-04
000,a03-071-05
000,a03-071-06
000,a03-071-07
083,a06-114-00
083,a06-114-01
083,a06-114-02
083,a06-114-03
083,a06-114-04
083,a06-114-05
083,a06-114-06
083,a06-114-07
083,a06-114-08
214,e01-086-03
214,e01-086-05
214,e01-086-06
130,b06-059-00
130,b06-059-01
130,b06-059-03
130,b06-059-04
130,b06-059-05
130,b06-059-06
130,b06-059-07
130,b06-059-08
130,b06-059-09
000,a05-022-00
000,a05-022-01
000,a05-022-02
000,a05-022-03
000,a05-022-04
000,a05-022-05
000,a05-022-06
000,a05-022-07
335,g06-037d-02
335,g06-037d-03
233,e04-030-00
233,e04-030-03
233,e04-030-04
233,e04-030-05
233,e04-030-06
153,c03-087d-00
153,c03-087d-01
153,c03-087d-02
153,c03-087d-03
153,c03-087d-04
153,c03-087d-05
153,c03-087d-06
153,c03-087d-07
153,c03-087d-08
109,b04-066-02
109,b04-066-05
342,g06-026k-01
342,g06-026k-02
342,g06-026k-03
342,g06-026k-04
342,g06-026k-05
006,a01-011x-00
006,a01-011x-01
006,a01-011x-02
006,a01-011x-03
006,a01-011x-04
006,a01-011x-05
006,a01-011x-06
006,a01-011x-07
006,a01-011x-08
130,c06-031-00
130,c06-031-01
130,c06-031-03
130,c06-031-04
130,c06-031-05
130,c06-031-06
242,e04-114-00
242,e04-114-02
242,e04-114-06
242,e04-114-07
018,a01-113-06
018,a01-113-07
155,c03-087f-00
155,c03-087f-01
155,c03-087f-02
155,c03-087f-03
155,c03-087f-04
155,c03-087f-05
155,c03-087f-06
155,c03-087f-07
155,c03-087f-08
273,g04-007-00
273,g04-007-02
273,g04-007-03
273,g04-007-04
273,g04-007-05
273,g04-007-06
273,g04-007-07
053,a03-054-00
053,a03-054-01
053,a03-054-02
053,a03-054-03
053,a03-054-04
053,a03-054-05
053,a03-054-06
053,a03-054-07
053,a03-054-08
053,a03-054-09
053,a03-054-10
341,g06-042j-00
341,g06-042j-01
341,g06-042j-02
341,g06-042j-03
341,g06-042j-04
341,g06-042j-05
341,g06-042j-06
258,f02-003-02
258,f02-003-04
258,f02-003-05
246,e07-012-00
246,e07-012-01
246,e07-012-02
246,e07-012-03
246,e07-012-04
246,e07-012-06
246,e07-012-07
246,e07-012-08
246,e07-012-10
670,r06-066-00
670,r06-066-01
670,r06-066-02
670,r06-066-03
670,r06-066-04
670,r06-066-05
670,r06-066-06
670,r06-066-07
670,r06-066-08
670,r06-066-09
273,g04-095-00
273,g04-095-01
273,g04-095-02
273,g04-095-03
273,g04-095-04
273,g04-095-05
273,g04-095-06
273,g04-095-07
128,c06-128-00
128,c06-128-01
128,c06-128-02
128,c06-128-03
128,c06-128-04
128,c06-128-05
128,c06-128-06
128,c06-128-07
128,c06-128-08
248,e07-094-02
248,e07-094-03
248,e07-094-04
248,e07-094-05
248,e07-094-06
248,e07-094-07
133,b06-100-00
133,b06-100-01
133,b06-100-02
133,b06-100-03
133,b06-100-04
133,b06-100-05
133,b06-100-06
133,b06-100-07
133,b06-100-08
133,b06-100-09
225,e02-086-04
225,e02-086-08
162,c04-056-00
162,c04-056-01
162,c04-056-02
162,c04-056-03
162,c04-056-04
162,c04-056-05
162,c04-056-06
162,c04-056-07
162,c04-056-08
155,c03-021f-00
155,c03-021f-01
155,c03-021f-02
155,c03-021f-03
155,c03-021f-04
155,c03-021f-05
155,c03-021f-06
155,c03-021f-07
155,c03-021f-08
155,c03-021f-09
153,c03-000d-00
153,c03-000d-01
153,c03-000d-02
153,c03-000d-03
153,c03-000d-04
153,c03-000d-05
153,c03-000d-06
153,c03-000d-07
154,c03-021e-00
154,c03-021e-01
154,c03-021e-02
154,c03-021e-03
154,c03-021e-04
154,c03-021e-05
154,c03-021e-06
154,c03-021e-07
154,c03-021e-08
154,c03-021e-09
655,r02-146-00
655,r02-146-01
655,r02-146-02
655,r02-146-03
655,r02-146-04
131,c06-095-01
131,c06-095-02
131,c06-095-03
131,c06-095-04
131,c06-095-05
131,c06-095-06
243,e04-127-06
094,b01-132-00
094,b01-132-01
094,b01-132-02
094,b01-132-03
094,b01-132-04
094,b01-132-05
094,b01-132-06
094,b01-132-07
094,b01-132-08
100,b03-025-06
089,b01-027-00
089,b01-027-01
089,b01-027-02
089,b01-027-03
089,b01-027-04
089,b01-027-05
089,b01-027-06
089,b01-027-07
089,b01-027-08
058,a04-010-00
058,a04-010-01
058,a04-010-03
058,a04-010-05
058,a04-010-06
058,a04-010-07
058,a04-010-08
336,g06-018e-05
336,g06-018e-06
025,a02-024-00
025,a02-024-01
025,a02-024-02
025,a02-024-03
025,a02-024-04
025,a02-024-06
012,a01-043-00
012,a01-043-01
012,a01-043-02
012,a01-043-03
012,a01-043-04
012,a01-043-05
012,a01-043-06
012,a01-043-07
012,a01-043-08
012,a01-043-09
060,a04-039-00
060,a04-039-01
060,a04-039-05
060,a04-039-06
060,a04-039-07
060,a04-039-08
060,a04-039-09
339,g06-031h-02
339,g06-031h-03
339,g06-031h-04
339,g06-031h-05
339,g06-031h-06
339,g06-031h-07
002,a01-003-00
002,a01-003-01
002,a01-003-02
002,a01-003-03
002,a01-003-04
002,a01-003-05
002,a01-003-06
002,a01-003-07
002,a01-003-08
000,a05-062-00
000,a05-062-01
000,a05-062-02
000,a05-062-03
000,a05-062-04
000,a05-062-05
000,a05-062-06
000,a05-062-07
000,a05-062-08
155,c03-007f-00
155,c03-007f-01
155,c03-007f-02
155,c03-007f-03
155,c03-007f-04
155,c03-007f-05
155,c03-007f-06
155,c03-007f-07
155,c03-007f-08
048,a03-030-00
048,a03-030-01
048,a03-030-02
048,a03-030-03
048,a03-030-04
048,a03-030-05
048,a03-030-06
048,a03-030-07
048,a03-030-08
048,a03-030-09
333,g06-037b-00
333,g06-037b-01
333,g06-037b-02
333,g06-037b-03
333,g06-037b-04
333,g06-037b-05
333,g06-037b-06
333,g06-037b-07
333,g06-037b-08
333,g06-037b-09
152,c03-007c-00
152,c03-007c-01
152,c03-007c-02
152,c03-007c-03
152,c03-007c-04
152,c03-007c-05
152,c03-007c-06
152,c03-007c-07
155,c03-003f-00
155,c03-003f-01
155,c03-003f-02
155,c03-003f-03
155,c03-003f-04
155,c03-003f-05
155,c03-003f-06
155,c03-003f-07
155,c03-003f-08
213,e01-050-00
213,e01-050-01
213,e01-050-02
213,e01-050-03
213,e01-050-06
254,f01-085-00
254,f01-085-04
145,c02-056-00
145,c02-056-01
145,c02-056-04
145,c02-056-07
145,c02-056-08
231,e04-015-00
231,e04-015-01
231,e04-015-02
231,e04-015-04
231,e04-015-05
231,e04-015-06
137,c02-000-00
137,c02-000-01
137,c02-000-02
137,c02-000-03
137,c02-000-05
137,c02-000-06
137,c02-000-07
137,c02-000-08
137,c02-000-09
107,b04-020-00
107,b04-020-01
107,b04-020-02
107,b04-020-03
107,b04-020-04
107,b04-020-05
107,b04-020-06
107,b04-020-07
107,b04-020-08
000,a05-039-00
000,a05-039-01
000,a05-039-02
000,a05-039-03
000,a05-039-04
000,a05-039-05
000,a05-039-06
000,a05-039-07
000,a05-039-08
000,a05-039-09
000,a05-039-10
336,g06-031e-02
095,b02-035-00
095,b02-035-01
095,b02-035-02
095,b02-035-03
095,b02-035-04
095,b02-035-05
095,b02-035-06
095,b02-035-07
095,b02-035-08
095,b02-035-09
095,b02-035-10
014,a01-053x-00
014,a01-053x-03
014,a01-053x-04
014,a01-053x-05
014,a01-053x-06
014,a01-053x-07
014,a01-053x-08
038,a02-116-00
038,a02-116-01
038,a02-116-02
038,a02-116-03
038,a02-116-04
038,a02-116-05
038,a02-116-06
038,a02-116-07
061,a04-059-01
061,a04-059-02
061,a04-059-03
061,a04-059-05
061,a04-059-06
671,r06-106-00
671,r06-106-01
671,r06-106-02
671,r06-106-03
671,r06-106-04
671,r06-106-05
671,r06-106-06
671,r06-106-07
671,r06-106-08
110,b04-081-00
110,b04-081-01
110,b04-081-03
110,b04-081-04
110,b04-081-05
334,g06-031c-00
334,g06-031c-04
334,g06-031c-05
334,g06-031c-06
334,g06-031c-07
246,e07-061-00
246,e07-061-01
246,e07-061-02
246,e07-061-03
246,e07-061-04
246,e07-061-05
246,e07-061-06
246,e07-061-07
246,e07-061-08
246,e07-061-09
246,e07-061-10
343,g06-050l-00
343,g06-050l-03
343,g06-050l-05
343,g06-050l-06
343,g06-050l-07
342,g06-037k-00
342,g06-037k-04
342,g06-037k-06
342,g06-037k-07
342,g06-037k-08
342,g06-037k-09
221,e02-021-00
221,e02-021-01
221,e02-021-02
221,e02-021-03
221,e02-021-04
221,e02-021-05
221,e02-021-06
221,e02-021-07
221,e02-021-08
664,r03-065-02
664,r03-065-03
664,r03-065-05
664,r03-065-06
123,c06-100-00
123,c06-100-01
123,c06-100-02
123,c06-100-03
123,c06-100-04
123,c06-100-05
123,c06-100-07
114,b04-202-00
114,b04-202-04
114,b04-202-05
114,b04-202-06
341,g06-031j-01
341,g06-031j-02
341,g06-031j-03
341,g06-031j-04
341,g06-031j-05
341,g06-031j-06
341,g06-031j-07
341,g06-031j-08
157,c04-004-07
273,f04-007-00
273,f04-007-01
273,f04-007-02
273,f04-007-03
273,f04-007-04
273,f04-007-05
273,f04-007-06
129,c06-103-00
129,c06-103-01
129,c06-103-02
129,c06-103-03
129,c06-103-04
129,c06-103-05
129,c06-103-06
129,c06-103-07
129,c06-103-08
129,c06-103-09
217,f01-139-02
217,f01-139-04
217,f01-139-06
051,a03-040-02
051,a03-040-03
051,a03-040-05
051,a03-040-06
033,a02-072-02
033,a02-072-07
012,a01-049-00
012,a01-049-01
012,a01-049-03
012,a01-049-04
012,a01-049-05
012,a01-049-06
012,a01-049-07
012,a01-049-08
012,a01-049-09
012,a01-049-10
092,b01-094-00
092,b01-094-01
092,b01-094-02
092,b01-094-03
092,b01-094-04
092,b01-094-05
092,b01-094-06
092,b01-094-07
092,b01-094-08
126,b06-110-02
126,b06-110-06
066,a06-000-00
066,a06-000-01
066,a06-000-02
066,a06-000-03
066,a06-000-04
066,a06-000-05
066,a06-000-06
066,a06-000-07
152,c03-003c-00
152,c03-003c-01
152,c03-003c-02
152,c03-003c-03
152,c03-003c-04
152,c03-003c-05
152,c03-003c-06
152,c03-003c-07
152,c03-003c-08
117,b05-050-00
117,b05-050-01
117,b05-050-02
117,b05-050-03
117,b05-050-04
117,b05-050-05
117,b05-050-06
117,b05-050-07
025,a02-027-00
025,a02-027-03
025,a02-027-07
025,a02-027-08
340,g06-018i-06
140,c02-012-00
140,c02-012-01
140,c02-012-02
140,c02-012-03
140,c02-012-05
140,c02-012-06
140,c02-012-08
140,c02-012-09
055,a03-063-05
055,a03-063-10
658,r03-002-00
658,r03-002-01
658,r03-002-02
658,r03-002-03
658,r03-002-04
658,r03-002-05
658,r03-002-06
658,r03-002-07
658,r03-002-08
658,r03-002-09
000,a05-080-00
000,a05-080-01
000,a05-080-02
000,a05-080-03
000,a05-080-04
000,a05-080-05
000,a05-080-06
000,a05-080-07
000,a05-080-08
127,b06-053-00
127,b06-053-01
127,b06-053-02
127,b06-053-03
127,b06-053-04
127,b06-053-05
127,b06-053-06
127,b06-053-07
127,b06-053-08
127,b06-053-09
127,b06-053-10
335,g06-050d-00
335,g06-050d-03
335,g06-050d-05
335,g06-050d-06
335,g06-050d-07
035,a02-082-01
035,a02-082-03
035,a02-082-04
035,a02-082-05
035,a02-082-06
016,a01-102-00
016,a01-102-01
016,a01-102-02
016,a01-102-03
016,a01-102-04
016,a01-102-05
016,a01-102-06
016,a01-102-07
016,a01-102-08
016,a01-102-09
150,c03-094a-00
150,c03-094a-01
150,c03-094a-02
150,c03-094a-03
150,c03-094a-04
150,c03-094a-05
150,c03-094a-06
150,c03-094a-07
150,c03-094a-08
090,b01-053-03
090,b01-053-04
090,b01-053-05
090,b01-053-06
163,c04-061-00
163,c04-061-01
163,c04-061-02
163,c04-061-04
163,c04-061-05
163,c04-061-06
671,r06-111-00
671,r06-111-01
671,r06-111-02
671,r06-111-03
671,r06-111-04
671,r06-111-05
671,r06-111-06
671,r06-111-07
671,r06-111-08
338,g06-050g-02_2
335,g06-026d-00_2
111,b04-107-08_2
060,a04-039-04_2
126,b06-036-02_2
096,b02-045-00_2
100,b03-025-02_2
033,a02-072-03_2
090,b01-049-02_1
118,b05-067-00_2
343,g06-037l-03_1
026,a02-037-08_1
224,e02-082-00_1
159,c04-035-05_2
651,r02-117-04_1
330,h04-007-06_1
126,b06-110-01_2
256,f01-147-03_1
093,b01-118-02_1
335,g06-031d-05_2
060,a04-031-09_2
340,g06-026i-01_2
256,f01-143-03_1
075,a06-057-01_1
340,g06-050i-00_2
343,g06-042l-04_2
327,g04-081-02_1
059,a04-019-00_1
025,a02-027-04_1
243,e04-119-02_1
059,a04-019-02_2
644,r02-065-05_2
145,c02-056-05_2
248,e07-094-01_2
644,r02-065-03_2
005,a01-030-06_1
166,c04-098-02_2
158,c04-008-06_2
059,a04-019-07_2
151,c03-007b-02_2
090,b01-049-01_1
261,f02-030-04_2
343,g06-018l-01_1
112,b04-147-00_1
254,f01-081-05_2
098,b02-102-06_1
635,r06-007-04_2
029,a02-053-04_2
159,c04-017-05_2
243,e04-127-00_2
234,e04-038-01_2
118,b05-058-04_1
105,b03-109-04_2
251,f01-066-01_2
343,g06-018l-02_1
667,r03-096-02_1
330,h04-021-01_2
018,a01-113-01_2
642,r02-054-00_1
230,e04-004-02_2
338,g06-045g-04_2
230,e04-008-02_2
109,b04-075-02_2
338,g06-031g-06_2
335,g06-037d-07_1
274,g04-026-05_1
126,b06-012-01_1
005,a01-030-02_2
158,c04-008-00_1
335,g06-026d-04_1
142,c02-030-02_2
339,g06-018h-03_2
648,r02-081-04_2
256,f01-147-07_2
338,g06-026g-01_1
343,g06-031l-05_1
262,f02-036-06_2
648,r02-081-05_2
102,b03-092-05_2
337,g06-011f-05_2
338,g06-011g-06_1
005,a01-030-04_1
338,g06-018g-04_1
058,a04-006-02_1
335,g06-031d-06_1
089,b01-033-02_1
028,a02-050-01_1
335,g06-018d-04_1
230,e04-004-05_2
635,r06-022-04_1
330,h04-021-07_2
003,a01-003x-08_2
111,b04-128-00_1
339,g06-050h-06_1
017,b01-057-08_1
343,g06-047l-05_1
110,b04-103-03_2
166,c04-089-01_2
339,g06-050h-01_2
017,b01-062-02_1
014,a01-053x-02_1
126,b06-012-03_1
111,b04-116-06_2
116,b05-032-09_2
126,c06-052-05_1
059,a04-019-03_1
648,r02-081-03_1
330,h04-021-04_2
635,r06-007-05_1
085,a06-134-02_2
090,b01-049-03_2
265,f02-044-02_2
118,g05-098-04_2
337,g06-037f-01_1
648,r02-081-02_1
337,g06-050f-01_1
005,a01-011-02_2
042,a03-011-04_1
635,r06-007-00_2
343,g06-050l-01_1
254,f01-085-06_1
274,h04-025-05_1
340,g06-050i-06_2
059,a04-023-04_2
118,h05-012-00_2
336,g06-011e-05_2
653,r02-131-02_1
157,c04-004-02_2
274,g04-026-03_1
338,g06-018g-03_2
145,c02-056-03_1
274,g04-026-01_2
108,b04-026-06_2
343,g06-047l-01_1
166,c04-089-05_2
088,b01-018-01_2
123,c06-039-04_2
023,a02-008-02_2
274,f04-020-02_1
111,b04-128-03_1
017,b01-062-02_2
059,a04-015-05_2
000,a05-073-03_2
635,r06-011-02_2
258,f02-003-01_1
330,h04-007-02_1
151,c03-007b-02_1
085,a06-124-02_2
336,g06-031e-03_2
157,c04-000-01_1
061,a04-054-05_1
337,g06-011f-02_2
159,c04-017-07_2
637,r02-003-03_2
023,a02-008-01_2
102,b03-087-00_2
059,a04-027-05_2
111,b04-116-06_1
154,c03-096e-02_1
251,f01-066-00_2
243,e04-127-04_2
343,g06-011l-06_2
336,g06-045e-05_1
152,c03-084c-02_1
336,g06-011e-00_1
274,h04-025-00_1
337,g06-026f-00_1
340,g06-031i-05_2
118,b05-067-00_1
152,c03-081c-05_1
262,f02-036-01_2
235,e04-052-06_2
652,r02-127-00_2
343,g06-011l-02_2
215,e01-102-01_1
335,g06-026d-01_1
214,e01-086-01_1
330,g04-104-06_2
343,g06-026l-01_1
275,f04-028-03_1
122,b05-088-05_2
166,c04-089-01_1
093,b01-113-02_2
108,b04-040-03_1
118,b05-067-04_1
338,g06-045g-00_1
132,c06-091-02_1
152,c03-084c-03_2
108,b04-026-03_1
336,g06-037e-00_2
256,f01-147-02_1
118,b05-067-01_1
118,h05-012-05_1
273,g04-011-02_2
338,g06-037g-06_2
111,b04-107-06_1
108,b04-047-01_1
059,a04-027-03_1
653,r02-131-03_1
119,b05-074-08_2
265,f02-044-04_2
151,c03-084b-01_2
265,f02-044-08_2
022,a02-004-09_2
274,g04-017-01_1
126,b06-012-04_1
336,g06-050e-02_2
336,g06-011e-01_1
233,e04-026-04_1
042,a03-011-06_1
157,c04-000-00_1
085,e07-000-05_1
340,g06-042i-01_1
251,f01-066-00_1
164,c04-122-04_2
225,e02-086-02_1
026,a02-037-03_1
111,b04-116-02_2
102,b03-087-04_1
041,a03-009-05_1
111,b04-128-04_1
061,a04-054-05_2
264,f02-040-07_1
343,g06-037l-03_2
342,g06-037k-01_1
339,g06-047h-05_2
342,g06-045k-02_1
336,g06-037e-05_2
070,a06-025-05_2
126,b06-036-02_1
059,a04-015-06_2
340,g06-011i-01_1
061,a04-050-00_2
273,g04-011-01_1
343,g06-011l-00_1
334,g06-045c-00_2
230,e04-004-02_1
334,g06-045c-01_2
077,a06-070-06_1
166,c04-098-03_2
274,h04-025-03_2
340,g06-031i-04_1
164,c04-122-02_1
338,g06-042g-02_1
659,r03-026-06_1
158,c04-008-07_2
085,a06-124-01_1
339,g06-047h-05_1
264,f02-040-06_1
118,b05-055-00_2
126,b06-110-04_2
337,g06-045f-04_1
129,c06-014-08_1
644,r02-065-02_2
336,g06-042e-03_1
330,h04-007-01_2
214,e01-081-05_1
269,f03-182-06_2
339,g06-018h-00_2
270,f03-191-02_1
336,g06-011e-04_1
335,g06-031d-00_2
026,a02-042-01_1
336,g06-037e-03_1
265,f02-044-04_1
135,c01-014-06_1
005,a01-030-03_1
011,a01-038x-04_1
159,c04-035-03_2
109,b04-054-05_1
237,e04-068-05_1
126,c06-052-05_2
256,f01-147-02_2
335,g06-026d-03_2
166,c04-089-06_2
274,g04-017-06_1
110,b04-089-02_2
081,a06-100-05_1
335,g06-042d-00_2
066,a06-004-06_2
337,g06-011f-01_1
337,g06-047f-02_2
272,f04-004-01_2
254,f01-085-02_1
261,f02-030-01_2
213,e01-050-04_1
075,a06-057-04_1
061,a04-054-00_1
264,f02-040-05_2
160,c04-023-02_2
050,a03-037-03_2
337,g06-042f-03_2
059,a04-015-00_1
342,g06-037k-01_2
274,g04-017-01_2
085,a06-157-00_2
340,g06-037i-01_1
116,b05-032-09_1
132,c06-091-01_2
637,r02-003-01_1
336,g06-042e-00_2
335,g06-037d-07_2
085,a06-134-03_1
059,a04-019-03_2
326,g04-077-02_1
130,b06-079-05_2
119,b05-074-04_2
116,b05-032-02_2
653,r02-131-00_2
339,g06-050h-00_1
339,g06-045h-00_1
243,e04-119-03_1
023,a02-008-05_2
336,g06-050e-05_2
028,a02-050-04_2
342,g06-037k-02_2
157,c04-004-00_2
637,r02-003-02_2
055,a03-063-04_1
135,c01-014-06_2
111,b04-116-01_1
343,g06-031l-01_2
093,b01-113-00_2
217,g01-000-02_2
081,n02-146-06_2
338,g06-031g-04_1
059,a04-027-01_1
265,f02-044-06_1
338,g06-018g-05_2
109,b04-075-00_2
140,c02-012-04_2
342,g06-031k-01_2
256,f01-147-06_2
108,b04-040-02_1
058,a04-010-04_2
234,e04-034-01_1
252,f01-070-07_1
105,b03-109-02_1
081,n02-146-05_2
256,f01-147-01_1
338,g06-026g-02_1
051,a03-040-04_1
085,a06-134-01_2
344,g06-011m-03_1
653,r02-131-00_1
337,g06-047f-00_2
236,e04-058-00_2
026,a02-090-00_2
340,g06-018i-05_2
118,b05-055-02_2
337,g06-026f-00_2
338,g06-011g-03_2
648,r02-081-02_2
214,e01-086-00_2
012,a01-049-02_1
070,a06-025-05_1
037,a02-106-05_1
102,b03-087-02_1
157,c04-004-03_2
093,b01-113-04_1
111,b04-107-05_2
649,r02-089-06_1
109,b04-075-00_1
129,c06-014-08_2
077,a06-070-04_1
334,g06-018c-01_2
158,e04-000-02_1
336,g06-031e-03_1
254,f01-081-03_2
635,r06-018-01_2
029,a02-053-00_1
111,b04-128-02_2
161,c04-039-04_1
003,a01-003x-04_1
236,e04-058-04_1
666,r03-090-01_2
085,a06-141-05_2
023,a02-008-01_1
336,g06-050e-05_1
114,b04-187-00_1
150,c03-084a-01_2
021,a02-000-00_2
064,a04-092-02_1
342,g06-045k-00_2
337,g06-011f-06_1
225,e02-086-06_2
112,b04-147-06_2
059,a04-015-04_2
326,g04-077-00_1
122,b05-088-04_1
343,g06-011l-03_2
235,e04-052-02_2
653,r02-131-04_1
005,a01-030-01_2
336,g06-026e-03_2
343,g06-045l-00_2
108,b04-026-04_2
011,a01-043x-02_1
340,g06-031i-00_2
635,r06-011-03_2
343,g06-042l-04_1
649,r02-089-02_1
335,g06-045d-02_2
213,e01-050-05_1
164,c04-075-06_1
050,a03-037-04_1
335,g06-031d-01_1
235,e04-052-03_1
225,e02-086-03_1
042,a03-011-00_2
061,a04-050-04_1
327,g04-081-00_2
338,g06-018g-01_1
274,g04-017-02_2
085,a06-141-01_2
336,g06-047e-01_2
085,a06-134-04_1
152,c03-021c-07_1
337,g06-037f-03_1
059,a04-023-01_2
081,a06-100-00_2
051,a03-040-00_1
254,f01-081-02_2
116,b05-032-07_2
343,g06-037l-00_2
272,f04-011-01_2
338,g06-031g-04_2
069,a06-020-04_1
234,e04-034-00_2
058,a04-006-02_2
110,b04-103-01_1
337,g06-018f-02_2
335,g06-047d-05_2
274,g04-032-03_1
230,e04-004-04_1
157,c04-000-03_2
264,f02-040-05_1
649,r02-089-03_2
008,a01-026x-02_1
152,c03-021c-07_2
335,g06-047d-01_1
164,c04-075-01_2
213,e01-050-05_2
025,a02-032-04_2
100,b03-025-02_1
340,g06-037i-06_2
066,a06-004-02_2
334,g06-011c-08_2
256,f01-143-00_2
338,g06-018g-01_2
237,e04-068-01_2
265,f02-044-00_1
075,a06-057-03_2
157,c04-004-00_1
338,g06-011g-04_1
108,b04-047-04_1
026,a02-098-05_1
091,b01-073-02_2
059,a04-015-00_2
151,c03-021b-02_1
341,g06-011j-03_1
073,a06-044-02_2
235,e04-052-02_1
114,b04-202-03_2
225,e02-086-07_2
023,a02-008-06_1
126,c06-087-02_1
018,a01-113-01_1
230,e04-004-05_1
059,a04-023-06_1
273,g04-011-02_1
019,a01-128-03_2
060,a04-043-06_2
042,a03-011-00_1
019,a01-122-04_1
037,a02-106-03_2
343,g06-045l-04_1
330,h04-021-01_1
337,g06-037f-07_1
059,a04-015-07_1
027,a02-046-04_2
089,b01-033-00_1
031,a02-062-03_2
118,b05-071-01_1
025,a02-020-01_2
342,g06-037k-05_2
330,h04-021-06_2
126,c06-052-01_2
234,e04-034-03_1
081,n02-146-00_1
339,g06-037h-10_2
243,e04-127-01_1
161,c04-039-04_2
085,a06-134-06_1
000,a01-049x-09_2
090,b01-049-02_2
151,c03-021b-04_2
274,f04-020-00_2
336,g06-026e-03_1
337,g06-011f-05_1
274,g04-017-06_2
275,f04-024-05_2
338,g06-037g-08_1
026,a02-098-03_1
151,c03-000b-01_2
064,a04-092-02_2
251,f01-066-02_1
081,n02-146-01_1
256,f01-143-03_2
330,h04-007-05_2
166,c04-098-01_2
151,c03-021b-05_1
645,r02-070-03_2
330,h04-007-02_2
026,a02-098-05_2
151,c03-000b-04_2
085,a06-147-04_2
018,a01-113-04_2
062,a04-066-03_1
026,a02-042-04_2
018,a01-113-03_2
338,g06-031g-06_1
326,g04-077-04_1
262,f02-036-04_2
342,g06-026k-00_2
338,g06-045g-00_2
337,g06-037f-06_1
126,c06-052-00_2
337,g06-037f-05_2
336,g06-018e-04_1
061,a04-047-00_1
112,b04-154-03_1
000,a05-094-02_1
115,b05-017-02_2
233,e04-030-02_1
118,g05-098-02_1
085,a06-147-00_2
152,c03-084c-01_1
340,g06-018i-02_1
340,g06-026i-03_1
225,e02-086-00_2
085,a06-147-00_1
073,a06-044-05_1
262,f02-036-02_2
111,b04-107-06_2
164,c04-075-02_2
663,r03-056-06_2
343,g06-011l-01_2
343,g06-018l-00_1
237,e04-068-00_1
663,r03-056-04_1
153,c03-016d-06_2
115,b05-017-00_2
025,a02-020-01_1
243,e04-119-01_1
085,a06-141-04_1
228,e02-100-01_1
260,f02-020-00_2
336,g06-045e-02_2
336,g06-018e-00_1
164,c04-075-05_2
005,a01-030-02_1
105,b03-109-04_1
635,r06-027-01_1
047,a03-027-01_2
118,b05-055-03_1
144,c02-049-04_1
635,r06-007-00_1
042,a03-011-03_1
338,g06-031g-01_1
274,g04-017-05_2
343,g06-047l-05_2
340,g06-037i-04_2
145,c02-056-06_1
635,r06-027-03_2
118,h05-012-02_2
075,a06-057-02_2
088,b01-023-00_1
061,a04-059-04_1
108,b04-047-02_2
635,r06-000-02_1
338,g06-050g-03_2
059,a04-019-04_1
637,r02-003-03_1
159,c04-035-06_2
274,g04-032-02_1
339,g06-031h-01_1
641,r02-038-00_1
340,g06-042i-02_1
114,b04-187-00_2
336,g06-018e-03_2
092,b01-084-02_2
119,b05-074-07_2
339,g06-026h-01_2
340,g06-042i-02_2
225,e02-086-07_1
233,e04-026-04_2
343,g06-031l-00_2
111,b04-121-00_2
327,g04-081-03_2
102,b03-087-03_2
215,e01-102-03_1
085,a06-157-01_2
130,c06-031-02_1
339,g06-018h-01_1
126,b06-110-00_2
336,g06-031e-04_2
118,b05-071-00_1
343,g06-011l-07_2
093,b01-113-04_2
060,a04-043-06_1
262,f02-036-06_1
166,c04-089-00_2
151,c03-021b-04_1
340,g06-042i-01_2
340,g06-050i-04_2
131,c06-095-00_2
019,a01-122-00_1
109,b04-075-04_1
260,f02-020-04_1
108,b04-034-00_1
334,g06-018c-02_2
260,f02-020-04_2
336,g06-050e-02_1
110,b04-089-04_1
340,g06-011i-02_2
126,b06-036-06_2
085,a06-134-02_1
059,a04-019-00_2
273,g04-011-01_2
081,a06-100-01_2
164,c04-122-03_2
329,g04-098-00_2
114,b04-202-01_2
122,b05-088-02_2
126,c06-087-05_2
109,b04-054-00_1
150,c03-007a-06_1
334,g06-037c-07_2
109,b04-075-03_1
330,h04-007-07_2
635,r06-027-03_1
000,a01-132x-02_1
116,b05-032-06_2
060,a04-035-08_1
335,g06-042d-02_1
343,g06-045l-02_2
274,g04-026-00_1
109,b04-054-02_2
151,c03-000b-05_2
061,a04-047-04_1
344,g06-011m-02_2
265,f02-044-03_2
335,g06-018d-04_2
041,a03-009-01_2
340,g06-031i-01_2
143,c02-035-01_1
236,e04-058-01_1
118,g05-098-00_1
337,g06-018f-04_2
108,b04-040-01_1
334,g06-018c-01_1
338,g06-047g-02_1
337,g06-018f-00_1
061,a04-047-03_2
337,g06-011f-03_2
652,r02-127-02_2
337,g06-026f-01_1
166,c04-098-05_2
119,b05-074-02_1
343,g06-037l-08_2
340,g06-042i-03_1
635,r06-022-03_1
653,r02-131-01_1
018,a01-107-03_1
109,b04-075-01_2
003,a01-003x-04_2
011,a01-038x-07_2
343,g06-042l-00_2
146,c02-059-06_2
033,a02-072-06_1
343,g06-037l-05_1
334,g06-037c-07_1
061,a04-050-02_1
233,e04-026-05_1
118,b05-055-04_1
005,a01-011-02_1
000,a01-132x-05_2
132,c06-091-00_2
340,g06-045i-04_1
330,h04-007-03_1
635,r06-011-01_2
000,a01-063u-05_1
157,c04-004-01_1
105,b03-109-01_1
067,a06-008-03_1
059,a04-015-04_1
085,a06-124-04_1
108,b04-034-00_2
011,a01-038x-03_2
667,r03-096-00_1
334,g06-011c-02_2
274,g04-017-00_2
081,n02-146-02_1
118,b05-067-03_1
061,a04-059-00_1
026,a02-098-03_2
088,b01-014-03_1
115,b05-017-01_1
342,g06-047k-01_2
342,g06-045k-01_2
214,e01-086-00_1
108,b04-034-03_1
088,b01-018-04_1
090,b01-044-03_1
242,e04-114-01_1
340,g06-031i-03_1
338,g06-042g-03_1
663,r03-056-05_1
343,g06-018l-05_1
166,c04-098-03_1
265,f02-044-05_1
225,e02-086-01_1
343,g06-042l-01_2
235,e04-052-03_2
061,a04-050-04_2
085,a06-147-05_2
265,f02-044-01_2
343,g06-042l-00_1
049,a03-034-01_2
108,b04-026-05_2
336,g06-050e-00_1
018,a01-107-04_1
060,a04-035-02_1
343,g06-045l-02_1
108,b04-034-01_2
256,f01-147-07_1
026,a02-093-04_2
635,r06-022-04_2
114,b04-202-02_2
109,b04-054-03_2
025,a02-027-05_2
085,a06-124-00_2
062,a04-066-03_2
330,h04-021-02_2
330,g04-104-03_1
069,a06-020-02_1
115,b05-017-02_1
159,c04-017-06_1
026,a02-093-01_2
105,b03-109-03_1
340,g06-031i-00_1
098,b02-102-03_1
110,b04-103-05_1
059,a04-023-04_1
336,g06-011e-00_2
251,f01-066-08_2
256,f01-147-04_2
337,g06-042f-03_1
132,c06-091-03_2
243,e04-119-02_2
659,r03-026-06_2
118,b05-055-00_1
336,g06-047e-03_1
254,f01-085-05_2
118,b05-058-00_2
019,a01-122-02_2
272,f04-011-05_1
274,g04-032-04_2
240,k04-022-03_1
059,a04-027-02_1
336,g06-031e-05_1
085,e07-000-05_2
111,b04-116-05_2
067,a06-008-02_2
085,a06-141-03_1
132,c06-091-02_2
335,g06-042d-01_1
041,a03-009-05_2
343,g06-026l-00_2
272,f04-004-01_1
234,e04-034-00_1
265,f02-044-01_1
028,a02-050-00_1
085,a06-157-02_2
666,r03-090-00_2
340,g06-026i-00_2
340,g06-011i-06_1
117,b05-045-05_2
110,b04-089-00_1
142,c02-030-02_1
151,c03-094b-04_2
217,f01-139-03_1
334,g06-031c-03_1
085,a06-134-01_1
343,g06-037l-05_2
025,a02-027-06_1
118,b05-058-02_1
018,a01-107-04_2
073,a06-044-00_2
126,b06-012-00_1
166,c04-098-02_1
091,b01-073-02_1
251,f01-066-06_2
336,g06-037e-07_2
019,a01-122-00_2
338,g06-050g-03_1
033,a02-072-06_2
335,g06-042d-00_1
122,b05-088-01_1
019,a01-122-03_1
098,b02-102-00_1
112,b04-134-07_2
230,e04-008-00_2
096,b02-045-06_1
642,r02-054-02_1
245,e07-007-04_2
338,g06-026g-04_1
061,a04-047-05_2
109,b04-054-03_1
069,a06-020-01_2
335,g06-037d-01_1
251,f01-066-04_2
337,g06-037f-01_2
158,c04-008-06_1
061,a04-047-04_2
344,g06-011m-02_1
340,g06-050i-05_2
224,e02-082-00_2
143,c02-035-04_2
005,a01-030-01_1
110,b04-081-02_2
108,b04-047-03_1
005,a01-011-01_1
635,r06-007-05_2
256,f01-147-01_2
336,g06-031e-01_2
339,g06-011h-00_2
154,c03-084e-01_2
260,f02-020-00_1
026,a02-037-02_2
340,g06-026i-02_2
240,e04-086-05_1
166,c04-098-00_2
152,c03-096c-00_1
342,g06-045k-00_1
059,a04-019-07_1
338,g06-050g-05_1
260,f02-020-01_1
145,c02-056-05_1
111,b04-107-03_1
000,a01-132x-05_1
661,r03-035-07_1
338,g06-045g-02_2
327,g04-081-00_1
217,f01-139-01_1
059,a04-027-00_2
243,e04-127-05_1
019,a01-128-02_1
143,c02-035-03_2
108,b04-034-04_1
126,b06-036-05_2
260,f02-020-01_2
135,c01-014-08_2
085,a06-157-02_1
059,a04-019-01_2
256,f01-147-05_1
151,c03-021b-03_2
061,a04-047-07_2
059,a04-015-01_2
108,b04-026-01_2
119,b05-074-04_1
274,h04-025-00_2
096,b02-045-01_1
115,b05-017-04_1
059,a04-023-03_1
019,a01-128-05_1
335,g06-031d-05_1
254,f01-085-05_1
023,a02-008-06_2
164,c04-075-01_1
079,a06-090-03_2
214,e01-081-02_1
243,e04-124-02_2
251,f01-066-06_1
135,c01-009-04_2
158,c04-013-01_2
248,e07-094-00_1
081,n02-146-03_2
340,g06-050i-01_1
061,a04-047-00_2
336,g06-037e-06_1
164,c04-075-00_2
336,g06-037e-05_1
635,r06-022-05_2
338,g06-026g-03_1
668,r03-110-02_1
337,g06-045f-00_2
059,a04-019-01_1
649,r02-089-02_2
116,b05-032-02_1
262,f02-036-00_2
343,g06-011l-02_1
213,e01-059-03_1
337,g06-037f-05_1
059,a04-023-02_2
116,b05-032-06_1
329,g04-098-02_2
033,a02-072-05_1
000,a05-089-04_2
118,b05-055-03_2
260,f02-020-03_2
067,a06-008-05_1
254,f01-081-00_2
164,c04-075-06_2
126,c06-087-03_1
338,g06-018g-03_1
108,b04-026-02_1
344,g06-011m-03_2
118,b05-058-01_1
335,g06-045d-00_2
338,g06-018g-00_2
337,g06-050f-05_1
336,g06-026e-01_2
245,e07-007-04_1
081,n02-146-05_1
336,g06-042e-02_1
637,r02-003-04_2
274,g04-026-02_1
085,a06-124-02_1
337,g06-045f-00_1
158,c04-013-01_1
336,g06-037e-06_2
130,b06-079-05_1
108,b04-026-01_1
668,r03-110-01_2
342,g06-031k-00_1
111,b04-107-02_2
644,r02-065-04_2
081,a06-100-03_2
343,g06-026l-00_1
102,b03-087-00_1
343,g06-018l-03_2
118,b05-062-03_2
274,g04-026-01_1
123,c06-100-06_1
334,g06-011c-03_2
248,e07-101-03_1
644,r02-065-03_1
140,c02-012-07_2
635,r06-018-02_2
343,g06-018l-04_1
251,f01-066-03_2
668,r03-110-02_2
061,a04-047-05_1
157,c04-004-06_2
233,e04-026-05_2
028,a02-050-04_1
111,b04-116-04_1
109,b04-075-02_1
337,g06-045f-01_1
118,b05-058-02_2
336,g06-037e-08_2
058,a04-010-02_2
337,g06-031f-03_2
060,a04-039-04_1
338,g06-037g-05_2
343,g06-031l-05_2
338,g06-050g-01_1
338,g06-050g-02_1
335,g06-026d-03_1
338,g06-026g-00_2
337,g06-031f-02_1
089,b01-033-01_1
338,g06-037g-03_1
243,e04-127-00_1
342,g06-037k-02_1
635,r06-003-00_2
014,a01-053x-02_2
338,g06-045g-01_1
096,b02-045-01_2
118,b05-058-04_2
335,g06-045d-04_1
343,g06-018l-03_1
164,c04-122-01_1
337,g06-026f-01_2
340,g06-047i-01_1
340,g06-026i-01_1
018,a01-107-02_2
115,b05-017-03_1
018,a01-107-01_1
118,h05-012-02_1
234,e04-038-02_1
025,a02-032-02_2
336,g06-011e-02_2
338,g06-037g-03_2
118,h05-012-00_1
137,c02-000-04_2
343,g06-031l-02_1
109,b04-054-01_1
143,c02-035-03_1
154,c03-084e-04_1
108,b04-026-03_2
111,b04-107-08_1
102,b03-092-00_2
019,a01-128-06_2
111,b04-116-05_1
102,b03-087-01_1
059,a04-027-04_2
025,a02-027-01_2
118,b05-071-02_2
335,g06-037d-00_2
334,g06-037c-05_1
026,a02-093-03_1
335,g06-031d-00_1
161,c04-044-01_1
336,g06-037e-07_1
118,h05-012-01_2
093,b01-113-00_1
225,e02-086-03_2
262,f02-036-01_1
336,g06-042e-02_2
635,r06-027-01_2
011,a01-038x-07_1
025,a02-032-04_1
152,c03-096c-00_2
042,a03-011-02_1
085,e07-000-03_2
338,g06-011g-07_1
132,b06-082-01_2
342,g06-031k-00_2
342,g06-047k-01_1
335,g06-045d-04_2
019,a01-117-00_2
021,a02-000-01_1
005,a01-011-04_2
336,g06-047e-00_1
164,c04-075-03_2
137,c02-000-04_1
026,a02-093-01_1
073,a06-044-03_2
230,e04-008-01_2
112,b04-134-07_1
122,b05-088-03_2
236,e04-058-03_2
109,b04-075-03_2
653,r02-131-04_2
111,b04-107-04_1
337,g06-045f-03_1
261,f02-030-01_1
090,b01-044-04_1
108,b04-047-02_1
026,a02-042-04_1
337,g06-037f-07_2
019,a01-122-03_2
025,a02-027-02_2
336,g06-018e-03_1
340,g06-011i-07_2
123,c06-039-04_1
026,a02-037-01_1
146,c02-059-08_1
135,c01-014-08_1
340,g06-011i-02_1
342,g06-037k-03_2
635,r06-027-02_1
251,f01-066-03_1
334,g06-031c-01_1
031,a02-062-03_1
050,a03-037-01_1
343,g06-018l-04_2
667,r03-096-03_2
340,g06-011i-03_2
108,b04-040-01_2
225,e02-086-01_2
337,g06-031f-05_2
343,g06-011l-01_1
343,g06-037l-01_1
026,a02-037-08_2
254,f01-085-03_1
160,c04-023-02_1
111,b04-116-03_2
005,a01-011-00_1
018,a01-113-00_2
000,a01-132u-00_1
338,g06-018g-00_1
026,a02-042-03_2
159,c04-017-07_1
230,e04-004-04_2
274,g04-017-02_1
335,g06-018d-05_1
118,g05-098-05_1
059,a04-027-02_2
337,g06-050f-02_2
005,a01-011-06_2
268,f03-174-01_2
114,b04-202-03_1
126,c06-087-03_2
336,g06-018e-01_2
126,c06-087-02_2
635,r06-003-04_1
050,a03-037-03_1
026,a02-037-04_2
118,b05-071-01_2
337,g06-018f-01_1
252,f01-070-06_2
635,r06-003-06_2
088,b01-014-04_1
343,g06-031l-00_1
129,c06-014-04_1
340,g06-047i-01_2
026,a02-093-07_2
049,a03-034-00_2
240,k04-022-03_2
265,f02-044-09_1
118,g05-098-04_1
335,g06-045d-03_2
215,e01-102-02_2
234,e04-034-03_2
252,f01-070-07_2
000,a01-132x-00_1
343,g06-018l-00_2
340,g06-018i-01_2
331,g05-087-05_1
159,c04-035-04_1
335,g06-026d-01_2
662,r03-050-01_2
645,r02-070-01_1
081,a06-100-02_2
340,g06-037i-05_1
118,h05-012-03_2
251,f01-066-05_1
340,g06-045i-01_1
241,e04-099-06_2
338,g06-042g-00_2
336,g06-047e-02_2
081,n02-146-06_1
126,c06-052-03_1
122,b05-088-03_1
085,a06-147-05_1
243,e04-127-05_2
335,g06-045d-00_1
160,c04-028-06_1
337,g06-045f-03_2
272,f04-016-00_2
132,c06-091-01_1
337,g06-045f-04_2
635,r06-018-02_1
252,f01-070-06_1
098,b02-102-01_2
337,g06-042f-02_1
337,g06-037f-04_1
339,g06-026h-01_1
017,b01-057-08_2
129,c06-014-04_2
118,g05-098-03_2
242,e04-114-01_2
033,a02-072-05_2
003,a01-003x-02_2
097,b02-097-00_1
652,r02-127-03_1
664,r03-065-00_2
336,g06-018e-02_2
236,e04-058-02_2
228,e02-100-00_1
110,b04-081-02_1
340,g06-011i-03_1
055,a03-063-02_2
067,a06-008-05_2
343,g06-042l-02_1
649,r02-089-01_2
337,g06-042f-00_1
058,a04-010-02_1
667,r03-096-04_1
061,a04-059-00_2
635,r06-022-01_1
635,p06-248-01_1
126,b06-012-03_2
337,g06-031f-04_1
061,a04-050-00_1
635,r06-018-04_2
338,g06-042g-03_2
340,g06-011i-04_2
105,b03-109-07_1
340,g06-045i-03_1
122,b05-088-01_2
337,g06-026f-02_2
164,c04-075-05_1
050,a03-037-01_2
126,b06-110-04_1
118,h05-012-03_1
274,g04-026-05_2
108,b04-026-02_2
156,c03-007-06_2
042,a03-011-05_2
343,g06-011l-04_1
334,g06-018c-00_2
085,a06-124-01_2
132,c06-047-01_2
109,b04-066-00_2
102,b03-092-03_1
112,b04-147-06_1
341,g06-011j-03_2
648,r02-081-03_2
262,f02-036-00_1
225,e02-086-00_1
118,b05-067-02_1
089,b01-038-04_2
111,b04-128-03_2
026,a02-098-04_2
055,a03-063-01_2
260,f02-020-02_2
338,g06-047g-03_1
026,a02-042-03_1
140,c02-012-04_1
338,g06-045g-04_1
159,c04-035-03_1
023,a02-008-07_2
243,e04-124-04_2
652,r02-127-03_2
635,p06-242-03_1
265,f02-044-00_2
234,e04-038-02_2
334,g06-037c-05_2
049,a03-034-01_1
143,c02-035-00_1
335,g06-031d-06_2
335,g06-026d-00_1
337,g06-011f-04_1
118,b05-067-02_2
159,c04-017-06_2
028,a02-050-01_2
274,f04-020-02_2
118,b05-067-03_2
145,c02-056-03_2
343,g06-031l-03_1
000,a05-089-04_1
160,c04-028-02_2
251,f01-066-05_2
067,a06-008-03_2
166,c04-089-02_2
081,a06-100-02_1
343,g06-031l-02_2
088,b01-014-04_2
217,g01-000-05_2
111,b04-107-02_1
152,c03-084c-00_1
118,h05-012-01_1
338,g06-031g-00_2
344,g06-031m-00_1
275,f04-028-00_2
096,b02-045-03_2
635,p06-242-04_1
336,g06-050e-04_1
338,g06-031g-05_1
635,r06-011-04_1
337,g06-031f-04_2
653,r02-131-02_2
234,e04-034-06_2
336,g06-045e-00_2
217,f01-139-00_1
663,r03-056-04_2
274,f04-020-01_2
108,b04-047-00_2
126,b06-012-02_1
338,g06-050g-00_1
225,e02-086-05_2
000,a05-073-02_1
151,c03-084b-01_1
343,g06-026l-03_1
042,a03-011-05_1
635,p06-242-03_2
635,r06-003-02_2
118,h05-012-04_2
060,a04-031-09_1
059,a04-019-02_1
126,b06-036-06_1
085,a06-141-05_1
343,g06-031l-06_2
330,g04-104-04_2
217,g01-000-02_1
339,g06-050h-00_2
343,g06-047l-01_2
334,g06-037c-06_2
158,c04-013-00_1
330,h04-007-01_1
336,g06-011e-04_2
102,b03-092-01_1
343,g06-018l-02_2
081,a06-100-00_1
337,g06-047f-01_1
258,f02-003-00_1
243,e04-119-04_2
336,g06-037e-00_1
098,b02-102-00_2
115,b05-017-00_1
336,g06-026e-01_1
028,a02-050-03_1
027,a02-046-04_1
248,e07-098-00_1
166,c04-098-04_2
230,e04-008-02_1
254,f01-085-03_2
343,g06-011l-06_1
061,a04-047-06_1
123,b06-000-04_1
340,g06-031i-05_1
124,c06-111-03_1
033,a02-072-01_2
237,e04-062-02_2
340,g06-031i-06_1
070,a06-025-06_1
251,f01-066-07_1
334,g06-011c-03_1
073,a06-044-02_1
635,r06-143-02_1
002,a01-003-09_2
000,a01-049x-09_1
326,g04-077-01_1
118,b05-055-04_2
256,f01-143-04_2
337,g06-011f-00_1
262,f02-036-04_1
026,a02-090-00_1
330,g04-104-01_1
264,f02-040-06_2
334,g06-026c-00_2
274,g04-026-04_1
262,f02-036-03_2
117,b05-045-05_1
338,g06-050g-01_2
635,r06-003-06_1
274,g04-032-01_2
143,c02-035-00_2
118,b05-062-01_2
340,g06-045i-01_2
336,g06-011e-06_2
164,c04-122-05_2
097,b02-097-00_2
343,g06-045l-03_2
274,g04-017-05_1
340,g06-037i-06_1
059,a04-023-05_1
118,b05-055-02_1
340,g06-045i-03_2
111,b04-121-02_1
635,p06-248-01_2
336,g06-045e-02_1
026,a02-093-03_2
340,g06-045i-00_2
061,a04-054-00_2
085,a06-157-01_1
667,r03-096-01_2
034,a02-078-03_2
343,g06-037l-06_1
157,c04-000-01_2
338,g06-037g-08_2
059,a04-015-02_1
331,g05-087-05_2
338,g06-011g-07_2
003,a01-007x-07_1
338,g06-031g-03_2
111,b04-116-01_2
159,c04-035-02_2
341,g06-031j-00_2
338,g06-011g-00_1
335,g06-047d-01_2
152,c03-084c-03_1
164,c04-075-02_1
343,g06-026l-01_2
234,e04-038-01_1
092,b01-084-02_1
327,g04-081-01_1
234,e04-034-05_2
335,g06-047d-03_1
059,a04-023-00_2
339,g06-047h-01_2
337,g06-018f-02_1
128,b06-019-06_1
274,h04-025-01_1
336,g06-045e-00_1
337,g06-011f-02_1
243,e04-124-05_1
335,g06-045d-05_1
635,r06-027-05_1
335,g06-047d-03_2
635,r06-018-04_1
668,r03-110-00_1
338,g06-011g-04_2
003,a01-003x-02_1
059,a04-023-06_2
005,a01-011-00_2
110,b04-089-02_1
339,g06-018h-01_2
019,a01-117-00_1
342,g06-031k-01_1
164,c04-122-06_2
154,c03-084e-04_2
275,f04-028-00_1
334,g06-011c-08_1
339,g06-050h-06_2
105,b03-109-01_2
114,b04-202-01_1
253,f01-075-09_2
342,g06-037k-05_1
059,a04-015-06_1
337,g06-011f-01_2
337,g06-045f-02_1
268,f03-174-00_2
118,b05-067-05_1
033,a02-072-00_1
256,f01-143-02_1
338,g06-026g-01_2
336,g06-047e-00_2
089,b01-038-04_1
019,a01-128-02_2
342,g06-011k-03_1
334,g06-045c-00_1
338,g06-018g-04_2
272,f04-011-05_2
085,e07-000-04_1
055,a03-063-06_1
340,g06-018i-02_2
260,f02-020-03_1
085,a06-124-04_2
102,b03-087-01_2
109,b04-054-01_2
268,f03-174-00_1
154,c03-081e-08_2
111,b04-116-07_2
256,f01-143-02_2
011,a01-038x-05_1
116,b05-032-05_2
041,a03-009-02_1
256,f01-147-03_2
151,c03-021b-03_1
336,g06-050e-03_2
123,b06-023-02_1
343,g06-050l-02_2
338,g06-050g-00_2
265,f02-044-05_2
166,c04-089-02_1
000,a01-049x-03_2
225,e02-086-06_1
059,a04-023-00_1
037,a02-111-06_1
252,f01-070-03_2
261,f02-030-00_2
338,g06-031g-03_1
066,a06-004-06_1
025,a02-027-06_2
126,b06-036-04_1
018,a01-107-03_2
110,b04-103-01_2
059,a04-019-05_1
343,g06-042l-03_2
164,c04-075-00_1
047,a03-027-05_2
340,g06-050i-01_2
153,c03-021d-08_1
228,e02-100-04_1
336,g06-045e-03_1
343,g06-042l-01_1
109,b04-066-04_2
343,g06-037l-01_2
233,e04-030-02_2
029,a02-053-03_1
111,b04-128-00_2
274,f04-020-04_1
093,b01-113-01_1
340,g06-045i-00_1
164,c04-122-01_2
343,g06-031l-04_1
343,g06-045l-01_2
116,b05-032-05_1
108,b04-026-00_1
663,r03-056-03_1
164,c04-075-03_1
337,g06-047f-03_2
215,e01-102-03_2
090,b01-044-00_2
256,f01-143-05_1
154,c03-084e-01_1
111,b04-128-05_1
118,b05-067-01_2
243,e04-127-01_2
093,b01-113-01_2
254,f01-081-00_1
251,f01-066-07_2
274,f04-020-03_1
085,a06-147-01_1
081,n02-146-01_2
252,f01-070-01_1
340,g06-031i-06_2
152,c03-096c-01_1
217,f01-139-03_2
635,r06-003-03_1
274,f04-020-00_1
081,n02-146-04_2
007,a01-038-09_1
111,b04-128-05_2
668,r03-110-01_1
338,g06-031g-01_2
166,c04-089-04_1
018,a01-113-03_1
336,g06-047e-02_1
152,c03-087c-02_1
240,e04-086-05_2
343,g06-026l-04_1
011,a01-038x-08_1
100,b03-025-04_2
338,g06-037g-05_1
073,a06-044-03_1
123,b06-000-04_2
108,b04-047-01_2
081,a06-100-05_2
339,g06-026h-02_1
214,e01-081-02_2
123,c06-100-06_2
126,c06-052-04_1
059,a04-019-04_2
340,g06-031i-02_1
339,g06-026h-00_2
118,b05-058-03_2
152,c03-087c-00_2
090,b01-049-03_1
330,h04-021-03_2
340,g06-018i-04_1
334,g06-045c-03_2
635,r06-003-00_1
230,e04-004-01_2
051,a03-040-04_2
645,r02-070-00_2
274,g04-026-02_2
662,r03-050-01_1
025,a02-020-02_2
338,g06-050g-04_2
164,c04-075-04_1
000,a01-132u-00_2
336,g06-045e-05_2
049,a03-034-00_1
326,g04-077-05_1
132,b06-082-01_1
151,c03-003b-04_2
126,b06-036-00_1
236,e04-058-01_2
108,b04-034-02_2
258,f02-003-01_2
085,a06-147-03_1
337,g06-031f-01_1
119,b05-074-02_2
146,c02-059-06_1
234,e04-034-06_1
260,f02-020-05_2
338,g06-050g-04_1
094,b01-127-03_2
111,b04-128-01_1
119,b05-074-06_2
041,a03-009-01_1
274,h04-025-01_2
121,b05-083-02_1
157,c04-004-04_2
105,b03-109-03_2
051,a03-040-00_2
000,a05-073-02_2
166,c04-089-06_1
159,c04-017-04_2
085,a06-147-04_1
118,b05-062-04_2
269,f03-182-00_2
340,g06-050i-02_1
131,c06-095-00_1
338,g06-037g-01_2
254,f01-081-05_1
090,b01-044-00_1
230,e04-004-00_1
109,b04-054-05_2
126,c06-052-01_1
336,g06-011e-03_2
005,a01-030-03_2
274,g04-026-04_2
336,g06-050e-04_2
243,e04-119-00_1
096,b02-045-02_2
108,b04-034-03_2
342,g06-045k-01_1
243,e04-127-03_1
085,a06-141-02_2
215,e01-102-02_1
025,a02-027-04_2
337,g06-037f-00_2
018,a01-113-04_1
059,a04-027-01_2
154,c03-081e-08_1
118,g05-098-02_2
007,a01-038-09_2
118,b05-071-03_2
033,a02-072-00_2
108,b04-040-03_2
090,b01-053-00_1
157,c04-000-00_2
025,a02-027-05_1
075,a06-057-01_2
230,e04-004-03_2
340,g06-042i-03_2
645,r02-070-00_1
274,g04-017-04_1
335,g06-037d-08_1
335,g06-050d-01_1
060,a04-035-02_2
018,a01-107-00_2
126,c06-087-05_1
059,a04-015-05_1
102,b03-087-02_2
116,b05-032-07_1
029,a02-053-00_2
085,a06-124-00_1
055,a03-063-06_2
338,g06-047g-01_1
111,b04-107-05_1
339,g06-018h-03_1
340,g06-047i-02_2
635,r06-022-01_2
274,g04-032-01_1
000,a01-049x-02_2
235,e04-052-06_1
075,a06-057-00_2
150,c03-084a-01_1
011,a01-043x-02_2
243,e04-119-00_2
267,f03-169-01_1
102,b03-092-02_1
085,a06-141-04_2
644,r02-065-05_1
228,e02-100-04_2
635,r06-000-01_2
338,g06-045g-03_2
236,e04-058-03_1
240,k04-022-02_1
000,a01-063u-05_2
055,a03-063-09_2
635,r06-011-02_1
122,b05-088-02_1
340,g06-050i-00_1
108,b04-034-01_1
645,r02-070-02_2
019,a01-128-03_1
243,e04-124-04_1
635,r06-000-01_1
336,g06-047e-04_1
336,g06-031e-00_2
085,a06-157-03_2
335,g06-045d-01_2
236,e04-058-04_2
118,b05-071-04_1
118,b05-071-03_1
118,b05-062-02_1
157,c04-004-05_2
265,f02-044-07_2
344,g06-018m-04_1
005,a01-030-05_2
326,g04-077-01_2
661,r03-035-07_2
242,e04-114-05_1
085,a06-141-03_2
335,g06-042d-03_2
029,a02-053-01_1
059,a04-019-05_2
338,g06-011g-00_2
118,b05-062-01_1
081,n02-146-03_1
336,g06-050e-00_2
235,e04-052-01_1
047,a03-027-07_1
217,g01-000-05_1
069,a06-020-00_1
108,b04-047-03_2
118,b05-071-00_2
152,c03-084c-02_2
011,a01-038x-05_2
663,r03-056-00_1
338,g06-050g-05_2
019,a01-128-05_2
230,e04-004-03_1
274,g04-017-03_1
040,a03-006-01_2
108,b04-034-04_2
111,b04-121-02_2
118,b05-067-04_2
118,b05-055-01_1
126,b06-012-00_2
142,c02-030-00_2
164,c04-122-05_1
100,b03-025-01_1
110,b04-089-04_2
159,c04-017-05_1
028,a02-050-00_2
151,c03-021b-05_2
132,c06-091-00_1
085,a06-124-03_2
341,g06-031j-00_1
094,b01-127-03_1
236,e04-058-00_1
061,a04-047-07_1
337,g06-026f-03_2
340,g06-045i-02_1
000,a05-073-03_1
143,c02-035-04_1
111,b04-116-03_1
018,a01-107-01_2
109,b04-066-03_2
635,r06-022-03_2
055,a03-063-07_2
234,e04-038-00_2
334,g06-045c-03_1
269,f03-182-01_1
330,h04-021-02_1
340,g06-031i-02_2
343,g06-011l-04_2
026,a02-037-04_1
337,g06-047f-03_1
059,a04-023-02_1
100,b03-025-03_2
055,a03-063-07_1
337,g06-018f-00_2
055,a03-063-03_1
124,c06-111-03_2
269,f03-182-01_2
330,h04-021-04_1
042,a03-011-02_2
265,f02-044-07_1
274,g04-017-03_2
152,c03-087c-00_1
335,g06-018d-05_2
166,c04-089-05_1
338,g06-011g-03_1
243,e04-124-03_2
018,a01-113-00_1
132,c06-047-02_2
132,c06-047-01_1
641,r02-038-04_1
085,a06-134-03_2
334,g06-018c-02_1
273,g04-011-03_2
336,g06-037e-03_2
337,g06-050f-04_2
254,f01-085-02_2
102,b03-092-01_2
338,g06-018g-05_1
326,g04-077-00_2
005,a01-030-06_2
234,e04-038-00_1
340,g06-042i-00_1
269,f03-182-00_1
114,b04-187-02_2
055,a03-063-04_2
073,a06-044-05_2
274,h04-025-03_1
112,b04-147-00_2
111,b04-128-02_1
243,e04-127-02_2
334,g06-045c-01_1
635,r06-011-03_1
040,a03-006-01_1
332,g06-026a-04_1
026,a02-098-04_1
108,b04-047-04_2
157,c04-004-03_1
635,r06-003-01_1
110,b04-103-03_1
336,g06-031e-00_1
028,a02-050-03_2
166,c04-089-04_2
000,a01-132x-02_2
040,a03-006-02_1
098,b02-102-06_2
243,e04-124-05_2
047,a03-027-01_1
001,a01-072x-02_2
102,b03-087-04_2
337,g06-050f-05_2
336,g06-042e-03_2
649,r02-089-00_1
111,b04-121-00_1
336,g06-031e-06_2
338,g06-045g-02_1
336,g06-011e-05_1
635,r06-011-04_2
243,e04-124-01_1
242,e04-114-05_2
152,c03-084c-01_2
126,b06-036-05_1
340,g06-011i-06_2
108,b04-026-04_1
635,r06-022-02_2
085,a06-141-01_1
081,a06-100-04_2
262,f02-036-05_2
111,b04-116-04_2
115,b05-017-03_2
243,e04-124-03_1
145,c02-056-06_2
126,c06-087-04_2
090,b01-044-04_2
340,g06-011i-05_1
635,p06-242-05_2
272,f04-011-01_1
635,r06-003-05_1
081,a06-100-03_1
069,a06-020-02_2
118,g05-098-01_2
073,a06-044-01_2
088,b01-018-01_1
118,b05-058-01_2
126,b06-110-00_1
338,g06-047g-01_2
338,g06-042g-00_1
336,g06-037e-08_1
335,g06-047d-05_1
118,g05-098-00_2
005,a01-011-01_2
337,g06-047f-04_2
025,a02-032-03_1
337,g06-018f-03_1
261,f02-030-03_1
033,a02-072-03_1
109,b04-075-01_1
002,a01-003-09_1
230,e04-008-01_1
033,a02-072-01_1
340,g06-037i-04_1
026,a02-090-02_2
109,b04-060-02_2
160,c04-028-01_1
274,f04-020-04_2
342,g06-045k-02_2
126,b06-110-01_1
337,g06-045f-02_2
644,r02-065-02_1
274,g04-032-04_1
035,a02-082-00_1
164,c04-075-04_2
343,g06-031l-01_1
251,f01-066-04_1
336,g06-011e-07_1
142,c02-030-00_1
336,g06-018e-04_2
151,c03-000b-01_1
644,r02-065-04_1
338,g06-047g-05_1
122,b05-088-05_1
338,g06-026g-04_2
254,f01-081-02_1
113,b04-175-03_2
340,g06-050i-02_2
338,g06-018g-02_2
142,c02-030-01_2
089,b01-038-00_1
164,c04-122-06_1
340,g06-050i-04_1
330,g04-104-06_1
635,p06-242-04_2
641,r02-038-00_2
635,r06-011-01_1
130,c06-031-02_2
336,g06-031e-04_1
339,g06-018h-00_1
000,a05-094-02_2
025,a02-032-03_2
118,b05-071-04_2
164,c04-122-00_1
274,g04-026-00_2
090,b01-049-01_2
001,a01-072x-02_1
140,c02-012-07_1
334,g06-026c-00_1
337,g06-011f-00_2
055,a03-063-01_1
075,a06-057-04_2
152,c03-096c-01_2
338,g06-026g-02_2
109,b04-054-02_1
093,b01-113-02_1
337,g06-042f-01_1
256,f01-143-04_1
668,r03-110-00_2
123,b06-000-03_2
343,g06-026l-03_2
108,b04-026-00_2
026,a02-090-02_1
089,b01-033-00_2
132,c06-047-02_1
219,e02-014-03_1
067,a06-008-02_1
059,a04-023-05_2
269,f03-182-06_1
123,c06-039-01_1
330,h04-007-07_1
157,c04-004-04_1
340,g06-018i-04_2
337,g06-037f-03_2
081,n02-146-02_2
337,g06-050f-02_1
270,f03-191-03_2
109,b04-066-01_1
113,b04-175-03_1
164,c04-122-03_1
637,r02-003-00_2
236,e04-058-02_1
230,e04-008-00_1
338,g06-047g-05_2
339,g06-050h-01_1
326,g04-077-04_2
252,f01-070-01_2
217,f01-139-01_2
649,r02-089-03_1
158,c04-008-04_2
275,f04-024-05_1
334,g06-050c-05_1
635,r06-022-02_1
151,c03-003b-06_2
012,a01-049-02_2
637,r02-003-04_1
653,r02-131-03_2
337,g06-018f-03_2
635,r06-018-01_1
248,e07-101-03_2
335,g06-031d-01_2
340,g06-031i-04_2
089,b01-038-00_2
085,a06-147-03_2
217,f01-139-00_2
336,g06-026e-00_2
081,a06-100-04_1
340,g06-011i-01_2
666,r03-090-00_1
332,g06-045a-00_2
648,r02-081-04_1
114,b04-202-02_1
336,g06-045e-04_2
330,h04-007-06_2
118,b05-071-02_1
126,c06-052-00_1
059,a04-015-03_1
110,b04-103-05_2
073,a06-044-04_1
637,r02-003-01_2
343,g06-031l-04_2
126,b06-036-04_2
153,c03-021d-08_2
336,g06-050e-03_1
337,g06-047f-01_2
645,r02-070-03_1
343,g06-026l-04_2
026,a02-093-04_1
330,h04-021-06_1
081,n02-146-04_1
637,r02-003-00_1
069,a06-020-00_2
329,g04-098-02_1
653,r02-131-01_2
340,g06-037i-03_2
344,g06-018m-04_2
166,c04-098-05_1
135,c01-009-04_1
003,a01-003x-08_1
339,g06-026h-00_1
336,g06-050e-01_2
667,r03-096-03_1
337,g06-047f-04_1
081,n02-146-00_2
070,a06-025-06_2
343,g06-042l-02_2
343,g06-037l-08_1
152,c03-084c-00_2
158,e04-000-02_2
338,g06-011g-06_2
123,c06-039-01_2
337,g06-047f-00_1
151,c03-003b-04_1
274,h04-025-02_1
160,c04-028-02_1
340,g06-026i-02_1
018,a01-113-05_2
339,g06-047h-01_1
118,h05-012-05_2
163,c04-061-03_1
275,f04-028-03_2
005,a01-030-05_1
235,e04-052-04_1
105,b03-109-02_2
649,r02-089-00_2
025,a02-027-01_1
237,e04-068-00_2
115,b05-017-01_2
334,g06-031c-01_2
110,b04-089-00_2
327,g04-081-03_1
256,f01-147-05_2
151,c03-000b-05_1
008,a01-026x-02_2
260,f02-020-05_1
663,r03-056-02_1
330,g04-104-05_1
334,g06-050c-05_2
330,h04-007-05_1
073,a06-044-04_2
339,g06-031h-00_1
159,c04-035-04_2
336,g06-047e-01_1
338,g06-026g-00_1
335,g06-045d-03_1
118,b05-062-00_1
144,c02-049-04_2
337,g06-031f-00_2
641,r02-038-02_2
337,g06-031f-00_1
215,e01-102-01_2
335,g06-037d-00_1
641,r02-038-02_1
115,b05-017-04_2
337,g06-050f-03_2
234,e04-034-02_1
029,a02-053-03_2
158,c04-008-04_1
154,c03-096e-02_2
243,e04-119-03_2
336,g06-042e-00_1
108,b04-040-04_1
336,g06-045e-03_2
026,a02-037-03_2
338,g06-011g-02_2
037,a02-106-03_1
343,g06-050l-02_1
061,a04-050-02_2
061,a04-047-06_2
026,a02-037-06_2
274,g04-032-00_1
050,a03-037-02_2
343,g06-018l-05_2
330,g04-104-01_2
132,c06-091-03_1
337,g06-037f-00_1
326,g04-077-03_1
126,c06-087-04_1
041,a03-009-02_2
119,b05-074-06_1
085,a06-141-02_1
005,a01-011-04_1
274,f04-020-01_1
021,a02-000-00_1
243,e04-127-03_2
042,a03-011-06_2
085,a06-134-06_2
102,b03-087-03_1
648,r02-081-05_1
230,e04-008-03_2
161,c04-044-01_2
337,g06-031f-05_1
274,g04-032-03_2
050,a03-037-02_1
261,f02-030-00_1
111,b04-128-04_2
335,g06-050d-01_2
261,f02-030-04_1
029,a02-053-04_1
142,c02-030-01_1
151,c03-021b-02_2
005,a01-030-04_2
339,g06-045h-00_2
340,g06-037i-05_2
340,g06-018i-05_1
018,a01-107-02_1
018,a01-113-02_2
069,a06-020-01_1
340,g06-037i-01_2
652,r02-127-02_1
274,h04-025-04_1
336,g06-045e-04_1
109,b04-060-01_1
339,g06-031h-01_2
343,g06-045l-03_1
166,c04-098-04_1
114,b04-187-02_1
642,r02-054-03_1
265,f02-044-06_2
343,g06-045l-00_1
159,c04-035-05_1
661,r03-035-05_2
337,g06-050f-00_2
337,g06-042f-02_2
135,c01-014-07_1
340,g06-031i-01_1
118,h05-012-04_1
061,a04-059-04_2
059,a04-023-01_1
336,g06-011e-02_1
085,a06-124-03_1
335,g06-042d-04_2
011,a01-043x-03_1
342,g06-011k-03_2
111,b04-107-03_2
214,e01-086-01_2
241,e04-099-06_1
336,g06-018e-02_1
248,e07-094-01_1
108,b04-034-02_1
085,e07-000-03_1
118,b05-058-03_1
340,g06-026i-00_1
011,a01-038x-08_2
151,c03-094b-04_1
337,g06-047f-02_1
135,c01-009-10_1
339,g06-026h-03_2
274,g04-032-00_2
152,c03-081c-05_2
635,r06-027-05_2
037,a02-106-04_1
338,g06-037g-01_1
635,r06-007-04_1
253,f01-075-09_1
159,c04-035-06_1
343,g06-018l-01_2
119,b05-074-08_1
337,g06-050f-01_2
228,e02-100-01_2
135,c01-014-10_1
663,r03-056-05_2
111,b04-116-02_1
667,r03-096-00_2
337,g06-031f-01_2
338,g06-045g-01_2
166,c04-089-03_2
343,g06-050l-01_2
214,e01-086-04_2
151,c03-000b-04_1
090,b01-053-00_2
081,a06-100-01_1
664,r03-065-00_1
337,g06-026f-03_1
158,c04-008-00_2
340,g06-011i-04_1
025,a02-027-02_1
264,f02-040-07_2
254,f01-085-06_2
666,r03-090-01_1
343,g06-037l-00_1
337,g06-050f-04_1
256,f01-143-06_1
336,g06-047e-03_2
330,h04-021-07_1
237,e04-062-02_1
047,a03-027-05_1
330,h04-021-05_1
073,a06-044-00_1
077,a06-070-04_2
128,b06-019-06_2
243,e04-119-04_1
075,a06-057-00_1
339,g06-031h-00_2
340,g06-045i-04_2
079,a06-090-03_1
109,b04-054-04_2
042,a03-011-04_2
060,a04-035-08_2
340,g06-011i-00_2
000,a01-049x-03_1
240,k04-022-02_2
340,g06-042i-00_2
157,c04-004-05_1
651,r02-117-04_2
340,g06-031i-03_2
635,p06-242-05_1
098,b02-102-01_1
274,g04-026-03_2
022,a02-004-09_1
000,a01-132u-06_2
635,r06-003-05_2
060,a04-031-07_1
152,c03-087c-02_2
265,f02-044-09_2
126,b06-012-02_2
330,g04-104-04_1
336,g06-045e-01_1
109,b04-075-04_2
274,g04-017-04_2
340,g06-011i-05_2
237,e04-068-01_1
237,e04-068-05_2
059,a04-027-03_2
338,g06-047g-02_2
235,e04-052-01_2
214,e01-081-04_1
234,e04-034-01_2
047,a03-027-07_2
340,g06-047i-02_1
337,g06-018f-01_2
248,e07-094-00_2
059,a04-027-04_1
118,b05-062-00_2
338,g06-018g-02_1
166,c04-089-00_1
042,a03-011-01_2
336,g06-011e-07_2
073,a06-044-01_1
343,g06-031l-06_1
256,f01-143-05_2
337,g06-031f-03_1
335,g06-037d-01_2
334,g06-011c-02_1
026,a02-042-01_2
663,r03-056-06_1
214,e01-081-05_2
336,g06-018e-00_2
661,r03-035-05_1
108,b04-026-05_1
111,b04-107-04_2
337,g06-018f-04_1
102,b03-092-00_1
011,a01-038x-03_1
330,h04-007-03_2
055,a03-063-03_2
270,f03-191-03_1
338,g06-031g-05_2
153,c03-016d-06_1
235,e04-052-05_1
157,c04-004-02_1
085,a06-141-00_2
059,a04-027-05_1
011,a01-038x-04_2
111,b04-128-01_2
023,a02-008-02_1
050,a03-037-04_2
034,a02-078-03_1
243,e04-127-02_1
150,c03-007a-06_2
261,f02-030-03_2
042,a03-011-03_2
343,g06-011l-03_1
108,b04-026-06_1
645,r02-070-01_2
336,g06-011e-01_2
340,g06-018i-03_1
251,f01-066-02_2
088,b01-023-00_2
335,g06-045d-02_1
274,g04-017-00_1
663,r03-056-00_2
635,r06-027-04_2
337,g06-050f-03_1
118,g05-098-01_1
338,g06-042g-02_2
093,b01-118-02_2
157,c04-004-06_1
338,g06-031g-02_1
102,b03-092-05_1
088,b01-014-03_2
118,b05-055-01_2
135,c01-014-07_2
343,g06-045l-04_2
338,g06-047g-04_1
118,b05-067-05_2
214,e01-086-04_1
025,a02-020-02_1
340,g06-026i-03_2
334,g06-031c-03_2
109,b04-060-01_2
214,e01-081-04_2
026,a02-037-02_1
213,e01-050-04_2
000,a01-132u-06_1
102,b03-092-04_2
100,b03-025-04_1
037,a02-106-05_2
029,a02-053-01_2
109,b04-060-02_1
642,r02-054-03_2
085,a06-147-01_2
337,g06-037f-04_2
338,g06-037g-04_2
265,f02-044-03_1
243,e04-127-04_1
336,g06-037e-01_1
342,g06-026k-00_1
337,g06-011f-03_1
166,c04-098-00_1
108,b04-040-02_2
649,r02-089-06_2
055,a03-063-02_1
340,g06-011i-07_1
109,b04-066-04_1
159,c04-017-04_1
335,g06-042d-04_1
157,c04-000-03_1
058,a04-010-04_1
343,g06-011l-00_2
089,b01-033-02_2
343,g06-045l-01_1
339,g06-026h-03_1
023,a02-008-05_1
122,b05-088-04_2
336,g06-045e-01_2
260,f02-020-02_1
151,c03-003b-06_1
645,r02-070-02_1
334,g06-026c-01_1
234,e04-034-02_2
274,h04-025-02_2
637,r02-003-02_1
254,f01-085-01_2
096,b02-045-03_1
243,e04-124-02_1
164,c04-122-04_1
163,c04-061-03_2
085,a06-134-04_2
326,g04-077-03_2
339,g06-018h-02_2
334,g06-026c-01_2
059,a04-015-02_2
085,e07-000-04_2
262,f02-036-02_1
343,g06-037l-06_2
108,b04-047-00_1
635,r06-003-02_1
077,a06-070-06_2
336,g06-050e-01_1
156,c03-007-06_1
342,g06-037k-03_1
254,f01-085-01_1
635,r06-022-05_1
119,b05-074-07_1
641,r02-038-04_2
334,g06-037c-06_1
042,a03-011-01_1
248,e07-098-00_2
126,c06-087-01_2
336,g06-011e-06_1
340,g06-037i-03_1
102,b03-092-04_1
335,g06-045d-01_1
635,r06-003-03_2
118,b05-062-03_1
274,h04-025-04_2
339,g06-037h-10_1
340,g06-018i-00_1
059,a04-015-07_2
256,f01-143-06_2
635,r06-003-01_2
126,b06-012-01_2
339,g06-018h-02_1
213,e01-059-03_2
335,g06-045d-05_2
100,b03-025-03_1
160,c04-023-01_2
337,g06-011f-06_2
274,g04-032-02_2
336,g06-037e-01_2
126,c06-052-04_2
118,g05-098-03_1
642,r02-054-02_2
635,r06-027-04_1
337,g06-050f-00_1
146,c02-059-08_2
256,f01-147-04_1
335,g06-037d-08_2
340,g06-050i-05_1
663,r03-056-03_2
158,c04-013-00_2
026,a02-037-06_1
337,g06-011f-04_2
339,g06-011h-00_1
273,g04-011-03_1
343,g06-011l-07_1
069,a06-020-03_2
254,f01-081-03_1
023,a02-008-07_1
344,g06-031m-00_2
337,g06-031f-02_2
332,g06-026a-04_2
268,f03-174-01_1
336,g06-018e-01_1
100,b03-025-01_2
066,a06-004-02_1
160,c04-028-06_2
109,b04-066-03_1
025,a02-032-02_1
338,g06-031g-02_2
262,f02-036-03_1
336,g06-031e-05_2
018,a01-113-02_1
336,g06-011e-03_1
340,g06-018i-00_2
330,h04-021-05_2
265,f02-044-02_1
251,f01-066-01_1
075,a06-057-03_1
061,a04-047-03_1
157,c04-004-01_2
635,r06-003-04_2
160,c04-028-01_2
338,g06-047g-04_2
235,e04-052-05_2
667,r03-096-01_1
019,a01-122-04_2
327,g04-081-01_2
109,b04-066-00_1
228,e02-100-00_2
337,g06-045f-01_2
018,a01-107-00_1
262,f02-036-05_1
108,b04-040-00_2
118,g05-098-05_2
243,e04-124-01_2
335,g06-031d-03_2
343,g06-031l-03_2
338,g06-031g-00_1
108,b04-040-00_1
663,r03-056-02_2
334,g06-026c-03_2
026,a02-093-07_1
021,a02-000-01_2
105,b03-109-07_2
026,a02-037-01_2
335,g06-042d-01_2
243,e04-119-01_2
251,f01-066-08_1
336,g06-031e-01_1
337,g06-037f-06_2
326,g04-077-05_2
329,g04-098-00_1
256,f01-147-06_1
252,f01-070-03_1
336,g06-026e-00_1
667,r03-096-02_2
126,c06-087-01_1
059,a04-015-01_1
164,c04-122-00_2
340,g06-050i-06_1
335,g06-042d-02_2
219,e02-014-03_2
635,r06-143-02_2
023,a02-008-03_2
330,g04-104-05_2
059,a04-023-03_2
108,b04-040-04_2
336,g06-047e-04_2
037,a02-106-04_2
085,a06-157-00_1
112,b04-154-03_2
326,g04-077-02_2
330,h04-021-00_1
123,b06-000-03_1
343,g06-042l-03_1
340,g06-018i-01_1
109,b04-054-00_2
118,b05-058-00_1
166,c04-098-01_1
334,g06-018c-00_1
098,b02-102-03_2
256,f01-143-00_1
635,r06-000-02_2
000,a01-132x-00_2
274,h04-025-05_2
158,c04-008-07_1
019,a01-122-02_1
272,f04-016-00_1
126,c06-052-03_2
111,b04-116-07_1
059,a04-027-00_1
338,g06-037g-06_1
335,g06-026d-04_2
023,a02-008-03_1
265,f02-044-08_1
059,a04-019-06_2
274,f04-020-03_2
225,e02-086-05_1
340,g06-045i-02_2
160,c04-023-01_1
109,b04-054-04_1
089,b01-033-01_2
088,b01-018-04_2
143,c02-035-01_2
059,a04-015-03_2
330,h04-021-03_1
085,a06-157-03_1
118,b05-062-02_2
234,e04-034-05_1
121,b05-083-02_2
055,a03-063-09_1
096,b02-045-00_1
040,a03-006-02_2
102,b03-092-03_2
330,g04-104-03_2
337,g06-026f-02_1
338,g06-045g-03_1
109,b04-066-01_2
340,g06-018i-03_2
336,g06-031e-06_1
096,b02-045-02_1
327,g04-081-02_2
059,a04-019-06_1
338,g06-011g-02_1
267,f03-169-01_2
096,b02-045-06_2
118,b05-062-04_1
340,g06-011i-00_1
102,b03-092-02_2
037,a02-111-06_2
338,g06-047g-03_2
126,b06-036-00_2
332,g06-045a-00_1
069,a06-020-04_2
090,b01-044-03_2
075,a06-057-02_1
652,r02-127-00_1
338,g06-026g-03_2
335,g06-042d-03_1
258,f02-003-00_2
166,c04-089-03_1
000,a01-049x-02_1
011,a01-043x-03_2
270,f03-191-02_2
337,g06-042f-00_2
649,r02-089-01_1
159,c04-035-02_1
123,b06-023-02_2
642,r02-054-00_2
635,r06-027-02_2
060,a04-031-07_2
338,g06-037g-04_1
225,e02-086-02_2
019,a01-128-06_1
126,b06-012-04_2
003,a01-007x-07_2
035,a02-082-00_2
230,e04-004-01_1
334,g06-026c-03_1
339,g06-026h-02_2
018,a01-113-05_1
335,g06-031d-03_1
085,a06-141-00_1
337,g06-042f-01_2
164,c04-122-02_2
667,r03-096-04_2
005,a01-011-06_1
