line_id,writer_id
r06-097-06,671
f04-096-01,193
f07-021b-09,287
c04-044-00,161
k03-164-08,436
p02-131-01,606
a03-034-06,49
m02-087-02,530
e06-026-01,205
g06-031f-05,337
d04-117-00,197
g01-034-01,298
c03-081b-01,151
j01-045-05,394
a03-073-00,0
d04-131-05,198
d06-056-00,206
e01-055-04,181
k03-164-03,436
n03-106-05,578
h07-037a-03,387
h07-071a-02,390
h07-063b-01,390
p02-139-02,608
b06-004-02,124
m04-131-02,547
k04-061-07,444
a06-110-02,82
e04-099-01,241
f07-024a-05,288
f07-101a-00,294
g01-083-09,301
b01-132-05,94
m06-031-02,552
n06-194-03,551
g06-018n-04,345
g06-050f-04,337
e01-018-05,210
b01-118-00,93
g01-083-04,301
c03-087c-05,152
f02-076-00,266
p03-142-06,626
c03-094f-06,155
g07-077a-04,354
a05-089-03,0
e06-021-03,206
h07-078-09,391
g06-042o-02,346
g04-088-05,328
e01-014-04,210
a05-013-08,0
g06-031p-00,347
b06-049-06,124
m04-107-09,547
m03-020-02,538
a06-114-09,83
f04-093-02,193
c03-016d-03,153
c03-000c-05,152
r02-146-00,655
e07-086-07,247
f04-004-02,272
g01-027-07,297
k07-185-01,456
g02-065-09,305
f04-046-01,278
a06-000-00,66
a01-007x-02,3
g06-042n-04,345
n04-060-05,583
g06-011h-09,339
c06-106-00,127
b06-090-07,134
b06-023-07,123
a04-047-05,61
c03-094c-02,152
c06-100-05,123
n02-098-03,567
a02-037-04,26
g06-018j-06,341
k02-076-03,425
p03-142-02,626
l07-190-01,498
l01-105-03,464
g01-025-08,297
a04-054-03,61
f02-033-08,259
c02-082-04,148
n02-037-07,562
f07-042a-01,285
e02-000-04,218
g06-026m-04,344
a02-062-05,31
c03-084b-02,151
e01-035-03,212
a01-087-00,17
l01-030-07,459
m04-138-09,547
e06-015-08,204
f04-053-05,279
c03-007d-03,153
g06-047h-00,339
c03-094d-04,153
a06-044-05,73
k04-017-05,239
b01-122-08,93
n04-213-05,587
g04-098-01,329
a03-017-02,44
l04-062-07,483
d03-117-04,183
h07-033a-06,387
e01-081-01,214
h04-052-05,379
n02-040-01,563
k07-146-08,455
h07-028a-07,387
c03-016d-06,153
c06-039-05,123
a01-038-11,7
g06-026o-05,346
g07-010b-05,350
g01-022-02,297
k07-185-00,456
b05-032-05,116
a01-011-00,5
c04-039-02,161
g07-077a-00,354
h07-071a-00,390
c03-094c-08,152
a01-049u-07,0
a02-027-04,25
g06-050m-03,344
a06-110-01,82
g04-022-03,319
g06-050n-06,345
p02-017-05,595
d06-027-01,206
p03-158-03,628
l07-187-05,498
c02-022-07,140
a06-090-04,79
d06-011-07,204
g03-052-05,316
m03-118-04,543
b03-098-01,103
a01-128-01,19
g04-072-07,325
b06-023-06,123
g07-028a-04,351
c03-081c-05,152
l01-179-07,472
g06-045k-01,342
a01-113u-05,0
h04-078-03,383
c03-084b-05,151
g07-003b-07,350
a02-062-01,31
h07-075-00,391
f04-096-10,193
e04-019-08,232
g06-045e-02,336
a05-089-10,0
p02-109-05,602
a01-003-10,2
a01-063u-08,0
f04-057-04,279
n04-044-00,582
e06-006-04,202
g06-031f-00,337
a02-120-00,39
c03-081f-07,155
l07-118-05,497
r06-027-03,635
d04-131-01,198
m04-038-04,545
g05-094-06,119
g06-031m-06,344
g06-011b-03,333
n01-020-01,555
p03-029-00,617
d06-011-09,204
l01-111-04,465
h07-020-00,385
c04-008-02,158
j06-034-07,415
r06-076-03,670
m01-000-01,499
c03-003c-02,152
m06-106-02,552
p02-150-00,610
b04-169-02,113
b05-074-02,119
b06-064-03,133
b04-020-08,107
k04-079-07,446
e06-006-00,202
l03-004-07,477
b01-009-05,87
a05-009-00,65
f04-053-01,279
j07-005-00,416
h06-085-03,384
k02-117-07,430
c02-026-05,141
h07-028a-02,387
b01-049-05,90
a04-000-06,58
a02-082-02,35
a01-117u-10,0
j06-008-10,384
l01-195-00,474
e04-038-00,234
g06-031n-01,345
b06-000-05,123
f01-147-00,256
r02-038-02,641
e04-062-02,237
m04-222-07,549
b06-093-02,125
l01-133-00,468
h04-071-02,382
a01-003u-04,0
a04-047-02,61
m02-055-05,522
g04-095-07,273
n04-044-06,582
c03-000e-04,154
k02-093-05,426
g06-037n-10,345
b06-075-01,124
g06-047c-06,334
m01-049-08,506
f07-076a-10,292
a04-069-07,62
g04-048-03,321
c06-095-01,131
p03-185-01,632
h06-082-07,384
a01-091-02,16
g06-037j-02,341
r02-060-03,643
d06-020-07,173
r06-111-00,671
h07-066a-04,389
b06-012-02,126
j06-014-08,384
g07-000a-11,294
h06-000-07,349
l04-170-02,493
d06-060-05,208
p03-121-00,624
c03-094a-00,150
a02-024-05,25
l04-118-05,489
g06-026o-04,346
c06-103-08,129
n02-054-09,564
c03-016e-10,154
p03-135-03,625
c04-013-01,158
c04-028-05,160
d06-050-00,174
p02-150-07,610
a01-007x-05,3
h04-007-02,330
d06-113-01,208
f04-068-03,281
m02-052-05,521
e01-035-04,212
j04-053-02,407
d04-117-03,197
a02-020-03,25
b06-012-01,126
p03-096-03,567
c04-035-01,159
p03-142-01,626
r02-089-02,649
g04-017-04,274
l01-187-01,473
a05-022-05,0
c03-003a-00,150
m01-032-07,504
m03-114-09,542
c03-081a-00,150
l01-030-06,459
d06-030-04,174
b06-053-07,127
r06-003-06,635
c03-007c-08,152
b06-056-03,125
g01-088-08,302
b04-116-02,111
d07-082-07,209
a01-043u-07,0
c06-087-02,126
g01-037-07,298
b04-010-06,107
n02-109-02,315
f07-021a-02,288
h01-000-08,356
g03-049-01,315
n06-169-03,551
a01-091u-02,0
d06-067-09,205
b04-060-02,109
d07-100-05,209
p03-080-01,623
n04-195-04,586
c03-087f-07,155
m03-114-03,542
d01-123-03,181
j04-012-01,401
g01-022-04,297
k04-110-10,450
f04-043-03,277
g06-042i-01,340
d04-081-03,193
a03-050-04,0
g06-047h-06,339
b06-000-03,123
c03-081d-04,153
e06-037-09,202
p02-127-01,605
h02-008-00,363
c03-087d-05,153
g06-037l-05,343
l04-020-06,481
g07-026a-02,351
m01-110-06,514
f07-000-02,285
r06-106-03,671
a05-048-06,0
a03-014-07,43
h07-084-03,392
g06-026m-06,344
g06-050n-01,345
m02-055-08,522
g03-049-04,315
m01-084-02,510
b05-098-02,121
e02-082-07,224
p02-150-08,610
a02-037-09,26
f03-191-06,270
n06-182-01,551
n04-156-04,585
c04-134-04,169
g07-050-04,353
b05-074-00,119
a05-009-03,65
h06-092-02,384
g07-044-02,353
d06-000-07,202
r06-121-10,671
p01-155-09,590
a03-027-01,47
g06-050d-07,335
e07-090-01,247
r06-022-04,635
k02-053-04,422
r06-044-01,670
h07-066a-06,389
c03-094a-04,150
f07-021a-00,288
g07-071a-09,354
b01-084-02,92
h04-074-07,382
a01-072u-08,0
c04-017-07,159
g06-031k-03,342
n04-209-04,587
e02-100-01,228
r03-090-05,666
p06-058-05,634
k04-075-05,446
f02-044-05,265
f03-174-01,268
r06-111-02,671
a01-091u-08,0
h02-017-02,365
n04-202-01,587
c04-144-04,170
d05-021-08,199
a02-053-07,29
p03-173-01,630
g04-108-01,330
n01-045-08,555
n06-169-02,551
g06-042h-06,339
e04-062-07,237
l07-103-01,496
b06-004-07,124
j01-066-00,398
c03-000c-07,152
c06-052-06,126
g06-031b-00,333
g06-042c-00,334
e06-070-01,207
g06-037e-08,336
d04-096-02,195
f04-004-04,272
e06-026-08,205
g03-040-06,313
f04-079-06,282
d03-117-05,183
c03-087b-00,151
r03-030-02,660
a01-030-06,5
h07-003-00,355
j01-059-03,396
f01-075-05,253
k02-018-06,418
p06-088-08,634
a04-006-08,58
b04-195-06,114
a05-044-08,0
c04-150-01,170
c02-056-05,145
m04-138-02,547
k04-075-03,446
e02-074-00,223
g06-050o-07,346
c03-094a-09,150
k02-112-06,429
l04-174-02,494
g06-045r-03,348
h04-007-06,330
g06-018d-04,335
j04-053-01,407
g04-077-04,326
r06-035-00,670
m03-033-03,539
j01-042-06,394
r06-003-00,635
g04-052-02,322
g01-067-07,300
j04-019-07,403
d04-125-04,198
c03-016b-02,151
p03-173-07,630
n01-031-08,555
p06-047-06,634
l07-131-00,497
a03-006-03,40
a06-039-04,72
b02-102-00,98
h04-000-03,239
c06-080-05,133
f07-024a-04,288
g06-018m-06,344
d05-021-06,199
c03-016e-01,154
k04-005-05,406
e02-094-08,227
m01-049-11,506
a05-039-00,0
f01-081-02,254
l04-130-04,490
h07-066b-02,390
b06-056-07,125
f04-068-04,281
l04-153-04,492
a03-030-09,48
n04-031-00,582
n04-022-04,582
e07-098-04,248
r06-018-01,635
a01-113-07,18
p06-047-03,634
d04-037-02,187
j04-008-02,400
a03-030-02,48
a02-067-00,32
c06-052-00,126
c04-039-00,161
g06-045n-02,345
l01-195-04,474
n04-183-01,586
g06-018i-02,340
m01-012-09,500
l04-093-07,486
e07-076-03,247
l04-124-01,489
p02-090-02,598
n01-045-07,555
e06-006-08,202
a04-072-01,62
c04-165-06,172
c02-059-03,146
g07-000b-05,293
g06-045c-05,334
a03-047-04,37
r06-121-09,671
e02-082-06,224
f02-044-04,265
b01-079-04,91
c06-083-07,174
b03-104-04,104
l04-170-04,493
l07-103-05,496
g06-031m-03,344
r06-076-00,670
a02-120-07,39
r03-002-04,658
m04-180-02,548
a01-007u-07,0
k03-152-07,434
l01-157-02,470
j01-042-09,394
g01-070-00,300
h02-043-05,373
b04-010-07,107
a05-069-04,0
l04-179-06,494
c04-150-07,170
a05-104-06,0
c03-094b-01,151
e01-018-04,210
j04-012-08,401
h07-080a-03,392
c04-035-04,159
b06-015-08,127
c04-089-00,166
f07-076a-03,292
c03-084c-00,152
g01-027-02,297
g07-007a-07,294
b05-032-01,116
r03-026-05,659
g06-050h-00,339
c06-076-06,128
d06-041-01,208
n04-052-05,583
d04-028-01,186
d04-101-01,195
j06-056-03,415
d04-121-02,197
b06-008-04,125
l01-111-06,465
f01-058-08,250
e04-132-01,241
e01-029-01,212
g06-050j-02,341
g06-037g-04,338
h01-014-06,357
c06-111-01,124
f07-028a-02,288
g07-003b-08,350
n01-020-04,555
n01-057-08,558
p06-069-04,634
c04-098-05,166
d06-056-05,206
b03-025-01,100
r06-097-01,671
b04-004-10,107
g04-104-05,330
a06-152-05,86
a01-030u-07,0
a01-049u-06,0
m04-061-03,545
k07-063a-04,454
l07-131-02,497
l01-000-06,457
f02-040-08,264
c06-000-01,130
b04-147-06,112
j04-080-06,410
a01-020x-05,10
n01-057-00,558
n02-040-07,563
b06-100-05,133
e01-050-01,213
d04-066-06,191
g06-045p-01,347
r02-013-05,640
c03-084e-00,154
e07-066-08,246
n06-201-02,551
g06-018e-02,336
g01-045-00,299
p06-047-04,634
g01-022-07,297
g06-042n-02,345
g01-043-06,299
c04-080-06,165
g06-045d-02,335
h04-000-08,239
g06-045r-00,348
m03-118-05,543
g07-000a-03,294
n04-022-01,582
f01-139-06,217
n04-114-02,584
e01-035-05,212
j04-046-03,405
r06-011-04,635
m04-107-07,547
e04-124-06,243
m04-093-05,546
b04-096-02,110
g06-031o-04,346
l01-119-06,466
a05-080-09,0
r03-096-00,667
j06-022-03,415
m06-106-05,552
c03-007a-03,150
g06-045m-01,344
b06-032-01,130
m03-006-05,536
k07-067a-03,454
f07-032b-11,289
f04-074-02,282
a01-113u-08,0
d04-053-09,188
g06-026o-07,346
a04-031-07,60
l04-012-01,480
a05-044-03,0
d06-100-04,207
a04-089-01,63
f07-046a-04,285
l07-138-00,497
r02-109-04,650
c04-165-02,172
a03-059-01,54
a06-020-02,69
e07-061-10,246
h01-018-04,357
c02-022-01,140
c06-000-05,130
c03-084e-03,154
h04-057-03,380
g06-031i-04,340
l01-129-05,467
p03-151-02,627
r06-053-04,670
d01-052-07,177
r06-126-06,671
m01-121-00,513
b01-127-03,94
e06-053-07,208
f07-024b-00,287
d04-047-07,188
h02-019-05,366
f07-069-02,291
g01-088-01,302
d07-089-10,209
a03-023-10,46
j04-098-01,412
b06-042-06,131
j06-034-01,415
n04-092-06,584
a02-042-00,26
a04-006-09,58
d07-089-01,209
r06-111-05,671
g04-072-05,325
a02-106-09,37
g06-050n-05,345
f04-064-02,280
l07-187-02,498
n06-156-00,551
g06-042m-04,344
g06-045m-05,344
e02-014-00,219
d04-028-04,186
a01-014-05,7
r03-002-00,658
d04-121-00,197
m04-209-06,549
k02-023-03,419
n04-149-02,585
g06-042b-07,333
a06-141-03,85
d01-019-00,175
e04-068-04,237
g06-045j-02,341
b01-023-06,88
b01-073-08,91
c03-094d-06,153
a01-026u-05,0
f07-021b-01,287
g06-026m-01,344
j01-049-03,395
a01-014x-09,8
p03-072-06,622
h01-018-06,357
d04-089-06,194
g06-031p-07,347
r06-090-04,671
a06-014-10,68
f04-079-00,282
l03-008-07,478
k04-156-00,453
a01-053-10,13
c03-000a-00,150
a03-043-04,52
c04-013-06,158
a01-122u-07,0
j06-051-05,415
a01-058x-04,14
p01-174-08,592
r06-137-10,671
d05-013-01,200
g01-008-00,295
b06-019-08,128
a03-011-02,42
k02-117-05,430
c04-089-04,166
f02-000-02,257
f07-016-02,287
n06-163-00,551
c02-007-06,139
p03-072-05,622
c04-128-02,165
m04-024-07,544
d06-030-05,174
g06-018e-00,336
a02-004-06,22
h07-025-06,386
a05-080-04,0
g03-058-04,317
j06-056-06,415
k04-017-04,239
a04-039-03,60
c02-089-01,149
g06-026b-06,333
n06-175-06,551
a05-125-05,0
n04-107-04,584
c03-096b-04,151
d04-111-04,196
p02-008-03,594
r02-117-03,651
a01-043u-02,0
b05-032-06,116
g06-026m-02,344
h04-052-07,379
p03-185-04,632
h06-092-01,384
b04-054-00,109
m01-049-06,506
a01-003x-08,3
a02-116-02,38
c03-084f-05,155
a05-121-01,0
e01-035-00,212
r06-126-07,671
e02-094-03,227
d06-025-02,205
f07-000b-00,286
p02-127-06,605
g01-074-08,300
c06-031-05,130
g01-083-01,301
g06-018g-00,338
k01-051-03,417
l01-111-08,465
f07-081a-02,292
l04-034-02,482
k07-059a-02,454
n04-052-00,583
l07-135-06,497
f07-042b-04,289
a03-030-00,48
e02-086-05,225
d01-052-02,177
l04-163-03,493
k07-146-00,455
g06-096-01,349
l04-000-02,479
f07-000-05,285
g06-047a-02,332
b06-045-05,132
l07-187-00,498
f04-061-06,280
b04-140-00,112
g07-047-07,353
a01-107u-00,0
n01-000-07,553
k04-022-00,240
h04-052-08,379
c06-080-02,133
n02-157-07,570
p03-057-09,567
f02-000-00,257
g06-037i-02,340
d06-091-10,202
d06-100-01,207
d04-101-03,195
g06-018b-03,333
c04-050-02,162
l04-124-08,489
c06-116-03,133
a01-117-03,19
n04-202-00,587
g06-031g-06,338
c03-096f-08,155
a03-009-02,41
c04-165-08,172
c03-021c-08,152
h07-078a-07,392
g07-065-05,354
a01-102u-00,0
l07-187-08,498
l07-111-00,496
g04-088-00,328
a01-007-04,4
p03-087-06,567
g06-018l-03,343
l04-179-07,494
e02-094-05,227
g03-043-10,314
l07-176-03,498
g03-058-07,317
a02-037-06,26
a06-095-09,80
g07-007b-00,350
h04-052-09,379
g06-011h-05,339
h02-004-04,362
n02-104-02,315
a02-072-01,33
h07-069a-05,390
e04-095-05,241
b01-057-05,17
r06-044-08,670
a05-000-06,0
r02-131-05,653
f07-088a-05,292
p02-144-04,609
f04-028-06,275
m04-000-00,544
a01-128u-01,0
g06-037c-01,334
a01-132-07,20
m01-012-04,500
e04-083-01,239
n01-004-06,554
g06-050n-09,345
b06-079-00,130
h07-044a-01,388
p06-104-08,634
l04-106-00,488
b01-079-01,91
a03-050-03,0
b05-074-10,119
g06-045a-02,332
e02-018-04,220
k02-067-02,424
c06-080-07,133
a02-046-07,27
m01-104-05,513
b06-075-07,124
g06-026l-00,343
a03-054-07,53
a01-014u-04,0
l01-129-03,467
a06-128-06,84
b03-092-00,102
h04-035-06,377
g06-045n-01,345
j06-026-06,415
n03-091-02,576
h07-075-06,391
g01-037-01,298
e07-086-05,247
f01-081-01,254
g06-026b-01,333
g01-027-05,297
a05-113-07,0
g06-026j-00,341
j06-056-09,415
n04-218-03,587
m01-121-08,513
h04-082-01,383
l04-082-04,485
g06-050p-05,347
a03-071-05,0
a05-073-00,0
n01-020-09,555
g01-067-00,300
c02-007-03,139
m04-100-07,546
k07-134-07,455
d04-053-02,188
a01-003-02,2
a05-108-07,0
g06-011c-08,334
m01-131-04,514
d06-086-06,208
m04-190-00,549
k04-014-03,441
g06-037i-09,340
a04-096-04,64
g06-018i-05,340
g05-087-05,331
h04-057-06,380
h07-040b-06,387
f07-039a-06,285
g01-016-06,296
n06-082-05,588
n04-084-03,584
f04-100-10,193
f07-016-06,287
h07-013-04,385
a04-059-02,61
l01-157-01,470
e06-030-08,204
n06-148-00,551
k04-014-04,441
c03-087d-07,153
c03-007-04,156
a04-099-00,64
g07-018a-10,351
e02-082-08,224
m01-032-00,504
l07-118-06,497
c06-020-05,125
e02-014-03,219
f01-075-04,253
a01-058x-09,14
c04-004-05,157
g06-031d-01,335
d05-040-00,201
r02-006-00,638
d07-089-03,209
l04-174-04,494
a04-035-01,60
b02-013-05,95
m06-042-05,552
a06-000-04,66
a01-014-00,7
b05-067-01,118
g02-065-00,305
c04-080-00,165
a01-072u-04,0
k02-036-03,421
c04-075-03,164
a01-026-05,9
b06-056-09,125
p01-174-01,592
c03-021d-01,153
e04-119-05,243
b05-079-09,120
f07-081b-02,291
k02-076-02,425
a05-009-02,65
c03-087f-04,155
c03-021a-03,150
b02-035-05,95
r06-044-09,670
r06-000-01,635
c03-007d-06,153
m04-216-01,549
e01-107-00,216
f04-096-03,193
r02-131-04,653
g01-022-08,297
h04-055-04,379
l07-103-06,496
h02-004-09,362
m03-114-05,542
e01-032-10,212
d06-011-00,204
n02-151-03,568
f07-000b-03,286
g03-032-00,312
d06-086-03,208
g06-115-03,349
e06-003-00,204
d04-062-04,190
b04-140-06,112
r02-081-04,648
j04-035-00,405
r06-027-04,635
g06-042c-01,334
p06-030-04,634
j01-042-03,394
r06-049-04,670
l01-065-10,461
f02-040-01,264
b06-049-01,124
c06-011-05,173
r06-041-03,670
p02-069-05,598
g04-068-00,325
b01-057-06,17
g06-031a-08,332
f07-024b-10,287
m04-072-06,546
g06-042a-02,332
g06-026n-07,345
g06-031l-02,343
a02-050-06,28
g06-042r-01,348
h07-033a-00,387
c06-043-03,133
r06-126-03,671
b03-092-06,102
m02-066-02,524
k07-077-04,454
e02-082-03,224
b06-049-05,124
n04-213-06,587
m02-102-06,533
a04-069-03,62
h07-007-03,355
m01-012-05,500
r06-041-05,670
g01-027-09,297
e04-095-02,241
l07-176-00,498
k04-075-06,446
g06-096-04,349
h07-054a-06,389
m06-076-04,552
k07-158-06,456
f04-043-05,277
g07-028b-00,352
n04-044-08,582
a02-067-01,32
f07-046b-00,290
a03-063-08,55
k07-166-06,456
p02-076-00,599
g06-011c-03,334
e04-034-07,234
c06-080-08,133
n06-140-03,588
m02-112-05,535
b05-079-03,120
h07-040b-05,387
f01-058-07,250
h07-069-00,391
a04-099-10,64
h07-069a-02,390
r02-000-06,636
l07-085-03,496
a01-082u-01,0
f01-139-00,217
b05-042-09,117
p06-096-08,634
g01-025-07,297
k07-158-02,456
a05-000-03,0
c04-160-03,171
f07-092a-08,292
m06-019-03,551
d01-049-02,177
c04-089-03,166
c02-082-02,148
e01-035-02,212
m01-121-07,513
e07-094-04,248
d04-047-05,188
c03-021d-02,153
a01-063-00,13
h07-033-02,386
g06-018b-06,333
a03-047-08,37
g06-026k-05,342
g06-042o-00,346
a02-032-06,25
a01-000x-05,1
g06-047n-06,345
d04-008-00,184
g04-101-04,329
d07-093-00,209
j04-115-00,414
p06-030-08,634
a05-125-02,0
e01-102-03,215
g06-011o-09,346
d05-030-08,199
f07-096-00,293
f01-070-05,252
h07-025-00,386
a03-059-06,54
g06-037p-08,347
d05-013-06,200
e04-026-04,233
p02-000-06,593
m06-106-03,552
j04-039-04,404
l07-052-03,495
l04-034-03,482
g04-055-07,323
g07-014b-02,350
a04-096-02,64
d06-111-05,203
d01-019-05,175
d04-053-07,188
r06-011-00,635
h07-017-02,385
n06-128-06,588
a01-043x-06,11
k04-064-05,445
m02-112-03,535
f04-043-04,277
c02-030-04,142
j04-008-04,400
r03-050-01,662
d06-050-01,174
c02-082-06,148
j07-012-00,393
p03-135-04,625
a04-072-02,62
p03-027-03,616
a06-000-03,66
h07-060b-03,390
d01-080-06,179
b06-059-05,130
c06-020-02,125
a01-102u-02,0
a03-054-06,53
a05-029-06,0
g07-044-01,353
d05-025-01,199
k02-112-01,429
c04-144-01,170
r06-007-04,635
g06-037k-08,342
c03-021e-04,154
l04-071-04,484
g06-050i-00,340
e04-127-05,243
g01-025-03,297
f02-038-10,263
m01-017-05,501
a01-043x-04,11
f01-147-04,256
g06-037r-00,348
d01-052-05,177
a01-058x-01,14
c02-017-02,139
a02-111-02,37
a01-132u-07,0
a01-030x-01,10
l01-007-05,458
h07-040b-04,387
n04-213-04,587
a01-043u-06,0
g06-037o-05,346
e02-100-04,228
n02-033-06,562
a03-037-05,50
h07-069a-03,390
b02-035-00,95
a05-094-05,0
l01-023-06,458
h07-080-02,391
h01-007-00,356
r03-026-03,659
m02-066-05,524
g01-037-00,298
f02-038-04,263
a01-026u-09,0
n02-054-06,564
f01-075-09,253
e02-086-08,225
g06-037g-08,338
p06-069-00,634
a06-075-01,78
r06-115-09,671
l04-153-05,492
f01-058-02,250
l01-129-04,467
g06-018o-05,346
p06-042-00,634
g02-062-00,304
c03-016a-02,150
k04-093-03,447
g06-045k-06,342
a06-004-09,66
c03-007f-06,155
a03-047-10,37
r02-117-02,651
f04-039-01,277
l07-138-01,497
k04-142-03,452
n01-020-05,555
g06-031m-00,344
g06-037d-06,335
k04-119-01,449
f03-182-04,269
f07-073-05,291
d06-015-04,174
m04-238-04,550
f01-075-08,253
b06-075-02,124
d04-047-01,188
r02-010-02,639
b05-098-09,121
e01-025-10,211
n02-109-06,315
f04-028-09,275
a04-035-02,60
d07-082-01,209
c02-059-01,146
r02-006-08,638
l01-016-05,458
e07-061-06,246
c04-008-06,158
j01-059-00,396
a01-132u-02,0
b06-036-07,126
p02-022-07,596
p06-088-05,634
g06-050o-00,346
g07-079a-00,285
f07-013-06,287
a02-000-07,21
m02-106-00,527
b05-055-04,118
l03-008-03,478
l04-130-03,490
e06-006-06,202
g01-037-08,298
a03-080-00,0
h01-000-06,356
a05-084-08,0
d01-056-06,178
f01-066-03,251
c03-094b-05,151
d04-125-05,198
r03-026-04,659
n02-120-01,315
f02-030-04,261
e07-003-09,244
m04-251-01,548
g05-098-04,118
n04-031-03,582
m02-083-00,529
r03-030-00,660
g07-007a-09,294
l04-141-06,491
c03-094c-06,152
g06-045c-04,334
j06-030-04,415
d04-047-06,188
n02-016-01,559
e06-046-00,203
e02-086-09,225
a01-091-05,16
e01-062-07,213
g01-025-04,297
j01-042-07,394
c02-000-06,137
g06-018d-07,335
n03-126-04,581
p02-081-00,599
f07-088a-01,292
a01-102u-08,0
f03-182-05,269
g06-047d-01,335
g04-043-04,321
r02-089-07,649
a04-050-00,61
b05-038-05,117
g01-037-06,298
k04-093-00,447
l04-163-08,493
a01-030x-06,10
c02-017-00,139
a04-054-06,61
a05-125-04,0
a05-025-08,0
b04-089-06,110
l07-172-03,498
g06-045j-00,341
b01-127-08,94
k07-146-06,455
c03-087d-06,153
p06-030-07,634
g06-031b-08,333
f07-002-05,286
n04-202-02,587
g06-018a-04,332
g06-050i-07,340
f01-135-08,255
b01-094-03,92
a01-077-03,16
a03-009-01,41
f07-013-08,287
a02-072-02,33
a03-006-01,40
g06-047d-05,335
g06-045o-01,346
m01-115-03,515
c02-003-02,138
n02-009-05,560
c04-066-03,163
g06-045i-02,340
a05-099-00,0
p03-158-06,628
m02-048-02,520
k07-077-00,454
h01-018-01,357
f07-028b-04,289
g06-045e-00,336
a06-014-01,68
g06-018h-04,339
l01-119-07,466
p02-115-07,603
f07-092b-00,293
a01-068u-05,0
k04-126-03,451
l04-113-00,488
b05-088-05,122
r06-126-04,671
a03-030-08,48
g06-031k-07,342
m01-104-01,513
f01-058-01,250
c04-122-05,164
h04-061-06,380
e01-022-00,211
k07-122-06,455
r03-035-05,661
n06-175-01,551
d06-046-06,173
g07-047-04,353
k07-166-00,456
a02-057-00,30
a02-072-05,33
p03-096-05,567
a05-000-04,0
e06-046-03,203
r02-146-05,655
m01-115-08,515
a03-011-07,42
n04-015-05,582
l04-141-00,491
h07-040-04,388
f04-068-05,281
d04-008-02,184
e04-022-05,232
c03-094f-02,155
e04-119-00,243
f07-046b-04,290
g03-000-07,308
a01-063-07,13
a04-043-06,60
a06-039-01,72
g02-062-05,304
r02-010-01,639
m06-042-04,552
g05-098-03,118
l07-103-00,496
d06-000-01,202
a05-044-05,0
j04-111-09,414
m02-048-00,520
h07-028a-08,387
r03-056-05,663
p06-088-02,634
l01-000-09,457
b01-136-01,94
f02-044-01,265
a04-081-03,63
d01-024-08,176
c03-000f-02,155
l07-187-04,498
b01-079-09,91
g07-007a-04,294
g06-011g-05,338
b05-098-03,121
d05-008-04,199
f02-020-07,260
c03-084c-04,152
b05-067-02,118
n02-127-04,315
c03-003f-00,155
r03-026-02,659
f01-081-00,254
e02-021-04,221
c03-087f-08,155
r06-090-10,671
a05-069-01,0
h07-080-05,391
n04-190-04,586
e02-117-06,229
a01-128-05,19
n06-175-03,551
f04-071-09,281
a04-027-04,59
d06-072-03,207
c03-096b-07,151
d07-096-06,209
g06-026d-01,335
n06-140-04,588
b06-015-00,127
h07-075a-02,392
k04-103-03,448
j06-051-03,415
g01-025-01,297
c03-081b-05,151
l04-130-02,490
p03-087-04,567
e04-052-02,235
a01-020-04,9
f04-100-03,193
n04-100-05,584
b06-075-05,124
j04-070-01,409
g06-026h-03,339
a05-121-06,0
c02-059-07,146
k04-010-09,440
m01-095-05,512
l04-098-01,487
a04-054-04,61
g06-011r-06,348
b06-097-02,123
d06-020-00,173
n02-016-02,559
j06-005-00,384
k03-157-05,435
g07-018a-03,351
b01-027-06,89
a04-050-05,61
h07-025-01,386
g06-026l-01,343
k07-185-10,456
k07-122-05,455
l04-159-01,492
k03-117-06,431
m04-081-02,546
g06-011i-05,340
r03-007-07,658
c03-096d-01,153
f04-035-05,276
g06-047r-02,348
c04-050-06,162
g06-031l-04,343
c03-000c-04,152
g04-022-04,319
m04-024-04,544
a01-053x-05,14
f07-092b-03,293
a01-077-01,16
c06-116-06,133
m04-107-04,547
g06-031h-00,339
a05-113-05,0
k02-023-01,419
c02-082-09,148
a02-062-07,31
b06-036-00,126
j04-008-01,400
g04-039-06,320
a04-085-08,63
m04-113-09,547
e04-004-00,230
d04-121-01,197
g04-072-02,325
h01-014-03,357
a02-008-05,23
e04-109-02,242
l04-012-05,480
g03-052-06,316
j06-000-01,384
g06-011k-01,342
f07-081a-07,292
a04-010-05,58
r06-090-09,671
g06-031a-00,332
b04-162-05,113
c03-003a-04,150
a01-072x-03,1
b04-047-00,108
b06-049-04,124
g06-026a-05,332
a05-113-00,0
r06-115-02,671
k04-079-00,446
e06-006-03,202
e07-066-01,246
m04-038-03,545
g06-031o-07,346
m01-026-04,503
p03-096-01,567
p06-248-01,635
a01-000u-06,0
m01-115-05,515
a02-032-05,25
m04-222-04,549
j06-008-00,384
k07-176-04,456
b01-089-06,92
h07-063a-05,389
g04-060-02,324
e06-041-00,202
e04-109-00,242
j06-018-03,415
h07-025-07,386
f07-006-06,286
a04-103-03,64
f07-016-08,287
p01-155-04,590
d04-008-03,184
g06-037r-05,348
h07-013-06,385
a06-141-06,85
n06-194-00,551
n04-114-06,584
d06-003-06,203
g07-000b-07,293
e06-030-02,204
g06-037i-07,340
l07-181-01,498
e07-072-07,246
g06-037p-05,347
a04-027-03,59
a02-067-05,32
l01-187-07,473
b04-175-02,113
a01-043-09,12
g06-018g-05,338
p03-142-03,626
h07-075a-03,392
a03-047-02,37
f07-069-03,291
c06-047-06,132
c06-027-03,128
r03-050-04,662
f01-075-03,253
b02-105-01,99
h07-057a-01,389
p03-087-05,567
g06-018f-00,337
c03-003b-04,151
m02-069-06,525
c06-087-05,126
c03-003f-08,155
r06-041-01,670
a05-069-07,0
c03-094b-06,151
b05-058-04,118
r06-011-01,635
n06-092-06,588
h04-028-00,376
d01-024-03,176
j06-034-10,415
e07-072-05,246
b06-036-03,126
r02-000-00,636
f07-088a-00,292
d06-000-04,202
g04-068-02,325
k07-166-01,456
d06-063-02,173
c02-056-06,145
h01-014-01,357
n03-066-00,573
g06-011e-07,336
n04-075-00,583
a04-023-06,59
g06-037l-04,343
b04-081-01,110
g01-008-07,295
e04-022-03,232
c03-087a-08,150
p06-104-05,634
l01-187-02,473
k04-028-03,442
a02-082-04,35
r06-111-03,671
e01-059-00,213
p03-181-00,631
b06-075-03,124
a03-080-05,0
c02-078-03,147
b01-000-05,87
e04-011-01,231
a06-039-03,72
h07-063b-06,390
m03-110-01,542
f07-069-07,291
n01-020-03,555
a01-117-07,19
c06-138-10,129
h07-017-03,385
m04-131-00,547
c03-096d-02,153
a06-064-09,76
g06-037d-05,335
m06-048-02,552
r03-065-04,664
e04-000-04,158
l04-130-07,490
g06-050p-04,347
l04-102-03,487
h07-028-07,386
b02-035-07,95
g06-089-02,349
c02-017-01,139
c04-110-01,168
k04-017-07,239
g01-031-01,298
c03-096d-08,153
e04-015-00,231
g06-045r-05,348
d04-005-05,184
g06-042l-03,343
c04-050-07,162
m02-072-02,526
a04-010-07,58
a05-094-08,0
f07-028a-01,288
h07-030a-09,387
g06-031h-02,339
k04-136-01,451
g06-018m-02,344
a06-025-04,70
b03-098-04,103
f04-071-08,281
b06-023-03,123
f04-043-06,277
h06-092-06,384
m04-138-00,547
l04-082-08,485
h07-069-04,391
p03-033-01,618
j04-035-03,405
c03-007b-04,151
c06-080-06,133
l07-172-00,498
l01-187-09,473
a01-014u-06,0
a01-049-08,12
b01-009-01,87
k04-115-03,450
g06-045r-04,348
g04-022-07,319
h07-051b-08,388
p02-081-03,599
j04-053-06,407
r06-053-07,670
p03-057-08,567
k04-054-06,443
e01-014-01,210
c03-007a-05,150
b05-045-06,117
g07-050-01,353
k07-134-01,455
b04-026-06,108
b04-181-05,113
g06-031o-08,346
e07-012-08,246
m02-080-03,528
h07-051b-02,388
a01-063x-07,15
r06-062-00,670
g06-042e-01,336
n03-113-06,579
c04-139-00,169
m02-083-04,529
f07-013-10,287
g07-028b-05,352
g06-031g-00,338
a01-096u-07,0
h04-021-04,330
a01-049x-04,0
h04-078-04,383
l07-103-07,496
k04-156-02,453
a02-082-07,35
e04-058-05,236
g06-037m-01,344
n02-004-00,560
g01-022-06,297
c04-044-06,161
g04-003-01,239
h07-003-02,355
e02-074-04,223
h01-024-06,359
e01-025-00,211
h04-007-07,330
h07-000-02,355
n04-044-07,582
g06-047g-00,338
f04-068-00,281
a04-035-00,60
g01-034-08,298
e06-010-00,203
a03-027-03,47
a01-132u-05,0
a06-000-02,66
h07-080a-04,392
c03-087a-05,150
e07-000-00,85
c03-016d-01,153
c04-066-06,163
g06-050o-09,346
e07-007-02,245
d01-080-00,179
b01-014-05,88
g06-047f-04,337
e07-083-03,247
e07-108-10,248
c03-021b-08,151
h02-040-02,372
f04-032-04,276
h04-078-01,383
l04-082-05,485
g05-098-00,118
e07-003-05,244
m01-032-02,504
n06-169-08,551
a01-058-04,13
p06-052-02,634
g06-026n-05,345
a04-066-08,62
a05-116-03,0
c03-000f-03,155
n06-186-06,551
g06-026a-00,332
m01-115-00,515
d01-024-02,176
k04-039-06,439
g01-016-07,296
h02-008-02,363
a02-032-02,25
c03-000b-03,151
g06-050a-03,332
d06-104-01,205
g07-014b-03,350
r06-044-05,670
a02-090-00,26
c06-083-06,174
d03-112-06,182
a04-047-03,61
d07-089-07,209
c04-035-00,159
h04-074-00,382
e04-000-07,158
k02-102-06,428
l01-023-03,458
f07-000b-06,286
l04-066-04,484
a04-047-06,61
j04-065-08,408
c01-066-03,136
m04-019-01,544
g04-077-02,326
j06-014-10,384
c04-066-00,163
a01-063u-01,0
b01-023-03,88
c03-021e-06,154
c03-081d-01,153
b06-100-01,133
n04-218-04,587
l04-163-00,493
g07-000b-01,293
c04-004-02,157
r02-131-02,653
a06-008-06,67
g06-031b-03,333
k07-059a-01,454
a01-072u-05,0
f04-096-02,193
n01-009-04,553
p03-163-01,629
c03-094b-02,151
a02-008-00,23
p03-057-03,567
j06-034-08,415
g07-028b-01,352
l04-066-06,484
g06-047p-01,347
g06-047j-00,341
f01-070-08,252
c03-081c-07,152
a03-054-08,53
f02-076-02,266
g06-050o-04,346
m02-087-00,530
a05-017-10,0
p02-115-00,603
n04-084-06,584
r06-007-06,635
c06-014-05,129
p03-004-05,612
g06-011k-08,342
m04-222-01,549
r06-049-05,670
c02-082-01,148
c03-081f-04,155
e06-010-07,203
d07-100-09,209
e01-018-07,210
a02-024-00,25
c04-165-04,172
g06-031d-02,335
d01-104-00,180
a02-120-05,39
g04-095-05,273
j06-005-07,384
g06-050p-03,347
a04-054-01,61
j04-094-00,411
p06-042-08,634
g01-008-02,295
a01-063-09,13
c04-044-08,161
b06-093-03,125
c03-094f-07,155
e04-052-06,235
j04-039-02,404
c02-059-09,146
d07-093-05,209
c04-080-05,165
b03-025-03,100
g07-042-09,353
b04-134-00,112
h06-003-07,349
b04-081-03,110
b05-098-07,121
l07-065-02,495
k04-057-02,444
d01-098-04,180
b05-083-06,121
f04-083-08,283
a01-053u-09,0
l01-050-07,460
c03-096a-07,150
g04-039-00,320
g06-047h-02,339
p03-004-11,612
a02-086-06,36
m04-145-07,548
g06-018l-04,343
e01-113-06,216
e02-086-03,225
e02-025-08,222
p03-135-02,625
r06-062-01,670
m01-100-03,364
e04-015-01,231
g06-037c-10,334
b01-073-01,91
p03-173-08,630
n02-028-01,561
a01-014-04,7
g06-018d-05,335
f07-042a-06,285
n02-098-02,567
n06-100-05,588
g06-047n-02,345
g06-047n-04,345
b01-023-00,88
b04-140-03,112
e07-079-06,247
e04-000-00,158
h05-012-01,118
m01-026-07,503
g07-014b-01,350
a04-019-02,59
l01-199-07,475
m06-083-07,552
b01-089-00,92
c04-000-04,157
f02-040-00,264
a05-121-05,0
k02-076-00,425
b04-089-00,110
c03-094e-06,154
n04-107-08,584
f07-002-04,286
g06-031c-00,334
a01-007u-02,0
k04-061-06,444
a01-077u-07,0
c03-084c-01,152
l07-190-04,498
c06-138-05,129
a01-026x-01,8
m01-022-03,502
g01-000-08,217
p02-150-02,610
f04-057-03,279
g07-044-10,353
b01-023-05,88
k04-075-00,446
p03-158-05,628
p06-088-00,634
p03-173-03,630
m01-049-01,506
g06-037p-06,347
k04-054-01,443
g05-094-02,119
d06-111-02,203
n06-128-08,588
e04-038-01,234
d05-025-03,199
l04-147-00,491
e06-021-09,206
l07-118-03,497
h01-007-08,356
r03-115-02,669
a06-036-00,71
g04-043-06,321
c03-084f-08,155
h06-079-04,384
e04-000-03,158
g06-018m-01,344
b01-009-07,87
h07-040b-00,387
c06-058-05,131
k04-103-07,448
g06-037b-08,333
h07-037-06,386
d06-082-00,174
f04-024-01,275
c03-003d-01,153
g07-000a-07,294
a04-006-05,58
n04-107-05,584
l01-000-02,457
p02-101-04,600
h04-055-02,379
a01-043u-00,0
n04-075-05,583
e07-108-02,248
g07-065-00,354
g06-042d-04,335
c02-000-09,137
a06-119-04,84
e04-015-03,231
d04-058-02,190
g06-047r-05,348
a06-044-06,73
j04-065-05,408
f04-074-04,282
g01-088-09,302
e01-059-02,213
g01-000-04,217
p03-158-02,628
c03-087c-02,152
h07-080a-06,392
f07-076a-05,292
a05-013-00,0
p03-185-02,632
g01-045-08,299
a01-058-00,13
a02-012-02,24
l07-138-06,497
p03-012-02,614
p03-047-04,620
c03-084e-05,154
g06-026b-04,333
e01-062-00,213
d07-093-06,209
f07-036-08,289
c06-100-02,123
h07-017-05,385
e07-094-06,248
n04-163-06,585
l04-141-01,491
b04-162-03,113
a01-053u-07,0
a03-020-00,45
g07-026a-07,351
p03-173-04,630
a03-006-04,40
j04-111-07,414
g07-079a-09,285
e02-117-00,229
b02-045-07,96
p02-069-08,598
d06-107-07,204
e04-091-04,241
a04-085-06,63
l04-130-00,490
b06-059-07,130
g06-037m-09,344
c06-138-00,129
g01-067-09,300
p06-096-01,634
a01-122u-10,0
b04-040-02,108
h07-078a-03,392
g04-007-07,273
c06-128-03,128
c04-105-00,167
g07-069a-07,354
g07-065-02,354
g06-037i-03,340
g06-026n-06,345
n06-100-02,588
c03-096f-05,155
k03-138-05,432
g06-037l-06,343
l04-087-05,486
m01-079-01,509
c06-106-05,127
d04-047-04,188
n01-020-02,555
c03-087d-01,153
c06-095-00,131
d04-071-00,192
l04-093-03,486
f07-009-08,286
g04-063-01,324
g06-047k-01,342
b04-134-07,112
l04-071-01,484
d01-049-01,177
g06-047r-00,348
n04-052-03,583
e02-094-01,227
m04-007-01,544
a01-038-08,7
c03-000f-01,155
k02-102-00,428
h07-060b-01,390
a04-092-08,64
a03-040-02,51
n04-218-05,587
e04-015-07,231
k07-176-03,456
g04-052-01,322
b04-096-00,110
r06-137-05,671
k07-166-04,456
b05-062-02,118
a01-030x-07,10
a01-087-08,17
a04-092-05,64
k07-122-07,455
g06-050f-02,337
a05-053-06,0
g06-042k-05,342
h04-055-01,379
n02-045-04,563
k03-117-01,431
e04-091-02,241
d01-098-06,180
g01-083-00,301
h04-049-07,378
c06-106-09,127
b06-015-02,127
a01-058x-02,14
n02-045-05,563
p06-069-09,634
g07-069a-05,354
f04-024-06,275
e07-007-04,245
r06-022-03,635
h07-023-02,385
g06-045b-09,333
d05-008-00,199
j06-026-03,415
d01-060-03,178
p02-000-05,593
b04-121-04,111
h07-033a-07,387
h01-030-01,361
g06-011i-01,340
b04-075-04,109
c04-128-04,165
c04-165-03,172
n04-100-04,584
k07-122-00,455
f07-016-07,287
g06-011i-03,340
g06-026c-05,334
l01-065-07,461
p02-121-05,604
c02-078-00,147
n06-194-05,551
g01-008-04,295
n01-031-00,555
b04-010-05,107
g06-042d-02,335
m02-052-02,521
n01-009-02,553
b04-047-05,108
h07-037a-07,387
g06-018l-06,343
j07-012-03,393
a06-147-00,85
m04-078-00,546
b06-082-00,132
k04-149-03,452
h01-014-02,357
r06-143-03,635
b05-074-05,119
m04-100-04,546
r02-000-04,636
j04-012-05,401
a01-049u-02,0
b05-038-02,117
l01-000-03,457
n04-068-05,583
g04-063-05,324
g03-032-05,312
p02-121-02,604
m01-121-03,513
j04-046-10,405
p06-042-09,634
g06-047j-02,341
c04-156-03,171
h07-084-07,392
b06-064-05,133
a04-035-04,60
h07-057a-07,389
m04-000-06,544
c04-089-07,166
b05-098-08,121
h07-007-02,355
j04-008-08,400
g01-008-06,295
e01-018-00,210
g06-031h-07,339
f07-019a-05,288
d01-049-04,177
l07-187-07,498
g06-037l-00,343
k04-149-02,452
j01-059-09,396
b01-073-07,91
c03-000a-01,150
h07-051b-09,388
b01-113-03,93
b06-075-00,124
m01-131-03,514
l07-080-01,496
g01-043-01,299
a05-069-06,0
g06-047a-00,332
h07-087-00,393
h04-007-01,330
p06-052-08,634
e02-091-06,226
c06-039-01,123
p06-242-02,635
n06-092-03,588
b05-038-00,117
c02-078-05,147
g06-026e-04,336
g06-018n-02,345
k07-063a-00,454
a05-039-05,0
e01-062-05,213
a02-057-06,30
n06-140-00,588
g06-018f-04,337
g06-045j-08,341
p02-076-02,599
h07-066a-02,389
g01-034-00,298
f07-024b-02,287
g07-084-05,355
p03-112-00,567
m01-131-06,514
j06-014-05,384
p01-174-02,592
g04-055-01,323
p06-047-02,634
a03-037-07,50
a06-025-06,70
e01-018-08,210
f07-016-00,287
n02-037-01,562
a01-077-09,16
c06-005-00,125
b01-044-00,90
f07-046b-01,290
g03-040-07,313
g03-064-07,318
k02-102-01,428
a06-100-06,81
c02-012-04,140
d06-091-03,202
n03-126-01,581
d07-102-01,209
l07-111-02,496
g06-037d-09,335
n03-103-00,577
k07-146-01,455
d05-030-03,199
f07-032a-06,288
n06-182-05,551
a02-050-07,28
m04-216-05,549
p03-009-05,613
a06-075-03,78
p03-047-02,620
l01-000-07,457
k04-039-01,439
g04-022-01,319
g06-045h-04,339
n04-218-01,587
h07-063b-02,390
e06-070-00,207
n03-082-06,575
a03-040-00,51
g06-026p-03,347
g04-052-04,322
a05-048-03,0
p06-047-01,634
g06-047i-05,340
c03-021d-08,153
r02-003-03,637
k02-053-06,422
m06-042-02,552
k04-033-08,442
c03-003b-06,151
p06-096-06,634
c04-144-05,170
b05-032-03,116
n06-156-01,551
l01-030-05,459
k03-180-03,420
g06-011e-03,336
g06-047b-03,333
b05-083-02,121
m01-110-09,514
b01-018-03,88
p01-168-00,591
b01-118-03,93
a06-014-04,68
p03-057-00,567
g06-037m-08,344
e06-026-07,205
m02-102-00,533
e01-055-05,181
m01-012-00,500
f01-147-06,256
f07-036-03,289
b02-105-04,99
f07-021a-05,288
b05-083-04,121
m02-106-08,527
a06-064-00,76
h07-003-07,355
d04-086-01,194
h07-025-02,386
n04-060-04,583
c06-138-09,129
g06-018h-03,339
d01-056-04,178
a01-030x-05,10
a06-141-05,85
m04-209-00,549
f07-092a-02,292
a02-004-08,22
e02-018-00,220
g03-052-10,316
g01-004-00,295
f04-071-06,281
c03-003d-00,153
g03-043-03,314
a01-030x-04,10
a06-000-01,66
n04-048-01,583
j06-008-03,384
d06-046-03,173
n04-139-08,585
p02-139-04,608
g01-067-02,300
e04-015-02,231
k04-033-03,442
e02-100-05,228
g06-011e-06,336
k07-152-07,456
b05-098-01,121
m01-149-03,518
c03-081d-06,153
g03-032-02,312
a02-124-02,37
a02-086-05,36
a02-093-05,26
e07-101-10,248
e06-021-08,206
d01-080-03,179
g06-047k-06,342
c03-084d-00,153
b04-000-03,107
a03-040-01,51
a01-049-00,12
c02-012-08,140
g01-034-05,298
a03-080-04,0
c03-084d-03,153
h04-061-08,380
g06-037j-09,341
a04-081-05,63
n04-139-04,585
g06-037e-06,336
h07-013-05,385
m04-231-02,550
g07-038-05,353
c03-021b-03,151
r06-018-02,635
f04-053-02,279
g06-011p-02,347
n04-149-03,585
e04-058-04,236
c06-031-03,130
a04-092-07,64
c03-021e-05,154
l01-173-04,471
g06-047a-07,332
g07-026a-08,351
g04-022-06,319
a01-132-08,20
g06-050o-01,346
g06-011e-08,336
l01-023-01,458
m04-164-00,548
f07-028a-00,288
r03-053-04,315
b01-136-05,94
d06-067-01,205
r02-000-05,636
a06-090-07,79
g06-042c-04,334
c03-087e-03,154
m03-013-04,537
g06-026j-02,341
a01-011u-05,0
e06-049-03,205
m04-093-08,546
a03-071-01,0
h06-079-01,384
n02-004-03,560
h07-033-09,386
r02-070-06,645
g06-011g-04,338
k04-110-08,450
a05-022-08,0
a06-134-02,85
d06-050-06,174
l01-000-08,457
a05-108-05,0
e01-102-04,215
p02-081-07,599
d04-111-09,196
m01-104-04,513
g06-037c-03,334
d06-037-05,207
g06-011i-08,340
g06-101-02,349
a04-089-08,63
g06-011k-02,342
l01-007-00,458
g06-018b-04,333
d06-030-03,174
a01-063-03,13
c03-087e-06,154
m03-118-02,543
g06-018e-03,336
k07-158-04,456
p06-052-07,634
a06-070-01,77
g06-031p-05,347
a01-053u-04,0
e07-101-06,248
r06-106-00,671
g07-010b-00,350
a06-152-10,86
l07-181-00,498
g07-022b-03,352
k04-115-01,450
e06-037-01,202
a01-117u-04,0
j04-076-03,409
a02-046-02,27
h02-043-07,373
g06-047b-05,333
f04-011-09,272
a05-116-08,0
g04-104-00,330
h01-018-05,357
m02-087-05,530
m06-083-06,552
m04-152-03,548
a01-077-00,16
g06-026i-00,340
a05-089-08,0
b06-019-06,128
g06-047m-04,344
c03-007c-06,152
b04-208-01,114
e04-026-01,233
m06-067-01,552
f07-073-00,291
h07-025-08,386
l07-187-01,498
e01-086-01,214
r02-054-04,642
l01-195-06,474
m04-107-06,547
p03-181-04,631
a06-110-05,82
j04-061-04,408
a05-073-02,0
j06-014-06,384
j04-008-05,400
a05-039-04,0
n04-031-01,582
m03-006-01,536
e01-014-05,210
g04-043-03,321
k07-063a-02,454
e04-058-02,236
e04-026-03,233
g02-065-03,305
h07-011-03,355
e04-000-05,158
k04-103-00,448
l04-106-01,488
a06-008-05,67
h04-082-04,383
n06-194-06,551
e07-061-05,246
j07-012-02,393
a04-099-06,64
m04-190-09,549
e01-086-06,214
f02-020-04,260
p02-008-07,594
a02-078-02,34
f07-046a-01,285
p03-181-05,631
g04-092-07,328
g06-047n-00,345
g06-018p-01,347
m04-024-06,544
a02-008-08,23
g04-098-02,329
c02-012-02,140
g06-011i-00,340
r03-035-01,661
a01-030-03,5
k07-141-05,455
a01-063-06,13
a05-044-01,0
l07-181-05,498
b01-038-02,89
e06-021-10,206
e07-101-05,248
p03-151-07,627
f01-085-04,254
j06-005-08,384
l01-133-02,468
p03-047-05,620
h02-012-05,364
e04-022-07,232
j04-046-06,405
d04-071-07,192
b04-187-01,114
b06-090-00,134
a05-025-09,0
k02-067-05,424
c06-020-03,125
a01-102-10,16
a01-053x-07,14
e01-055-08,181
d04-016-00,185
a05-116-06,0
h07-044a-03,388
g06-045n-06,345
r02-013-03,640
a05-025-00,0
l04-102-01,487
f02-003-04,258
g01-043-04,299
l04-102-06,487
a06-057-04,75
h01-014-04,357
j06-022-07,415
d07-085-06,209
f07-019a-08,288
p06-104-02,634
l04-118-07,489
e07-079-05,247
m01-079-05,509
f02-040-09,264
e07-003-00,244
n04-163-08,585
l01-157-07,470
m01-017-06,501
g06-011m-05,344
g04-101-05,329
g02-062-02,304
m04-123-06,547
g06-018c-03,334
a01-003u-03,0
e01-029-03,212
c03-000c-03,152
m03-114-00,542
b06-068-04,131
r02-146-04,655
e06-000-06,206
d04-096-04,195
m01-026-06,503
c03-094a-07,150
e04-030-03,233
a03-073-11,0
f01-135-05,255
g07-047-03,353
f07-046b-02,290
p02-022-02,596
p02-022-00,596
k04-033-04,442
a03-020-01,45
b01-014-01,88
d06-104-04,205
j01-066-08,398
r02-006-01,638
n01-052-05,557
g06-031i-02,340
a05-089-07,0
b01-118-07,93
d01-056-07,178
h06-085-05,384
e02-074-07,223
a03-037-03,50
m04-131-03,547
g06-042o-04,346
f04-064-05,280
g06-011a-00,332
p02-069-06,598
l04-147-05,491
m01-110-00,514
h04-061-07,380
b03-104-08,104
m04-238-02,550
b01-033-00,89
n02-009-03,560
f07-002-01,286
g07-022a-00,351
f04-011-00,272
c03-081b-06,151
n03-079-04,574
d04-028-05,186
r03-110-05,668
n04-075-07,583
a01-003x-06,3
f01-053-03,250
a04-006-04,58
d06-113-04,208
d06-104-09,205
l01-157-06,470
h05-012-02,118
g02-059-02,303
a05-048-04,0
j04-053-04,407
r06-053-03,670
j04-019-00,403
l07-131-06,497
a01-020u-07,0
a02-042-05,26
a06-075-00,78
n01-009-06,553
c06-095-07,131
g07-034-03,352
g04-003-00,239
e06-070-05,207
g06-031e-04,336
g06-018n-09,345
a06-025-05,70
k07-059a-03,454
g06-047d-04,335
k07-185-08,456
n03-079-05,574
d04-111-10,196
g02-073-00,307
j01-063-00,397
c03-016a-06,150
g04-088-10,328
a01-058-01,13
m01-049-09,506
n02-157-05,570
p02-144-11,609
b01-044-02,90
n02-037-00,562
f07-032b-06,289
l04-124-04,489
e06-026-00,205
e04-119-01,243
d06-050-03,174
f07-002-02,286
g06-031r-06,348
p03-009-04,613
g06-037k-07,342
k07-059a-07,454
p03-040-01,619
a06-134-04,85
c02-026-00,141
e04-086-05,240
d04-005-07,184
j04-098-10,412
h01-000-01,356
b02-045-00,96
n06-133-06,588
a03-020-06,45
a05-044-10,0
c03-094d-01,153
b06-100-06,133
k04-119-00,449
a05-009-05,65
b04-154-04,112
m06-098-03,552
g06-031r-04,348
h06-079-08,384
n02-049-05,561
f01-066-08,251
h07-007-01,355
d06-008-02,173
a01-030u-05,0
c03-081b-08,151
b04-034-02,108
p02-081-08,599
a06-064-03,76
a03-020-04,45
b03-114-00,106
c03-087f-03,155
f02-017-07,259
g06-045i-05,340
a06-036-01,71
b04-020-03,107
p03-103-06,567
f04-039-05,277
j04-076-01,409
a03-027-09,47
r06-000-03,635
g06-011e-02,336
j04-098-07,412
r06-003-03,635
h07-063b-04,390
b01-062-06,17
g02-065-01,305
a01-030u-09,0
k04-057-01,444
b06-071-03,128
c03-016d-02,153
b06-100-09,133
c02-012-05,140
n02-033-03,562
h01-004-04,301
r03-090-01,666
c03-084f-04,155
j04-053-03,407
a04-047-08,61
j04-103-05,413
g06-011b-05,333
n02-146-00,81
m03-114-07,542
p02-076-06,599
m01-026-02,503
k04-075-01,446
g07-000a-05,294
f04-049-00,278
d06-060-02,208
n01-009-01,553
g04-098-00,329
r03-090-03,666
a01-049x-07,0
c03-096c-02,152
f04-074-01,282
h01-027-00,360
a03-017-06,44
r02-137-03,654
h04-055-00,379
a04-019-04,59
r02-081-00,648
k01-051-04,417
j04-039-00,404
h07-037-05,386
h04-074-03,382
f07-069-05,291
l04-026-05,481
c06-039-07,123
e01-050-04,213
a05-116-02,0
f07-042b-05,289
d07-082-00,209
n06-074-01,588
h01-030-04,361
l04-066-07,484
g06-037f-00,337
k03-152-03,434
l01-065-08,461
c04-105-06,167
g01-088-04,302
a01-113u-09,0
g01-016-03,296
m01-090-00,511
r02-060-10,643
a05-099-09,0
a05-125-07,0
a02-106-03,37
a05-094-02,0
e06-037-06,202
g06-011f-03,337
e04-103-02,242
n03-097-00,577
a05-104-01,0
g03-064-00,318
e01-119-02,217
l01-187-03,473
f04-011-04,272
d07-085-04,209
g04-098-03,329
k04-149-06,452
h07-078-05,391
d06-015-00,174
m04-072-07,546
k03-157-03,435
a01-132x-06,0
r03-053-06,315
n04-190-00,586
a01-077u-03,0
b05-032-08,116
a01-049u-03,0
n02-098-01,567
f07-039b-07,289
g03-032-01,312
f07-009-06,286
d07-100-08,209
g06-026k-03,342
a01-053x-04,14
d06-003-05,203
m04-164-07,548
m04-019-05,544
m01-090-03,511
h07-075-01,391
c04-044-02,161
p03-004-00,612
b01-062-04,17
d01-056-03,178
f07-042b-03,289
h06-089-10,384
a06-051-07,74
c06-052-02,126
g06-037j-00,341
g06-096-05,349
a05-116-04,0
p01-147-10,589
k02-076-08,425
a01-026x-00,8
n04-039-04,582
a03-080-03,0
p03-087-07,567
g01-039-06,299
m03-110-03,542
a04-099-08,64
e02-074-09,223
b04-187-07,114
g07-071a-05,354
a02-027-09,25
a02-067-02,32
l04-136-06,490
d04-071-01,192
b01-057-08,17
g07-079a-02,285
b04-175-03,113
k04-136-07,451
h07-003-05,355
h07-007-00,355
a01-003x-03,3
m04-038-05,545
d01-080-05,179
c04-044-03,161
d06-067-08,205
e01-025-06,211
k04-115-07,450
f07-069-04,291
g01-016-04,296
l04-179-04,494
g06-031n-04,345
f07-032a-03,288
a04-096-08,64
g03-064-01,318
b05-017-00,115
h04-035-05,377
c03-007b-01,151
j06-018-05,415
r06-076-07,670
f07-016-05,287
d04-012-04,185
m01-100-05,364
h02-017-00,365
d01-098-02,180
h04-055-05,379
l04-153-07,492
g06-050l-06,343
a01-026x-08,8
j04-019-01,403
c03-007a-04,150
d04-050-02,189
m03-062-06,540
k04-005-00,406
m02-048-08,520
d07-093-03,209
k04-017-09,239
a01-063x-04,15
a03-071-06,0
c03-081f-09,155
h07-013-08,385
b06-000-00,123
f04-087-03,283
b05-083-01,121
k04-061-05,444
j01-049-00,395
h04-055-07,379
n04-084-02,584
g06-018p-00,347
c03-003d-06,153
e07-101-02,248
a02-050-00,28
g06-042a-03,332
b01-038-01,89
m06-091-01,552
a01-128u-08,0
a02-111-09,37
a01-058-02,13
c03-021a-07,150
e04-043-00,235
j04-039-03,404
p02-105-01,601
c01-009-02,135
a05-048-09,0
n06-182-06,551
g07-007a-03,294
g03-040-01,313
a01-058x-00,14
g06-011p-04,347
g01-070-07,300
g01-008-08,295
b06-079-02,130
g07-003a-06,294
g04-060-01,324
c04-122-03,164
l04-136-07,490
l01-105-06,464
a05-025-10,0
a04-099-09,64
a01-072x-01,1
a04-069-01,62
k04-103-06,448
a04-027-05,59
d04-125-02,198
g06-050i-03,340
p03-027-02,616
a03-027-04,47
n03-106-08,578
r06-130-06,671
l01-050-01,460
b04-040-01,108
f01-135-02,255
n06-074-03,588
b06-090-02,134
d01-098-03,180
a06-004-01,66
e04-019-07,232
f07-046a-03,285
e07-086-06,247
b01-049-04,90
c04-039-03,161
n04-156-02,585
e07-094-08,248
c03-007a-06,150
g06-037e-02,336
g06-011g-07,338
l04-118-01,489
e07-090-07,247
g06-050d-02,335
g03-032-07,312
c02-035-00,143
n01-004-01,554
g06-037i-01,340
l07-080-03,496
l01-199-08,475
b04-195-02,114
k04-054-08,443
l07-080-09,496
d06-015-02,174
f01-139-07,217
n06-074-04,588
c03-021a-05,150
r06-011-05,635
j07-012-04,393
j06-026-09,415
p02-008-04,594
j04-070-07,409
e04-109-03,242
k03-117-08,431
p02-115-02,603
a05-053-09,0
a04-027-00,59
n02-009-06,560
a01-091u-09,0
g06-031h-03,339
p02-144-07,609
f07-084a-05,292
f04-011-10,272
b04-175-04,113
r03-007-03,658
m06-076-05,552
m01-125-06,516
e01-032-05,212
d04-021-00,186
a01-003u-06,0
l04-012-06,480
m02-048-03,520
a01-113u-06,0
e07-098-05,248
l04-118-00,489
g04-081-05,327
g06-026k-00,342
g06-018l-01,343
g06-026b-03,333
b01-118-06,93
p03-080-06,623
j07-000-05,393
g07-022a-08,351
r06-130-00,671
b06-053-05,127
a03-020-10,45
a06-008-00,67
c03-007-02,156
h06-089-03,384
c03-094d-03,153
h02-019-01,366
r02-089-04,649
g06-042l-01,343
a06-134-00,85
h07-066a-05,389
m04-180-00,548
g01-000-00,217
k07-141-02,455
h04-028-05,376
c04-061-04,163
b04-154-01,112
b05-042-07,117
a03-063-06,55
k04-142-02,452
k02-036-01,421
m06-098-05,552
f07-000-00,285
g06-042n-00,345
k07-185-06,456
e07-003-02,244
m03-062-08,540
e06-049-06,205
a05-084-04,0
b04-026-01,108
r06-035-01,670
f01-053-04,250
g04-092-00,328
a01-003-08,2
r06-115-08,671
g06-047p-06,347
c03-084a-04,150
b06-087-05,134
c02-022-00,140
b04-162-02,113
k07-152-05,456
h04-028-02,376
f04-061-00,280
h06-096-05,384
k02-018-05,418
a06-057-00,75
f02-044-07,265
e06-041-01,202
d06-067-06,205
b05-058-01,118
a06-070-00,77
b02-105-05,99
c03-007a-01,150
e01-035-06,212
r06-115-00,671
a01-011u-04,0
a04-035-06,60
a02-067-03,32
k04-142-01,452
n02-004-02,560
c04-013-02,158
g06-031c-05,334
a01-132u-01,0
c03-007c-01,152
n04-044-05,582
r03-053-07,315
h07-030-04,386
m01-100-00,364
a01-087u-07,0
k04-093-04,447
a02-093-01,26
p03-181-09,631
a04-010-02,58
h07-030-09,386
d03-112-05,182
f02-038-00,263
l04-174-05,494
f02-033-07,259
g06-026c-04,334
r03-035-02,661
k03-164-01,436
j07-012-08,393
h07-051b-05,388
a05-039-03,0
g07-074a-10,354
n04-130-00,585
a01-132x-03,0
g06-031n-07,345
l01-133-08,468
k07-158-08,456
f04-093-06,193
l01-030-04,459
k04-039-07,439
h07-040-03,388
d06-046-00,173
p03-087-03,567
g01-083-05,301
d05-008-05,199
c03-087a-06,150
g07-077a-07,354
g07-026a-01,351
f04-035-02,276
a03-063-05,55
g06-042n-06,345
a01-072u-02,0
f04-046-03,278
g07-028a-01,351
g03-064-05,318
c03-096a-02,150
h07-030a-06,387
p02-076-05,599
a04-096-01,64
d06-027-02,206
n06-100-06,588
k02-062-04,423
e04-083-04,239
g06-026l-04,343
c02-007-05,139
a03-011-01,42
b06-027-06,129
a06-008-04,67
a05-121-02,0
a05-058-07,0
h06-085-02,384
g06-018k-04,342
h02-028-05,369
c06-083-01,174
d04-016-03,185
k07-158-01,456
l04-113-05,488
c02-017-08,139
c02-082-03,148
k04-050-06,443
l04-179-00,494
g06-011h-03,339
h07-040-01,388
j06-051-07,415
l01-173-02,471
g06-045l-01,343
b06-042-04,131
c03-096d-03,153
g07-028a-00,351
g01-045-02,299
h06-089-11,384
p03-072-03,622
c03-007b-00,151
m02-109-03,534
f04-028-02,275
a01-107u-05,0
f07-092a-00,292
a01-091-10,16
m04-100-06,546
g07-065-08,354
d05-008-06,199
m01-017-00,501
g01-088-03,302
r03-056-01,663
d04-071-02,192
b04-187-02,114
f07-009-07,286
d04-111-00,196
l04-052-05,483
g03-049-03,315
a01-038-01,7
a04-085-05,63
k04-033-06,442
g04-081-02,327
m04-251-00,548
r06-007-01,635
a01-107-01,18
a06-119-01,84
n04-218-07,587
p06-052-00,634
n03-120-01,580
h07-080a-05,392
h02-037-03,371
a01-072x-06,1
b06-045-04,132
k04-079-08,446
h06-082-02,384
n01-020-00,555
g04-032-05,274
d06-076-05,203
a02-111-10,37
c02-078-07,147
f07-042a-04,285
p06-047-08,634
f02-076-01,266
r03-065-03,664
b01-033-04,89
m01-125-03,516
b02-097-08,97
c06-000-06,130
g06-031l-06,343
a02-120-08,39
e01-059-06,213
h01-027-02,360
b01-122-00,93
d06-027-05,206
a04-059-00,61
g06-045k-00,342
p03-121-05,624
f07-084b-04,291
a05-073-05,0
g04-092-02,328
l01-111-00,465
c06-103-09,129
p06-088-03,634
b04-103-00,110
c02-026-06,141
c02-026-08,141
n02-040-03,563
h06-000-00,349
n01-045-04,555
r06-090-00,671
d01-080-07,179
h07-071a-05,390
a05-094-01,0
c03-000a-06,150
m04-164-02,548
d04-111-08,196
b04-026-05,108
d06-008-06,173
e04-019-05,232
n04-060-01,583
a03-014-08,43
n03-066-02,573
h04-082-00,383
g02-065-04,305
g06-011a-10,332
c03-084b-03,151
g06-096-00,349
m06-076-03,552
c04-165-00,172
a01-122u-01,0
c03-021d-04,153
d01-049-03,177
d07-085-07,209
j04-053-00,407
d01-060-04,178
g06-026b-07,333
e06-033-00,207
h07-020-03,385
b04-010-03,107
m04-100-03,546
c06-076-05,128
c03-096b-02,151
g06-042p-03,347
n02-114-00,315
n03-064-05,572
g01-043-08,299
r02-137-04,654
l04-052-01,483
b06-110-01,126
r06-027-06,635
c03-081a-01,150
c02-078-02,147
k03-144-08,433
a01-007-08,4
g04-063-08,324
c06-005-08,125
g06-115-01,349
a05-069-00,0
n04-163-02,585
a04-092-04,64
k02-029-05,420
c03-087a-02,150
a01-053-07,13
k07-134-06,455
f04-007-03,273
f01-135-06,255
a04-099-02,64
m02-055-10,522
g06-050r-03,348
b06-064-01,133
n03-103-09,577
n01-000-05,553
f07-032b-10,289
g06-031c-03,334
h07-000-03,355
n04-031-05,582
g06-045b-00,333
k02-093-04,426
n02-151-00,568
a01-011-03,5
a03-063-10,55
g06-011g-06,338
g06-045n-04,345
g06-026n-01,345
n04-163-05,585
a04-047-01,61
e06-033-09,207
r02-131-03,653
r06-111-08,671
k04-028-01,442
b06-042-08,131
g06-018a-02,332
j01-042-02,394
g01-074-00,300
g06-093-01,349
m06-067-06,552
d04-037-04,187
p03-004-04,612
g06-037n-02,345
c03-094e-01,154
r03-030-04,660
b01-014-02,88
g06-031m-08,344
g06-042i-04,340
p02-076-08,599
f01-147-07,256
a01-117u-07,0
c03-003d-07,153
m04-038-02,545
g03-000-00,308
a05-013-04,0
g06-018l-02,343
e07-098-00,248
l04-093-00,486
h04-071-01,382
f07-036-00,289
b04-154-05,112
a05-080-00,0
d06-060-07,208
g06-037j-05,341
n04-048-04,583
b01-009-04,87
k02-029-03,420
l01-143-04,469
b05-050-02,117
n04-149-04,585
g06-050e-05,336
n02-009-02,560
c03-003e-05,154
g01-031-03,298
h06-089-07,384
g06-047j-06,341
h07-078-03,391
b02-013-01,95
b04-169-04,113
d06-067-02,205
k04-115-04,450
h07-084-05,392
n04-107-03,584
e02-025-10,222
r02-060-01,643
e04-099-00,241
l04-005-06,480
f07-042b-07,289
g06-018g-06,338
b01-079-10,91
g06-042m-06,344
g06-037o-03,346
b04-128-01,111
p02-008-05,594
g06-045k-04,342
m02-066-00,524
p06-042-06,634
h02-012-02,364
g07-018a-06,351
d06-091-00,202
g03-064-03,318
g06-093-05,349
g04-063-09,324
m06-056-02,552
a01-043-08,12
p01-155-07,590
r03-030-05,660
f02-030-00,261
c04-050-00,162
a01-128u-03,0
h06-082-00,384
l07-172-06,498
d06-060-09,208
a05-080-07,0
n06-163-08,551
a02-116-03,38
l01-023-00,458
h07-033a-10,387
h07-084-02,392
g01-012-05,296
p03-004-03,612
p03-112-06,567
j01-045-01,394
l01-187-05,473
r06-035-04,670
n02-033-07,562
g07-026a-05,351
l07-131-01,497
g06-042r-02,348
g07-042-02,353
c03-084e-07,154
g04-088-09,328
g06-042f-02,337
g06-050n-07,345
g06-037c-06,334
h06-079-00,384
j04-115-06,414
a01-014u-01,0
g06-011j-02,341
k04-079-05,446
d04-121-06,197
h07-011-05,355
d01-019-03,175
c02-078-08,147
m02-075-02,527
g06-050j-05,341
f02-038-01,263
e01-022-04,211
k02-036-06,421
c03-096a-04,150
g06-018n-07,345
e04-086-02,240
l04-062-00,483
a01-122-04,19
h01-007-07,356
r06-027-01,635
a02-086-07,36
g06-050b-04,333
g06-011f-04,337
c06-014-01,129
h07-069-06,391
a02-098-04,26
k02-067-01,424
j04-070-04,409
d06-100-06,207
f04-011-06,272
a06-152-08,86
b01-049-00,90
b04-154-02,112
g04-017-00,274
f02-033-01,259
a01-000x-03,1
h07-033-03,386
n03-091-00,576
m01-079-06,509
c06-014-08,129
a01-007x-00,3
b01-014-06,88
c02-003-08,138
c03-084a-03,150
l04-043-08,482
g06-018n-00,345
a01-077u-05,0
n02-033-09,562
e01-050-07,213
g06-050c-01,334
f07-021b-08,287
l04-066-03,484
c06-076-09,128
a04-003-07,58
d06-003-02,203
g06-018g-01,338
n04-213-03,587
f07-081a-01,292
h07-084-06,392
l04-026-03,481
h07-028-01,386
n04-195-00,586
g06-031c-01,334
h02-024-04,368
p02-101-03,600
p06-042-02,634
m04-038-00,545
a01-072u-03,0
f04-093-05,193
a04-043-07,60
h07-087-02,393
l01-143-01,469
b06-049-07,124
p03-096-06,567
e02-091-07,226
b06-008-07,125
m02-106-04,527
m01-095-03,512
h07-028-05,386
r02-006-02,638
a02-072-03,33
g06-109-03,349
k02-097-05,427
c04-075-02,164
p03-135-06,625
g04-077-01,326
l01-199-00,475
k02-117-08,430
a04-043-08,60
c03-094d-07,153
m02-072-03,526
c04-056-00,162
a01-020x-04,10
f04-007-04,273
a01-049-01,12
b05-079-01,120
g06-031b-09,333
e01-113-03,216
d06-015-03,174
j01-059-06,396
a01-000x-01,1
c03-084b-01,151
g06-018o-09,346
f07-016-04,287
g06-050o-06,346
c03-087a-01,150
g04-104-02,330
a02-004-01,22
a05-044-02,0
d05-030-04,199
g07-071a-10,354
a05-108-04,0
f02-033-06,259
d04-066-04,191
m04-043-01,545
b05-045-01,117
h01-027-06,360
k04-017-02,239
f07-046b-03,290
l01-199-04,475
m01-149-04,518
a05-099-06,0
e07-076-05,247
b04-089-07,110
g06-045i-00,340
c03-016c-01,152
g07-069a-08,354
a05-017-09,0
d04-021-05,186
n02-146-04,81
c04-160-08,171
k04-057-00,444
l04-124-09,489
c03-000d-02,153
p02-127-05,605
h02-008-06,363
e01-092-05,215
n02-114-08,315
a03-073-05,0
b06-100-00,133
p02-027-03,597
b04-103-02,110
g07-003a-03,294
k04-010-02,440
f07-084b-05,291
n04-100-02,584
c03-081c-00,152
h02-012-00,364
a06-124-01,85
r03-056-04,663
m04-043-03,545
c02-049-04,144
r06-121-08,671
n04-075-03,583
h02-022-07,367
c04-156-05,171
g06-011l-03,343
g06-018p-02,347
d04-021-02,186
k02-076-01,425
n04-171-06,586
g07-007b-04,350
d03-117-02,183
a05-022-02,0
g06-011e-01,336
g04-014-00,273
b02-102-01,98
a02-004-05,22
n02-062-07,565
d06-086-09,208
a01-128u-10,0
g07-079a-11,285
g06-045f-05,337
m02-112-02,535
p02-076-03,599
g06-026o-03,346
c04-028-00,160
g06-026f-03,337
c03-096d-00,153
b06-075-04,124
g06-037h-09,339
n02-004-05,560
d01-060-01,178
h07-028-09,386
g06-047o-04,346
d04-053-05,188
d06-050-02,174
n03-066-04,573
d04-071-06,192
f04-049-05,278
r02-137-01,654
g07-044-00,353
d06-008-05,173
g01-039-05,299
b06-008-06,125
r03-035-08,661
p03-135-00,625
g06-050n-02,345
a01-058-05,13
h07-037a-04,387
k07-152-02,456
e06-070-07,207
m04-190-05,549
l07-190-03,498
h07-028-08,386
h07-030-08,386
b04-195-04,114
e07-098-06,248
k04-149-00,452
n04-100-00,584
a01-043x-01,11
g06-042g-04,338
l03-008-09,478
c03-000c-00,152
n02-049-02,561
p02-127-04,605
l07-181-08,498
k07-085-05,454
b06-068-10,131
m04-081-00,546
k04-000-01,439
d04-032-10,187
k04-033-05,442
j06-014-07,384
p06-058-02,634
f04-057-00,279
a01-122u-02,0
k07-176-06,456
f07-088b-01,293
g06-047l-04,343
g04-068-08,325
r03-065-05,664
a01-026u-08,0
h02-028-07,369
a01-082u-09,0
c04-050-01,162
g06-037o-00,346
g06-042m-05,344
c04-134-01,169
k07-125-05,455
m06-106-06,552
a06-014-02,68
f07-084b-03,291
g06-026i-03,340
c04-128-01,165
c03-094f-09,155
g06-050h-05,339
g06-050e-01,336
n06-128-05,588
m02-048-07,520
c04-156-04,171
a05-089-06,0
c04-028-04,160
e01-102-06,215
n01-036-04,556
a04-103-00,64
c03-096e-05,154
m02-072-00,526
p03-027-05,616
a01-132x-07,0
g03-052-01,316
m04-138-06,547
p03-189-04,633
p03-173-00,630
m04-113-00,547
g06-037i-04,340
g06-045p-05,347
b04-066-04,109
g07-022b-02,352
f07-096-02,293
a03-054-04,53
g06-018i-03,340
d06-020-04,173
h07-003-03,355
h01-024-02,359
a04-099-05,64
a01-003x-02,3
c06-052-03,126
c04-061-00,163
h07-040b-02,387
a05-017-00,0
c03-084a-02,150
f02-036-01,262
b03-025-06,100
b05-062-00,118
a02-000-01,21
k03-144-03,433
g06-037p-00,347
h02-017-06,365
g06-047g-04,338
d04-016-08,185
p03-009-00,613
a02-090-02,26
e07-101-01,248
a02-050-03,28
e02-094-06,227
r06-062-04,670
b03-025-04,100
m04-019-04,544
c03-007b-03,151
g06-045b-03,333
l04-066-05,484
k02-117-06,430
a02-027-07,25
g06-031j-05,341
a04-081-02,63
a04-085-09,63
g06-011f-06,337
r03-084-00,665
g06-047n-01,345
h07-037-09,386
k02-062-08,423
a05-121-09,0
a01-049u-01,0
m01-012-10,500
n02-114-09,315
g07-065-07,354
j07-015-03,393
j06-030-00,415
g04-088-11,328
a01-049x-10,0
f07-019a-06,288
c06-011-02,173
n02-120-04,315
h02-017-04,365
g07-018a-04,351
n01-052-06,557
m02-059-06,523
m04-200-00,549
m03-114-02,542
b03-092-03,102
n03-126-03,581
a01-096u-04,0
k04-064-04,445
h01-000-03,356
c06-091-01,132
g01-034-07,298
e07-108-03,248
g01-019-02,296
m01-079-04,509
g03-004-05,309
n06-128-01,588
n06-111-01,588
h04-049-09,378
f07-032a-04,288
j04-046-07,405
f02-000-01,257
c02-017-04,139
j06-005-09,384
g06-037p-02,347
g04-101-01,329
d03-117-03,183
b03-109-07,105
f07-081b-01,291
c04-139-01,169
p02-090-00,598
m04-061-02,545
n03-097-05,577
n02-157-01,570
g06-011m-09,344
c03-087e-00,154
m02-055-04,522
k02-097-06,427
p02-076-01,599
g06-042c-05,334
l01-119-05,466
g06-031n-09,345
p03-033-00,618
c02-056-08,145
a01-030-07,5
d05-021-03,199
a02-004-00,22
p02-131-03,606
j04-024-09,403
h04-049-01,378
c03-000a-05,150
a05-073-08,0
e07-061-04,246
m02-090-05,531
e01-018-02,210
b06-056-01,125
a04-003-06,58
h07-080a-09,392
a02-078-00,34
f01-075-06,253
m01-000-02,499
a01-014-06,7
m02-090-01,531
j06-022-05,415
a06-152-00,86
r02-038-00,641
b06-071-05,128
f01-081-03,254
g06-042b-06,333
l01-105-08,464
a06-004-02,66
a04-000-02,58
a06-044-01,73
n02-146-06,81
a01-091u-05,0
m01-049-10,506
c04-017-06,159
c03-084f-03,155
j04-080-00,410
g06-037l-03,343
l01-143-00,469
j01-066-03,398
g06-011a-02,332
g06-045n-03,345
h07-071-01,391
k04-093-08,447
c04-028-07,160
m04-000-02,544
f07-084a-07,292
r02-054-05,642
g06-031d-04,335
k02-097-01,427
j07-005-04,416
f07-101a-04,294
m06-019-02,551
h02-022-04,367
b02-045-02,96
r06-115-05,671
e06-049-00,205
g06-037i-00,340
m04-007-04,544
c03-084a-05,150
f04-087-01,283
p03-151-06,627
g06-050a-05,332
a05-121-07,0
d06-011-05,204
h01-027-04,360
a01-003-03,2
b03-092-01,102
b06-075-10,124
f07-032b-01,289
g07-084-02,355
a06-004-03,66
d04-089-00,194
n06-201-00,551
g04-055-06,323
b04-128-05,111
f02-076-09,266
b03-098-02,103
k07-152-03,456
c03-000d-07,153
g04-055-09,323
b01-004-07,87
h04-071-00,382
k04-075-04,446
g06-031r-00,348
d01-056-08,178
g04-011-02,273
m06-056-04,552
h02-012-04,364
c03-021c-04,152
p06-030-05,634
b05-017-03,115
p02-000-00,593
n03-106-07,578
m01-090-01,511
n04-163-07,585
g06-042g-03,338
k02-093-01,426
m02-083-02,529
r06-143-01,635
p02-090-05,598
r02-127-02,652
k04-000-03,439
c03-094d-05,153
c04-116-00,168
p03-163-04,629
p03-112-01,567
j04-015-08,402
e06-021-01,206
g06-018p-06,347
a02-086-02,36
g06-042o-01,346
r02-089-10,649
e06-006-02,202
f04-068-02,281
n01-052-07,557
d04-131-04,198
n06-123-00,588
f04-083-07,283
g06-050r-04,348
g07-014-04,351
p01-147-04,589
b01-033-01,89
r03-050-03,662
p03-012-08,614
c06-011-06,173
k02-117-03,430
d05-030-00,199
c03-003c-01,152
n02-033-00,562
p03-080-00,623
m02-069-07,525
p01-155-01,590
d05-021-05,199
g06-050h-03,339
j06-026-04,415
k02-097-03,427
e07-061-09,246
r03-110-02,668
a01-049-05,12
g06-047f-01,337
f03-174-04,268
h02-017-07,365
n06-148-06,551
m02-059-04,523
f04-053-03,279
h07-071a-03,390
c06-043-07,133
d06-037-07,207
a01-043u-03,0
a06-039-00,72
a02-012-04,24
l07-074-00,495
e07-094-00,248
a02-120-09,39
g06-031n-10,345
a04-039-08,60
j01-070-04,399
h01-027-01,360
l04-153-00,492
c03-021b-07,151
b06-097-06,123
b06-023-05,123
e04-026-06,233
d05-021-02,199
b05-058-05,118
g01-019-09,296
f07-024a-08,288
c06-011-08,173
c06-031-04,130
b05-017-01,115
p03-163-03,629
e04-091-00,241
l01-000-05,457
h01-024-03,359
d04-028-00,186
n04-048-03,583
g07-071a-01,354
p06-030-06,634
g01-031-04,298
r02-013-00,640
d01-123-07,181
p03-057-04,567
g04-011-04,273
m06-083-00,552
l03-000-04,476
a06-090-06,79
r02-078-05,647
c04-066-02,163
n04-139-06,585
a03-014-05,43
f04-032-08,276
c02-089-05,149
n04-209-05,587
n06-082-04,588
a02-062-06,31
k04-068-02,445
l07-080-06,496
a04-085-00,63
f07-028b-11,289
a04-015-03,59
a03-034-04,49
g06-031e-00,336
n01-031-03,555
l07-052-00,495
a06-124-05,85
a01-113-05,18
d04-058-01,190
b01-136-03,94
h07-030-00,386
b04-020-06,107
m06-106-09,552
g06-042b-03,333
f07-101a-05,294
n02-037-05,562
k02-067-00,424
d06-027-06,206
r06-103-00,671
d01-104-08,180
b05-083-05,121
p03-163-02,629
b05-098-05,121
g04-108-00,330
j04-111-03,414
m04-216-02,549
k04-079-04,446
g06-045d-04,335
c04-134-00,169
l07-080-04,496
f07-039b-05,289
r03-026-08,659
p03-072-04,622
b04-054-05,109
p03-158-00,628
a01-091-04,16
l01-179-06,472
f07-013-09,287
a01-077u-06,0
b01-132-02,94
f04-004-03,272
m04-145-02,548
c06-047-05,132
g04-088-07,328
a02-111-05,37
c03-081d-07,153
h06-082-10,384
g04-003-08,239
a06-014-03,68
a01-026-08,9
a05-062-08,0
d01-019-02,175
c04-150-03,170
e02-117-05,229
f01-139-05,217
a05-017-07,0
j01-045-08,394
j04-061-01,408
c03-007b-06,151
b04-202-00,114
h07-030-06,386
m06-031-06,552
g06-037f-06,337
g01-012-00,296
h02-043-04,373
b01-073-00,91
b02-105-02,99
m01-104-03,513
a01-117-08,19
f04-079-01,282
h07-040b-09,387
n03-120-07,580
h04-061-02,380
a04-003-03,58
r06-066-04,670
c04-160-07,171
h02-004-07,362
g07-074a-01,354
l01-065-06,461
a03-020-08,45
r06-137-09,671
a01-014x-02,8
e06-037-10,202
e07-012-07,246
e02-000-02,218
a05-094-06,0
g04-077-00,326
g06-011o-00,346
b01-044-05,90
p03-096-07,567
h04-021-00,330
b06-110-07,126
p03-103-03,567
n06-123-04,588
g07-026b-04,352
k07-176-01,456
g06-011i-07,340
a04-081-07,63
c03-081f-05,155
l07-111-01,496
l07-103-02,496
h01-004-01,301
b05-088-06,122
h01-027-09,360
l01-095-00,463
p02-069-01,598
a03-009-00,41
d04-066-03,191
n04-149-00,585
g06-018b-00,333
c06-076-02,128
m01-032-06,504
a02-057-02,30
a05-113-03,0
a05-108-02,0
g06-037m-10,344
j04-103-00,413
k02-076-09,425
b01-023-01,88
e07-012-05,246
g07-069a-06,354
c03-094e-08,154
g04-098-06,329
j06-014-01,384
g03-052-03,316
a05-053-03,0
n04-052-06,583
h06-085-07,384
n01-000-06,553
r06-115-10,671
d06-100-07,207
m06-031-04,552
l04-034-01,482
g06-042p-04,347
a01-107u-01,0
j06-000-08,384
b05-042-06,117
p03-069-00,621
m04-190-03,549
c03-000f-08,155
e07-098-08,248
r02-089-03,649
g06-037e-01,336
g01-083-03,301
d07-102-04,209
a05-108-03,0
p02-109-06,602
f07-081a-09,292
m01-160-01,519
h04-007-00,330
b05-055-01,118
c03-087b-04,151
e01-119-05,217
l04-020-01,481
n02-109-07,315
l04-043-04,482
f04-074-10,282
f01-075-02,253
e07-076-02,247
j06-014-03,384
e04-052-04,235
n06-082-00,588
h01-018-02,357
e04-038-06,234
k07-122-04,455
j01-066-10,398
m02-083-09,529
g04-014-05,273
h02-049-04,375
a05-089-00,0
h07-080-03,391
l07-118-04,497
n04-114-07,584
g06-031m-04,344
l01-195-07,474
a06-036-07,71
n04-114-01,584
b01-057-10,17
m01-110-10,514
g06-011n-05,345
a01-014-08,7
a01-091-03,16
h07-033a-02,387
b02-045-04,96
m04-019-00,544
e07-086-08,247
f07-046a-02,285
e02-025-03,222
m01-149-07,518
e07-066-06,246
n06-186-04,551
l01-133-07,468
g06-011p-07,347
f07-019a-04,288
e01-092-01,215
l03-004-06,477
c02-003-01,138
k07-141-00,455
h01-014-00,357
a02-017-02,25
e07-000-03,85
p03-004-10,612
r06-041-07,670
f07-032b-07,289
b04-175-06,113
a06-157-00,85
j01-070-05,399
a01-091-00,16
d04-050-00,189
k04-163-03,453
g06-050k-01,342
j07-005-01,416
h01-024-08,359
f07-042a-02,285
n06-201-03,551
a02-102-00,37
l07-181-07,498
b05-050-03,117
c03-021b-06,151
h04-078-06,383
h01-030-08,361
c04-122-02,164
b04-047-01,108
e07-083-04,247
g01-000-05,217
h01-004-00,301
l07-138-04,497
l07-181-04,498
h07-033a-05,387
c04-008-08,158
h07-017-01,385
l07-138-05,497
f02-044-10,265
g06-045a-01,332
a04-089-04,63
c03-084d-07,153
g07-042-08,353
e01-081-05,214
c02-017-05,139
a05-069-03,0
d06-100-03,207
d01-123-01,181
n02-109-03,315
b04-096-04,110
l07-080-00,496
n01-000-03,553
b05-032-00,116
a04-059-06,61
d04-008-01,184
k02-053-00,422
p03-047-00,620
n06-082-07,588
b01-033-03,89
f07-024b-08,287
a02-124-01,37
g06-042c-03,334
h07-057a-03,389
a04-043-00,60
b04-107-02,111
r06-070-03,670
e02-021-06,221
k04-054-07,443
a01-117-04,19
m04-000-07,544
m04-231-06,550
g06-018a-01,332
h07-071-03,391
b04-195-01,114
l07-111-03,496
k03-164-05,436
n03-103-06,577
g06-031g-05,338
g06-018h-05,339
c04-156-02,171
h04-074-04,382
g06-018n-03,345
g06-018i-01,340
b04-089-03,110
n02-114-04,315
c03-016e-07,154
g06-011n-00,345
g06-047h-04,339
k02-093-03,426
m04-107-01,547
a03-006-02,40
a03-054-10,53
r06-022-07,635
g04-036-01,320
c03-016e-00,154
m03-006-03,536
p06-047-09,634
e02-021-08,221
j04-024-00,403
g06-045o-08,346
c04-013-03,158
k02-029-00,420
c03-000e-05,154
c03-007c-02,152
c06-005-07,125
g06-045d-06,335
f01-070-07,252
a01-049-09,12
p02-144-10,609
d01-052-04,177
m04-216-04,549
g06-037h-02,339
n06-182-00,551
g06-011j-09,341
g06-045j-07,341
g01-067-05,300
g06-042e-04,336
l07-085-06,496
k04-103-02,448
d07-102-02,209
e07-066-02,246
c03-096d-07,153
k03-157-01,435
a01-014x-01,8
e04-030-01,233
a01-077u-02,0
n02-000-05,559
a01-003x-07,3
m01-012-02,500
a01-117u-01,0
n06-169-04,551
d01-098-05,180
e01-102-02,215
k04-136-00,451
a01-113-02,18
g03-004-01,309
c01-066-08,136
b01-053-01,90
a01-063x-03,15
n06-163-05,551
g06-047m-00,344
a01-014x-05,8
d04-012-05,185
f04-079-05,282
g06-018r-03,348
h07-057a-00,389
c06-103-07,129
c04-098-02,166
h02-019-08,366
a02-057-03,30
a05-084-02,0
h02-040-06,372
g02-059-00,303
k02-053-03,422
j06-051-04,415
g06-050d-05,335
b04-202-01,114
f07-013-02,287
a01-117u-00,0
c02-026-02,141
g07-030-01,352
n06-123-05,588
m03-110-05,542
n02-082a-02,566
p02-076-04,599
g06-037d-04,335
d01-080-04,179
a02-067-06,32
a05-080-05,0
h07-023-08,385
r02-109-03,650
e06-021-06,206
a06-008-01,67
h01-010-03,357
a05-004-00,65
r02-137-00,654
p03-121-02,624
d06-025-05,205
f07-028a-05,288
c03-021c-06,152
k04-000-04,439
h02-043-01,373
e02-091-08,226
g01-031-10,298
p03-069-02,621
n02-033-08,562
j01-066-02,398
g02-059-05,303
f04-028-03,275
c03-016a-08,150
a01-128u-07,0
a01-053x-00,14
a01-020x-07,10
g06-018a-07,332
a01-091u-04,0
g07-010b-07,350
d04-053-04,188
e04-034-03,234
n04-075-06,583
p06-104-01,634
a03-014-03,43
k02-036-02,421
g07-018a-02,351
n06-194-07,551
e04-038-02,234
p06-242-03,635
p02-081-01,599
n04-068-06,583
m04-180-01,548
j07-005-06,416
a02-037-08,26
h07-071-09,391
f04-016-04,272
e04-022-00,232
h02-012-09,364
g01-019-01,296
m04-107-05,547
f07-039a-04,285
h07-040b-01,387
a01-087u-00,0
m04-246-00,550
f01-053-02,250
a02-102-03,37
b05-017-02,115
r03-030-03,660
a04-059-05,61
p02-022-05,596
g04-095-06,273
m01-049-02,506
a02-106-05,37
a01-117-01,19
c03-084e-06,154
g06-050n-04,345
d04-058-04,190
g06-042m-00,344
e07-066-00,246
j06-056-02,415
j06-030-01,415
r06-137-01,671
r02-065-01,644
a01-000x-04,1
e06-006-05,202
g06-047f-02,337
p02-144-05,609
a03-027-07,47
f07-006-02,286
b06-032-03,130
g06-105-05,349
g07-000a-04,294
l04-098-06,487
n03-082-00,575
g06-011o-10,346
g06-037n-03,345
n06-111-07,588
h04-000-01,239
a03-059-08,54
h07-013-07,385
c04-044-04,161
d01-104-02,180
a02-020-04,25
g07-018a-05,351
e02-082-02,224
f04-087-05,283
l07-190-02,498
f07-081b-00,291
p01-155-03,590
g06-011g-01,338
c06-087-06,126
b05-038-07,117
d07-102-06,209
a03-034-03,49
a01-003u-10,0
p01-155-05,590
r06-041-06,670
p02-105-03,601
r03-053-08,315
b06-019-01,128
e04-119-04,243
d06-111-00,203
d06-107-05,204
a01-003-00,2
c03-007d-02,153
l04-034-08,482
f07-039b-02,289
h04-007-04,330
a06-051-06,74
h07-044a-06,388
h01-030-07,361
a02-106-06,37
b06-027-05,129
g07-028b-06,352
m02-090-06,531
j04-115-07,414
a06-039-06,72
e02-094-07,227
d06-046-07,173
g06-042e-03,336
l01-179-01,472
l07-085-01,496
g06-031g-01,338
n06-123-09,588
j01-063-05,397
c03-007e-03,154
b02-102-06,98
g06-031e-03,336
c04-061-03,163
k02-097-00,427
g06-026g-03,338
p06-042-03,634
k04-022-01,240
c03-007-07,156
c03-096f-02,155
m02-069-02,525
g07-030-06,352
d07-082-03,209
g04-017-03,274
k02-023-00,419
g06-011b-07,333
m04-190-01,549
g07-069a-00,354
n06-074-02,588
d01-016-02,175
c03-081f-00,155
c02-022-02,140
g07-050-02,353
c03-007f-02,155
g06-018e-05,336
n06-163-06,551
g06-011n-01,345
g06-011c-04,334
g06-031g-02,338
h07-060a-06,389
r02-078-04,647
e01-025-04,211
a02-111-00,37
j04-070-06,409
n03-106-09,578
r06-003-05,635
a04-081-00,63
m02-075-00,527
g06-011c-07,334
r06-007-02,635
n02-040-06,563
a02-000-00,21
l04-163-07,493
m02-072-06,526
l01-143-02,469
p02-101-05,600
e06-041-02,202
p03-087-02,567
h02-043-08,373
g02-059-06,303
h07-071a-04,390
g02-062-06,304
d05-021-01,199
g07-003a-05,294
k04-115-00,450
h06-089-09,384
n02-154-05,569
f04-087-04,283
n04-149-01,585
j04-080-01,410
b04-020-04,107
g06-018m-04,344
e04-109-04,242
d01-118-01,181
l04-005-05,480
c03-016e-02,154
g07-007a-06,294
a03-073-06,0
g05-087-02,331
b05-079-04,120
f01-085-05,254
n03-038-02,571
k02-062-05,423
c03-000f-00,155
g06-018p-03,347
k04-142-05,452
g06-050p-00,347
g01-027-00,297
g07-074a-03,354
m04-043-04,545
b04-066-06,109
r03-110-07,668
d05-025-00,199
j07-015-04,393
a03-059-10,54
b06-097-07,123
g04-063-04,324
b04-096-03,110
g06-037k-03,342
m04-246-04,550
g07-003b-01,350
h07-071-04,391
m04-024-05,544
j07-005-05,416
k03-152-00,434
b06-053-08,127
g06-037r-07,348
b06-042-03,131
g06-037k-06,342
h07-051b-04,388
b04-195-03,114
a01-096u-05,0
c02-007-07,139
a01-063-08,13
b06-059-09,130
a01-014x-08,8
a01-122u-03,0
a06-051-05,74
r02-054-00,642
h07-063a-08,389
m01-110-11,514
c03-007d-05,153
a04-096-09,64
g06-031o-09,346
f07-019a-01,288
f07-042a-07,285
a03-080-02,0
e07-012-02,246
n06-175-08,551
k02-018-03,418
e01-107-04,216
h02-019-03,366
j04-111-04,414
p03-057-02,567
r06-007-03,635
a01-011u-01,0
e07-083-08,247
c06-111-05,124
f04-004-05,272
c03-016b-04,151
h02-017-01,365
r03-035-04,661
h07-080a-01,392
h01-024-00,359
b05-074-04,119
f04-028-08,275
c04-004-04,157
c04-134-03,169
e07-112-05,249
h01-030-02,361
b01-027-00,89
e04-124-01,243
g06-011m-04,344
g07-022b-06,352
a04-015-06,59
h06-096-01,384
f07-021b-02,287
g07-022a-05,351
f01-070-03,252
a06-070-05,77
a04-019-03,59
a05-099-07,0
m04-152-04,548
a02-090-05,26
p03-012-04,614
g06-037c-07,334
g06-011p-01,347
c06-106-10,127
c02-089-03,149
e04-004-03,230
n01-004-05,554
e04-015-04,231
c04-056-03,162
k02-112-02,429
g06-018e-04,336
b01-118-05,93
e04-062-04,237
m06-106-07,552
j07-015-00,393
g06-042d-00,335
k02-097-04,427
b03-087-04,102
d01-052-06,177
a02-116-05,38
c06-005-05,125
p03-135-01,625
c03-021b-01,151
g07-014-00,351
g06-026k-06,342
a01-122-00,19
n04-084-04,584
h06-096-04,384
c04-150-05,170
g06-018b-01,333
b04-140-05,112
p03-027-00,616
k04-136-04,451
b06-087-08,134
j04-024-04,403
b06-056-05,125
p03-012-03,614
a01-072x-04,1
a05-069-02,0
a05-089-04,0
h07-066b-06,390
p03-072-00,622
p03-033-05,618
m01-060-05,508
n02-104-06,315
a06-128-02,84
g06-018i-00,340
m01-104-06,513
e04-062-03,237
g01-000-06,217
g07-074a-02,354
d04-089-01,194
g07-034-02,352
h06-000-04,349
p02-135-00,607
f01-053-07,250
g04-036-07,320
r03-053-00,315
h06-092-07,384
g06-011r-00,348
m02-080-08,528
m01-121-05,513
r06-143-04,635
b06-056-00,125
a01-007-01,4
g06-047k-04,342
m06-098-04,552
p03-069-01,621
g06-026h-04,339
g04-060-06,324
r06-062-07,670
n04-022-02,582
a06-128-07,84
b01-073-02,91
f04-068-06,281
g06-031o-10,346
m03-095-03,541
d05-025-04,199
g06-018k-00,342
m02-048-04,520
j04-008-06,400
f07-009-00,286
f01-081-04,254
n03-113-03,579
g06-018c-00,334
a01-026u-04,0
c06-011-01,173
a04-085-02,63
k03-152-01,434
g04-088-04,328
p06-069-10,634
r03-035-03,661
g06-037r-03,348
g07-034-05,352
f04-035-04,276
d04-053-08,188
m04-131-05,547
f07-076a-07,292
m01-022-04,502
e01-025-01,211
k04-115-02,450
a06-134-06,85
k07-176-10,456
m01-032-04,504
e06-053-02,208
a01-014x-00,8
b02-035-02,95
f07-039a-03,285
b06-100-04,133
b01-044-06,90
l07-085-00,496
k07-085-03,454
p01-155-06,590
d06-008-04,173
j04-103-04,413
n04-156-00,585
c03-087c-03,152
a01-091u-03,0
n06-186-01,551
b03-109-05,105
a03-071-08,0
a05-017-02,0
g01-070-04,300
a01-132-06,20
g06-050c-05,334
e06-026-09,205
b04-026-00,108
g06-045h-06,339
g06-011p-05,347
c06-091-03,132
b01-049-06,90
d01-016-03,175
c03-084b-00,151
a05-029-03,0
f07-028a-08,288
h01-000-00,356
b04-004-02,107
a01-117-02,19
d06-025-03,205
b06-079-05,130
c03-000f-06,155
n06-163-04,551
g01-012-02,296
a01-043u-04,0
n04-048-05,583
g02-073-04,307
d01-060-05,178
a01-020x-06,10
e06-053-08,208
g02-062-09,304
g06-031m-01,344
l07-065-00,495
r06-103-05,671
n06-082-03,588
c03-003c-05,152
g07-018a-00,351
a04-072-09,62
r06-018-00,635
h07-063a-06,389
k04-163-06,453
b03-025-00,100
k04-099-04,448
b06-071-08,128
c03-003d-08,153
j04-046-00,405
f04-074-03,282
d01-085-05,179
g02-059-07,303
g07-014b-04,350
g06-050k-02,342
m04-138-01,547
a06-057-03,75
j06-005-05,384
c06-080-03,133
l07-135-07,497
b04-034-05,108
a03-011-08,42
g06-042g-01,338
g06-018l-00,343
h05-012-05,118
c01-009-00,135
l04-005-01,480
f01-085-03,254
a06-095-05,80
m04-078-01,546
p06-069-06,634
l04-000-00,479
f07-088a-02,292
a01-003u-05,0
g06-011a-03,332
k04-119-04,449
f07-039b-08,289
g03-016-04,310
c04-170-02,172
e04-127-04,243
r02-003-05,637
b05-042-05,117
g07-028a-02,351
l04-066-00,484
p03-112-02,567
g06-050p-01,347
m01-110-03,514
m06-083-02,552
a01-030u-03,0
h02-019-07,366
l04-153-03,492
m03-114-01,542
e02-018-02,220
a03-050-06,0
a01-091u-01,0
l04-082-00,485
m06-091-03,552
m01-032-05,504
r02-137-07,654
k07-059a-00,454
d03-112-08,182
e01-062-02,213
g06-050l-01,343
n06-074-00,588
a05-108-00,0
f07-036-04,289
p03-047-06,620
a06-124-03,85
h07-037-04,386
m01-038-03,505
g06-031a-07,332
b02-102-05,98
g07-007a-05,294
d04-016-06,185
a01-030u-04,0
p01-147-00,589
a04-047-07,61
r02-006-03,638
c03-094a-08,150
n02-037-03,562
j04-115-01,414
e01-107-09,216
a01-072u-06,0
b06-053-01,127
d06-041-05,208
g06-050d-00,335
j06-000-09,384
g04-003-04,239
c04-023-03,160
c02-035-01,143
c03-007f-00,155
g04-048-02,321
r02-078-07,647
g06-109-05,349
e07-079-02,247
a05-025-05,0
c03-081f-03,155
g06-018j-02,341
b06-110-04,126
p02-022-08,596
g04-052-06,322
r06-066-08,670
n02-154-04,569
d05-030-05,199
h04-057-00,380
c03-087f-05,155
b01-084-01,92
l04-020-04,481
f07-084a-08,292
p06-058-09,634
c03-000a-04,150
g01-045-04,299
g06-018b-08,333
r06-103-07,671
g06-018b-02,333
k07-185-04,456
b04-010-01,107
g06-037h-06,339
r03-084-05,665
c03-084e-04,154
r02-038-04,641
f01-085-02,254
l04-106-06,488
g07-030-02,352
b01-004-06,87
b06-000-02,123
h07-025a-04,385
r02-003-04,637
e02-014-05,219
h02-049-01,375
j04-015-01,402
c03-081c-06,152
m02-109-07,534
c03-021d-09,153
c06-091-02,132
f04-100-02,193
b02-035-09,95
b06-049-08,124
e06-026-03,205
r02-070-04,645
h01-027-03,360
e07-112-04,249
k04-054-02,443
r06-121-03,671
g06-045d-00,335
c02-049-07,144
a01-132-09,20
e04-004-01,230
m03-118-01,543
g01-022-00,297
m02-090-10,531
c03-096e-04,154
n02-062-05,565
b01-136-02,94
j01-066-04,398
g06-045c-00,334
g04-026-02,274
f04-011-01,272
a01-020u-03,0
n04-015-03,582
e06-010-05,203
g03-040-03,313
c03-096c-01,152
p03-121-01,624
a03-027-00,47
f04-028-07,275
g06-037c-09,334
n06-175-02,551
e01-059-01,213
j06-018-07,415
n06-148-03,551
g04-081-00,327
f07-101b-01,293
h07-071-02,391
f02-040-04,264
n02-016-04,559
n04-156-06,585
f04-096-09,193
a01-132x-02,0
m04-209-04,549
f07-069-00,291
a04-039-02,60
b01-118-04,93
n03-113-08,579
g06-031m-07,344
e01-062-04,213
g02-059-04,303
g07-028b-04,352
a05-116-09,0
g02-062-07,304
c03-003d-02,153
e01-050-00,213
a06-095-10,80
h04-057-01,380
c03-003e-02,154
g06-031j-04,341
g06-031d-05,335
n04-139-01,585
p02-105-06,601
r06-053-09,670
g06-011f-00,337
d01-052-01,177
h07-069-05,391
c06-128-01,128
c03-016b-03,151
j04-019-02,403
h07-080a-07,392
k04-061-08,444
e04-079-00,238
l04-093-05,486
r02-010-03,639
c06-000-02,130
c04-098-06,166
n04-195-05,586
k04-142-00,452
a01-014x-07,8
k03-180-05,420
f01-081-05,254
c02-089-02,149
g06-093-00,349
c02-007-01,139
m02-072-04,526
a01-058x-07,14
c02-026-04,141
g03-016-02,310
n01-004-04,554
a02-093-00,26
n04-068-04,583
g06-011j-07,341
l04-159-04,492
f01-075-07,253
a01-007x-06,3
g04-007-03,273
g01-012-06,296
c01-014-09,135
d07-096-00,209
f07-036-05,289
c03-021e-09,154
b04-208-00,114
r03-030-01,660
n01-004-03,554
a01-063u-00,0
n03-097-08,577
b06-082-07,132
a01-053-01,13
c04-116-03,168
g06-042f-00,337
e01-032-02,212
h04-082-11,383
k03-138-03,432
g06-011a-04,332
b06-079-08,130
e07-083-06,247
n06-186-05,551
a06-095-02,80
a02-093-07,26
g06-037l-01,343
f04-049-01,278
f07-019b-06,287
r06-097-05,671
a01-014u-07,0
k07-063a-01,454
g03-058-06,317
h07-066b-01,390
c02-059-00,146
c06-138-06,129
g07-077a-03,354
b04-054-01,109
g06-037f-03,337
c03-087f-00,155
g06-011c-02,334
g06-042i-02,340
h07-078-01,391
g07-038-00,353
h04-057-09,380
j06-005-03,384
a06-051-02,74
n06-148-05,551
m02-083-01,529
a03-059-03,54
c03-021e-08,154
d07-085-01,209
g06-011r-07,348
e04-026-00,233
n03-103-02,577
a01-007u-09,0
a01-077-02,16
f07-069-09,291
g03-049-06,315
g04-088-06,328
g06-045e-05,336
k02-067-03,424
e02-082-05,224
m06-019-05,551
n04-209-03,587
e07-083-09,247
a01-117-05,19
g01-045-05,299
d06-082-01,174
p03-029-09,617
g04-036-06,320
r03-007-02,658
g06-045i-06,340
k03-138-01,432
n06-201-06,551
h02-028-06,369
r03-096-06,667
r02-127-01,652
j04-015-06,402
k03-138-02,432
l01-050-00,460
j06-018-01,415
e04-022-06,232
h02-035-00,370
h06-085-06,384
l04-136-00,490
a02-020-05,25
k01-051-01,417
n04-084-00,584
g06-018o-04,346
n06-169-00,551
g06-018c-06,334
b04-187-04,114
b06-068-02,131
f04-096-08,193
k03-180-01,420
k07-166-09,456
c04-000-02,157
a01-038-03,7
k07-152-01,456
a06-020-00,69
h07-028a-03,387
g06-018n-06,345
c03-007c-03,152
d04-012-08,185
g06-101-01,349
l04-179-03,494
j06-018-10,415
g06-037p-09,347
c02-035-03,143
k07-166-02,456
l04-062-09,483
f02-000-05,257
r06-130-07,671
e04-095-03,241
c03-003f-04,155
m04-043-02,545
b01-127-05,94
h04-035-00,377
e07-079-03,247
c01-066-07,136
f07-039a-00,285
g06-042f-01,337
g06-045l-02,343
g06-026c-03,334
e02-025-00,222
k04-039-05,439
j06-030-03,415
c03-000d-03,153
d01-056-01,178
n04-114-03,584
g06-018m-00,344
d06-020-08,173
g06-045a-05,332
k04-079-09,446
p01-174-04,592
r02-070-02,645
h02-024-06,368
h07-078a-00,392
j04-035-02,405
h04-000-00,239
a01-007-05,4
g01-016-02,296
n03-064-01,572
j06-018-02,415
e07-086-02,247
h04-035-02,377
a05-013-07,0
r06-049-08,670
m04-209-05,549
a03-080-06,0
b04-066-03,109
n04-218-09,587
d06-086-04,208
j04-065-04,408
g07-079a-10,285
c03-096d-06,153
f07-092a-07,292
c03-094f-05,155
e01-102-05,215
j04-103-01,413
a01-020u-01,0
j04-080-08,410
k04-028-05,442
f01-143-03,256
b06-023-01,123
e02-100-06,228
d04-053-00,188
d06-046-02,173
l04-113-01,488
n04-163-01,585
a01-014u-02,0
g06-031p-02,347
b01-062-01,17
e07-098-09,248
j04-046-02,405
k04-057-03,444
e01-119-07,217
c06-116-01,133
j04-070-08,409
g06-031b-02,333
g06-018a-03,332
c03-094b-08,151
l04-012-07,480
c01-009-09,135
g07-014-02,351
c03-016b-08,151
j04-098-04,412
k03-180-00,420
b06-087-02,134
n04-202-04,587
e04-062-01,237
h07-063a-03,389
k04-163-04,453
m06-042-03,552
a01-026u-02,0
d04-028-02,186
a01-011u-06,0
p02-139-03,608
n02-000-00,559
g06-089-03,349
f04-020-03,274
p02-131-04,606
r02-003-02,637
a01-128-07,19
m02-090-00,531
g07-038-09,353
a01-132x-01,0
b05-038-06,117
f07-032a-02,288
g03-040-04,313
n02-154-03,569
n06-201-05,551
g06-037k-02,342
e07-076-01,247
c04-023-01,160
n02-009-01,560
a06-100-01,81
p03-029-04,617
a01-007x-07,3
b05-074-01,119
a02-053-03,29
p02-115-08,603
d06-104-08,205
b06-053-06,127
n02-000-07,559
g06-031p-06,347
r02-060-07,643
m01-125-07,516
a05-048-07,0
g01-025-06,297
r03-007-08,658
g06-031c-04,334
d06-111-04,203
f07-028a-09,288
a01-128u-06,0
c03-081a-09,150
c03-016d-08,153
p01-147-09,589
l07-181-02,498
m04-113-02,547
e06-041-07,202
a02-072-06,33
f01-085-00,254
e07-000-01,85
r06-143-00,635
d01-085-02,179
g06-050a-01,332
l04-052-07,483
k07-085-02,454
n02-114-05,315
g04-072-03,325
g06-037j-07,341
n06-133-07,588
g06-045h-01,339
g06-045m-04,344
a01-132-01,20
e04-062-06,237
g06-031n-08,345
e07-105-05,248
g04-104-07,330
k02-117-04,430
m04-093-02,546
l07-187-03,498
p03-181-07,631
e07-101-04,248
f03-169-00,267
a03-050-05,0
g06-026n-00,345
g04-068-07,325
g04-055-08,323
m04-190-02,549
f02-036-08,262
g06-011h-06,339
r06-097-04,671
b04-096-07,110
m03-013-05,537
e04-058-06,236
f04-100-09,193
f07-036-02,289
c03-081d-10,153
m01-125-05,516
a02-027-06,25
c03-084a-01,150
g06-031j-00,341
g06-026a-01,332
a02-050-04,28
e07-105-03,248
h04-049-00,378
a01-026x-02,8
a02-102-07,37
f04-016-01,272
m04-246-06,550
c03-087e-05,154
g05-094-01,119
n02-127-01,315
a05-013-03,0
g07-050-00,353
d06-046-04,173
j04-039-08,404
e02-091-02,226
r06-044-04,670
l01-129-00,467
c03-094b-03,151
a03-030-05,48
g06-045p-02,347
e04-030-05,233
g06-105-01,349
e01-119-01,217
d06-067-03,205
a02-008-02,23
m01-017-04,501
k02-117-02,430
m06-019-01,551
g04-048-06,321
h04-057-08,380
m03-006-04,536
b06-059-08,130
b05-032-10,116
a01-058u-05,0
j06-000-05,384
g06-018n-01,345
e04-030-06,233
d04-016-07,185
b01-113-04,93
g06-047e-03,336
f04-093-01,193
e06-000-04,206
a01-058-08,13
e06-053-05,208
a01-096u-06,0
g07-044-08,353
d04-075-00,192
a01-063x-06,15
j01-063-07,397
g04-095-02,273
n04-084-01,584
h06-092-08,384
d07-100-01,209
m04-093-00,546
f04-035-00,276
l04-052-08,483
a06-051-04,74
d03-117-06,183
c03-096b-06,151
r06-057-00,670
g06-037g-07,338
a03-073-04,0
c02-089-06,149
g03-043-04,314
f07-000b-04,286
d01-060-08,178
g06-050b-03,333
c04-044-05,161
e04-068-01,237
b06-053-10,127
m03-013-06,537
a01-107u-04,0
e04-103-01,242
a02-116-01,38
k04-099-00,448
p06-058-08,634
m03-013-02,537
d04-086-04,194
a01-026-04,9
l04-071-08,484
m01-060-01,508
m04-216-06,549
l07-103-04,496
h06-089-08,384
p02-076-09,599
g03-040-05,313
a02-050-02,28
m03-020-00,538
g06-042c-02,334
g04-072-06,325
b04-181-00,113
h07-007-05,355
b01-073-06,91
f07-000b-02,286
g04-068-06,325
g06-047i-02,340
c04-039-04,161
e04-095-00,241
n04-218-02,587
h06-000-06,349
a01-122-02,19
b04-026-04,108
r02-081-03,648
g01-039-00,299
b04-147-02,112
a01-117u-03,0
p03-004-07,612
a03-043-03,52
r03-050-05,662
n04-044-01,582
a06-141-01,85
r06-070-06,670
n06-111-02,588
l04-106-02,488
g01-083-06,301
c03-081a-08,150
a02-053-02,29
j06-034-00,415
m04-107-02,547
j04-035-09,405
k02-112-03,429
g06-047d-03,335
n02-045-01,563
l07-111-10,496
c02-017-03,139
a02-000-06,21
c03-016a-04,150
b05-058-02,118
b06-036-04,126
e07-105-04,248
d04-053-10,188
m01-084-05,510
n04-149-06,585
p06-104-07,634
e06-003-05,204
l04-147-04,491
a03-014-04,43
g06-050a-08,332
a05-044-06,0
g07-014-01,351
g03-052-09,316
a04-023-04,59
f07-088a-04,292
k04-142-06,452
b04-004-07,107
f07-073-06,291
g06-042r-00,348
m04-030-04,545
a05-048-08,0
j01-066-05,398
l04-034-06,482
a06-064-06,76
j01-059-04,396
h02-035-02,370
g06-037n-01,345
c03-081d-02,153
e06-070-02,207
c04-035-06,159
g06-047c-03,334
g07-003a-01,294
b04-208-02,114
a01-053-09,13
a04-089-03,63
c06-058-04,131
b06-008-08,125
e06-049-02,205
f07-084a-10,292
m04-078-03,546
c03-021d-03,153
h04-078-05,383
g06-011n-03,345
d07-102-07,209
b04-004-06,107
g01-088-00,302
r03-084-04,665
d06-000-08,202
e04-083-00,239
g06-037h-04,339
g06-026i-04,340
g06-031r-05,348
b04-034-03,108
f07-032a-07,288
a06-128-03,84
k04-163-07,453
b01-094-05,92
k01-051-00,417
f01-143-00,256
h04-057-04,380
p03-189-01,633
g06-026p-04,347
g06-047l-00,343
g01-016-05,296
g04-007-01,273
e04-022-01,232
e06-021-04,206
e01-119-03,217
d06-011-01,204
g03-016-00,310
p01-147-03,589
n04-000-02,550
n06-201-07,551
g06-042o-06,346
c06-080-00,133
g06-026j-05,341
f07-028b-03,289
a01-132-10,20
h06-085-10,384
a02-008-01,23
a06-114-02,83
b06-093-00,125
n02-016-07,559
b04-020-00,107
a01-049-07,12
a01-049x-02,0
d07-089-02,209
d06-008-08,173
a05-104-03,0
g06-042a-00,332
a01-107u-06,0
p03-040-00,619
m02-080-02,528
f04-046-05,278
a01-077u-00,0
a01-077-05,16
n04-022-03,582
h07-033a-09,387
h07-084-04,392
p03-112-08,567
n03-120-06,580
g06-045c-01,334
r06-106-06,671
d04-066-09,191
h07-030a-07,387
e04-079-05,238
h04-061-05,380
a03-047-09,37
a01-007u-03,0
c03-000d-05,153
n01-000-04,553
g01-070-02,300
f07-076a-06,292
a01-011-01,5
g06-031i-06,340
m06-048-04,552
m02-080-04,528
d06-072-02,207
g01-045-03,299
a06-020-03,69
p03-151-05,627
j06-030-10,415
r02-000-02,636
c03-007d-04,153
f07-081a-04,292
c03-000b-01,151
m03-095-08,541
g06-042m-02,344
m01-121-02,513
c04-089-05,166
h02-037-01,371
n02-151-08,568
h07-025-10,386
g06-026l-03,343
a02-102-01,37
g06-026e-01,336
m04-072-01,546
f07-021b-05,287
k04-106-05,449
a01-087u-08,0
a02-120-02,39
n04-068-03,583
n04-114-00,584
g06-047p-04,347
c03-003e-06,154
p06-096-04,634
g06-011f-01,337
h07-007-04,355
a05-039-07,0
f02-044-03,265
r06-057-08,670
b04-154-07,112
b06-090-04,134
g06-047a-05,332
b01-018-06,88
b06-097-03,123
a02-004-10,22
r06-076-02,670
m04-113-05,547
e02-082-00,224
g06-042j-05,341
a01-011-06,5
r06-041-02,670
e02-025-06,222
a01-026-09,9
m06-067-05,552
c06-080-09,133
a01-113-08,18
k03-144-05,433
a01-122-06,19
b03-092-04,102
a02-037-03,26
a02-017-04,25
b04-004-01,107
e04-095-01,241
p02-109-08,602
m01-110-08,514
j04-115-03,414
c03-016b-00,151
h04-028-10,376
a01-038x-05,11
l01-007-04,458
b01-089-05,92
e04-124-00,243
r02-060-00,643
n02-151-04,568
a02-078-07,34
c02-049-10,144
a01-020-02,9
c04-035-07,159
h07-075a-07,392
f07-081a-06,292
a06-114-04,83
a01-049x-05,0
g06-047g-05,338
b06-079-07,130
g06-047j-08,341
n04-009-02,550
a02-042-04,26
c03-021c-00,152
a05-084-00,0
r06-003-04,635
d04-062-02,190
h04-000-09,239
a06-141-04,85
k07-125-04,455
c06-047-02,132
e07-007-05,245
h07-030a-00,387
g04-007-04,273
n02-054-05,564
m01-084-00,510
c01-066-06,136
j06-026-08,415
d04-111-06,196
d03-112-03,182
n01-036-03,556
n04-139-07,585
e07-108-04,248
n02-114-07,315
f07-046b-06,290
e07-090-04,247
j04-065-03,408
a01-091u-06,0
p02-090-08,598
m03-095-07,541
g07-047-09,353
f07-002-00,286
b06-015-04,127
a06-020-04,69
n02-120-06,315
c02-049-03,144
m06-048-05,552
b04-066-02,109
a02-046-05,27
a05-125-01,0
b06-082-01,132
n02-045-06,563
l04-043-05,482
d06-076-00,203
r06-076-08,670
m02-052-06,521
a01-072x-02,1
f07-046a-05,285
p06-052-05,634
n03-082-03,575
a04-019-06,59
p03-103-00,567
j06-051-10,415
a04-010-04,58
a02-037-02,26
h01-010-07,357
l07-172-09,498
a01-014u-08,0
g07-069a-01,354
n06-123-10,588
g06-050r-06,348
h05-012-00,118
h07-060a-01,389
m06-031-00,552
a05-044-09,0
g06-037d-08,335
b06-100-03,133
b05-055-03,118
f02-003-02,258
p06-058-10,634
f04-024-05,275
b05-045-00,117
j04-039-06,404
n02-062-00,565
c02-000-08,137
b01-084-00,92
l07-085-07,496
c03-081e-05,154
f04-079-04,282
c03-087d-08,153
b03-109-08,105
g04-007-02,273
h07-060b-00,390
m04-078-05,546
b05-042-10,117
b01-027-03,89
b01-000-03,87
p02-022-04,596
r03-096-02,667
f07-101b-02,293
p03-040-08,619
h07-075a-01,392
b01-062-05,17
e06-006-07,202
f02-038-09,263
n04-048-08,583
r03-026-10,659
g06-018d-00,335
e01-081-03,214
c04-089-06,166
n01-057-09,558
c02-030-08,142
a03-089-01,0
c06-095-03,131
b06-053-09,127
f04-049-03,278
p03-040-05,619
h01-000-04,356
g07-010b-02,350
p03-163-06,629
a04-081-09,63
r03-056-03,663
a01-011u-09,0
r02-109-08,650
d04-050-01,189
n01-036-05,556
k07-185-11,456
a04-054-02,61
c06-076-08,128
e01-059-04,213
b01-038-03,89
r06-111-01,671
g06-037h-00,339
g06-031b-05,333
p03-185-05,632
h07-013-03,385
g06-037n-06,345
g06-037e-00,336
b06-027-01,129
c04-056-08,162
g07-071a-04,354
p03-047-08,620
l03-008-00,478
l04-082-07,485
g07-000b-04,293
p02-090-03,598
h07-037-08,386
a05-004-02,65
k04-039-02,439
n04-015-07,582
h02-049-00,375
k07-077-01,454
g06-031f-01,337
c06-095-02,131
h07-060a-02,389
g01-037-05,298
f04-096-04,193
b04-004-09,107
b04-121-02,111
n02-054-01,564
m01-012-07,500
p02-017-04,595
l01-105-04,464
e07-012-03,246
l04-020-05,481
a05-099-02,0
d04-086-00,194
g06-042o-05,346
c04-008-01,158
m02-106-05,527
e06-000-07,206
a03-011-05,42
n06-140-06,588
g04-048-04,321
a01-087u-06,0
g06-047g-01,338
n02-028-04,561
a01-030-02,5
l04-026-06,481
h02-040-08,372
b04-047-04,108
g07-030-09,352
n02-109-04,315
m04-180-05,548
d06-107-00,204
g06-018j-07,341
e06-010-02,203
g06-050c-08,334
f07-006-01,286
b05-055-02,118
a01-030x-03,10
a01-043-04,12
g07-030-03,352
c06-128-05,128
p02-109-01,602
a02-102-04,37
a06-004-08,66
n06-182-07,551
g06-047b-01,333
h04-052-02,379
d04-037-01,187
l04-020-00,481
b04-154-00,112
c06-106-06,127
d04-111-01,196
l04-179-01,494
g06-018j-04,341
m04-246-05,550
c03-081e-04,154
a03-006-06,40
d04-005-01,184
j04-070-00,409
g06-045f-03,337
b05-032-04,116
g06-037e-05,336
r02-127-00,652
r06-053-02,670
h07-060a-05,389
g06-037c-02,334
m04-012-07,544
f07-036-07,289
g06-045k-03,342
f03-169-02,267
f04-032-01,276
c03-016d-09,153
n04-009-04,550
k04-085-03,447
f07-019b-00,287
c03-021f-04,155
a03-037-02,50
g06-105-02,349
k04-093-01,447
m03-118-03,543
r06-097-07,671
h07-040-00,388
g05-087-06,331
d05-025-05,199
m01-095-07,512
e04-008-04,230
d06-100-05,207
g06-018k-07,342
e02-021-03,221
f07-046a-09,285
g06-037n-07,345
a03-006-07,40
c06-011-03,173
r06-007-00,635
b04-134-08,112
k07-185-07,456
d06-113-03,208
n04-022-07,582
j01-042-08,394
f04-007-05,273
p03-040-06,619
f01-070-02,252
b04-081-04,110
g01-043-05,299
f07-000-04,285
e04-019-00,232
j04-065-06,408
c03-087f-01,155
h07-078a-02,392
f02-017-04,259
f07-084a-01,292
g06-011p-00,347
a02-000-05,21
a04-085-04,63
g06-047o-02,346
c02-017-07,139
a05-113-02,0
b05-017-04,115
r06-049-03,670
g06-026f-00,337
c03-094c-03,152
b04-000-05,107
a02-090-06,26
d06-046-01,173
n06-156-02,551
f04-032-03,276
g06-045m-02,344
a01-102u-06,0
c03-016c-05,152
f07-084a-02,292
n03-091-08,576
r03-115-00,669
b06-110-00,126
l04-113-04,488
h02-028-04,369
l04-124-07,489
j04-098-06,412
n03-103-04,577
g06-018k-05,342
m02-080-00,528
m01-121-01,513
h07-054a-07,389
j04-115-02,414
d06-067-04,205
b02-013-03,95
g06-031d-06,335
c04-044-01,161
a02-057-01,30
h06-003-03,349
g06-011i-04,340
g06-031e-06,336
e01-032-08,212
r06-137-08,671
e04-011-03,231
a04-031-06,60
a05-017-04,0
p03-142-05,626
a01-014-07,7
e04-011-08,231
g06-096-02,349
f07-021a-03,288
p03-009-06,613
n04-209-01,587
a01-053x-08,14
g06-031f-03,337
g06-018j-05,341
r06-115-07,671
g04-017-01,274
d04-053-06,188
b02-045-05,96
b04-054-02,109
a06-119-08,84
e01-107-05,216
f07-028b-02,289
n06-074-06,588
b04-134-05,112
m04-012-03,544
a01-087u-05,0
a05-009-07,65
a02-106-07,37
n06-082-06,588
m03-033-05,539
h04-049-06,378
f07-084a-00,292
c03-003b-02,151
g06-050r-02,348
l07-131-07,497
e02-021-00,221
k02-023-06,419
j06-056-04,415
k03-117-07,431
g06-037h-07,339
b06-059-04,130
n06-175-00,551
l04-179-05,494
f07-081a-03,292
g07-028a-06,351
f01-066-05,251
g06-050a-02,332
l04-153-06,492
b06-032-04,130
c02-082-05,148
g06-045b-04,333
m01-060-06,508
m04-113-04,547
a05-089-01,0
g04-052-03,322
a05-089-02,0
m04-222-03,549
e06-041-09,202
h06-092-05,384
d04-096-05,195
c04-098-04,166
c03-084c-02,152
h06-082-03,384
j01-063-02,397
b03-098-08,103
p03-189-03,633
d04-058-06,190
h07-025-09,386
j04-111-08,414
a03-047-06,37
c01-009-08,135
k07-146-03,455
a01-077-08,16
c03-016a-00,150
g06-026g-02,338
d06-000-09,202
d06-063-10,173
n01-036-00,556
p06-248-04,635
h07-060b-09,390
p01-168-06,591
g03-043-01,314
a06-025-00,70
h07-084-09,392
a04-066-01,62
g06-050o-08,346
m01-104-07,513
d06-082-03,174
b04-181-01,113
l04-170-00,493
a03-043-08,52
b06-045-00,132
c03-000e-03,154
b02-013-04,95
m02-080-07,528
h07-057a-05,389
r03-084-08,665
a01-011x-05,6
e01-107-06,216
f03-191-03,270
b03-114-02,106
b04-060-00,109
e04-095-04,241
l04-087-02,486
a04-039-07,60
l01-195-02,474
c03-000b-04,151
g07-079a-01,285
g06-031e-01,336
m01-032-03,504
f02-030-01,261
c03-003d-03,153
p02-131-00,606
a04-023-00,59
d01-098-00,180
m04-164-06,548
b06-082-08,132
n06-123-01,588
h04-055-08,379
m01-136-09,517
a06-057-02,75
l04-159-02,492
c03-000a-07,150
n01-036-02,556
f04-093-08,193
g06-011m-07,344
k02-102-02,428
b04-103-04,110
m02-055-07,522
e04-124-04,243
a03-030-06,48
c03-007e-01,154
e07-007-03,245
a06-114-00,83
m04-072-04,546
f07-081b-05,291
b05-088-02,122
h02-049-02,375
g06-042a-04,332
g06-031m-02,344
j06-056-01,415
c03-021b-00,151
a05-073-01,0
b01-089-09,92
f02-036-00,262
f04-064-07,280
p03-047-09,620
r06-106-05,671
h02-022-08,367
e04-008-01,230
m02-080-05,528
a04-006-10,58
m03-095-00,541
g04-048-07,321
c03-081b-07,151
g02-073-05,307
c03-007d-08,153
a02-116-08,38
k04-079-02,446
g07-038-06,353
a06-036-06,71
g01-004-03,295
b04-060-05,109
a04-096-07,64
a01-043x-05,11
a01-007-03,4
b01-009-03,87
e04-114-06,242
c03-016e-08,154
h06-000-03,349
e07-090-09,247
n04-039-01,582
m02-109-08,534
j01-045-02,394
g06-042h-03,339
n02-045-02,563
g01-043-03,299
e07-101-09,248
n04-139-00,585
a02-111-01,37
a03-066-05,56
b04-175-00,113
b05-088-01,122
a03-050-00,0
m01-038-05,505
c04-075-04,164
g06-050c-07,334
g06-026d-02,335
f07-092b-06,293
k04-136-06,451
g06-026k-02,342
m01-049-03,506
c06-106-03,127
f04-016-07,272
e01-113-04,216
h07-033-06,386
n06-156-07,551
g07-047-10,353
n04-044-02,582
c06-106-08,127
r02-010-04,639
b01-079-03,91
h02-012-01,364
a02-090-03,26
k04-057-07,444
a01-038-09,7
c06-103-03,129
b01-073-09,91
f07-032a-01,288
a01-113u-03,0
m01-100-02,364
n06-133-08,588
m02-048-01,520
b06-064-07,133
b01-004-03,87
n03-106-03,578
n01-000-02,553
l07-065-04,495
m04-123-01,547
k04-142-04,452
c06-138-08,129
c03-096e-03,154
b06-042-07,131
r06-115-01,671
k07-077-06,454
h01-024-04,359
g06-031b-06,333
m04-019-02,544
d04-037-06,187
r03-002-03,658
n03-066-07,573
g06-045i-03,340
l04-163-06,493
g06-011n-07,345
e06-026-04,205
g06-050k-04,342
j01-059-02,396
r03-090-02,666
d01-085-01,179
c02-012-06,140
c02-059-04,146
b05-071-00,118
g06-011k-06,342
h04-061-03,380
r02-089-09,649
l01-000-04,457
a03-009-04,41
a01-030u-01,0
b03-098-06,103
f07-002-03,286
a01-058u-06,0
e01-014-06,210
a01-053u-01,0
k04-010-00,440
n04-100-06,584
e01-032-03,212
g04-022-02,319
d04-032-08,187
f02-003-03,258
l01-105-10,464
k04-050-01,443
g06-026f-04,337
e04-034-01,234
g06-050p-02,347
n04-183-00,586
k02-112-05,429
e06-000-00,206
b01-122-02,93
g07-038-07,353
n01-045-02,555
f04-016-06,272
g06-037m-07,344
a05-022-04,0
m06-091-05,552
d03-112-02,182
d01-024-00,176
n01-052-02,557
a01-077-04,16
n06-186-02,551
k02-062-06,423
n04-075-02,583
c06-027-00,128
d05-008-07,199
c06-106-04,127
g06-037n-04,345
a01-003u-00,0
a05-004-08,65
g06-050k-03,342
e06-033-01,207
d06-072-06,207
a02-098-05,26
d04-086-05,194
a06-039-05,72
a02-111-06,37
a02-116-04,38
h07-075a-06,392
a02-027-03,25
c04-061-02,163
m01-012-03,500
a04-069-08,62
m04-200-04,549
b04-054-03,109
p03-185-06,632
h07-037-00,386
m04-231-00,550
n04-130-03,585
g06-045o-06,346
f07-013-03,287
a01-038-00,7
a03-034-01,49
n02-082a-00,566
c06-047-04,132
a06-075-07,78
g06-089-07,349
m02-106-06,527
c04-170-01,172
p03-087-08,567
n04-009-01,550
h02-037-09,371
r06-062-09,670
d04-086-06,194
m02-059-01,523
g01-043-02,299
a04-003-04,58
r03-096-05,667
k04-039-00,439
a02-098-00,26
g07-003a-10,294
p03-012-00,614
l04-174-00,494
p03-181-08,631
a01-063-01,13
g06-031a-06,332
h07-037a-06,387
b04-004-04,107
l01-082-04,462
e02-086-02,225
f01-070-06,252
e04-026-05,233
g06-047n-05,345
n03-126-02,581
b04-107-08,111
b01-009-06,87
j06-030-06,415
r03-007-00,658
r02-081-06,648
b04-116-07,111
a05-013-02,0
b05-067-05,118
e02-000-01,218
g06-050c-03,334
g04-048-05,321
c04-134-05,169
a05-104-02,0
f02-076-03,266
g07-042-01,353
f07-019b-03,287
e02-021-01,221
g06-037o-04,346
l01-065-05,461
h04-078-02,383
a06-025-01,70
f07-076a-00,292
j04-080-02,410
f02-036-07,262
k04-156-06,453
a01-014-09,7
e02-018-03,220
e07-108-06,248
g07-077a-01,354
n03-082-01,575
a05-004-07,65
p03-158-04,628
m03-006-00,536
n02-062-06,565
a01-091u-07,0
f04-079-03,282
c06-000-03,130
g06-042h-04,339
n04-190-03,586
a01-068u-09,0
f03-182-03,269
a06-075-04,78
n04-209-02,587
e06-070-03,207
g06-018g-02,338
d04-047-08,188
c06-100-07,123
c03-003f-01,155
d04-089-02,194
g07-065-04,354
g04-014-01,273
g06-096-03,349
l04-163-01,493
l07-074-05,495
b03-087-00,102
e04-011-06,231
b04-010-02,107
m02-075-07,527
r03-035-06,661
g06-018h-07,339
k07-158-00,456
c04-110-03,168
d06-063-04,173
m01-131-05,514
g06-050m-02,344
c04-023-05,160
l01-133-06,468
f01-135-09,255
r06-121-01,671
d04-066-07,191
e07-079-09,247
d06-060-03,208
h04-074-02,382
a05-062-02,0
p03-135-05,625
a02-120-06,39
c03-007e-05,154
f02-036-06,262
e02-000-05,218
p03-072-01,622
p02-017-01,595
g06-037c-04,334
b06-004-01,124
m02-090-07,531
j06-014-02,384
g06-089-08,349
f04-061-05,280
r06-022-06,635
b03-025-05,100
g06-026f-02,337
e07-090-03,247
h07-020-07,385
g07-044-04,353
f04-071-01,281
m04-072-05,546
n04-195-01,586
k04-136-05,451
c02-000-00,137
g03-016-05,310
r03-056-00,663
h07-023-00,385
e01-025-07,211
g06-045d-03,335
k04-014-01,441
g07-022a-07,351
a02-042-03,26
c03-096f-00,155
g06-011o-02,346
a01-000u-02,0
g02-062-01,304
b04-060-06,109
f07-013-05,287
g07-042-03,353
g06-037m-00,344
f07-024a-01,288
f04-043-07,277
d03-117-07,183
h07-066b-05,390
p03-181-02,631
g01-000-07,217
e04-052-07,235
n06-201-01,551
a05-062-07,0
b04-162-08,113
r02-054-02,642
m02-069-04,525
l01-199-09,475
d04-075-07,192
l04-098-04,487
k03-157-04,435
c04-023-00,160
f04-011-02,272
c03-081c-08,152
h07-080-07,391
h07-013-00,385
f07-084a-03,292
c03-094f-03,155
e01-113-02,216
g06-031i-03,340
k04-050-04,443
d04-053-01,188
a05-104-00,0
f07-028b-06,289
a03-073-03,0
c06-005-03,125
h01-007-05,356
h02-037-02,371
k04-039-04,439
j06-014-09,384
b04-040-05,108
g06-047j-04,341
m06-091-04,552
m04-145-01,548
m03-095-02,541
n04-100-07,584
r02-060-08,643
g01-083-02,301
h07-023-01,385
a05-025-04,0
d06-020-05,173
m02-048-10,520
a01-020x-02,10
g07-065-01,354
b01-132-06,94
a06-100-04,81
n04-171-00,586
b05-042-00,117
b04-181-06,113
m02-109-06,534
m01-136-03,517
a05-069-05,0
a02-020-02,25
r06-035-06,670
a01-122u-08,0
l01-050-06,460
h07-071-08,391
c03-003a-06,150
c03-007d-01,153
b06-093-07,125
m01-136-07,517
n04-092-00,584
b06-023-02,123
c04-160-04,171
r06-130-08,671
g06-031k-08,342
m04-200-02,549
j07-009-01,393
h06-003-06,349
k07-067a-02,454
n03-103-08,577
e07-000-04,85
h07-007-06,355
k02-093-02,426
g06-045c-06,334
g07-003a-02,294
f04-093-00,193
a04-081-04,63
p06-058-07,634
n06-201-04,551
a05-084-09,0
f07-024a-07,288
h07-071-06,391
g07-038-01,353
m02-102-03,533
c04-017-02,159
b01-000-06,87
e06-033-08,207
b04-075-00,109
m04-012-09,544
a05-058-06,0
m04-024-03,544
a06-095-00,80
g06-011l-04,343
k07-059a-06,454
c03-094f-01,155
p03-096-00,567
k04-061-04,444
e04-103-05,242
k02-062-01,423
n02-104-00,315
a01-058u-00,0
d04-016-05,185
c03-094b-09,151
g07-034-00,352
n04-060-00,583
a02-046-00,27
h04-071-05,382
a01-107-02,18
g06-018r-05,348
h07-025a-02,385
n04-039-05,582
c03-096e-06,154
e07-083-10,247
g06-045e-04,336
l01-082-01,462
b01-057-03,17
r02-137-08,654
h07-000-06,355
b04-010-00,107
n02-004-04,560
g06-031h-06,339
f02-076-08,266
g04-060-05,324
n02-151-10,568
k04-106-04,449
j04-039-01,404
j07-000-02,393
h04-049-05,378
g06-045b-01,333
a02-012-00,24
b06-008-01,125
n02-009-00,560
k07-176-05,456
g04-055-00,323
c03-000e-02,154
n04-139-05,585
g06-026d-04,335
h07-033-07,386
e04-034-00,234
g04-003-06,239
g01-027-08,297
b01-136-06,94
b05-071-02,118
g01-027-06,297
m01-084-01,510
h02-043-09,373
r02-137-05,654
a05-080-02,0
j04-065-02,408
c04-050-08,162
g07-065-03,354
g06-011n-06,345
k03-117-02,431
b03-114-07,106
f07-021b-03,287
g06-018d-06,335
k04-079-06,446
g01-004-01,295
g05-098-06,118
c06-047-01,132
m01-012-06,500
h07-044a-00,388
g04-101-02,329
a04-006-01,58
k07-176-08,456
c06-031-07,130
g02-062-04,304
b03-114-03,106
g06-089-05,349
n03-082-07,575
a05-013-01,0
a02-102-02,37
b06-008-03,125
g07-010b-08,350
g06-045m-00,344
m04-100-02,546
d04-117-05,197
a01-128-02,19
a03-020-02,45
r06-035-02,670
n06-128-04,588
r06-007-05,635
e06-049-01,205
e07-072-03,246
d06-091-05,202
l04-153-01,492
g06-026o-02,346
c03-094a-06,150
a01-113-04,18
n03-082-02,575
e07-105-06,248
g06-031k-01,342
g06-045g-04,338
c03-007c-04,152
g01-031-05,298
a01-014x-03,8
a03-006-00,40
n04-156-05,585
a06-110-08,82
m04-152-01,548
r03-026-07,659
e01-029-05,212
e04-043-01,235
p03-033-03,618
m02-069-01,525
h02-022-03,367
h07-080-09,391
l07-172-07,498
f07-019a-03,288
n04-015-01,582
l03-004-02,477
p02-069-09,598
k02-023-02,419
k03-144-06,433
b01-127-07,94
e01-113-07,216
b05-058-00,118
n02-028-09,561
e06-037-00,202
p06-096-05,634
e04-038-05,234
f03-169-03,267
g04-081-04,327
h07-051b-06,388
b04-195-05,114
m04-131-07,547
e02-086-07,225
g06-045i-01,340
d04-075-08,192
a04-069-04,62
a01-132u-04,0
d06-060-08,208
g06-045r-06,348
g07-000a-08,294
a01-020-06,9
g06-047m-03,344
l07-080-08,496
l07-135-00,497
h07-033-04,386
p03-029-07,617
m04-164-04,548
j01-070-02,399
a01-063x-01,15
l04-098-07,487
e01-032-04,212
b06-064-06,133
e07-012-11,246
c02-059-08,146
p03-163-00,629
n06-092-01,588
h06-082-05,384
g06-026p-05,347
f02-044-08,265
a05-080-06,0
g07-030-00,352
r02-013-11,640
c01-009-01,135
b04-134-02,112
n01-045-06,555
j04-094-04,411
f04-079-08,282
m04-081-04,546
a01-058-09,13
b06-093-10,125
b01-089-07,92
c03-000f-04,155
e02-094-09,227
h02-019-02,366
f07-019b-01,287
a02-017-07,25
a02-111-07,37
c03-081f-01,155
h06-085-09,384
f04-011-08,272
m04-024-02,544
b01-062-07,17
b06-045-03,132
k04-110-00,450
d01-049-07,177
f02-030-06,261
g03-016-07,310
c06-091-00,132
g03-016-01,310
g06-042j-00,341
g06-045o-04,346
k04-000-05,439
a01-132u-06,0
n04-202-05,587
a03-023-07,46
n01-000-00,553
n04-048-06,583
c04-080-01,165
r06-041-04,670
a01-020u-06,0
n02-040-02,563
a01-102-00,16
k04-022-06,240
a05-004-09,65
n04-092-08,584
g06-031l-00,343
h06-003-01,349
c06-111-00,124
g06-050g-05,338
p06-096-03,634
h04-055-03,379
d01-056-02,178
n02-082a-01,566
g06-047c-01,334
c06-095-05,131
b06-012-04,126
m04-138-08,547
m04-072-03,546
g06-018o-06,346
a03-066-04,56
a02-012-09,24
f03-174-03,268
p03-173-02,630
c03-016c-00,152
g06-047a-03,332
a01-122-07,19
b04-107-05,111
c03-081d-03,153
a01-132x-05,0
b06-012-00,126
g06-031k-02,342
m01-026-05,503
b03-098-00,103
j06-005-02,384
c06-005-01,125
k07-176-07,456
g06-045l-04,343
d04-089-07,194
k02-018-04,418
a06-075-08,78
g07-034-01,352
l01-119-02,466
k04-017-00,239
h07-060b-04,390
k03-138-04,432
a02-098-06,26
c03-021c-09,152
f04-039-02,277
r06-053-00,670
a01-007x-01,3
n04-114-05,584
g03-016-08,310
c06-100-03,123
k04-010-08,440
a01-053-08,13
p06-052-03,634
d04-131-02,198
p03-040-02,619
p06-096-10,634
b01-127-06,94
l03-000-00,476
m04-138-03,547
j04-015-07,402
e04-127-02,243
h07-080-06,391
g06-042b-05,333
m02-069-05,525
a06-039-10,72
f04-035-03,276
b06-019-03,128
n03-103-03,577
f03-169-06,267
f07-101a-01,294
p03-023-01,615
g06-018a-05,332
b04-147-04,112
l04-106-04,488
d04-081-06,193
a02-111-03,37
r02-127-05,652
a04-092-01,64
b01-113-01,93
g01-012-01,296
p02-115-01,603
h07-037-07,386
g04-017-02,274
k02-097-08,427
a04-103-05,64
a01-003u-07,0
r06-137-04,671
c03-007b-02,151
c06-103-01,129
g01-039-03,299
a05-017-03,0
g06-050n-00,345
j04-070-09,409
g04-036-04,320
b05-067-00,118
n03-120-04,580
m04-138-05,547
g06-109-04,349
g03-058-02,317
g06-047r-06,348
p02-135-01,607
a04-015-02,59
h01-027-05,360
k04-010-06,440
c06-087-03,126
n04-107-06,584
a01-026-03,9
k04-136-03,451
h02-028-08,369
c03-096e-00,154
p06-030-03,634
h07-025a-06,385
d07-089-04,209
b04-075-01,109
n02-109-00,315
m02-095-06,532
f04-096-06,193
c03-084a-00,150
b04-066-01,109
d06-107-10,204
a02-004-07,22
c03-016c-09,152
a01-058-07,13
c06-138-02,129
g07-074a-09,354
b06-053-00,127
a02-017-05,25
k04-149-04,452
j07-009-02,393
a01-026u-06,0
c04-004-03,157
g06-011n-04,345
j04-024-02,403
h07-040-05,388
h07-060a-07,389
c03-087b-07,151
d06-037-06,207
a01-107u-07,0
p03-057-01,567
a06-114-03,83
a05-029-08,0
e06-041-05,202
b05-032-07,116
a01-026x-03,8
k03-117-05,431
g06-026c-01,334
b06-068-00,131
p06-052-04,634
a03-073-07,0
k04-106-06,449
g06-050h-04,339
e06-033-03,207
e07-086-09,247
a01-132u-08,0
h06-003-08,349
k07-122-01,455
b06-110-05,126
g06-026n-04,345
d05-025-06,199
h04-025-01,274
f07-076a-08,292
b06-087-03,134
m06-076-01,552
c03-094a-05,150
e07-003-06,244
k07-141-03,455
d06-107-03,204
p03-080-04,623
a06-152-09,86
c04-105-04,167
f07-042a-00,285
n03-106-01,578
c04-160-00,171
e01-055-09,181
g06-026p-01,347
a02-012-08,24
g04-043-01,321
c04-156-06,171
j04-012-04,401
f07-032b-03,289
a02-008-07,23
g06-011l-01,343
m04-107-10,547
a05-069-10,0
b06-000-06,123
m01-060-04,508
b04-121-05,111
n04-163-00,585
b06-110-06,126
c04-000-03,157
a02-020-00,25
l04-062-01,483
c06-138-04,129
n04-052-02,583
a01-132-00,20
k04-017-03,239
n03-066-03,573
m01-110-04,514
g06-011k-00,342
d06-096-05,206
c03-021a-06,150
n02-045-00,563
m01-017-03,501
g04-101-00,329
a05-121-08,0
a01-026x-04,8
f07-016-03,287
k04-099-02,448
h07-071-05,391
j04-019-09,403
g06-018r-06,348
c03-096f-03,155
a03-059-05,54
p03-185-08,632
k04-110-02,450
p03-004-01,612
g07-074a-05,354
h07-033-08,386
d05-040-04,201
c03-094e-04,154
l01-199-10,475
g04-048-01,321
n03-038-05,571
h06-096-06,384
g06-026r-01,348
g06-050d-01,335
g06-050h-06,339
d06-060-01,208
b06-036-05,126
g04-092-04,328
n06-082-01,588
a05-009-06,65
g06-050n-03,345
g06-026k-01,342
a03-063-00,55
g06-042e-02,336
a02-027-00,25
c03-000b-06,151
n04-031-04,582
d07-093-04,209
l07-118-00,497
f02-038-06,263
a04-039-06,60
m04-093-07,546
k07-063a-03,454
b04-181-02,113
a01-049u-04,0
c06-005-04,125
c03-007b-07,151
g06-011p-08,347
a06-152-04,86
p02-135-06,607
h02-035-01,370
b06-019-05,128
d05-008-03,199
e07-112-00,249
a06-036-02,71
g07-026b-05,352
n02-151-07,568
e04-127-00,243
c02-003-00,138
h07-028a-01,387
m02-102-02,533
f07-016-09,287
j01-070-01,399
d06-063-01,173
g01-031-06,298
f02-036-02,262
n06-092-08,588
b06-027-02,129
b06-059-00,130
f07-088a-07,292
p03-004-09,612
g01-012-04,296
n06-140-01,588
j06-034-06,415
g04-039-01,320
c06-128-04,128
c06-128-00,128
e04-114-05,242
g06-105-03,349
p03-047-07,620
p06-052-01,634
m04-024-01,544
l01-095-07,463
e02-086-00,225
e06-006-01,202
g06-037c-05,334
h04-028-01,376
r03-053-01,315
a06-020-05,69
m04-107-00,547
a02-017-00,25
e07-072-09,246
p02-105-05,601
g06-042b-01,333
b01-079-00,91
j06-026-01,415
g06-047o-05,346
g06-050r-00,348
b04-195-00,114
b04-020-01,107
c06-116-05,133
e02-000-06,218
b01-057-01,17
a03-080-09,0
g07-022b-05,352
c06-031-02,130
b01-062-02,17
n03-106-06,578
f07-039b-04,289
c02-078-01,147
p03-009-01,613
c03-094b-00,151
p06-047-05,634
a01-053u-02,0
h07-075-05,391
h06-003-02,349
f04-011-05,272
l01-007-01,458
a02-124-04,37
g02-059-01,303
f07-096-04,293
c03-096e-01,154
c03-084c-03,152
p06-058-00,634
l04-159-07,492
a05-017-06,0
c06-047-00,132
d07-085-03,209
m06-067-04,552
h07-028a-06,387
k02-036-00,421
n01-057-03,558
n03-082-04,575
h07-078-06,391
b05-050-00,117
g06-089-04,349
a01-011x-06,6
a06-036-03,71
e01-055-06,181
h07-075-04,391
f03-191-04,270
n04-139-02,585
d04-075-03,192
c03-094e-03,154
c03-084d-04,153
g04-088-03,328
b04-202-04,114
b01-084-03,92
a06-157-01,85
b01-027-02,89
e06-037-08,202
f07-092b-05,293
h02-037-07,371
a02-106-02,37
m03-013-01,537
h02-035-04,370
g06-018c-05,334
a04-035-09,60
m04-238-05,550
n01-009-03,553
g06-045a-06,332
a04-103-02,64
g06-050b-00,333
g04-039-05,320
f04-016-05,272
g06-037j-01,341
g03-043-05,314
r06-070-05,670
p03-047-01,620
d06-086-08,208
e04-124-05,243
a06-057-01,75
f04-074-05,282
c06-083-00,174
l03-004-03,477
l01-050-03,460
a06-128-10,84
j04-015-00,402
f07-009-01,286
p03-072-07,622
a03-040-03,51
g03-000-05,308
b04-140-01,112
g07-026b-03,352
a06-014-05,68
b02-097-03,97
d06-067-05,205
c03-094c-00,152
g06-047b-07,333
f01-135-00,255
a02-062-02,31
e07-000-05,85
n06-175-05,551
b05-062-03,118
n04-209-06,587
g06-011o-06,346
m02-083-03,529
r02-109-00,650
n04-068-00,583
h07-025a-07,385
g06-045n-09,345
m02-048-05,520
f07-039b-06,289
c04-066-04,163
m04-012-05,544
g03-043-02,314
k04-028-06,442
d06-104-07,205
g03-049-02,315
l07-085-08,496
h07-040b-03,387
a06-044-03,73
a01-128-03,19
p03-080-05,623
b06-053-02,127
c03-021e-03,154
r06-070-02,670
a01-026x-05,8
m04-164-03,548
e07-101-00,248
m04-012-04,544
p03-029-01,617
f04-079-07,282
f07-021a-06,288
l01-179-04,472
n03-038-06,571
n02-098-00,567
a01-091-09,16
h07-071a-01,390
a01-011u-02,0
j04-012-07,401
f04-043-01,277
n01-045-09,555
m04-222-05,549
a01-003-09,2
p03-096-04,567
g06-018n-10,345
d06-003-03,203
g06-031a-04,332
m04-200-07,549
d06-000-00,202
k01-051-08,417
h07-044a-05,388
c03-021d-05,153
l03-000-07,476
n04-202-06,587
m04-180-07,548
b05-050-04,117
k04-085-00,447
b02-035-10,95
c03-003f-09,155
d06-107-01,204
h06-089-05,384
h04-052-01,379
a06-004-07,66
h07-011-01,355
a05-062-01,0
a05-116-01,0
k07-152-00,456
g03-052-02,316
d06-104-03,205
g06-105-06,349
m04-180-06,548
k03-164-00,436
m04-093-04,546
g04-095-01,273
b06-056-02,125
a01-049u-05,0
m04-113-01,547
a06-044-02,73
h07-063b-05,390
g07-079a-05,285
m04-081-06,546
g07-028b-02,352
g06-011j-04,341
f04-020-01,274
d06-041-00,208
a01-053-02,13
a01-128-08,19
b01-000-01,87
g07-026a-00,351
g04-101-03,329
c03-084d-05,153
n01-004-02,554
h07-025a-00,385
f02-038-07,263
p03-103-07,567
d04-117-04,197
d05-013-03,200
b04-060-01,109
a05-029-04,0
f04-074-08,282
b04-089-05,110
d06-096-08,206
r06-126-05,671
e06-003-02,204
m03-062-02,540
g06-042n-03,345
f07-092b-02,293
g01-027-04,297
a05-044-00,0
c03-016c-04,152
a05-073-06,0
n03-113-07,579
a05-080-08,0
a06-004-06,66
c03-081d-08,153
m04-078-04,546
m03-114-08,542
c02-012-01,140
e02-025-05,222
b05-071-03,118
n06-092-07,588
f07-084a-06,292
d06-056-06,206
j04-046-04,405
a04-019-05,59
c04-035-05,159
l04-124-06,489
c06-080-01,133
g06-037b-09,333
j01-045-09,394
l04-102-02,487
e04-099-02,241
a04-010-06,58
c02-059-05,146
g06-031a-03,332
g06-045b-07,333
a01-026-01,9
a02-093-06,26
m04-081-08,546
g06-018r-01,348
r03-056-02,663
p02-135-03,607
a06-014-08,68
p02-121-04,604
m04-123-10,547
g06-011n-09,345
m02-109-00,534
d04-066-08,191
h04-021-07,330
b06-027-04,129
b04-162-00,113
b02-045-06,96
k04-126-01,451
h02-008-05,363
k07-158-03,456
b04-154-03,112
a01-038-06,7
a01-063u-02,0
r03-090-00,666
g04-032-02,274
e07-083-00,247
p03-151-03,627
j01-049-04,395
b04-020-07,107
a05-104-09,0
l01-105-02,464
b02-013-02,95
c03-007a-02,150
m02-048-06,520
b05-098-00,121
g06-050c-04,334
e04-091-01,241
m06-098-06,552
b06-087-04,134
a04-089-09,63
e07-079-00,247
a01-007-07,4
g06-045p-06,347
k07-122-03,455
b06-100-07,133
k02-023-05,419
j04-076-05,409
e04-052-03,235
e02-014-06,219
e06-037-04,202
h07-087-01,393
a02-090-04,26
g06-018k-03,342
l07-131-03,497
c04-116-02,168
j06-022-04,415
n06-148-01,551
f02-036-05,262
e02-100-00,228
g06-011j-03,341
r03-053-05,315
b05-067-04,118
m01-017-02,501
h02-024-02,368
f02-040-06,264
k04-033-07,442
l01-030-01,459
f04-079-02,282
g06-047n-08,345
g06-026h-05,339
f01-143-06,256
n04-202-03,587
c04-128-06,165
e02-000-07,218
f07-024a-03,288
k07-152-06,456
h02-022-00,367
d06-011-04,204
l04-159-00,492
e04-052-00,235
g03-058-05,317
p02-121-00,604
r06-126-01,671
g06-047e-00,336
b01-113-00,93
f07-042b-00,289
b04-054-06,109
g05-087-03,331
c03-000e-00,154
e04-062-00,237
f03-191-00,270
a01-107-00,18
b06-071-00,128
b06-093-09,125
h07-037-01,386
f01-075-10,253
j06-030-05,415
p02-069-04,598
g06-047m-05,344
f04-061-02,280
g06-050o-02,346
h02-012-06,364
b06-090-01,134
m06-056-03,552
g06-011r-08,348
g06-018o-02,346
e06-015-03,204
m01-084-07,510
a04-103-01,64
g05-087-01,331
g04-026-03,274
b04-147-00,112
e06-015-07,204
h07-023-05,385
a01-122-01,19
a01-014-02,7
n02-045-07,563
a01-113u-02,0
a04-050-01,61
b06-097-05,123
h07-030a-04,387
b04-000-02,107
f04-100-01,193
b02-035-01,95
n04-130-02,585
r02-038-06,641
r02-038-03,641
a04-027-01,59
p02-109-04,602
l07-176-04,498
h04-057-07,380
a04-066-06,62
g07-007a-01,294
m02-095-03,532
f07-016-01,287
a04-069-06,62
m01-110-07,514
j01-042-01,394
n02-000-04,559
k07-134-00,455
e02-091-03,226
a02-020-01,25
g03-052-08,316
b03-098-07,103
r03-110-04,668
d04-012-09,185
n06-111-03,588
j07-012-05,393
l01-199-02,475
b01-122-05,93
j04-098-09,412
b06-059-06,130
k04-014-00,441
n04-000-05,550
d06-041-03,208
r06-090-08,671
p03-087-00,567
f07-002-07,286
d03-112-04,182
m04-238-00,550
d06-072-00,207
a02-012-01,24
n02-109-05,315
m04-200-03,549
b06-004-00,124
p03-181-03,631
a01-026u-07,0
a06-147-04,85
d03-112-07,182
g06-050m-06,344
a05-053-04,0
c03-000b-00,151
f07-084a-04,292
c04-170-00,172
c04-017-00,159
l01-030-02,459
b06-071-01,128
a05-048-01,0
b05-088-00,122
n03-066-05,573
b04-134-03,112
a04-103-08,64
n02-040-04,563
a01-020u-04,0
c04-028-01,160
c03-096e-07,154
f07-021b-06,287
c03-021f-06,155
a03-089-02,0
c03-003e-08,154
f01-143-04,256
e07-061-03,246
g06-011n-02,345
h07-017-00,385
a04-072-03,62
p03-121-06,624
a02-037-05,26
k03-180-02,420
l01-173-03,471
a02-004-09,22
a05-099-08,0
d04-005-02,184
d06-011-03,204
g06-026a-03,332
c03-003c-06,152
c03-087d-04,153
n01-000-01,553
h01-000-02,356
g06-037r-09,348
p02-109-03,602
n03-097-06,577
d04-058-05,190
c03-007f-08,155
j06-030-09,415
c03-000e-01,154
c04-056-02,162
c03-007c-07,152
g01-019-08,296
f07-006-05,286
b01-053-07,90
k04-103-04,448
k04-005-02,406
r02-089-01,649
g07-003a-08,294
n04-009-03,550
p03-009-03,613
h07-020-04,385
c06-043-02,133
b05-042-02,117
g07-026a-09,351
m04-190-08,549
b04-147-01,112
g06-026e-05,336
g06-018c-07,334
j04-035-04,405
a03-014-01,43
b03-025-02,100
a05-004-06,65
b06-032-00,130
b04-128-00,111
b04-134-06,112
d06-046-08,173
e07-076-09,247
d04-012-03,185
a06-114-06,83
e01-092-07,215
g03-032-04,312
g06-018f-01,337
g07-010b-06,350
d04-096-00,195
b06-000-01,123
c02-000-05,137
j04-024-06,403
n06-133-01,588
a06-152-02,86
g07-077a-06,354
e04-086-06,240
f01-085-06,254
g06-018m-07,344
h02-024-00,368
l07-135-03,497
k07-176-00,456
g06-031l-05,343
g06-042o-03,346
c02-078-06,147
k07-146-04,455
n04-130-04,585
r06-137-07,671
a02-000-04,21
g06-018l-05,343
e07-090-08,247
b04-116-05,111
j06-000-04,384
g06-011r-04,348
r06-111-04,671
m04-007-07,544
a01-003-04,2
r02-137-02,654
g01-074-02,300
r06-049-10,670
b04-103-01,110
f04-004-00,272
c03-081f-08,155
g06-045o-05,346
e02-091-01,226
n02-016-05,559
a01-020x-08,10
f07-073-04,291
k04-064-00,445
e04-086-03,240
f07-028a-04,288
h07-078a-01,392
g01-039-01,299
c02-012-07,140
a01-030u-08,0
d05-013-04,200
c03-094f-08,155
c06-116-02,133
a03-023-09,46
a02-012-06,24
d06-113-02,208
a01-128-00,19
n04-100-01,584
a04-003-02,58
a01-058u-02,0
r03-096-03,667
c06-091-05,132
p06-042-01,634
f07-092b-04,293
p02-109-00,602
c04-066-08,163
r06-066-05,670
k07-185-03,456
n04-022-06,582
n01-009-05,553
g07-003a-00,294
m06-042-00,552
p03-057-06,567
m02-055-02,522
a01-020u-08,0
k04-005-06,406
e07-003-03,244
g06-037n-08,345
d07-096-01,209
l01-111-02,465
h02-037-06,371
d04-037-00,187
m01-115-04,515
g06-011o-05,346
k04-057-06,444
a01-030u-00,0
j04-111-02,414
a04-072-10,62
g06-011c-00,334
c03-084a-07,150
h07-063b-08,390
b06-056-10,125
m04-061-00,545
g04-007-05,273
f07-002-08,286
n03-038-01,571
e01-032-09,212
c06-087-07,126
e02-074-03,223
g07-044-06,353
d07-082-05,209
l04-093-04,486
n02-037-02,562
l01-187-10,473
p03-027-07,616
g06-050l-03,343
b03-114-08,106
h07-033a-08,387
m04-200-01,549
a01-082u-07,0
l03-008-06,478
b01-089-08,92
c04-156-01,171
h07-054a-00,389
c03-021f-03,155
h07-025a-03,385
l04-034-05,482
g04-026-01,274
e04-132-04,241
k02-018-01,418
n04-171-01,586
n02-000-01,559
a03-027-05,47
n03-126-00,581
a02-024-02,25
c04-150-04,170
a05-099-01,0
l04-147-01,491
n03-038-00,571
f07-006-03,286
f07-024b-04,287
g06-042l-00,343
h07-057a-06,389
n04-183-04,586
g06-037m-06,344
k02-112-04,429
m01-115-06,515
n02-004-07,560
h06-089-00,384
n02-154-06,569
r06-049-09,670
l04-113-02,488
e06-006-10,202
n04-107-01,584
n02-127-02,315
f07-101b-03,293
c03-007f-03,155
a04-085-01,63
k07-146-07,455
c04-150-06,170
a04-050-04,61
n06-186-03,551
e06-070-09,207
a02-111-08,37
f01-143-05,256
f07-028b-01,289
f07-019a-00,288
d06-025-04,205
a06-128-09,84
d06-030-00,174
d04-075-05,192
a05-080-03,0
n04-068-01,583
h07-060a-04,389
g06-045e-01,336
g06-011n-10,345
g07-047-02,353
a02-042-02,26
n04-009-00,550
h02-040-07,372
g07-071a-06,354
h06-079-07,384
r06-130-02,671
d04-066-05,191
b06-090-03,134
f07-076a-01,292
p06-069-01,634
h01-024-05,359
a01-053-05,13
a02-093-02,26
n01-045-03,555
g03-052-07,316
d05-030-01,199
e04-079-07,238
a01-011-04,5
e01-107-07,216
g03-058-00,317
h07-025a-01,385
a04-050-06,61
g06-031p-04,347
c03-096b-01,151
r06-049-00,670
p03-158-01,628
l03-000-03,476
m04-152-02,548
j06-026-00,415
d06-056-07,206
n06-133-02,588
a04-019-07,59
n06-175-07,551
h06-085-08,384
e01-055-07,181
e04-083-02,239
m04-152-00,548
c04-075-01,164
g06-031c-07,334
k04-068-07,445
m02-083-05,529
c04-028-03,160
e04-086-04,240
c01-066-09,136
g06-018j-03,341
e04-022-04,232
n06-140-02,588
g06-037c-00,334
d06-011-08,204
g03-058-01,317
j07-009-04,393
p06-088-01,634
a01-053x-06,14
n06-140-07,588
a05-029-07,0
l04-020-03,481
m02-090-02,531
a02-116-00,38
d04-037-03,187
g06-045g-00,338
h02-043-06,373
l01-119-00,466
a01-113-06,18
r03-110-00,668
f04-096-00,193
c03-021f-09,155
h07-030a-03,387
h02-008-01,363
h07-040-02,388
a03-050-08,0
g04-011-03,273
a01-049-06,12
e06-053-00,208
c01-014-05,135
c03-081a-07,150
a01-026u-10,0
g04-055-03,323
b01-027-04,89
d06-072-10,207
a06-134-03,85
n06-128-02,588
e07-086-04,247
l07-074-04,495
e07-000-02,85
m02-102-08,533
a04-085-07,63
c06-128-07,128
e04-068-02,237
l04-087-00,486
c03-003a-03,150
g06-045r-01,348
f04-011-03,272
j06-018-09,415
f07-032a-05,288
n04-156-07,585
a02-032-04,25
b03-104-01,104
k04-106-01,449
l01-065-02,461
e06-037-05,202
b04-140-04,112
d05-021-00,199
a04-027-02,59
k04-079-03,446
h04-000-05,239
a01-026-07,9
g06-093-02,349
c02-000-03,137
a02-102-08,37
l01-105-05,464
d01-024-04,176
h01-010-01,357
c03-096c-07,152
h01-000-05,356
e07-101-07,248
a05-108-06,0
e02-091-05,226
g06-031l-03,343
a06-036-05,71
c03-003f-03,155
n02-151-01,568
f01-053-01,250
a01-096u-02,0
a01-117u-06,0
n04-213-07,587
g06-050m-07,344
g01-031-07,298
g06-037k-05,342
h07-007-09,355
g01-000-01,217
l04-026-00,481
c06-020-06,125
a05-029-00,0
r03-065-02,664
b05-083-03,121
f04-039-07,277
l04-170-03,493
j04-076-00,409
e06-041-08,202
c04-110-02,168
m04-113-06,547
e07-108-09,248
n06-111-06,588
c03-003f-07,155
r06-057-04,670
p03-009-02,613
b04-128-06,111
b05-038-01,117
b01-000-02,87
b06-097-01,123
a02-106-00,37
g06-047o-08,346
j06-008-06,384
a03-006-05,40
j01-042-00,394
k04-068-05,445
n02-000-06,559
h07-020-05,385
e07-094-02,248
e01-062-06,213
l01-065-00,461
g04-072-08,325
d05-013-07,200
g06-037h-08,339
d04-066-00,191
e06-021-02,206
d04-125-03,198
a03-017-03,44
g06-011k-09,342
b05-088-03,122
j06-005-01,384
a01-000u-05,0
l03-004-01,477
c02-056-07,145
h01-024-01,359
a06-147-06,85
d04-117-02,197
m02-083-06,529
e02-117-01,229
h01-004-05,301
a03-009-06,41
l01-199-06,475
n04-031-07,582
c06-014-06,129
d06-020-06,173
a04-089-00,63
c02-000-07,137
f03-182-07,269
a05-094-09,0
k03-144-01,433
m03-020-05,538
a05-039-06,0
p02-017-02,595
a01-132-03,20
g06-018o-08,346
e06-015-09,204
g06-037h-05,339
a02-106-04,37
k04-017-06,239
n04-009-06,550
n02-157-08,570
j01-049-06,395
a01-043u-08,0
g07-000b-00,293
d06-063-00,173
b02-035-08,95
d04-131-00,198
e06-053-06,208
m04-138-07,547
a02-053-00,29
p03-112-09,567
e02-014-04,219
g07-022a-02,351
a01-107u-02,0
e01-050-06,213
h07-025-04,386
b01-027-07,89
p02-027-00,597
c06-005-06,125
n02-028-08,561
a01-014x-04,8
k04-061-02,444
d06-086-00,208
k07-125-00,455
g06-031o-03,346
g06-050j-07,341
a04-092-00,64
p06-242-05,635
a03-023-06,46
m04-238-03,550
h04-057-02,380
d05-025-09,199
n03-103-01,577
g01-074-05,300
p02-139-05,608
a02-098-02,26
g06-031l-01,343
b05-079-06,120
b05-045-04,117
g06-018p-04,347
l07-190-00,498
h04-082-06,383
g06-050g-02,338
e04-127-06,243
g01-019-00,296
g04-081-03,327
b04-107-01,111
l04-124-00,489
a01-058u-08,0
e01-119-04,217
f07-084b-06,291
e02-021-02,221
m01-012-01,500
g01-074-03,300
a04-072-04,62
g04-063-03,324
h02-037-05,371
g01-031-00,298
p02-101-00,600
g06-089-00,349
k07-122-02,455
p01-147-02,589
a04-015-04,59
b01-073-05,91
j04-046-09,405
a01-030u-02,0
r02-054-01,642
b06-004-04,124
h04-000-07,239
k04-093-02,447
m01-032-08,504
a01-132u-00,0
n03-097-02,577
p06-096-00,634
l07-065-01,495
g06-089-01,349
c03-094f-04,155
n01-052-00,557
g03-000-08,308
e06-070-06,207
e06-030-09,204
c03-016a-03,150
r02-038-05,641
j06-051-06,415
g06-018e-06,336
g04-039-07,320
n01-009-08,553
a01-049-03,12
f04-064-01,280
g07-007b-05,350
e02-021-05,221
j07-000-07,393
b06-064-10,133
d06-100-00,207
k02-053-01,422
h07-000-01,355
r02-070-01,645
l04-106-05,488
p03-112-07,567
a01-020x-01,10
r02-013-06,640
d06-027-04,206
a05-022-03,0
f07-006-00,286
h04-049-03,378
k03-157-00,435
a01-043u-09,0
n02-146-01,81
g06-037l-08,343
c03-003c-07,152
p03-029-03,617
k07-134-05,455
n03-064-03,572
c04-008-04,158
g06-031o-02,346
b05-055-00,118
g06-045f-00,337
e06-000-03,206
c03-021c-07,152
g01-045-01,299
l04-082-02,485
e02-000-03,218
a03-043-02,52
g01-027-03,297
k04-119-05,449
c06-043-04,133
l04-012-04,480
g06-011l-00,343
a03-011-00,42
g04-095-08,273
g06-026l-02,343
g06-045p-00,347
b06-042-05,131
k04-054-05,443
j07-000-01,393
e06-015-00,204
p03-185-00,632
e04-068-05,237
r03-110-09,668
k07-141-06,455
e04-099-04,241
d07-100-06,209
g07-047-06,353
a01-122u-09,0
m02-102-10,533
n02-120-03,315
g02-062-03,304
c03-000d-00,153
p02-127-02,605
e04-008-03,230
d05-008-02,199
c02-003-06,138
c06-039-00,123
f04-032-00,276
p02-017-03,595
p03-023-05,615
g07-014b-00,350
d04-131-06,198
c06-111-07,124
g04-098-05,329
c03-000f-05,155
l04-159-08,492
f04-083-09,283
c01-066-04,136
m04-113-03,547
h04-082-03,383
c03-007c-00,152
h07-033a-04,387
b04-010-09,107
c04-150-00,170
h07-000-04,355
a03-063-01,55
f02-030-03,261
h07-060a-00,389
k04-110-03,450
a02-120-10,39
m03-020-04,538
g06-026h-02,339
a01-053-00,13
c03-094e-09,154
g04-011-08,273
f07-081a-00,292
a05-058-05,0
g05-087-04,331
r02-013-01,640
a02-093-03,26
g01-037-03,298
n06-092-05,588
a05-084-07,0
r02-070-03,645
g06-109-07,349
j04-094-02,411
a06-128-08,84
e01-062-03,213
m02-106-01,527
j04-035-06,405
c02-089-00,149
c06-011-04,173
n02-154-00,569
c03-096d-05,153
d06-091-04,202
k04-057-04,444
a02-017-06,25
g04-022-00,319
n02-127-06,315
b05-045-07,117
j06-014-04,384
j06-034-05,415
a06-090-05,79
b06-019-02,128
g07-038-03,353
g06-042m-01,344
c03-021b-05,151
p02-121-03,604
e06-037-03,202
a05-073-07,0
n06-123-06,588
c02-056-01,145
f01-058-05,250
g06-037b-02,333
l01-095-03,463
b01-053-02,90
n04-092-07,584
g06-026c-00,334
g07-034-06,352
g01-037-04,298
f07-032a-00,288
a04-066-05,62
a02-102-06,37
g06-037o-06,346
j06-026-05,415
k04-050-05,443
e04-052-01,235
g07-071a-07,354
k04-010-05,440
j04-035-01,405
h07-051b-10,388
m04-000-01,544
d01-118-06,181
c03-016b-01,151
g06-031c-06,334
e07-079-08,247
b06-097-00,123
l04-130-05,490
r06-000-02,635
f07-069-01,291
a01-132-05,20
h04-028-09,376
d04-125-00,198
l07-172-08,498
g06-018o-07,346
r03-002-08,658
b04-107-03,111
r03-115-01,669
j04-012-02,401
a03-023-05,46
m01-026-01,503
g06-011k-03,342
h07-017-08,385
r02-060-05,643
g06-031j-06,341
c04-013-05,158
c03-094e-07,154
n01-057-01,558
a01-102u-01,0
m04-216-03,549
g06-047o-00,346
a04-019-01,59
f01-147-05,256
b03-109-00,105
a04-039-09,60
p06-248-00,635
n06-163-01,551
r03-084-09,665
a04-099-03,64
e06-026-06,205
f07-081b-04,291
b06-071-07,128
h07-025-03,386
g07-084-00,355
f07-028b-07,289
e01-055-01,181
d01-019-01,175
a01-063-04,13
g06-011b-08,333
n02-004-06,560
g06-011g-03,338
c04-122-04,164
a02-102-05,37
f07-009-09,286
l04-082-06,485
n06-156-06,551
h07-023-07,385
c06-083-05,174
e01-107-08,216
h06-003-05,349
a06-039-07,72
n04-213-00,587
n02-054-08,564
r03-090-04,666
m04-038-01,545
e07-061-07,246
a01-102-01,16
c03-021c-02,152
a02-050-01,28
c06-052-01,126
b05-083-08,121
b06-075-09,124
g04-003-02,239
f04-004-07,272
h01-007-04,356
m06-031-03,552
n01-052-08,557
h02-024-03,368
r06-121-02,671
g04-011-01,273
a03-014-06,43
c04-080-04,165
b01-089-01,92
g06-026j-06,341
f01-066-01,251
a05-000-00,0
r06-106-08,671
n04-015-02,582
c03-003e-01,154
j07-012-07,393
p02-105-04,601
g06-050e-04,336
d06-020-02,173
g06-037b-05,333
j04-046-08,405
d06-067-00,205
b04-004-08,107
c06-043-00,133
n02-157-02,570
a03-066-07,56
f07-028a-06,288
r02-117-07,651
e07-079-04,247
a02-111-04,37
c02-089-04,149
a02-098-03,26
a05-062-06,0
b04-020-05,107
n04-163-04,585
g07-047-08,353
c03-094a-02,150
k07-122-08,455
p03-029-05,617
p02-150-04,610
p01-174-06,592
m04-246-03,550
d07-096-08,209
l07-080-02,496
h07-030a-08,387
g06-011p-03,347
g06-050e-02,336
c06-005-02,125
a01-020-07,9
p06-242-07,635
a01-077-07,16
c01-014-10,135
a04-050-02,61
b06-019-07,128
n04-139-03,585
g06-011j-10,341
n04-060-03,583
c04-144-06,170
j04-065-01,408
f03-182-02,269
r03-053-03,315
p03-069-04,621
e04-011-02,231
k04-028-00,442
e02-086-01,225
l04-082-03,485
g06-047k-00,342
m04-012-06,544
l01-007-03,458
e06-003-03,204
h07-044a-08,388
g01-067-03,300
n04-130-05,585
c04-017-03,159
a01-049-10,12
c03-087e-01,154
g06-011b-00,333
g01-031-02,298
d06-082-02,174
n04-022-00,582
b06-032-05,130
g06-011j-01,341
a01-091-01,16
n06-182-04,551
b04-169-03,113
a03-034-02,49
k04-106-03,449
e04-114-07,242
e01-059-05,213
b01-094-09,92
p03-012-05,614
a03-034-05,49
m06-019-07,551
b02-013-08,95
a05-113-09,0
g04-101-06,329
a01-058x-06,14
d04-047-00,188
g06-018f-03,337
k04-126-05,451
g06-037o-07,346
d04-121-03,197
j06-008-09,384
c03-003d-04,153
j04-046-05,405
c03-016e-03,154
f07-032b-09,289
a05-094-04,0
c06-128-06,128
k02-097-09,427
f07-032a-09,288
r06-076-01,670
l04-005-02,480
j06-008-04,384
j04-098-03,412
g01-008-03,295
r06-049-02,670
l04-005-03,480
b05-074-09,119
e07-007-00,245
g06-037l-09,343
g06-047b-04,333
g01-088-02,302
j01-049-05,395
h02-022-02,367
h07-000-05,355
m02-066-04,524
a06-057-05,75
g06-045r-02,348
g07-047-01,353
c06-111-06,124
l07-135-02,497
n02-028-05,561
c04-089-01,166
e01-032-00,212
c03-016a-01,150
c03-087d-09,153
b05-088-04,122
c03-094f-00,155
g06-050d-03,335
h07-017-07,385
g01-000-03,217
a06-090-01,79
h07-066a-01,389
f07-101a-06,294
c03-081a-04,150
f01-147-01,256
f04-071-04,281
m06-083-03,552
g06-011b-06,333
g06-050o-05,346
k04-033-02,442
b06-045-01,132
a04-059-07,61
a04-031-05,60
c02-012-09,140
m01-060-03,508
f07-013-01,287
a01-128u-00,0
r02-089-00,649
c06-027-04,128
j04-111-00,414
d04-101-05,195
e04-079-06,238
c03-007f-05,155
k04-050-03,443
c03-084a-06,150
g06-026h-00,339
a01-102-02,16
m04-093-09,546
f03-191-01,270
g07-042-04,353
j07-000-00,393
g06-011a-09,332
c03-094c-07,152
b06-019-09,128
b02-097-02,97
a01-020-08,9
k04-163-02,453
f07-028b-08,289
d07-089-00,209
m01-038-04,505
g06-018o-01,346
p01-147-06,589
a06-110-03,82
k04-136-02,451
g04-043-00,321
a01-117-06,19
b05-062-05,118
n04-107-00,584
f07-092a-03,292
b02-097-04,97
r06-053-06,670
g06-031c-02,334
r02-078-03,647
m04-200-05,549
g06-031n-00,345
e01-025-09,211
k04-126-04,451
p06-058-04,634
a04-006-07,58
a06-039-08,72
b02-013-09,95
l04-071-05,484
h04-052-03,379
a01-082u-00,0
h07-075-02,391
f07-088b-04,293
h04-021-05,330
b01-004-02,87
h07-003-09,355
m02-112-01,535
l01-105-00,464
d04-071-03,192
b01-094-02,92
g04-095-00,273
f07-092b-01,293
g07-042-05,353
a01-082u-04,0
f07-088a-08,292
a01-026u-01,0
g06-045j-06,341
p02-105-07,601
j01-049-01,395
e02-021-07,221
l04-062-08,483
f07-092a-05,292
g07-084-01,355
c01-014-07,135
r06-066-07,670
f07-021a-01,288
b01-014-07,88
h01-030-06,361
f04-087-00,283
a06-114-01,83
d06-027-07,206
n02-054-02,564
e01-032-01,212
m02-102-01,533
e04-083-03,239
a04-035-03,60
c02-007-08,139
d07-100-07,209
g07-079a-08,285
g07-026b-02,352
m01-084-04,510
a05-113-01,0
m06-048-03,552
d04-016-02,185
g06-045l-05,343
e04-034-06,234
g07-084-06,355
f07-019b-08,287
g06-050l-00,343
d01-104-05,180
f07-000-03,285
g01-043-09,299
c02-049-06,144
h07-063b-00,390
h04-028-07,376
f01-075-00,253
n06-128-00,588
l04-066-02,484
a05-004-04,65
g06-047g-03,338
b06-023-00,123
n04-202-08,587
d05-025-08,199
a01-102u-04,0
c03-016c-08,152
a01-096u-09,0
a01-026u-00,0
d04-075-01,192
h07-037a-00,387
f07-042b-06,289
a05-022-06,0
n02-127-03,315
c04-122-06,164
d06-003-04,203
c03-087a-03,150
k02-029-01,420
e01-025-03,211
l04-147-03,491
r02-000-07,636
a01-053u-00,0
c06-076-07,128
f04-028-05,275
g06-045m-06,344
c02-049-00,144
a03-073-02,0
b01-127-04,94
l04-130-09,490
b01-132-08,94
d04-096-01,195
b06-082-02,132
b04-020-02,107
g06-050g-03,338
d01-056-09,178
m01-121-04,513
l04-000-04,479
a01-113-00,18
m06-056-00,552
b06-008-09,125
k04-039-03,439
c03-007a-07,150
m04-007-05,544
c03-094b-04,151
p02-131-02,606
a01-068u-01,0
p03-142-04,626
c01-066-00,136
l04-098-00,487
g06-037h-10,339
n02-157-06,570
j06-051-02,415
b04-089-04,110
h02-004-01,362
f04-064-04,280
r02-146-02,655
g04-043-02,321
g06-037i-06,340
h07-030a-02,387
c02-049-05,144
c02-022-04,140
k04-010-10,440
b01-038-06,89
e07-012-00,246
l07-111-07,496
p03-027-06,616
c04-165-01,172
c04-008-07,158
a03-089-00,0
m06-019-04,551
a02-078-01,34
a06-064-01,76
r02-081-02,648
f07-028b-00,289
g07-000a-09,294
l01-016-03,458
a01-038x-01,11
a01-020-01,9
f02-038-08,263
c03-007a-00,150
g06-050b-07,333
e01-029-08,212
l01-111-03,465
c03-084e-01,154
f04-039-00,277
r06-044-03,670
d06-063-06,173
l04-141-02,491
g06-031p-03,347
a06-004-04,66
b04-162-01,113
a01-068u-08,0
n04-044-03,582
e07-072-06,246
e04-068-06,237
g06-026j-01,341
g06-018k-02,342
l01-143-05,469
h07-040-10,388
e04-062-05,237
r06-018-03,635
d06-041-06,208
n06-156-04,551
f07-009-04,286
h06-092-09,384
r02-060-04,643
b04-040-04,108
r06-103-06,671
h07-028a-05,387
n06-119-01,588
a02-124-00,37
g06-050o-03,346
k04-010-03,440
m06-106-01,552
f04-083-03,283
c04-056-07,162
a04-023-03,59
g06-042l-02,343
g06-026h-01,339
m02-109-05,534
k02-036-04,421
h06-079-02,384
m04-012-08,544
k04-093-05,447
k07-176-11,456
c01-014-06,135
a02-027-05,25
e06-003-09,204
e01-107-03,216
n04-048-07,583
g06-011p-06,347
h07-080-08,391
m04-123-07,547
a03-023-02,46
e01-055-00,181
c03-016c-02,152
p06-030-01,634
h07-025a-05,385
g04-060-04,324
a01-053u-05,0
b06-087-07,134
c02-049-01,144
a03-071-00,0
p02-131-07,606
e01-032-06,212
r06-062-03,670
g01-034-03,298
g06-115-00,349
b01-014-03,88
m02-102-05,533
a03-054-01,53
h01-014-08,357
g06-045h-00,339
d06-063-03,173
r06-022-00,635
c06-100-00,123
e07-094-03,248
g06-011r-01,348
f04-071-07,281
c03-021f-08,155
a05-004-03,65
a04-039-00,60
k02-097-02,427
g02-059-03,303
r02-013-07,640
g06-045n-07,345
g06-037n-05,345
f02-038-03,263
c04-160-02,171
n06-194-04,551
n04-031-02,582
h01-004-03,301
e01-025-08,211
h07-069-03,391
c03-081c-01,152
f04-100-06,193
b05-045-03,117
e02-025-07,222
h01-007-02,356
b06-079-06,130
g07-030-04,352
n02-109-01,315
p02-139-00,608
b01-127-09,94
c04-098-00,166
g07-000b-09,293
m01-110-05,514
f04-083-05,283
a01-072x-05,1
e01-092-03,215
a04-089-05,63
r02-127-04,652
g01-083-08,301
a01-020x-03,10
c06-080-04,133
j04-019-06,403
d06-050-05,174
g07-079a-06,285
h01-000-09,356
m04-231-05,550
n03-103-07,577
j06-026-07,415
j04-103-03,413
g06-031a-05,332
f04-039-04,277
g06-011k-04,342
b04-169-06,113
n04-009-05,550
r03-050-02,662
a01-087-02,17
a04-066-00,62
j06-022-06,415
a01-026-06,9
l04-163-04,493
b06-064-00,133
a02-078-06,34
n02-104-03,315
m04-209-01,549
a01-007-00,4
a05-104-05,0
e04-019-01,232
l01-065-09,461
c04-023-04,160
l07-052-04,495
p06-104-00,634
g06-050i-04,340
d04-016-04,185
a03-059-09,54
c02-035-02,143
b04-140-02,112
c04-044-07,161
r06-130-03,671
h07-013-01,385
n06-133-05,588
c03-016c-07,152
b01-089-02,92
l04-102-00,487
e06-010-01,203
n04-092-05,584
g06-050j-01,341
l01-119-01,466
f07-000-07,285
r06-103-04,671
f07-101a-02,294
g04-011-05,273
a06-051-08,74
g04-095-04,273
j06-056-00,415
g06-047b-00,333
b01-044-01,90
d01-052-00,177
c02-049-08,144
f04-096-05,193
d05-025-07,199
r02-078-01,647
e06-030-04,204
r06-041-08,670
g06-037b-03,333
l01-173-01,471
c06-103-00,129
p01-174-07,592
r06-126-00,671
g06-045l-03,343
j01-063-06,397
j04-008-07,400
g07-022b-00,352
b03-109-03,105
k04-085-02,447
m01-017-07,501
b04-147-07,112
f04-100-07,193
d01-049-08,177
b05-083-07,121
a02-111-11,37
g06-026j-03,341
f07-024b-09,287
l03-004-09,477
a02-008-03,23
h02-040-09,372
h02-049-03,375
f02-033-02,259
a05-013-06,0
c03-087f-06,155
d06-060-04,208
f01-135-03,255
n01-031-06,555
l07-111-08,496
h07-044a-07,388
g01-045-06,299
h07-078-02,391
n02-120-05,315
g05-098-02,118
f01-135-07,255
c01-014-08,135
m04-145-00,548
n02-098-05,567
p06-104-04,634
h07-069-01,391
r06-044-10,670
m03-110-06,542
n02-104-04,315
g06-018i-04,340
e01-113-05,216
a06-051-01,74
a06-147-03,85
b05-098-04,121
g06-018j-00,341
f07-046b-07,290
c02-030-02,142
k02-029-02,420
g06-011g-00,338
g07-050-06,353
j06-051-08,415
g06-011b-04,333
a05-048-02,0
m06-076-00,552
b01-023-04,88
l03-000-06,476
h07-028a-00,387
p02-150-06,610
a06-008-02,67
l01-133-05,468
m02-075-04,527
a01-030-05,5
r06-044-02,670
h07-013-09,385
g06-031g-04,338
p03-023-03,615
h02-040-05,372
g07-044-07,353
h02-004-06,362
c04-110-00,168
k04-017-01,239
r02-006-04,638
p03-189-02,633
l04-071-06,484
c03-087c-06,152
n02-157-03,570
a03-020-09,45
k07-134-02,455
a06-119-00,84
a01-030-00,5
g06-018r-02,348
b01-038-08,89
e07-105-01,248
a05-116-05,0
f01-085-01,254
g06-011j-05,341
h01-007-06,356
m04-123-02,547
h06-096-07,384
a05-044-07,0
a05-058-04,0
h07-051b-03,388
g07-030-07,352
g06-011b-10,333
n06-092-04,588
b03-087-02,102
a04-092-03,64
h06-079-06,384
r06-126-08,671
l04-026-04,481
n03-113-01,579
c04-066-05,163
n03-064-02,572
m01-000-05,499
r03-056-07,663
f04-057-05,279
l01-016-04,458
n04-149-05,585
m03-110-04,542
a01-077u-04,0
n02-033-02,562
p03-096-02,567
c03-081e-08,154
a03-020-07,45
g06-031n-02,345
g06-045n-00,345
g06-011i-02,340
a03-063-02,55
h02-008-04,363
a03-014-09,43
c04-028-06,160
e02-094-02,227
h07-037a-01,387
g07-018a-01,351
f02-040-07,264
g06-045k-02,342
a01-011u-00,0
m03-062-04,540
c03-016c-03,152
d06-072-04,207
a05-053-02,0
n06-100-04,588
r02-109-01,650
j06-022-10,415
n04-068-07,583
g06-050m-01,344
b04-010-08,107
n06-133-00,588
n01-031-02,555
l01-195-01,474
p02-144-09,609
c03-084b-07,151
a01-107-03,18
p03-151-01,627
g01-074-07,300
j06-014-00,384
a03-043-05,52
d04-016-01,185
m02-106-09,527
a04-092-09,64
m02-055-09,522
c03-003e-04,154
a01-011x-00,6
n04-060-02,583
a04-003-01,58
f01-053-05,250
p02-081-09,599
g06-042f-03,337
h02-035-08,370
e01-086-02,214
a06-070-03,77
n03-103-05,577
d04-021-06,186
f04-053-06,279
b05-032-09,116
g04-039-03,320
g06-050j-09,341
l07-138-03,497
g07-084-03,355
g04-032-03,274
g06-045f-01,337
g07-000a-10,294
a01-102-04,16
a03-040-06,51
f02-003-00,258
j04-094-08,411
f04-024-04,275
m02-080-01,528
a02-037-07,26
b01-084-07,92
f01-135-04,255
b04-187-00,114
m04-081-01,546
b06-079-09,130
m02-066-03,524
p02-090-06,598
e07-101-03,248
c02-030-06,142
c02-059-10,146
h02-024-05,368
j04-098-05,412
c03-084b-06,151
j04-094-07,411
f07-084b-02,291
d06-030-02,174
j06-008-08,384
k07-063a-05,454
e01-092-06,215
b04-169-07,113
m01-090-07,511
n04-190-01,586
f01-139-01,217
a04-089-02,63
r06-111-06,671
e07-090-05,247
k07-166-03,456
c06-052-05,126
c06-014-00,129
c03-094d-09,153
g01-070-05,300
n06-119-03,588
a04-000-03,58
g06-026e-03,336
c03-087b-08,151
e01-113-00,216
j07-015-05,393
c06-011-00,173
c01-066-05,136
m04-123-09,547
a05-004-05,65
k04-099-03,448
h04-007-08,330
n06-186-00,551
b03-092-05,102
g04-036-03,320
n02-037-08,562
h07-017-04,385
d04-111-11,196
g01-043-07,299
g07-077a-09,354
h07-075a-00,392
r06-070-00,670
j04-080-04,410
e04-132-02,241
b05-067-06,118
e01-050-03,213
j04-094-03,411
p06-088-09,634
j07-012-01,393
b01-049-01,90
m04-152-06,548
k04-149-05,452
g06-031o-05,346
k04-103-01,448
g07-022b-01,352
m01-038-07,505
b01-049-02,90
l04-026-02,481
p03-142-00,626
l01-095-08,463
e02-018-05,220
f04-028-01,275
d06-091-06,202
k04-106-00,449
f07-028a-07,288
f07-042a-05,285
n02-157-00,570
p03-029-02,617
d01-118-05,181
c02-017-09,139
c03-084e-02,154
p02-115-04,603
d06-082-05,174
a05-108-01,0
f04-083-04,283
c06-039-03,123
r03-007-06,658
e07-105-00,248
c03-007f-01,155
h02-004-08,362
a01-026-02,9
a01-091-07,16
l04-012-03,480
d04-032-02,187
a01-038-04,7
a03-009-05,41
h04-082-10,383
d04-032-04,187
d06-086-05,208
e04-000-01,158
b06-032-02,130
g06-037e-04,336
a05-025-02,0
p02-076-10,599
a05-084-05,0
g06-011n-08,345
p03-027-04,616
a01-003-01,2
l01-095-05,463
h07-054a-05,389
d07-089-09,209
f01-075-01,253
a06-070-02,77
c03-084b-04,151
h07-000-00,355
d04-101-00,195
g06-011j-00,341
d06-111-06,203
c03-003f-02,155
e07-003-04,244
f07-024b-06,287
p02-144-08,609
f07-088a-09,292
l01-187-06,473
c06-116-10,133
b04-026-02,108
c04-116-01,168
n01-052-04,557
f07-028a-03,288
l04-062-02,483
e07-003-01,244
b04-107-04,111
g06-050f-00,337
f07-019a-07,288
b06-071-04,128
p03-096-09,567
f02-040-02,264
g06-037i-08,340
a04-103-04,64
a01-038-05,7
b01-018-07,88
a02-004-02,22
k04-110-04,450
r02-000-03,636
c02-000-02,137
h06-003-09,349
k02-076-04,425
p06-047-10,634
g01-022-01,297
k04-061-00,444
g06-026c-02,334
k07-185-05,456
b04-034-00,108
b06-064-08,133
n04-052-08,583
m01-125-09,516
f04-093-09,193
k04-163-01,453
a01-014-01,7
c03-000c-01,152
m01-000-03,499
a01-068u-02,0
f04-083-00,283
d06-008-03,173
m04-113-08,547
l03-008-02,478
k04-079-01,446
b01-079-02,91
a05-058-01,0
n06-140-05,588
c02-030-01,142
a04-054-05,61
g07-028b-03,352
g06-026d-00,335
h06-000-02,349
b01-073-04,91
c06-103-05,129
n03-091-01,576
f04-004-01,272
r03-007-05,658
c04-017-05,159
f04-064-08,280
e06-003-01,204
e06-015-04,204
c06-000-00,130
e04-127-03,243
b01-038-00,89
e02-025-04,222
g07-030-05,352
m01-121-06,513
f01-058-06,250
n02-120-07,315
c03-021a-01,150
j06-051-01,415
k02-102-04,428
e01-107-02,216
l04-093-01,486
g01-037-09,298
b06-027-00,129
m02-072-01,526
e04-079-01,238
n04-114-04,584
b01-038-10,89
m04-231-01,550
g06-050r-07,348
r02-010-06,639
k01-051-09,417
m04-007-03,544
n01-057-07,558
n03-097-07,577
g07-022a-03,351
g07-026b-00,352
e01-102-00,215
p06-042-05,634
e06-049-09,205
c03-016d-04,153
f07-019b-09,287
e06-003-10,204
h06-082-09,384
d06-082-04,174
a01-043u-05,0
e04-103-03,242
a01-049u-09,0
n04-183-02,586
e07-083-05,247
c03-021a-09,150
g06-037r-02,348
r03-007-01,658
d04-075-02,192
a04-081-08,63
r02-065-03,644
k07-067a-01,454
k02-102-03,428
p03-033-02,618
c03-094a-01,150
e04-052-05,235
r02-060-06,643
c03-007-03,156
d01-123-00,181
g06-042k-01,342
p02-127-00,605
a03-054-09,53
p02-101-01,600
g06-047h-03,339
a05-053-01,0
h07-066b-03,390
f07-028b-05,289
d06-041-02,208
h07-063a-01,389
r02-146-03,655
p03-112-03,567
c03-081e-02,154
m02-106-07,527
c06-083-02,174
f04-071-02,281
a06-119-03,84
k04-093-06,447
e04-030-02,233
m04-100-00,546
e07-086-01,247
l04-130-08,490
m02-095-08,532
g06-018c-04,334
r02-003-01,637
f04-096-07,193
c03-081a-05,150
h07-063a-00,389
m04-012-00,544
b04-202-02,114
b04-147-03,112
r06-066-03,670
e07-090-00,247
a01-058x-03,14
a05-073-09,0
n02-146-05,81
a04-103-06,64
a02-124-03,37
p03-023-02,615
g06-037l-07,343
b06-053-04,127
r06-000-00,635
g07-071a-02,354
d06-072-07,207
c03-021e-02,154
a04-089-07,63
n06-123-03,588
a01-068u-04,0
b02-097-07,97
h01-027-07,360
h06-092-03,384
b06-093-01,125
r02-006-05,638
p06-058-06,634
f07-032a-10,288
b01-084-06,92
j01-042-05,394
n06-123-02,588
g06-037m-04,344
l01-065-04,461
l01-199-03,475
g04-088-08,328
g06-042k-04,342
h07-037a-02,387
n01-031-01,555
g06-018d-01,335
a01-091-08,16
g06-047k-02,342
n06-100-09,588
f04-020-04,274
b04-026-03,108
l03-004-05,477
c03-021e-01,154
g01-074-01,300
m03-114-04,542
e02-100-02,228
a01-087u-02,0
g06-050b-06,333
c04-080-02,165
g06-018i-06,340
b02-097-05,97
a03-047-01,37
g06-011b-01,333
r02-065-04,644
g06-042j-01,341
e07-079-10,247
k01-051-02,417
a02-062-03,31
a02-072-00,33
d06-111-01,203
n06-163-07,551
a05-113-08,0
e07-098-02,248
b05-050-05,117
b02-097-00,97
g06-018d-03,335
f07-039a-05,285
a02-106-01,37
b06-110-03,126
h07-030-07,386
f04-007-06,273
g04-052-05,322
n02-062-02,565
e04-034-04,234
r06-106-07,671
r02-006-07,638
g06-018r-04,348
m04-190-06,549
k07-067a-05,454
r06-011-02,635
b04-175-07,113
e01-035-01,212
a01-082u-03,0
a03-023-01,46
k04-068-03,445
m01-022-00,502
h07-028a-04,387
r03-026-09,659
h07-080-04,391
j07-012-06,393
g07-010b-04,350
f01-066-04,251
g06-037b-01,333
f07-101a-07,294
f02-020-02,260
k02-076-06,425
c04-017-04,159
n01-031-05,555
a06-025-08,70
g07-079a-07,285
g06-011h-02,339
g06-018a-00,332
r06-097-09,671
g06-037f-05,337
l03-004-08,477
a02-012-07,24
l03-000-01,476
a01-096u-08,0
r06-130-09,671
c03-084f-07,155
m02-083-10,529
f04-024-03,275
a01-030-01,5
g01-019-05,296
f04-011-07,272
e02-086-06,225
h07-011-00,355
g04-104-04,330
g06-047m-01,344
p02-144-00,609
e04-083-05,239
j01-045-07,394
a01-000x-02,1
c02-056-04,145
g04-026-05,274
j01-066-09,398
b01-113-02,93
k04-061-03,444
h07-071a-09,390
m04-131-01,547
c03-021e-07,154
e04-043-02,235
k03-117-00,431
g06-026o-06,346
d05-040-01,201
a03-071-03,0
c03-087c-04,152
r06-018-06,635
e06-003-07,204
g06-037o-01,346
m02-087-01,530
k04-156-04,453
h02-024-01,368
n01-052-11,557
d06-113-00,208
n02-049-01,561
r06-076-06,670
a05-022-07,0
m01-000-00,499
e01-029-04,212
n06-182-02,551
f07-000b-05,286
a02-032-01,25
p02-022-01,596
g07-038-02,353
m01-038-08,505
a05-048-05,0
j04-111-01,414
a02-062-00,31
b06-015-06,127
r06-003-02,635
d06-104-10,205
l04-087-01,486
c03-003f-05,155
a01-068u-06,0
g06-026a-02,332
m01-104-00,513
g07-018a-07,351
a01-003-05,2
n02-054-04,564
a05-080-01,0
m01-012-08,500
h04-061-09,380
n02-000-03,559
d01-104-06,180
a01-043-02,12
c03-081e-03,154
g06-047c-07,334
c04-128-00,165
e07-108-07,248
a01-007x-04,3
a06-114-07,83
c04-128-03,165
b05-074-08,119
c04-056-01,162
f07-019a-02,288
h04-078-00,383
g06-037g-02,338
g06-031m-05,344
m02-109-01,534
e06-046-02,203
p02-008-06,594
m01-038-01,505
j04-008-00,400
a05-000-07,0
g06-047i-06,340
e06-003-08,204
g06-031j-08,341
m04-072-02,546
d01-118-02,181
h01-010-05,357
m06-091-06,552
e04-019-06,232
a04-081-06,63
a05-116-00,0
k04-085-04,447
a01-003u-08,0
c02-017-06,139
g06-031j-02,341
g06-050e-06,336
g01-045-09,299
a03-066-06,56
d06-000-06,202
g03-040-00,313
j04-094-01,411
n02-082a-05,566
c04-128-07,165
f04-083-01,283
d04-081-08,193
b03-104-06,104
e04-004-04,230
c04-023-02,160
l07-172-10,498
p06-248-02,635
g06-050b-01,333
p02-081-05,599
e01-102-07,215
e06-049-07,205
f07-042b-01,289
f02-017-01,259
h02-035-07,370
g03-000-03,308
a05-025-06,0
g06-047c-04,334
f07-046b-05,290
l04-102-04,487
p02-131-06,606
a01-053x-02,14
c06-128-08,128
g03-032-06,312
d06-030-01,174
g06-026n-02,345
j04-061-02,408
c04-089-02,166
e04-011-00,231
a06-152-01,86
j04-061-05,408
g03-064-04,318
l07-118-01,497
a01-049x-03,0
g07-026b-06,352
a01-072u-00,0
g06-026i-01,340
e06-030-00,204
c03-003f-06,155
l07-080-07,496
a06-025-02,70
d04-081-07,193
k03-144-02,433
d04-037-05,187
p02-000-01,593
f01-058-03,250
b04-000-04,107
g04-063-07,324
a06-064-05,76
p03-181-01,631
b04-162-04,113
e07-076-00,247
g07-042-06,353
l04-043-02,482
a06-000-07,66
a01-091-06,16
g06-045f-02,337
j06-000-00,384
r02-131-01,653
c04-144-07,170
a05-084-06,0
e06-053-04,208
g06-037d-00,335
b01-018-04,88
d06-091-07,202
g06-031o-06,346
k04-028-07,442
p06-047-07,634
l04-071-03,484
p02-144-06,609
a05-048-10,0
d06-050-04,174
m03-095-04,541
b06-090-06,134
d01-123-02,181
g06-042p-05,347
f04-032-06,276
n03-091-03,576
a06-039-02,72
f04-024-00,275
g07-028a-03,351
n04-218-08,587
d06-025-07,205
m01-060-02,508
c03-084d-02,153
e06-021-00,206
k04-014-02,441
e04-004-05,230
k04-106-02,449
a06-119-05,84
f04-043-00,277
a02-078-04,34
c04-004-00,157
k04-085-01,447
g07-077a-08,354
p02-144-02,609
j01-059-10,396
r06-106-09,671
g06-011o-08,346
a01-132-02,20
e01-081-00,214
d06-008-07,173
f03-169-05,267
c04-160-09,171
g06-011l-05,343
n06-163-09,551
m06-048-06,552
a04-000-05,58
p03-012-07,614
g06-042n-07,345
h07-013-10,385
k07-063a-06,454
m04-078-06,546
a05-017-05,0
c03-016e-09,154
h06-000-05,349
b06-015-09,127
m01-160-03,519
r06-090-07,671
c03-016e-06,154
h07-075-03,391
k04-115-05,450
g06-050k-06,342
m01-131-01,514
r06-022-05,635
r06-103-01,671
g06-037d-07,335
b05-042-08,117
g02-065-08,305
g06-047o-03,346
g04-072-04,325
f07-021b-07,287
g04-017-07,274
c02-000-04,137
l01-023-05,458
n02-049-03,561
a01-020x-00,10
a06-100-02,81
b03-098-09,103
g04-068-03,325
b04-081-06,110
c03-021c-05,152
a02-042-07,26
n04-209-07,587
a01-007u-00,0
a03-071-07,0
g06-026k-04,342
r06-057-07,670
g01-034-06,298
m02-102-09,533
a01-043x-03,11
b06-059-02,130
d04-086-02,194
h02-049-07,375
f04-061-03,280
f07-046a-07,285
a01-049x-08,0
b01-004-04,87
g01-074-06,300
g04-043-08,321
m06-019-00,551
m06-098-01,552
c06-027-02,128
g06-047p-02,347
a03-023-04,46
n02-004-08,560
a05-004-01,65
g06-037g-03,338
m02-069-00,525
n02-004-01,560
m06-083-01,552
g06-050l-05,343
m01-149-01,518
g06-018o-00,346
f02-033-11,259
j04-111-05,414
h05-012-06,118
n04-015-04,582
l01-157-03,470
a06-157-03,85
n04-163-03,585
r06-121-07,671
k04-050-00,443
g06-037f-01,337
g07-007b-03,350
k07-166-05,456
a02-082-05,35
l07-111-11,496
a05-000-02,0
a03-017-00,44
p02-008-08,594
m02-106-03,527
r03-035-07,661
c04-013-00,158
m01-115-07,515
k04-061-01,444
a01-053u-03,0
h06-096-03,384
p03-029-08,617
f07-088a-03,292
b06-042-10,131
a01-043x-07,11
g04-026-04,274
h07-078-00,391
e07-083-02,247
e04-119-03,243
e01-119-00,217
a01-014x-06,8
n02-040-05,563
l03-008-05,478
r06-097-02,671
b06-090-05,134
g06-011m-00,344
d07-100-02,209
c02-007-04,139
g06-050i-05,340
r06-027-07,635
d06-072-09,207
m02-095-00,532
d06-100-02,207
e02-025-09,222
d05-013-02,200
d06-104-02,205
b01-122-03,93
c03-084f-00,155
l04-118-06,489
g06-115-02,349
c04-160-06,171
c06-083-04,174
g06-011h-07,339
g06-037c-08,334
p02-139-01,608
n04-052-07,583
f07-021b-04,287
f07-073-02,291
c03-087a-07,150
g06-045b-05,333
b01-057-09,17
h02-049-05,375
a01-102u-03,0
l07-172-04,498
p02-144-01,609
n03-091-06,576
l07-172-02,498
d04-005-03,184
g06-018a-06,332
a01-132-11,20
a06-147-05,85
c04-039-05,161
f02-003-01,258
a01-038x-08,11
c06-031-01,130
b06-064-02,133
e01-119-06,217
f02-033-05,259
a03-043-06,52
g06-037i-05,340
c06-076-00,128
d06-020-09,173
p02-008-10,594
l01-179-08,472
p01-168-04,591
n02-054-07,564
b01-000-00,87
k04-099-05,448
f04-028-10,275
l04-102-07,487
n02-028-07,561
g01-031-09,298
d04-032-09,187
g07-074a-08,354
g07-000a-01,294
a06-095-04,80
d06-027-03,206
a01-049x-00,0
a03-040-05,51
a01-113u-07,0
n03-064-04,572
f01-053-00,250
e02-000-00,218
e01-018-06,210
h02-019-04,366
p02-127-03,605
d04-089-03,194
m06-098-00,552
a03-089-03,0
b06-012-05,126
a05-062-05,0
b05-062-04,118
m01-090-04,511
r02-006-09,638
m06-031-01,552
a03-054-00,53
c02-003-07,138
a02-027-02,25
a01-113u-00,0
g06-045b-02,333
l01-105-07,464
a03-030-03,48
a05-089-09,0
e04-034-05,234
g06-011i-06,340
b06-015-03,127
h04-074-06,382
b06-008-05,125
a05-084-01,0
a01-102-08,16
f07-039b-01,289
f07-081b-03,291
n01-045-01,555
g06-093-04,349
h07-060a-08,389
b03-109-02,105
p02-150-05,610
e07-003-07,244
a03-011-03,42
b04-134-01,112
m03-114-06,542
n04-114-08,584
h07-017-09,385
b05-071-04,118
m02-075-01,527
k07-134-04,455
l04-000-03,479
f01-066-09,251
k04-054-03,443
m03-095-05,541
e07-090-06,247
b01-113-07,93
d06-041-04,208
b04-128-04,111
f04-053-00,279
c03-003d-05,153
b04-107-07,111
e04-095-06,241
a01-117u-02,0
b04-103-06,110
g04-032-04,274
h04-028-03,376
a01-128u-04,0
c03-021a-02,150
g06-031d-00,335
r03-007-04,658
g06-050m-05,344
l01-095-04,463
f04-083-06,283
c02-007-02,139
j04-115-04,414
a01-087-07,17
c03-003a-02,150
c03-081a-03,150
m02-090-08,531
m04-138-04,547
c06-091-04,132
h04-021-01,330
m04-061-01,545
g06-011k-10,342
g06-037r-08,348
f07-092a-04,292
e04-083-06,239
g03-000-06,308
m01-090-05,511
g06-045j-04,341
j04-035-05,405
k03-180-04,420
h06-089-06,384
l04-102-05,487
b06-059-01,130
b04-147-05,112
r03-065-01,664
l01-119-03,466
b01-023-02,88
c03-087d-02,153
f04-024-02,275
g06-047d-02,335
m04-231-04,550
c06-100-01,123
l04-062-05,483
c06-020-00,125
l07-111-04,496
e04-127-01,243
h06-085-01,384
f07-088b-03,293
f01-066-07,251
p06-069-02,634
f07-073-09,291
e01-022-06,211
f07-073-07,291
b05-062-01,118
l04-034-04,482
d07-093-08,209
e04-079-08,238
n04-015-06,582
g06-037g-05,338
a04-000-01,58
g07-000b-03,293
g06-101-00,349
f07-046a-06,285
l07-080-05,496
n06-156-05,551
d01-056-05,178
g01-070-01,300
d06-046-05,173
a05-039-01,0
n02-000-02,559
b01-127-02,94
c03-096a-03,150
r02-078-06,647
l01-129-07,467
n03-079-02,574
h06-000-01,349
c03-084f-06,155
j04-080-07,410
e04-109-05,242
e04-015-06,231
e07-108-00,248
j06-018-06,415
n03-106-11,578
d06-072-05,207
a06-100-03,81
c04-139-02,169
c04-139-06,169
d04-096-06,195
e01-025-05,211
b06-071-06,128
g07-042-00,353
p03-103-02,567
c03-096a-01,150
f07-024b-03,287
m04-000-04,544
a06-025-03,70
g06-031n-06,345
g07-014-06,351
f04-053-04,279
g01-039-04,299
e04-019-03,232
r06-126-09,671
g06-050b-08,333
a01-000u-01,0
j01-045-00,394
m06-106-04,552
g06-026m-00,344
p03-121-04,624
f04-032-05,276
f02-038-05,263
c02-056-02,145
a06-134-01,85
a01-038x-02,11
c01-009-05,135
a01-026x-06,8
m06-067-02,552
c03-003a-05,150
a01-082u-05,0
k07-185-02,456
f01-135-01,255
p06-069-07,634
g06-011k-05,342
k02-029-04,420
g04-003-05,239
c06-100-04,123
g06-018n-05,345
h07-060a-03,389
b04-004-03,107
g07-071a-08,354
f07-032b-00,289
m06-048-00,552
g06-031h-04,339
m06-067-03,552
d07-085-00,209
r03-026-00,659
l07-074-01,495
g06-050p-06,347
d04-047-03,188
d01-049-05,177
d06-091-02,202
g06-050f-03,337
r06-053-08,670
p02-150-03,610
e02-100-03,228
a03-066-02,56
c03-003c-04,152
g06-045n-08,345
m02-075-06,527
r02-127-03,652
e04-103-06,242
f04-049-06,278
r02-013-04,640
b06-012-03,126
b01-027-05,89
c06-128-02,128
a01-043-07,12
n04-195-03,586
a04-066-07,62
j04-070-02,409
g03-043-00,314
f04-074-11,282
c02-007-00,139
d04-021-03,186
b02-013-00,95
a01-128u-09,0
b04-121-01,111
k07-152-04,456
b06-032-06,130
e06-030-10,204
c03-007e-04,154
b06-093-08,125
g01-008-01,295
c03-094c-04,152
k07-141-07,455
g06-031r-07,348
b04-187-05,114
c03-016c-06,152
g06-047m-02,344
g06-101-05,349
c04-050-04,162
n02-028-06,561
a01-063-02,13
j01-049-07,395
a01-000x-00,1
a06-070-07,77
a06-075-02,78
n02-127-05,315
g06-026d-03,335
a01-038x-06,11
a01-063u-03,0
j04-024-01,403
r06-022-02,635
g07-084-04,355
n03-079-01,574
f07-073-01,291
e06-026-05,205
g06-031r-01,348
d04-005-06,184
c03-021e-00,154
b04-134-09,112
a01-102u-07,0
g06-037g-00,338
a01-007u-06,0
k02-053-05,422
l04-136-02,490
a01-020-03,9
c03-094d-02,153
g06-047m-06,344
n02-120-02,315
b02-013-06,95
a05-017-08,0
b05-074-07,119
k04-119-02,449
h07-054a-04,389
e07-086-03,247
c03-021f-07,155
m02-055-01,522
l04-043-06,482
d01-085-04,179
h07-028-04,386
b05-071-05,118
c01-009-04,135
d06-096-01,206
l04-012-00,480
a05-029-09,0
f07-096-01,293
a05-025-03,0
l04-118-04,489
f04-074-09,282
n01-020-07,555
m01-038-06,505
a04-039-04,60
c03-081e-00,154
g06-018h-01,339
f07-016-10,287
c01-009-10,135
n02-082a-06,566
r02-065-07,644
l01-050-05,460
l01-199-05,475
r06-003-01,635
r06-057-01,670
g04-088-02,328
a02-120-04,39
a03-073-10,0
g06-047i-01,340
g06-045b-08,333
d04-066-01,191
l01-111-01,465
j06-030-07,415
g06-031e-05,336
k04-085-05,447
f07-073-03,291
c03-000e-06,154
b04-047-03,108
c03-087c-00,152
n01-052-12,557
m01-136-05,517
h06-003-04,349
a01-122-05,19
a01-117-09,19
e04-124-02,243
l07-172-05,498
a04-006-02,58
e04-058-00,236
j07-000-03,393
c04-139-04,169
c03-087b-02,151
h02-028-02,369
a01-014-03,7
l01-023-04,458
g06-050m-09,344
h07-040-07,388
p03-087-09,567
r02-065-02,644
h07-028-10,386
n04-092-02,584
m04-030-02,545
b06-000-04,123
g01-019-04,296
l04-170-07,493
e01-029-07,212
n04-000-00,550
m04-093-03,546
b01-049-03,90
p06-242-00,635
f07-000b-01,286
e07-098-03,248
b01-018-05,88
m02-083-11,529
n01-045-05,555
h04-007-05,330
g06-050e-00,336
a01-043-05,12
d04-008-04,184
g06-047e-04,336
m01-160-06,519
h07-011-04,355
g06-026r-03,348
g06-042b-02,333
g06-050l-07,343
n04-171-04,586
a05-099-03,0
b06-079-04,130
l07-074-02,495
p01-168-02,591
p01-147-05,589
c03-094e-05,154
f04-093-04,193
n04-044-04,582
j06-034-02,415
e02-074-08,223
r06-103-03,671
h04-035-07,377
g06-031d-03,335
b05-042-03,117
g04-063-02,324
k07-085-04,454
l07-135-04,497
r03-110-01,668
b04-121-06,111
a05-039-08,0
n01-004-00,554
a01-007u-08,0
c06-106-02,127
a03-080-01,0
c03-087d-00,153
d04-032-07,187
d06-086-01,208
b05-079-02,120
e01-050-05,213
g06-037g-06,338
g01-074-04,300
n02-082a-03,566
g06-011r-02,348
g04-017-05,274
g06-011o-04,346
a02-027-08,25
g06-089-09,349
b06-093-04,125
g02-065-06,305
n04-000-04,550
e06-049-08,205
p01-168-03,591
e01-086-00,214
g04-055-05,323
n06-148-08,551
k03-138-00,432
h06-089-04,384
d01-052-03,177
c04-098-03,166
m02-087-06,530
b06-049-02,124
g07-050-03,353
r06-070-08,670
n06-182-03,551
f02-017-08,259
b03-114-04,106
c01-014-03,135
g06-037k-04,342
a02-067-07,32
j01-059-01,396
p02-022-06,596
b04-066-00,109
a01-043-03,12
c06-031-06,130
r03-002-01,658
l01-016-02,458
c06-011-07,173
j04-012-00,401
d06-008-09,173
a03-037-00,50
c03-000b-05,151
f07-021a-07,288
c02-003-03,138
c03-087b-03,151
b05-088-07,122
e04-058-03,236
m02-090-03,531
m04-019-07,544
a02-004-03,22
c06-058-00,131
f02-000-07,257
c02-022-03,140
g06-047j-05,341
k07-146-05,455
c03-094d-10,153
g07-050-07,353
k02-067-04,424
a06-004-00,66
p01-174-05,592
n06-119-06,588
e02-117-02,229
j06-005-04,384
c02-026-03,141
d03-117-01,183
r03-002-05,658
m04-152-05,548
g06-011o-01,346
e02-082-04,224
d06-008-01,173
j06-005-06,384
k07-059a-04,454
r06-121-06,671
h02-004-05,362
g06-047c-05,334
c02-030-00,142
c01-009-06,135
n06-100-03,588
a02-067-04,32
h07-078a-06,392
a06-095-07,80
b01-009-02,87
a04-003-05,58
a04-099-07,64
n06-128-03,588
m02-090-04,531
a06-044-04,73
g07-042-07,353
a01-020-00,9
m04-222-02,549
h04-071-03,382
n03-066-06,573
h06-096-00,384
l04-159-05,492
a01-087-06,17
l01-179-03,472
p03-112-05,567
m01-115-01,515
g06-018r-00,348
a01-063-05,13
g06-018n-08,345
g01-074-09,300
r06-057-03,670
a02-057-07,30
j04-076-02,409
a04-006-06,58
f07-096-05,293
d04-062-00,190
a01-102-05,16
p02-076-07,599
f04-043-02,277
m04-093-06,546
n01-020-08,555
a05-029-05,0
r02-089-06,649
e07-086-00,247
m04-251-02,548
n04-213-02,587
c04-061-01,163
a02-086-00,36
l04-087-03,486
b06-110-02,126
a02-057-08,30
k07-176-09,456
a02-116-07,38
a06-090-03,79
c04-056-06,162
a03-047-05,37
g06-011l-02,343
l01-082-03,462
j04-035-07,405
g06-050n-10,345
j01-070-03,399
g06-018g-03,338
g07-000a-02,294
a01-043-01,12
a01-053-04,13
e01-025-02,211
p03-027-01,616
c03-081b-02,151
m02-102-04,533
h07-057a-04,389
p03-173-06,630
g06-037j-08,341
d07-100-04,209
n03-106-00,578
r06-076-04,670
r02-089-08,649
a02-120-03,39
a05-022-00,0
d01-085-06,179
g07-026b-08,352
e06-037-02,202
g06-018f-05,337
g06-011c-01,334
n06-169-06,551
e04-008-02,230
r06-027-00,635
c03-096f-01,155
n06-194-02,551
b01-122-06,93
c03-084f-01,155
g06-047p-00,347
c04-122-00,164
m04-113-10,547
g04-092-01,328
e06-033-02,207
r06-027-05,635
g06-011m-01,344
k02-036-05,421
m03-033-02,539
p06-248-03,635
c03-007f-04,155
j06-056-05,415
g06-105-00,349
g06-011f-02,337
a01-030-04,5
l04-141-03,491
c03-000d-04,153
a01-007u-05,0
b01-044-03,90
m04-123-00,547
a03-043-01,52
n04-100-03,584
g06-042d-03,335
c06-076-01,128
m01-032-01,504
p01-174-00,592
a04-015-07,59
f04-057-09,279
l07-085-02,496
g06-037d-03,335
m04-231-03,550
h07-020-02,385
d06-015-01,174
g06-042f-04,337
l04-026-01,481
f07-081a-08,292
e01-014-02,210
f02-036-03,262
a04-031-03,60
b04-116-01,111
a04-023-02,59
k03-144-00,433
r06-070-09,670
e07-108-08,248
g07-003b-04,350
c04-035-03,159
g06-045m-03,344
e04-119-02,243
p06-030-02,634
c03-081c-02,152
b05-079-07,120
e04-038-03,234
k04-126-00,451
f02-020-00,260
r02-054-06,642
p02-105-00,601
c04-165-07,172
h07-075a-05,392
d05-030-07,199
m03-118-00,543
f07-006-04,286
a04-069-00,62
b06-019-00,128
c03-087b-05,151
a03-023-00,46
p03-012-01,614
g06-042p-02,347
f02-017-06,259
f04-032-09,276
a01-113u-01,0
c04-004-07,157
j06-000-02,384
c03-081b-00,151
a01-082u-06,0
c03-084d-08,153
h07-071a-06,390
b01-027-08,89
e07-079-07,247
g06-026r-02,348
e07-066-07,246
g06-050k-05,342
j07-015-02,393
f01-070-04,252
n02-033-05,562
g06-045h-05,339
g06-042r-05,348
n02-127-07,315
g06-050j-06,341
d04-075-09,192
b01-062-09,17
j04-080-05,410
k03-164-06,436
e07-061-02,246
k04-017-08,239
h07-066a-00,389
f02-038-02,263
c04-039-06,161
g04-026-00,274
h07-051b-01,388
k04-119-06,449
h07-060b-07,390
f04-039-08,277
e06-015-02,204
b04-202-05,114
f03-174-02,268
c04-035-02,159
g06-037o-09,346
e06-033-04,207
a02-124-05,37
a02-072-07,33
b04-169-05,113
g04-007-06,273
g06-047p-05,347
e06-033-07,207
j01-059-05,396
f01-139-02,217
n06-163-03,551
g06-031n-03,345
b06-079-01,130
g03-004-02,309
h07-078a-04,392
d07-096-02,209
m06-091-02,552
m01-136-01,517
k04-079-10,446
n04-092-03,584
n03-091-05,576
p02-027-02,597
b01-118-08,93
p03-040-07,619
c03-096c-06,152
g06-050m-04,344
g03-032-03,312
a01-049u-10,0
c02-082-00,148
m02-112-00,535
k04-126-02,451
e04-043-06,235
p02-135-02,607
m01-000-07,499
c03-007-01,156
k04-115-06,450
g07-000b-08,293
f03-174-00,268
d01-049-00,177
g06-050j-00,341
j01-070-06,399
f02-020-06,260
j01-045-03,394
b04-116-03,111
h07-054a-02,389
r06-000-05,635
a03-047-07,37
e01-022-03,211
f02-017-03,259
g06-018h-06,339
h07-063b-03,390
a03-027-06,47
g06-042k-02,342
e04-109-06,242
f07-000-06,285
e07-094-07,248
a02-008-06,23
l01-195-03,474
p02-135-05,607
a01-043-00,12
d07-096-07,209
m04-081-05,546
g03-000-09,308
m01-136-06,517
m04-000-03,544
a05-073-03,0
k04-005-01,406
a02-120-01,39
m01-160-04,519
c06-116-08,133
e07-076-04,247
a02-053-05,29
p01-155-08,590
a05-094-07,0
j06-051-09,415
d07-093-07,209
g06-037h-01,339
h04-061-04,380
b06-097-04,123
a04-010-00,58
j07-005-03,416
c04-008-03,158
l03-000-02,476
c04-039-07,161
b06-068-01,131
a04-031-02,60
j06-056-10,415
f07-021b-00,287
a02-050-05,28
b04-202-07,114
a03-050-07,0
g04-077-05,326
h04-000-02,239
f01-147-08,256
a03-009-03,41
a06-036-04,71
g06-050a-06,332
n03-082-05,575
m04-131-08,547
f04-100-05,193
g01-016-01,296
b06-000-07,123
c04-061-06,163
e06-010-04,203
c06-111-03,124
b01-079-08,91
a06-134-05,85
b04-060-04,109
b01-113-05,93
g06-042g-00,338
e04-099-06,241
f01-139-03,217
j04-039-05,404
k07-134-03,455
g07-014-05,351
d06-096-02,206
e06-053-01,208
a01-087-04,17
f07-092a-06,292
d04-081-00,193
c06-076-04,128
m03-020-03,538
g06-050i-06,340
d04-032-00,187
a05-094-03,0
g06-018m-05,344
c03-003b-03,151
a01-082u-08,0
h02-040-03,372
c03-003b-07,151
g06-047f-05,337
m04-012-02,544
a04-015-01,59
j06-000-10,384
h02-037-08,371
f07-039a-01,285
r02-060-02,643
a01-011u-08,0
c03-094c-05,152
k04-054-04,443
p06-088-07,634
c06-043-08,133
a06-075-05,78
g06-031k-04,342
a06-119-09,84
a04-031-09,60
l07-111-06,496
j04-098-00,412
d04-081-02,193
b04-081-05,110
k07-085-01,454
d04-050-03,189
c04-061-05,163
c06-027-07,128
n04-052-01,583
m04-145-03,548
g06-042k-03,342
g07-069a-03,354
a06-064-04,76
f03-191-05,270
c03-016b-05,151
g06-011r-03,348
g05-087-00,331
g06-042k-00,342
g06-026b-00,333
j04-065-07,408
h02-035-03,370
g06-018e-01,336
c02-030-03,142
r06-066-06,670
n06-119-04,588
l01-023-02,458
e07-012-04,246
f04-071-00,281
g06-011l-07,343
g05-098-05,118
g06-050i-01,340
a03-017-04,44
a02-027-01,25
a01-117u-08,0
a01-003u-01,0
n03-113-04,579
a06-157-02,85
f01-066-00,251
k02-112-00,429
p01-174-03,592
a06-100-05,81
g01-034-02,298
g06-031j-01,341
c03-021e-10,154
e04-022-02,232
a01-003u-09,0
a03-080-08,0
j07-009-00,393
m02-059-00,523
n02-016-00,559
f04-016-03,272
c02-022-05,140
f04-079-10,282
k03-164-02,436
r06-126-10,671
n03-038-03,571
h01-030-09,361
r06-137-03,671
a05-025-07,0
d01-118-00,181
f01-053-08,250
c03-081e-01,154
a01-113-01,18
c03-081c-03,152
g04-092-08,328
m02-052-00,521
g06-093-06,349
p06-047-00,634
b01-062-00,17
g06-047l-05,343
f02-017-05,259
b06-075-06,124
c03-096a-06,150
m04-007-09,544
m04-145-04,548
a06-020-01,69
a01-038-07,7
d06-107-08,204
g06-011h-01,339
r06-049-01,670
c06-111-04,124
n02-151-05,568
k04-005-03,406
g06-045j-05,341
l01-082-00,462
a06-039-09,72
d04-062-03,190
f03-169-01,267
b05-045-08,117
a01-020-05,9
m02-083-07,529
k02-053-02,422
g07-044-05,353
g07-028a-05,351
g06-011e-04,336
f07-019b-05,287
b04-107-00,111
a05-099-05,0
c04-028-02,160
a02-032-00,25
g07-000b-02,293
a01-011x-01,6
e06-015-01,204
b02-097-06,97
g07-003a-04,294
g06-026n-03,345
d01-016-00,175
a06-095-01,80
k04-068-08,445
h07-066b-04,390
m01-095-02,512
k07-146-02,455
p02-008-01,594
c04-150-02,170
g07-003a-09,294
r02-003-00,637
p03-181-06,631
g06-047l-06,343
d07-102-03,209
d06-104-05,205
g06-047e-02,336
f02-040-05,264
b04-169-00,113
e04-068-03,237
d04-012-00,185
c04-098-01,166
p03-033-04,618
g06-050a-07,332
h02-019-06,366
b04-116-04,111
m04-145-05,548
f07-088a-06,292
l04-043-01,482
e04-099-05,241
c03-096f-07,155
p03-185-03,632
b03-104-07,104
c04-017-01,159
c03-016d-10,153
d07-093-01,209
b06-059-10,130
b04-121-03,111
d01-056-00,178
d04-111-07,196
c03-000b-02,151
g04-017-06,274
m01-125-08,516
j01-070-00,399
e04-011-04,231
d07-082-08,209
f07-081a-05,292
e01-086-05,214
d07-096-09,209
g06-045b-06,333
g07-044-09,353
f04-007-00,273
d04-125-01,198
b06-045-08,132
h07-033-05,386
g06-047l-01,343
g03-043-06,314
p02-101-06,600
c03-021b-04,151
k04-110-01,450
a02-090-01,26
n04-039-00,582
k04-136-08,451
a04-019-00,59
c04-128-05,165
p02-105-02,601
m03-062-00,540
k07-059a-05,454
a02-053-01,29
b03-109-01,105
d06-037-00,207
h07-060b-06,390
g04-048-00,321
g06-031o-00,346
a01-102-07,16
r03-030-06,660
m02-052-01,521
r06-115-04,671
j06-000-03,384
e04-079-02,238
c06-027-01,128
c06-083-03,174
a03-047-03,37
g04-036-05,320
p03-004-08,612
m01-060-00,508
m01-022-01,502
a01-087-03,17
g06-101-04,349
a04-103-07,64
j07-015-01,393
l07-111-05,496
p06-069-05,634
p01-168-01,591
a02-106-08,37
a06-064-08,76
l01-129-01,467
c04-050-05,162
g06-031k-05,342
h02-028-01,369
n03-106-04,578
g01-004-05,295
p03-069-05,621
p02-000-04,593
a01-030x-02,10
g06-042d-01,335
a01-132-04,20
c03-000f-07,155
a04-092-02,64
a02-057-04,30
a01-038x-03,11
g07-074a-06,354
m04-072-10,546
c03-087e-04,154
g06-042i-03,340
k07-077-02,454
c03-007d-00,153
n01-057-02,558
n01-036-01,556
k04-022-04,240
h07-020-06,385
b05-071-01,118
c03-096a-05,150
r06-000-04,635
g04-077-03,326
a01-003x-00,3
a01-113-03,18
h04-025-04,274
h02-022-06,367
r02-010-07,639
b06-082-09,132
a02-072-04,33
m01-131-00,514
g04-011-07,273
b06-082-04,132
k02-076-05,425
d04-131-03,198
h06-082-06,384
c06-043-05,133
d06-046-09,173
a01-053x-01,14
c04-080-03,165
n06-100-08,588
g03-000-02,308
d04-089-05,194
f07-088b-05,293
r06-115-06,671
a03-011-04,42
g06-042a-05,332
m04-043-00,545
a06-095-03,80
k02-062-03,423
m03-006-06,536
a05-084-03,0
g06-011a-05,332
r02-010-00,639
n02-151-09,568
r03-115-03,669
c03-007e-08,154
g06-047m-07,344
r02-146-01,655
r02-081-07,648
p03-158-07,628
p02-027-04,597
g07-003b-06,350
g07-026a-03,351
f02-076-07,266
p06-242-01,635
a01-063x-08,15
f03-182-01,269
j07-000-04,393
a06-051-03,74
g04-095-03,273
f04-068-01,281
r06-106-01,671
c03-084c-06,152
b01-094-00,92
n04-048-02,583
h07-054a-01,389
r03-050-06,662
a02-098-01,26
j04-015-03,402
h01-018-00,357
c06-103-02,129
c04-105-03,167
d07-096-04,209
n01-057-05,558
l01-179-00,472
g06-045p-03,347
d01-080-01,179
m02-087-07,530
d07-093-02,209
l04-174-03,494
m04-180-03,548
a03-034-07,49
g04-036-00,320
a01-068u-00,0
b01-132-01,94
m02-055-06,522
g07-022a-06,351
c03-094b-07,151
m02-083-08,529
r02-137-06,654
m02-075-03,527
b05-045-02,117
a01-030x-08,10
b06-004-06,124
c03-007-05,156
d04-071-05,192
b03-109-04,105
c03-081a-02,150
m04-131-04,547
l01-119-04,466
a06-090-08,79
r02-117-00,651
g06-037m-05,344
b04-040-03,108
h04-028-04,376
g06-045a-03,332
h06-082-01,384
l01-157-00,470
g04-055-02,323
e07-105-02,248
g04-081-01,327
h04-000-06,239
g04-072-00,325
r06-011-03,635
g04-077-06,326
b04-060-03,109
e07-090-02,247
h07-063b-07,390
g06-026r-05,348
n04-060-06,583
e01-032-07,212
a01-117u-09,0
b03-114-05,106
g06-031d-07,335
n02-114-02,315
f01-139-04,217
n03-097-01,577
l01-195-05,474
f07-084b-07,291
a02-017-03,25
n04-022-05,582
c04-075-05,164
h07-020-01,385
p03-040-03,619
l04-026-07,481
g06-026b-05,333
a06-004-05,66
m02-055-00,522
a04-031-01,60
f04-100-08,193
h07-078-07,391
h04-061-00,380
e01-086-04,214
g03-043-09,314
g06-050b-02,333
m01-049-05,506
a04-066-03,62
l07-085-04,496
g06-045m-08,344
d05-040-05,201
f04-087-02,283
g06-037m-02,344
g01-004-02,295
c03-016d-00,153
