16,no-nb_digibok_2013060608065_0016_94,fjerde
47,no-nb_digibok_2013060608065_0047_41,uagtet
44,no-nb_digibok_2013060608065_0044_85,fastsat
21,no-nb_digibok_2013060608065_0021_2,paa
17,no-nb_digibok_2013060608065_0017_131,For
14,no-nb_digibok_2013060608065_0014_34,Deres
16,no-nb_digibok_2013060608065_0016_197,at
40,no-nb_digibok_2013060608065_0040_15,i
22,no-nb_digibok_2013060608065_0022_92,brnges
43,no-nb_digibok_2013060608065_0043_145,der
15,no-nb_digibok_2013060608065_0015_215,men
10,no-nb_digibok_2013060608065_0010_59,som
24,no-nb_digibok_2013060608065_0024_15,haver
3,no-nb_digibok_2013060608065_0003_57,Octoritets
23,no-nb_digibok_2013060608065_0023_187,Lovbud
40,no-nb_digibok_2013060608065_0040_62,mod
36,no-nb_digibok_2013060608065_0036_75,var
11,no-nb_digibok_2013060608065_0011_162,aller
10,no-nb_digibok_2013060608065_0010_164,almindeligt
15,no-nb_digibok_2013060608065_0015_134,en
10,no-nb_digibok_2013060608065_0010_88,af
7,no-nb_digibok_2013060608065_0007_91,gjeldende
42,no-nb_digibok_2013060608065_0042_46,specielle
30,no-nb_digibok_2013060608065_0030_161,un
19,no-nb_digibok_2013060608065_0019_85,I
14,no-nb_digibok_2013060608065_0014_173,at
6,no-nb_digibok_2013060608065_0006_71,deles
42,no-nb_digibok_2013060608065_0042_58,Alders
44,no-nb_digibok_2013060608065_0044_51,forekom
10,no-nb_digibok_2013060608065_0010_44,gjennem
32,no-nb_digibok_2013060608065_0032_173,ganske
22,no-nb_digibok_2013060608065_0022_129,til
39,no-nb_digibok_2013060608065_0039_140,flere
40,no-nb_digibok_2013060608065_0040_51,er
24,no-nb_digibok_2013060608065_0024_65,at
12,no-nb_digibok_2013060608065_0012_44,Ret
49,no-nb_digibok_2013060608065_0049_158,i
13,no-nb_digibok_2013060608065_0013_143,denne
25,no-nb_digibok_2013060608065_0025_26,bruger
17,no-nb_digibok_2013060608065_0017_53,norske
4,no-nb_digibok_2013060608065_0004_30,i
8,no-nb_digibok_2013060608065_0008_125,ikke
26,no-nb_digibok_2013060608065_0026_136,samme
33,no-nb_digibok_2013060608065_0033_87,hvad
46,no-nb_digibok_2013060608065_0046_37,i
26,no-nb_digibok_2013060608065_0026_8,fordi
12,no-nb_digibok_2013060608065_0012_20,de
30,no-nb_digibok_2013060608065_0030_35,i
44,no-nb_digibok_2013060608065_0044_170,Toldordinancen
41,no-nb_digibok_2013060608065_0041_156,fra
39,no-nb_digibok_2013060608065_0039_90,afficeret
17,no-nb_digibok_2013060608065_0017_58,Begreber
25,no-nb_digibok_2013060608065_0025_130,tillægge
17,no-nb_digibok_2013060608065_0017_87,Søret
41,no-nb_digibok_2013060608065_0041_138,den
7,no-nb_digibok_2013060608065_0007_18,migtigste
29,no-nb_digibok_2013060608065_0029_41,Lovbogens
44,no-nb_digibok_2013060608065_0044_176,kommende
4,no-nb_digibok_2013060608065_0004_153,hvad
25,no-nb_digibok_2013060608065_0025_116,hans
49,no-nb_digibok_2013060608065_0049_103,om
27,no-nb_digibok_2013060608065_0027_165,De
32,no-nb_digibok_2013060608065_0032_121,i
23,no-nb_digibok_2013060608065_0023_157,maatte
29,no-nb_digibok_2013060608065_0029_161,der
29,no-nb_digibok_2013060608065_0029_92,uberorte
30,no-nb_digibok_2013060608065_0030_149,ikke
11,no-nb_digibok_2013060608065_0011_164,messe
20,no-nb_digibok_2013060608065_0020_70,at
13,no-nb_digibok_2013060608065_0013_8,her
11,no-nb_digibok_2013060608065_0011_178,virkeligt
21,no-nb_digibok_2013060608065_0021_146,i
25,no-nb_digibok_2013060608065_0025_118,Forklaringer
7,no-nb_digibok_2013060608065_0007_162,at
16,no-nb_digibok_2013060608065_0016_7,den
16,no-nb_digibok_2013060608065_0016_157,Klarse
25,no-nb_digibok_2013060608065_0025_98,Beviisbyrden
39,no-nb_digibok_2013060608065_0039_150,Ef
4,no-nb_digibok_2013060608065_0004_114,Tidvalderens
41,no-nb_digibok_2013060608065_0041_65,de
14,no-nb_digibok_2013060608065_0014_71,hvad
32,no-nb_digibok_2013060608065_0032_35,om
22,no-nb_digibok_2013060608065_0022_23,Laugthingsret
5,no-nb_digibok_2013060608065_0005_59,Deel
14,no-nb_digibok_2013060608065_0014_36,en
26,no-nb_digibok_2013060608065_0026_43,er
30,no-nb_digibok_2013060608065_0030_147,sig
12,no-nb_digibok_2013060608065_0012_126,I
37,no-nb_digibok_2013060608065_0037_40,vi
5,no-nb_digibok_2013060608065_0005_37,fortrængt
29,no-nb_digibok_2013060608065_0029_122,ganske
50,no-nb_digibok_2013060608065_0050_113,vil
46,no-nb_digibok_2013060608065_0046_141,er
22,no-nb_digibok_2013060608065_0022_84,Dommer
22,no-nb_digibok_2013060608065_0022_66,at
33,no-nb_digibok_2013060608065_0033_112,Lovbud
50,no-nb_digibok_2013060608065_0050_132,givne
37,no-nb_digibok_2013060608065_0037_138,et
10,no-nb_digibok_2013060608065_0010_128,Kong
20,no-nb_digibok_2013060608065_0020_120,i
8,no-nb_digibok_2013060608065_0008_195,havennn
39,no-nb_digibok_2013060608065_0039_6,citerede
6,no-nb_digibok_2013060608065_0006_11,leder
10,no-nb_digibok_2013060608065_0010_150,denne
12,no-nb_digibok_2013060608065_0012_30,medens
15,no-nb_digibok_2013060608065_0015_61,til
36,no-nb_digibok_2013060608065_0036_57,var
37,no-nb_digibok_2013060608065_0037_105,Angaaende
49,no-nb_digibok_2013060608065_0049_93,ning
9,no-nb_digibok_2013060608065_0009_10,den
30,no-nb_digibok_2013060608065_0030_158,udenlandsk
41,no-nb_digibok_2013060608065_0041_143,da
19,no-nb_digibok_2013060608065_0019_83,er
45,no-nb_digibok_2013060608065_0045_92,ogsaa
17,no-nb_digibok_2013060608065_0017_89,Vexelret
30,no-nb_digibok_2013060608065_0030_129,de
31,no-nb_digibok_2013060608065_0031_98,til
15,no-nb_digibok_2013060608065_0015_153,den
40,no-nb_digibok_2013060608065_0040_118,været
48,no-nb_digibok_2013060608065_0048_39,Tyvsstraf
31,no-nb_digibok_2013060608065_0031_29,Men
24,no-nb_digibok_2013060608065_0024_98,skaffet
16,no-nb_digibok_2013060608065_0016_115,den
48,no-nb_digibok_2013060608065_0048_127,derfor
7,no-nb_digibok_2013060608065_0007_75,er
7,no-nb_digibok_2013060608065_0007_177,uhkvevne
44,no-nb_digibok_2013060608065_0044_164,ellers
8,no-nb_digibok_2013060608065_0008_70,begrundet
12,no-nb_digibok_2013060608065_0012_103,Beskemmelser
5,no-nb_digibok_2013060608065_0005_170,Anded
30,no-nb_digibok_2013060608065_0030_47,tiden
29,no-nb_digibok_2013060608065_0029_19,ere
24,no-nb_digibok_2013060608065_0024_67,Bud
19,no-nb_digibok_2013060608065_0019_121,som
40,no-nb_digibok_2013060608065_0040_153,den
43,no-nb_digibok_2013060608065_0043_75,leilighedsviis
34,no-nb_digibok_2013060608065_0034_118,mere
24,no-nb_digibok_2013060608065_0024_145,indførte
48,no-nb_digibok_2013060608065_0048_148,dets
17,no-nb_digibok_2013060608065_0017_174,sine
26,no-nb_digibok_2013060608065_0026_50,der
16,no-nb_digibok_2013060608065_0016_28,men
4,no-nb_digibok_2013060608065_0004_195,skrevne
34,no-nb_digibok_2013060608065_0034_135,Kommercien
29,no-nb_digibok_2013060608065_0029_162,angaae
34,no-nb_digibok_2013060608065_0034_64,Marts
41,no-nb_digibok_2013060608065_0041_114,forbindende
42,no-nb_digibok_2013060608065_0042_157,Dette
17,no-nb_digibok_2013060608065_0017_39,kjender
15,no-nb_digibok_2013060608065_0015_121,en
29,no-nb_digibok_2013060608065_0029_26,indkommet
19,no-nb_digibok_2013060608065_0019_110,som
18,no-nb_digibok_2013060608065_0018_33,men
12,no-nb_digibok_2013060608065_0012_88,gjeldende
26,no-nb_digibok_2013060608065_0026_101,men
11,no-nb_digibok_2013060608065_0011_8,dannes
30,no-nb_digibok_2013060608065_0030_50,tilladt
41,no-nb_digibok_2013060608065_0041_35,gjelder
38,no-nb_digibok_2013060608065_0038_172,prioriteret
13,no-nb_digibok_2013060608065_0013_177,Dats
35,no-nb_digibok_2013060608065_0035_117,Det
30,no-nb_digibok_2013060608065_0030_99,for
31,no-nb_digibok_2013060608065_0031_165,er
35,no-nb_digibok_2013060608065_0035_64,om
8,no-nb_digibok_2013060608065_0008_219,egentlig
33,no-nb_digibok_2013060608065_0033_107,man
19,no-nb_digibok_2013060608065_0019_98,at
5,no-nb_digibok_2013060608065_0005_48,os
28,no-nb_digibok_2013060608065_0028_177,i
27,no-nb_digibok_2013060608065_0027_60,dog
6,no-nb_digibok_2013060608065_0006_30,den
3,no-nb_digibok_2013060608065_0003_59,og
18,no-nb_digibok_2013060608065_0018_69,faa
9,no-nb_digibok_2013060608065_0009_17,den
30,no-nb_digibok_2013060608065_0030_133,sædvansmæssige
49,no-nb_digibok_2013060608065_0049_162,dette
22,no-nb_digibok_2013060608065_0022_148,Indførseler
41,no-nb_digibok_2013060608065_0041_157,samme
9,no-nb_digibok_2013060608065_0009_44,er
26,no-nb_digibok_2013060608065_0026_115,modsatte
44,no-nb_digibok_2013060608065_0044_94,saaledes
9,no-nb_digibok_2013060608065_0009_19,af
50,no-nb_digibok_2013060608065_0050_71,skulde
13,no-nb_digibok_2013060608065_0013_46,Under
13,no-nb_digibok_2013060608065_0013_15,har
33,no-nb_digibok_2013060608065_0033_167,de
38,no-nb_digibok_2013060608065_0038_30,til
44,no-nb_digibok_2013060608065_0044_171,og
10,no-nb_digibok_2013060608065_0010_148,fuldstændiggjeres
38,no-nb_digibok_2013060608065_0038_100,saa
42,no-nb_digibok_2013060608065_0042_83,bør
7,no-nb_digibok_2013060608065_0007_61,forsaamidt
28,no-nb_digibok_2013060608065_0028_158,igjen
49,no-nb_digibok_2013060608065_0049_6,og
14,no-nb_digibok_2013060608065_0014_42,nedsat
18,no-nb_digibok_2013060608065_0018_164,belægger
6,no-nb_digibok_2013060608065_0006_96,dende
44,no-nb_digibok_2013060608065_0044_14,ogsaa
21,no-nb_digibok_2013060608065_0021_140,vil
36,no-nb_digibok_2013060608065_0036_65,det
34,no-nb_digibok_2013060608065_0034_10,saavidt
29,no-nb_digibok_2013060608065_0029_102,og
8,no-nb_digibok_2013060608065_0008_179,med
15,no-nb_digibok_2013060608065_0015_162,hele
31,no-nb_digibok_2013060608065_0031_163,ikke
22,no-nb_digibok_2013060608065_0022_170,være
28,no-nb_digibok_2013060608065_0028_141,i
18,no-nb_digibok_2013060608065_0018_90,meget
28,no-nb_digibok_2013060608065_0028_50,skulde
34,no-nb_digibok_2013060608065_0034_124,da
9,no-nb_digibok_2013060608065_0009_12,som
15,no-nb_digibok_2013060608065_0015_197,findes
46,no-nb_digibok_2013060608065_0046_143,nok
38,no-nb_digibok_2013060608065_0038_128,lader
49,no-nb_digibok_2013060608065_0049_83,med
29,no-nb_digibok_2013060608065_0029_69,fra
41,no-nb_digibok_2013060608065_0041_79,Lovbogen
25,no-nb_digibok_2013060608065_0025_73,der
6,no-nb_digibok_2013060608065_0006_17,efter
9,no-nb_digibok_2013060608065_0009_168,givet
49,no-nb_digibok_2013060608065_0049_165,gnment
16,no-nb_digibok_2013060608065_0016_118,det
15,no-nb_digibok_2013060608065_0015_167,er
28,no-nb_digibok_2013060608065_0028_100,Lovbog
40,no-nb_digibok_2013060608065_0040_49,først
10,no-nb_digibok_2013060608065_0010_121,Dide
12,no-nb_digibok_2013060608065_0012_12,reent
30,no-nb_digibok_2013060608065_0030_178,den
44,no-nb_digibok_2013060608065_0044_15,at
12,no-nb_digibok_2013060608065_0012_178,næsentlige
23,no-nb_digibok_2013060608065_0023_71,nhjemlet
19,no-nb_digibok_2013060608065_0019_22,mellem
38,no-nb_digibok_2013060608065_0038_189,Membrun
17,no-nb_digibok_2013060608065_0017_101,for
42,no-nb_digibok_2013060608065_0042_124,af
7,no-nb_digibok_2013060608065_0007_189,og
41,no-nb_digibok_2013060608065_0041_12,kan
22,no-nb_digibok_2013060608065_0022_1,skulde
33,no-nb_digibok_2013060608065_0033_182,og
38,no-nb_digibok_2013060608065_0038_112,hvorom
32,no-nb_digibok_2013060608065_0032_98,en
15,no-nb_digibok_2013060608065_0015_84,synderlig
14,no-nb_digibok_2013060608065_0014_109,hald
35,no-nb_digibok_2013060608065_0035_123,at
25,no-nb_digibok_2013060608065_0025_155,Lov
6,no-nb_digibok_2013060608065_0006_204,det
28,no-nb_digibok_2013060608065_0028_161,stor
44,no-nb_digibok_2013060608065_0044_80,disse
5,no-nb_digibok_2013060608065_0005_33,hvor
29,no-nb_digibok_2013060608065_0029_149,have
34,no-nb_digibok_2013060608065_0034_28,Skik
20,no-nb_digibok_2013060608065_0020_127,denne
35,no-nb_digibok_2013060608065_0035_37,Frdr
28,no-nb_digibok_2013060608065_0028_171,i
36,no-nb_digibok_2013060608065_0036_62,for
17,no-nb_digibok_2013060608065_0017_33,til
32,no-nb_digibok_2013060608065_0032_78,hvis
27,no-nb_digibok_2013060608065_0027_142,norske
31,no-nb_digibok_2013060608065_0031_56,og
13,no-nb_digibok_2013060608065_0013_139,og
13,no-nb_digibok_2013060608065_0013_142,paalagt
36,no-nb_digibok_2013060608065_0036_116,rørt
47,no-nb_digibok_2013060608065_0047_114,Octbr
18,no-nb_digibok_2013060608065_0018_77,mellem
41,no-nb_digibok_2013060608065_0041_110,ogsaa
24,no-nb_digibok_2013060608065_0024_204,Antal
49,no-nb_digibok_2013060608065_0049_45,med
21,no-nb_digibok_2013060608065_0021_139,der
13,no-nb_digibok_2013060608065_0013_168,Rehi
18,no-nb_digibok_2013060608065_0018_64,ikke
5,no-nb_digibok_2013060608065_0005_111,i
4,no-nb_digibok_2013060608065_0004_194,den
37,no-nb_digibok_2013060608065_0037_126,endi
43,no-nb_digibok_2013060608065_0043_110,af
45,no-nb_digibok_2013060608065_0045_62,gjeldende
49,no-nb_digibok_2013060608065_0049_105,skulde
20,no-nb_digibok_2013060608065_0020_139,skulde
39,no-nb_digibok_2013060608065_0039_49,er
32,no-nb_digibok_2013060608065_0032_83,hvorom
8,no-nb_digibok_2013060608065_0008_28,indgaaet
37,no-nb_digibok_2013060608065_0037_163,ikke
6,no-nb_digibok_2013060608065_0006_60,i
21,no-nb_digibok_2013060608065_0021_172,der
31,no-nb_digibok_2013060608065_0031_27,før
40,no-nb_digibok_2013060608065_0040_28,vare
44,no-nb_digibok_2013060608065_0044_114,og
49,no-nb_digibok_2013060608065_0049_106,optage
12,no-nb_digibok_2013060608065_0012_22,Retsforskeed
3,no-nb_digibok_2013060608065_0003_20,alene
22,no-nb_digibok_2013060608065_0022_167,til
14,no-nb_digibok_2013060608065_0014_50,og
11,no-nb_digibok_2013060608065_0011_34,saanel
12,no-nb_digibok_2013060608065_0012_144,manerede
5,no-nb_digibok_2013060608065_0005_140,med
16,no-nb_digibok_2013060608065_0016_30,samme
8,no-nb_digibok_2013060608065_0008_166,hos
20,no-nb_digibok_2013060608065_0020_64,medens
40,no-nb_digibok_2013060608065_0040_166,melser
12,no-nb_digibok_2013060608065_0012_94,i
22,no-nb_digibok_2013060608065_0022_147,hvor
8,no-nb_digibok_2013060608065_0008_49,øprige
43,no-nb_digibok_2013060608065_0043_76,paa
6,no-nb_digibok_2013060608065_0006_78,har
50,no-nb_digibok_2013060608065_0050_1,det
20,no-nb_digibok_2013060608065_0020_71,hænde
25,no-nb_digibok_2013060608065_0025_149,bogstavelig
15,no-nb_digibok_2013060608065_0015_212,udenfor
33,no-nb_digibok_2013060608065_0033_165,Anviisning
46,no-nb_digibok_2013060608065_0046_18,senere
9,no-nb_digibok_2013060608065_0009_198,Møndeeanrigs
24,no-nb_digibok_2013060608065_0024_111,norske
18,no-nb_digibok_2013060608065_0018_169,hemmelig
10,no-nb_digibok_2013060608065_0010_39,til
29,no-nb_digibok_2013060608065_0029_99,af
6,no-nb_digibok_2013060608065_0006_37,som
43,no-nb_digibok_2013060608065_0043_72,Taxereborgere
19,no-nb_digibok_2013060608065_0019_71,Side
45,no-nb_digibok_2013060608065_0045_159,tur
12,no-nb_digibok_2013060608065_0012_18,har
29,no-nb_digibok_2013060608065_0029_94,den
35,no-nb_digibok_2013060608065_0035_113,være
31,no-nb_digibok_2013060608065_0031_54,Mai
24,no-nb_digibok_2013060608065_0024_189,som
9,no-nb_digibok_2013060608065_0009_162,som
18,no-nb_digibok_2013060608065_0018_141,Forsøg
6,no-nb_digibok_2013060608065_0006_106,tilstrækkelig
12,no-nb_digibok_2013060608065_0012_31,de
10,no-nb_digibok_2013060608065_0010_81,ældre
6,no-nb_digibok_2013060608065_0006_29,over
27,no-nb_digibok_2013060608065_0027_82,væsentligste
36,no-nb_digibok_2013060608065_0036_134,Mai
21,no-nb_digibok_2013060608065_0021_50,tinglige
12,no-nb_digibok_2013060608065_0012_91,deremod
46,no-nb_digibok_2013060608065_0046_9,ikke
36,no-nb_digibok_2013060608065_0036_80,efterat
29,no-nb_digibok_2013060608065_0029_112,efter
44,no-nb_digibok_2013060608065_0044_179,gjeldende
47,no-nb_digibok_2013060608065_0047_50,og
46,no-nb_digibok_2013060608065_0046_112,Ret
24,no-nb_digibok_2013060608065_0024_138,ikke
18,no-nb_digibok_2013060608065_0018_102,er
6,no-nb_digibok_2013060608065_0006_179,denne
29,no-nb_digibok_2013060608065_0029_93,af
34,no-nb_digibok_2013060608065_0034_25,der
38,no-nb_digibok_2013060608065_0038_54,Læge
20,no-nb_digibok_2013060608065_0020_89,bliver
32,no-nb_digibok_2013060608065_0032_62,staar
33,no-nb_digibok_2013060608065_0033_34,henviser
5,no-nb_digibok_2013060608065_0005_3,vel
23,no-nb_digibok_2013060608065_0023_57,o
3,no-nb_digibok_2013060608065_0003_104,Dette
19,no-nb_digibok_2013060608065_0019_39,for
32,no-nb_digibok_2013060608065_0032_97,hed
5,no-nb_digibok_2013060608065_0005_214,Dit
20,no-nb_digibok_2013060608065_0020_145,Vidner
40,no-nb_digibok_2013060608065_0040_75,Udgivelsen
19,no-nb_digibok_2013060608065_0019_21,Grændsen
27,no-nb_digibok_2013060608065_0027_124,Lovs
27,no-nb_digibok_2013060608065_0027_130,Danmark
18,no-nb_digibok_2013060608065_0018_55,den
5,no-nb_digibok_2013060608065_0005_187,vore
20,no-nb_digibok_2013060608065_0020_27,i
45,no-nb_digibok_2013060608065_0045_112,Jum
43,no-nb_digibok_2013060608065_0043_31,vedkommende
27,no-nb_digibok_2013060608065_0027_85,skede
28,no-nb_digibok_2013060608065_0028_26,der
47,no-nb_digibok_2013060608065_0047_83,selv
43,no-nb_digibok_2013060608065_0043_14,lertid
45,no-nb_digibok_2013060608065_0045_145,Men
19,no-nb_digibok_2013060608065_0019_32,og
40,no-nb_digibok_2013060608065_0040_31,af
6,no-nb_digibok_2013060608065_0006_38,han
39,no-nb_digibok_2013060608065_0039_59,hvortil
25,no-nb_digibok_2013060608065_0025_86,Beviset
30,no-nb_digibok_2013060608065_0030_49,Praxis
16,no-nb_digibok_2013060608065_0016_75,er
14,no-nb_digibok_2013060608065_0014_61,Borgemesteren
37,no-nb_digibok_2013060608065_0037_108,en
40,no-nb_digibok_2013060608065_0040_18,kalder
23,no-nb_digibok_2013060608065_0023_180,er
32,no-nb_digibok_2013060608065_0032_165,lade
29,no-nb_digibok_2013060608065_0029_66,ere
32,no-nb_digibok_2013060608065_0032_180,den
10,no-nb_digibok_2013060608065_0010_55,til
33,no-nb_digibok_2013060608065_0033_179,Materier
19,no-nb_digibok_2013060608065_0019_12,har
13,no-nb_digibok_2013060608065_0013_65,der
9,no-nb_digibok_2013060608065_0009_64,og
7,no-nb_digibok_2013060608065_0007_208,udsætning
12,no-nb_digibok_2013060608065_0012_71,hane
12,no-nb_digibok_2013060608065_0012_107,Magt
9,no-nb_digibok_2013060608065_0009_187,Ansendelse
27,no-nb_digibok_2013060608065_0027_162,udgangne
31,no-nb_digibok_2013060608065_0031_126,den
27,no-nb_digibok_2013060608065_0027_140,udelnkkende
3,no-nb_digibok_2013060608065_0003_53,uden
18,no-nb_digibok_2013060608065_0018_114,af
17,no-nb_digibok_2013060608065_0017_69,bedre
35,no-nb_digibok_2013060608065_0035_27,Marts
14,no-nb_digibok_2013060608065_0014_100,til
15,no-nb_digibok_2013060608065_0015_81,disse
16,no-nb_digibok_2013060608065_0016_141,da
36,no-nb_digibok_2013060608065_0036_45,i
13,no-nb_digibok_2013060608065_0013_152,Efterat
9,no-nb_digibok_2013060608065_0009_34,og
29,no-nb_digibok_2013060608065_0029_148,at
43,no-nb_digibok_2013060608065_0043_179,Samme
15,no-nb_digibok_2013060608065_0015_1,dette
34,no-nb_digibok_2013060608065_0034_176,Denne
9,no-nb_digibok_2013060608065_0009_210,for
13,no-nb_digibok_2013060608065_0013_58,lade
50,no-nb_digibok_2013060608065_0050_25,om
9,no-nb_digibok_2013060608065_0009_13,oftest
34,no-nb_digibok_2013060608065_0034_161,ansees
22,no-nb_digibok_2013060608065_0022_116,ømme
9,no-nb_digibok_2013060608065_0009_6,der
7,no-nb_digibok_2013060608065_0007_81,udtalt
31,no-nb_digibok_2013060608065_0031_106,er
30,no-nb_digibok_2013060608065_0030_184,Lovbogen
3,no-nb_digibok_2013060608065_0003_64,Talkets
38,no-nb_digibok_2013060608065_0038_40,skulle
43,no-nb_digibok_2013060608065_0043_183,med
47,no-nb_digibok_2013060608065_0047_177,maa
25,no-nb_digibok_2013060608065_0025_180,i
34,no-nb_digibok_2013060608065_0034_114,fremdeles
25,no-nb_digibok_2013060608065_0025_174,bør
17,no-nb_digibok_2013060608065_0017_56,Opfattels
6,no-nb_digibok_2013060608065_0006_36,men
33,no-nb_digibok_2013060608065_0033_93,henført
41,no-nb_digibok_2013060608065_0041_83,med
47,no-nb_digibok_2013060608065_0047_24,denne
45,no-nb_digibok_2013060608065_0045_152,Deel
46,no-nb_digibok_2013060608065_0046_160,om
19,no-nb_digibok_2013060608065_0019_105,eller
22,no-nb_digibok_2013060608065_0022_136,dette
11,no-nb_digibok_2013060608065_0011_97,den
27,no-nb_digibok_2013060608065_0027_37,det
17,no-nb_digibok_2013060608065_0017_86,Dens
4,no-nb_digibok_2013060608065_0004_85,i
14,no-nb_digibok_2013060608065_0014_157,April
23,no-nb_digibok_2013060608065_0023_160,i
19,no-nb_digibok_2013060608065_0019_29,Tilfælde
11,no-nb_digibok_2013060608065_0011_186,Sædeonsretten
5,no-nb_digibok_2013060608065_0005_89,og
47,no-nb_digibok_2013060608065_0047_129,om
26,no-nb_digibok_2013060608065_0026_137,ved
11,no-nb_digibok_2013060608065_0011_126,hal
45,no-nb_digibok_2013060608065_0045_165,Lov
4,no-nb_digibok_2013060608065_0004_160,ethmert
40,no-nb_digibok_2013060608065_0040_32,sig
5,no-nb_digibok_2013060608065_0005_207,staaer
14,no-nb_digibok_2013060608065_0014_165,i
28,no-nb_digibok_2013060608065_0028_163,var
10,no-nb_digibok_2013060608065_0010_187,der
30,no-nb_digibok_2013060608065_0030_76,eller
35,no-nb_digibok_2013060608065_0035_73,Regler
7,no-nb_digibok_2013060608065_0007_101,meste
37,no-nb_digibok_2013060608065_0037_133,man
20,no-nb_digibok_2013060608065_0020_156,at
33,no-nb_digibok_2013060608065_0033_27,saaledes
31,no-nb_digibok_2013060608065_0031_134,Foruden
22,no-nb_digibok_2013060608065_0022_90,i
32,no-nb_digibok_2013060608065_0032_136,fremdeles
16,no-nb_digibok_2013060608065_0016_43,de
45,no-nb_digibok_2013060608065_0045_3,er
10,no-nb_digibok_2013060608065_0010_165,at
18,no-nb_digibok_2013060608065_0018_142,paa
23,no-nb_digibok_2013060608065_0023_144,at
11,no-nb_digibok_2013060608065_0011_19,er
43,no-nb_digibok_2013060608065_0043_100,at
39,no-nb_digibok_2013060608065_0039_116,mindre
11,no-nb_digibok_2013060608065_0011_170,at
32,no-nb_digibok_2013060608065_0032_157,at
36,no-nb_digibok_2013060608065_0036_83,udkom
32,no-nb_digibok_2013060608065_0032_49,til
17,no-nb_digibok_2013060608065_0017_47,heller
30,no-nb_digibok_2013060608065_0030_91,af
30,no-nb_digibok_2013060608065_0030_59,ogsaa
16,no-nb_digibok_2013060608065_0016_79,de
36,no-nb_digibok_2013060608065_0036_117,af
35,no-nb_digibok_2013060608065_0035_97,efter
44,no-nb_digibok_2013060608065_0044_61,angaaende
43,no-nb_digibok_2013060608065_0043_17,afgjort
4,no-nb_digibok_2013060608065_0004_133,til
39,no-nb_digibok_2013060608065_0039_56,staa
47,no-nb_digibok_2013060608065_0047_54,foreskrevne
48,no-nb_digibok_2013060608065_0048_117,som
38,no-nb_digibok_2013060608065_0038_89,Fr
6,no-nb_digibok_2013060608065_0006_151,den
26,no-nb_digibok_2013060608065_0026_69,et
12,no-nb_digibok_2013060608065_0012_67,det
46,no-nb_digibok_2013060608065_0046_146,at
36,no-nb_digibok_2013060608065_0036_16,hertil
36,no-nb_digibok_2013060608065_0036_10,Praxis
42,no-nb_digibok_2013060608065_0042_91,fra
13,no-nb_digibok_2013060608065_0013_100,Jens
28,no-nb_digibok_2013060608065_0028_86,Regelen
45,no-nb_digibok_2013060608065_0045_8,er
46,no-nb_digibok_2013060608065_0046_128,isor
50,no-nb_digibok_2013060608065_0050_88,Istedetfor
23,no-nb_digibok_2013060608065_0023_109,Mile
17,no-nb_digibok_2013060608065_0017_117,praktiske
10,no-nb_digibok_2013060608065_0010_87,uafhængig
42,no-nb_digibok_2013060608065_0042_33,til
49,no-nb_digibok_2013060608065_0049_151,i
28,no-nb_digibok_2013060608065_0028_40,det
50,no-nb_digibok_2013060608065_0050_84,Forhold
5,no-nb_digibok_2013060608065_0005_162,er
38,no-nb_digibok_2013060608065_0038_108,for
24,no-nb_digibok_2013060608065_0024_108,af
34,no-nb_digibok_2013060608065_0034_146,med
15,no-nb_digibok_2013060608065_0015_35,a
38,no-nb_digibok_2013060608065_0038_187,i
45,no-nb_digibok_2013060608065_0045_135,end
26,no-nb_digibok_2013060608065_0026_40,til
25,no-nb_digibok_2013060608065_0025_164,Dette
14,no-nb_digibok_2013060608065_0014_146,Akprii
45,no-nb_digibok_2013060608065_0045_90,bleve
14,no-nb_digibok_2013060608065_0014_35,Arbeider
8,no-nb_digibok_2013060608065_0008_39,sig
14,no-nb_digibok_2013060608065_0014_56,sammed
25,no-nb_digibok_2013060608065_0025_190,mindre
11,no-nb_digibok_2013060608065_0011_108,og
4,no-nb_digibok_2013060608065_0004_184,har
9,no-nb_digibok_2013060608065_0009_218,Sed
27,no-nb_digibok_2013060608065_0027_153,i
41,no-nb_digibok_2013060608065_0041_55,man
13,no-nb_digibok_2013060608065_0013_85,med
10,no-nb_digibok_2013060608065_0010_4,eller
45,no-nb_digibok_2013060608065_0045_157,særegne
46,no-nb_digibok_2013060608065_0046_2,har
7,no-nb_digibok_2013060608065_0007_180,om
24,no-nb_digibok_2013060608065_0024_36,og
43,no-nb_digibok_2013060608065_0043_128,af
28,no-nb_digibok_2013060608065_0028_49,de
11,no-nb_digibok_2013060608065_0011_21,viel
9,no-nb_digibok_2013060608065_0009_72,af
32,no-nb_digibok_2013060608065_0032_66,den
4,no-nb_digibok_2013060608065_0004_26,dog
18,no-nb_digibok_2013060608065_0018_109,er
5,no-nb_digibok_2013060608065_0005_149,gyldig
24,no-nb_digibok_2013060608065_0024_198,nævner
4,no-nb_digibok_2013060608065_0004_33,siger
34,no-nb_digibok_2013060608065_0034_104,Meste
15,no-nb_digibok_2013060608065_0015_187,egentlige
11,no-nb_digibok_2013060608065_0011_163,hvad
8,no-nb_digibok_2013060608065_0008_117,menneskelige
38,no-nb_digibok_2013060608065_0038_46,hvortil
20,no-nb_digibok_2013060608065_0020_55,af
10,no-nb_digibok_2013060608065_0010_21,synes
48,no-nb_digibok_2013060608065_0048_84,som
8,no-nb_digibok_2013060608065_0008_112,de
50,no-nb_digibok_2013060608065_0050_56,ansaa
7,no-nb_digibok_2013060608065_0007_216,vor
24,no-nb_digibok_2013060608065_0024_24,hjemme
3,no-nb_digibok_2013060608065_0003_91,hvis
34,no-nb_digibok_2013060608065_0034_48,Fr
31,no-nb_digibok_2013060608065_0031_136,nye
46,no-nb_digibok_2013060608065_0046_115,ligge
20,no-nb_digibok_2013060608065_0020_142,sig
42,no-nb_digibok_2013060608065_0042_130,betragtes
13,no-nb_digibok_2013060608065_0013_93,Jens
25,no-nb_digibok_2013060608065_0025_3,og
44,no-nb_digibok_2013060608065_0044_28,blev
43,no-nb_digibok_2013060608065_0043_90,en
38,no-nb_digibok_2013060608065_0038_29,os
9,no-nb_digibok_2013060608065_0009_181,som
34,no-nb_digibok_2013060608065_0034_42,Kontoret
30,no-nb_digibok_2013060608065_0030_80,det
22,no-nb_digibok_2013060608065_0022_93,om
21,no-nb_digibok_2013060608065_0021_97,mangengang
16,no-nb_digibok_2013060608065_0016_112,den
12,no-nb_digibok_2013060608065_0012_98,norske
42,no-nb_digibok_2013060608065_0042_73,og
22,no-nb_digibok_2013060608065_0022_142,Incurie
8,no-nb_digibok_2013060608065_0008_146,i
22,no-nb_digibok_2013060608065_0022_33,Bythingets
49,no-nb_digibok_2013060608065_0049_186,at
7,no-nb_digibok_2013060608065_0007_215,i
42,no-nb_digibok_2013060608065_0042_72,Studieskat
35,no-nb_digibok_2013060608065_0035_135,Det
26,no-nb_digibok_2013060608065_0026_113,have
20,no-nb_digibok_2013060608065_0020_8,terien
29,no-nb_digibok_2013060608065_0029_67,ogsaa
16,no-nb_digibok_2013060608065_0016_169,Fr
45,no-nb_digibok_2013060608065_0045_22,ligetil
11,no-nb_digibok_2013060608065_0011_140,der
21,no-nb_digibok_2013060608065_0021_31,tinglige
15,no-nb_digibok_2013060608065_0015_82,Grunde
35,no-nb_digibok_2013060608065_0035_47,til
9,no-nb_digibok_2013060608065_0009_212,de
36,no-nb_digibok_2013060608065_0036_142,af
47,no-nb_digibok_2013060608065_0047_141,Magistratens
18,no-nb_digibok_2013060608065_0018_79,og
42,no-nb_digibok_2013060608065_0042_62,været
33,no-nb_digibok_2013060608065_0033_169,Chr
20,no-nb_digibok_2013060608065_0020_132,bleve
32,no-nb_digibok_2013060608065_0032_122,en
7,no-nb_digibok_2013060608065_0007_156,disse
4,no-nb_digibok_2013060608065_0004_168,lader
11,no-nb_digibok_2013060608065_0011_154,enten
44,no-nb_digibok_2013060608065_0044_152,senere
8,no-nb_digibok_2013060608065_0008_67,siger
24,no-nb_digibok_2013060608065_0024_17,feelt
43,no-nb_digibok_2013060608065_0043_132,i
27,no-nb_digibok_2013060608065_0027_174,som
45,no-nb_digibok_2013060608065_0045_150,en
7,no-nb_digibok_2013060608065_0007_133,Grændhernd
37,no-nb_digibok_2013060608065_0037_97,indtil
5,no-nb_digibok_2013060608065_0005_186,i
36,no-nb_digibok_2013060608065_0036_146,om
38,no-nb_digibok_2013060608065_0038_4,ved
20,no-nb_digibok_2013060608065_0020_95,mellem
18,no-nb_digibok_2013060608065_0018_130,har
24,no-nb_digibok_2013060608065_0024_118,fra
21,no-nb_digibok_2013060608065_0021_168,Mærke
14,no-nb_digibok_2013060608065_0014_166,Kraft
19,no-nb_digibok_2013060608065_0019_143,dem
39,no-nb_digibok_2013060608065_0039_84,anvendt
32,no-nb_digibok_2013060608065_0032_134,Politilovgivningen
11,no-nb_digibok_2013060608065_0011_49,ikke
39,no-nb_digibok_2013060608065_0039_145,vare
31,no-nb_digibok_2013060608065_0031_96,kom
38,no-nb_digibok_2013060608065_0038_116,Frds
36,no-nb_digibok_2013060608065_0036_9,antager
4,no-nb_digibok_2013060608065_0004_77,og
26,no-nb_digibok_2013060608065_0026_146,Præstationer
34,no-nb_digibok_2013060608065_0034_16,med
44,no-nb_digibok_2013060608065_0044_25,og
10,no-nb_digibok_2013060608065_0010_89,den
33,no-nb_digibok_2013060608065_0033_97,lovgivning
6,no-nb_digibok_2013060608065_0006_6,almindelig
34,no-nb_digibok_2013060608065_0034_134,om
10,no-nb_digibok_2013060608065_0010_38,berettiget
15,no-nb_digibok_2013060608065_0015_64,Almindelighed
39,no-nb_digibok_2013060608065_0039_119,at
43,no-nb_digibok_2013060608065_0043_126,Den
35,no-nb_digibok_2013060608065_0035_25,Frdn
38,no-nb_digibok_2013060608065_0038_73,fordi
6,no-nb_digibok_2013060608065_0006_22,som
47,no-nb_digibok_2013060608065_0047_176,man
25,no-nb_digibok_2013060608065_0025_181,dets
28,no-nb_digibok_2013060608065_0028_101,sig
34,no-nb_digibok_2013060608065_0034_103,det
10,no-nb_digibok_2013060608065_0010_67,Nørnenes
20,no-nb_digibok_2013060608065_0020_117,saakaldte
43,no-nb_digibok_2013060608065_0043_39,Lovbogen
38,no-nb_digibok_2013060608065_0038_43,Laas
34,no-nb_digibok_2013060608065_0034_113,Kommercie
48,no-nb_digibok_2013060608065_0048_22,hvorvidt
36,no-nb_digibok_2013060608065_0036_163,er
6,no-nb_digibok_2013060608065_0006_101,der
13,no-nb_digibok_2013060608065_0013_162,der
48,no-nb_digibok_2013060608065_0048_12,rigtignok
23,no-nb_digibok_2013060608065_0023_81,Ligeledes
19,no-nb_digibok_2013060608065_0019_89,synes
35,no-nb_digibok_2013060608065_0035_55,skulde
32,no-nb_digibok_2013060608065_0032_36,hvilke
50,no-nb_digibok_2013060608065_0050_63,uu
45,no-nb_digibok_2013060608065_0045_48,Spttr
3,no-nb_digibok_2013060608065_0003_73,under
16,no-nb_digibok_2013060608065_0016_187,ikke
21,no-nb_digibok_2013060608065_0021_24,flere
18,no-nb_digibok_2013060608065_0018_89,ialfald
40,no-nb_digibok_2013060608065_0040_159,det
37,no-nb_digibok_2013060608065_0037_132,kan
11,no-nb_digibok_2013060608065_0011_96,at
20,no-nb_digibok_2013060608065_0020_45,Øir
18,no-nb_digibok_2013060608065_0018_145,i
44,no-nb_digibok_2013060608065_0044_20,lovgivningen
25,no-nb_digibok_2013060608065_0025_93,bestod
19,no-nb_digibok_2013060608065_0019_167,uagtet
48,no-nb_digibok_2013060608065_0048_76,dog
49,no-nb_digibok_2013060608065_0049_13,flere
39,no-nb_digibok_2013060608065_0039_168,en
39,no-nb_digibok_2013060608065_0039_107,paa
37,no-nb_digibok_2013060608065_0037_61,gjelde
43,no-nb_digibok_2013060608065_0043_28,En
29,no-nb_digibok_2013060608065_0029_163,Møller
28,no-nb_digibok_2013060608065_0028_39,og
49,no-nb_digibok_2013060608065_0049_132,igjen
46,no-nb_digibok_2013060608065_0046_102,de
25,no-nb_digibok_2013060608065_0025_162,forandret
36,no-nb_digibok_2013060608065_0036_4,i
4,no-nb_digibok_2013060608065_0004_84,Kom
41,no-nb_digibok_2013060608065_0041_133,i
47,no-nb_digibok_2013060608065_0047_21,i
30,no-nb_digibok_2013060608065_0030_135,hjemler
24,no-nb_digibok_2013060608065_0024_132,fandtes
27,no-nb_digibok_2013060608065_0027_115,allerede
10,no-nb_digibok_2013060608065_0010_125,Deel
29,no-nb_digibok_2013060608065_0029_111,der
7,no-nb_digibok_2013060608065_0007_78,udtryk
32,no-nb_digibok_2013060608065_0032_100,anden
43,no-nb_digibok_2013060608065_0043_62,andre
46,no-nb_digibok_2013060608065_0046_70,som
23,no-nb_digibok_2013060608065_0023_199,den
9,no-nb_digibok_2013060608065_0009_90,diges
7,no-nb_digibok_2013060608065_0007_187,saa
13,no-nb_digibok_2013060608065_0013_95,Christian
48,no-nb_digibok_2013060608065_0048_88,af
16,no-nb_digibok_2013060608065_0016_21,anden
23,no-nb_digibok_2013060608065_0023_138,ogsaa
4,no-nb_digibok_2013060608065_0004_121,Billing
7,no-nb_digibok_2013060608065_0007_25,i
12,no-nb_digibok_2013060608065_0012_38,Rets
32,no-nb_digibok_2013060608065_0032_57,end
28,no-nb_digibok_2013060608065_0028_75,sidste
8,no-nb_digibok_2013060608065_0008_137,gjelder
10,no-nb_digibok_2013060608065_0010_29,den
37,no-nb_digibok_2013060608065_0037_34,tens
33,no-nb_digibok_2013060608065_0033_9,at
13,no-nb_digibok_2013060608065_0013_67,for
4,no-nb_digibok_2013060608065_0004_144,ældre
25,no-nb_digibok_2013060608065_0025_119,for
35,no-nb_digibok_2013060608065_0035_133,af
29,no-nb_digibok_2013060608065_0029_25,er
38,no-nb_digibok_2013060608065_0038_102,som
6,no-nb_digibok_2013060608065_0006_207,enskrevne
44,no-nb_digibok_2013060608065_0044_39,regnleredes
5,no-nb_digibok_2013060608065_0005_54,Ret
29,no-nb_digibok_2013060608065_0029_82,vor
36,no-nb_digibok_2013060608065_0036_86,Uagtet
34,no-nb_digibok_2013060608065_0034_143,som
8,no-nb_digibok_2013060608065_0008_57,udtalt
49,no-nb_digibok_2013060608065_0049_54,vanskeligt
11,no-nb_digibok_2013060608065_0011_11,tilsygne
9,no-nb_digibok_2013060608065_0009_126,hvilke
10,no-nb_digibok_2013060608065_0010_22,at
22,no-nb_digibok_2013060608065_0022_165,som
3,no-nb_digibok_2013060608065_0003_75,af
9,no-nb_digibok_2013060608065_0009_37,Ragler
18,no-nb_digibok_2013060608065_0018_56,i
5,no-nb_digibok_2013060608065_0005_142,Solg
28,no-nb_digibok_2013060608065_0028_142,de
12,no-nb_digibok_2013060608065_0012_82,ikke
44,no-nb_digibok_2013060608065_0044_44,vmed
40,no-nb_digibok_2013060608065_0040_154,Mening
17,no-nb_digibok_2013060608065_0017_167,end
27,no-nb_digibok_2013060608065_0027_133,som
44,no-nb_digibok_2013060608065_0044_86,ved
19,no-nb_digibok_2013060608065_0019_92,m
6,no-nb_digibok_2013060608065_0006_59,næret
48,no-nb_digibok_2013060608065_0048_155,men
3,no-nb_digibok_2013060608065_0003_12,Ret
28,no-nb_digibok_2013060608065_0028_79,og
46,no-nb_digibok_2013060608065_0046_24,med
37,no-nb_digibok_2013060608065_0037_168,den
22,no-nb_digibok_2013060608065_0022_153,betragtedes
9,no-nb_digibok_2013060608065_0009_183,mand
9,no-nb_digibok_2013060608065_0009_151,an
45,no-nb_digibok_2013060608065_0045_10,med
33,no-nb_digibok_2013060608065_0033_128,deels
17,no-nb_digibok_2013060608065_0017_16,politiske
17,no-nb_digibok_2013060608065_0017_57,af
47,no-nb_digibok_2013060608065_0047_184,ikke
28,no-nb_digibok_2013060608065_0028_104,Kilder
32,no-nb_digibok_2013060608065_0032_111,som
29,no-nb_digibok_2013060608065_0029_158,danske
7,no-nb_digibok_2013060608065_0007_44,er
39,no-nb_digibok_2013060608065_0039_144,allerede
32,no-nb_digibok_2013060608065_0032_145,er
5,no-nb_digibok_2013060608065_0005_58,stor
44,no-nb_digibok_2013060608065_0044_128,for
14,no-nb_digibok_2013060608065_0014_66,veredere
42,no-nb_digibok_2013060608065_0042_142,norske
41,no-nb_digibok_2013060608065_0041_103,før
7,no-nb_digibok_2013060608065_0007_88,af
23,no-nb_digibok_2013060608065_0023_28,den
45,no-nb_digibok_2013060608065_0045_153,afhænger
10,no-nb_digibok_2013060608065_0010_13,Kontracts
23,no-nb_digibok_2013060608065_0023_103,derved
31,no-nb_digibok_2013060608065_0031_90,af
39,no-nb_digibok_2013060608065_0039_21,ansee
37,no-nb_digibok_2013060608065_0037_79,net
21,no-nb_digibok_2013060608065_0021_13,dens
8,no-nb_digibok_2013060608065_0008_17,af
33,no-nb_digibok_2013060608065_0033_30,behandlet
11,no-nb_digibok_2013060608065_0011_143,Sætninger
29,no-nb_digibok_2013060608065_0029_11,findes
10,no-nb_digibok_2013060608065_0010_70,mand
29,no-nb_digibok_2013060608065_0029_3,Byerne
46,no-nb_digibok_2013060608065_0046_106,høre
16,no-nb_digibok_2013060608065_0016_61,en
50,no-nb_digibok_2013060608065_0050_140,ogsaa
3,no-nb_digibok_2013060608065_0003_54,nogen
7,no-nb_digibok_2013060608065_0007_64,de
38,no-nb_digibok_2013060608065_0038_9,men
3,no-nb_digibok_2013060608065_0003_60,ere
31,no-nb_digibok_2013060608065_0031_131,er
31,no-nb_digibok_2013060608065_0031_142,kan
35,no-nb_digibok_2013060608065_0035_50,afgjøre
32,no-nb_digibok_2013060608065_0032_139,staaende
19,no-nb_digibok_2013060608065_0019_65,og
14,no-nb_digibok_2013060608065_0014_40,i
18,no-nb_digibok_2013060608065_0018_129,den
7,no-nb_digibok_2013060608065_0007_119,den
28,no-nb_digibok_2013060608065_0028_60,Bestemmelserne
23,no-nb_digibok_2013060608065_0023_191,anden
50,no-nb_digibok_2013060608065_0050_112,man
40,no-nb_digibok_2013060608065_0040_89,flere
19,no-nb_digibok_2013060608065_0019_9,at
41,no-nb_digibok_2013060608065_0041_66,i
11,no-nb_digibok_2013060608065_0011_52,gaa
20,no-nb_digibok_2013060608065_0020_135,at
34,no-nb_digibok_2013060608065_0034_77,Bynæring
48,no-nb_digibok_2013060608065_0048_83,men
26,no-nb_digibok_2013060608065_0026_81,Ikke
48,no-nb_digibok_2013060608065_0048_77,egentlig
5,no-nb_digibok_2013060608065_0005_151,til
36,no-nb_digibok_2013060608065_0036_136,angaaende
22,no-nb_digibok_2013060608065_0022_6,cfr
13,no-nb_digibok_2013060608065_0013_83,blev
48,no-nb_digibok_2013060608065_0048_23,dette
46,no-nb_digibok_2013060608065_0046_136,ældre
43,no-nb_digibok_2013060608065_0043_135,ning
12,no-nb_digibok_2013060608065_0012_17,formodentlig
5,no-nb_digibok_2013060608065_0005_104,saa
26,no-nb_digibok_2013060608065_0026_91,han
22,no-nb_digibok_2013060608065_0022_172,disse
16,no-nb_digibok_2013060608065_0016_47,vi
23,no-nb_digibok_2013060608065_0023_67,i
16,no-nb_digibok_2013060608065_0016_64,og
30,no-nb_digibok_2013060608065_0030_114,man
45,no-nb_digibok_2013060608065_0045_6,Det
24,no-nb_digibok_2013060608065_0024_56,hænder
48,no-nb_digibok_2013060608065_0048_102,Ingen
38,no-nb_digibok_2013060608065_0038_10,den
40,no-nb_digibok_2013060608065_0040_14,man
31,no-nb_digibok_2013060608065_0031_67,unthe
33,no-nb_digibok_2013060608065_0033_139,deels
21,no-nb_digibok_2013060608065_0021_51,Rettigheder
4,no-nb_digibok_2013060608065_0004_199,I
35,no-nb_digibok_2013060608065_0035_143,havt
40,no-nb_digibok_2013060608065_0040_34,Dette
14,no-nb_digibok_2013060608065_0014_55,e
15,no-nb_digibok_2013060608065_0015_26,eftersom
37,no-nb_digibok_2013060608065_0037_66,ellere
8,no-nb_digibok_2013060608065_0008_95,Marti
35,no-nb_digibok_2013060608065_0035_96,vil
38,no-nb_digibok_2013060608065_0038_99,Lovbud
15,no-nb_digibok_2013060608065_0015_72,optagen
24,no-nb_digibok_2013060608065_0024_102,Saaledes
10,no-nb_digibok_2013060608065_0010_51,tøkt
29,no-nb_digibok_2013060608065_0029_171,vor
16,no-nb_digibok_2013060608065_0016_161,sessionaters
15,no-nb_digibok_2013060608065_0015_114,indeholder
4,no-nb_digibok_2013060608065_0004_136,og
13,no-nb_digibok_2013060608065_0013_191,Approbation
44,no-nb_digibok_2013060608065_0044_92,Landskyldstapten
9,no-nb_digibok_2013060608065_0009_21,den
5,no-nb_digibok_2013060608065_0005_194,aabenbar
22,no-nb_digibok_2013060608065_0022_16,hvor
43,no-nb_digibok_2013060608065_0043_137,maaskee
27,no-nb_digibok_2013060608065_0027_65,benævne
8,no-nb_digibok_2013060608065_0008_213,oftest
29,no-nb_digibok_2013060608065_0029_10,som
6,no-nb_digibok_2013060608065_0006_117,hari
40,no-nb_digibok_2013060608065_0040_21,efter
22,no-nb_digibok_2013060608065_0022_113,taler
13,no-nb_digibok_2013060608065_0013_20,danske
14,no-nb_digibok_2013060608065_0014_46,af
22,no-nb_digibok_2013060608065_0022_120,med
11,no-nb_digibok_2013060608065_0011_124,havd
31,no-nb_digibok_2013060608065_0031_70,senere
3,no-nb_digibok_2013060608065_0003_36,blev
47,no-nb_digibok_2013060608065_0047_163,maa
35,no-nb_digibok_2013060608065_0035_145,Hensigt
44,no-nb_digibok_2013060608065_0044_22,udenfor
20,no-nb_digibok_2013060608065_0020_138,mati
42,no-nb_digibok_2013060608065_0042_145,denne
28,no-nb_digibok_2013060608065_0028_176,ialfald
6,no-nb_digibok_2013060608065_0006_12,forgjæves
36,no-nb_digibok_2013060608065_0036_139,Vægt
28,no-nb_digibok_2013060608065_0028_61,i
26,no-nb_digibok_2013060608065_0026_68,bruger
20,no-nb_digibok_2013060608065_0020_134,om
30,no-nb_digibok_2013060608065_0030_175,Allerede
27,no-nb_digibok_2013060608065_0027_117,saagodtsom
17,no-nb_digibok_2013060608065_0017_114,Blik
21,no-nb_digibok_2013060608065_0021_72,og
17,no-nb_digibok_2013060608065_0017_4,store
9,no-nb_digibok_2013060608065_0009_25,Kongisseren
36,no-nb_digibok_2013060608065_0036_42,hævet
9,no-nb_digibok_2013060608065_0009_156,gjeldende
13,no-nb_digibok_2013060608065_0013_53,befalet
19,no-nb_digibok_2013060608065_0019_56,Vidne
26,no-nb_digibok_2013060608065_0026_72,der
7,no-nb_digibok_2013060608065_0007_16,af
43,no-nb_digibok_2013060608065_0043_95,ikke
47,no-nb_digibok_2013060608065_0047_1,stod
14,no-nb_digibok_2013060608065_0014_132,optraardinore
8,no-nb_digibok_2013060608065_0008_155,Exemplen
7,no-nb_digibok_2013060608065_0007_161,fundet
37,no-nb_digibok_2013060608065_0037_7,ved
8,no-nb_digibok_2013060608065_0008_124,finder
10,no-nb_digibok_2013060608065_0010_122,for
43,no-nb_digibok_2013060608065_0043_85,og
31,no-nb_digibok_2013060608065_0031_72,atter
50,no-nb_digibok_2013060608065_0050_173,om
9,no-nb_digibok_2013060608065_0009_229,Kuratorer
26,no-nb_digibok_2013060608065_0026_124,synonymt
39,no-nb_digibok_2013060608065_0039_33,Udlægsorden
21,no-nb_digibok_2013060608065_0021_98,har
15,no-nb_digibok_2013060608065_0015_69,til
25,no-nb_digibok_2013060608065_0025_101,et
49,no-nb_digibok_2013060608065_0049_139,med
17,no-nb_digibok_2013060608065_0017_51,i
23,no-nb_digibok_2013060608065_0023_114,ikke
6,no-nb_digibok_2013060608065_0006_20,en
25,no-nb_digibok_2013060608065_0025_78,upaatvivlelig
46,no-nb_digibok_2013060608065_0046_12,ophæver
10,no-nb_digibok_2013060608065_0010_100,i
16,no-nb_digibok_2013060608065_0016_127,kun
36,no-nb_digibok_2013060608065_0036_73,at
32,no-nb_digibok_2013060608065_0032_129,fremlysir
23,no-nb_digibok_2013060608065_0023_45,negange
19,no-nb_digibok_2013060608065_0019_7,hvilket
26,no-nb_digibok_2013060608065_0026_12,hvis
39,no-nb_digibok_2013060608065_0039_152,herpaa
5,no-nb_digibok_2013060608065_0005_18,Omhang
7,no-nb_digibok_2013060608065_0007_4,skræcersen
19,no-nb_digibok_2013060608065_0019_114,med
13,no-nb_digibok_2013060608065_0013_153,denne
37,no-nb_digibok_2013060608065_0037_141,Chr
30,no-nb_digibok_2013060608065_0030_96,kun
10,no-nb_digibok_2013060608065_0010_96,af
12,no-nb_digibok_2013060608065_0012_162,bog
46,no-nb_digibok_2013060608065_0046_36,og
33,no-nb_digibok_2013060608065_0033_183,derfor
42,no-nb_digibok_2013060608065_0042_100,af
25,no-nb_digibok_2013060608065_0025_97,hvem
8,no-nb_digibok_2013060608065_0008_200,et
47,no-nb_digibok_2013060608065_0047_13,at
10,no-nb_digibok_2013060608065_0010_167,Derstraffen
38,no-nb_digibok_2013060608065_0038_26,at
34,no-nb_digibok_2013060608065_0034_29,og
43,no-nb_digibok_2013060608065_0043_159,af
38,no-nb_digibok_2013060608065_0038_137,henholde
21,no-nb_digibok_2013060608065_0021_60,slige
7,no-nb_digibok_2013060608065_0007_8,den
6,no-nb_digibok_2013060608065_0006_66,eve
21,no-nb_digibok_2013060608065_0021_118,hyppigt
24,no-nb_digibok_2013060608065_0024_79,overveiet
27,no-nb_digibok_2013060608065_0027_48,i
50,no-nb_digibok_2013060608065_0050_36,Bergens
27,no-nb_digibok_2013060608065_0027_57,imidlertid
12,no-nb_digibok_2013060608065_0012_26,tvevle
41,no-nb_digibok_2013060608065_0041_75,som
50,no-nb_digibok_2013060608065_0050_19,der
22,no-nb_digibok_2013060608065_0022_32,blev
22,no-nb_digibok_2013060608065_0022_149,foretoges
40,no-nb_digibok_2013060608065_0040_121,nok
19,no-nb_digibok_2013060608065_0019_54,hvorvidt
7,no-nb_digibok_2013060608065_0007_42,Saa
30,no-nb_digibok_2013060608065_0030_20,i
49,no-nb_digibok_2013060608065_0049_141,af
13,no-nb_digibok_2013060608065_0013_97,Laurits
3,no-nb_digibok_2013060608065_0003_21,af
32,no-nb_digibok_2013060608065_0032_75,har
45,no-nb_digibok_2013060608065_0045_46,af
17,no-nb_digibok_2013060608065_0017_14,mere
50,no-nb_digibok_2013060608065_0050_69,rettens
11,no-nb_digibok_2013060608065_0011_38,almindelig
48,no-nb_digibok_2013060608065_0048_1,af
36,no-nb_digibok_2013060608065_0036_68,meste
6,no-nb_digibok_2013060608065_0006_53,af
40,no-nb_digibok_2013060608065_0040_88,paa
36,no-nb_digibok_2013060608065_0036_27,Reskripter
4,no-nb_digibok_2013060608065_0004_21,af
7,no-nb_digibok_2013060608065_0007_89,den
26,no-nb_digibok_2013060608065_0026_134,nok
33,no-nb_digibok_2013060608065_0033_173,udgangne
39,no-nb_digibok_2013060608065_0039_98,Chr
4,no-nb_digibok_2013060608065_0004_130,ling
13,no-nb_digibok_2013060608065_0013_77,at
32,no-nb_digibok_2013060608065_0032_6,Femtes
50,no-nb_digibok_2013060608065_0050_14,og
48,no-nb_digibok_2013060608065_0048_115,forekaste
21,no-nb_digibok_2013060608065_0021_125,danske
35,no-nb_digibok_2013060608065_0035_79,naar
21,no-nb_digibok_2013060608065_0021_177,og
37,no-nb_digibok_2013060608065_0037_28,da
8,no-nb_digibok_2013060608065_0008_159,den
10,no-nb_digibok_2013060608065_0010_112,Mepeleerkning
17,no-nb_digibok_2013060608065_0017_116,det
4,no-nb_digibok_2013060608065_0004_37,den
50,no-nb_digibok_2013060608065_0050_54,om
9,no-nb_digibok_2013060608065_0009_130,man
26,no-nb_digibok_2013060608065_0026_109,det
42,no-nb_digibok_2013060608065_0042_164,gaaende
22,no-nb_digibok_2013060608065_0022_82,Foged
9,no-nb_digibok_2013060608065_0009_127,Former
11,no-nb_digibok_2013060608065_0011_118,i
14,no-nb_digibok_2013060608065_0014_28,blev
8,no-nb_digibok_2013060608065_0008_235,Kon
33,no-nb_digibok_2013060608065_0033_13,Lovbogen
44,no-nb_digibok_2013060608065_0044_173,øvrege
8,no-nb_digibok_2013060608065_0008_27,har
10,no-nb_digibok_2013060608065_0010_126,den
10,no-nb_digibok_2013060608065_0010_131,Rod
38,no-nb_digibok_2013060608065_0038_174,Boer
30,no-nb_digibok_2013060608065_0030_53,optage
32,no-nb_digibok_2013060608065_0032_3,Er
22,no-nb_digibok_2013060608065_0022_45,ikke
33,no-nb_digibok_2013060608065_0033_33,Den
42,no-nb_digibok_2013060608065_0042_53,tillægger
49,no-nb_digibok_2013060608065_0049_16,Bud
40,no-nb_digibok_2013060608065_0040_131,kongelige
21,no-nb_digibok_2013060608065_0021_107,at
29,no-nb_digibok_2013060608065_0029_135,Lov
6,no-nb_digibok_2013060608065_0006_107,Meiledning
31,no-nb_digibok_2013060608065_0031_166,nogensinde
47,no-nb_digibok_2013060608065_0047_128,gaa
33,no-nb_digibok_2013060608065_0033_35,nemlig
49,no-nb_digibok_2013060608065_0049_63,til
16,no-nb_digibok_2013060608065_0016_149,har
28,no-nb_digibok_2013060608065_0028_33,de
25,no-nb_digibok_2013060608065_0025_92,der
41,no-nb_digibok_2013060608065_0041_100,for
41,no-nb_digibok_2013060608065_0041_89,under
45,no-nb_digibok_2013060608065_0045_149,for
5,no-nb_digibok_2013060608065_0005_219,Reglerne
32,no-nb_digibok_2013060608065_0032_137,skulde
47,no-nb_digibok_2013060608065_0047_109,er
6,no-nb_digibok_2013060608065_0006_175,mindelig
23,no-nb_digibok_2013060608065_0023_87,uagtet
10,no-nb_digibok_2013060608065_0010_195,en
33,no-nb_digibok_2013060608065_0033_76,heller
32,no-nb_digibok_2013060608065_0032_8,end
17,no-nb_digibok_2013060608065_0017_82,senere
7,no-nb_digibok_2013060608065_0007_164,i
34,no-nb_digibok_2013060608065_0034_73,angaaer
49,no-nb_digibok_2013060608065_0049_18,en
10,no-nb_digibok_2013060608065_0010_142,indtagen
26,no-nb_digibok_2013060608065_0026_178,til
48,no-nb_digibok_2013060608065_0048_171,egne
23,no-nb_digibok_2013060608065_0023_113,derfor
11,no-nb_digibok_2013060608065_0011_167,eget
10,no-nb_digibok_2013060608065_0010_161,den
31,no-nb_digibok_2013060608065_0031_81,flere
3,no-nb_digibok_2013060608065_0003_95,at
14,no-nb_digibok_2013060608065_0014_14,af
35,no-nb_digibok_2013060608065_0035_98,Sammenhængen
50,no-nb_digibok_2013060608065_0050_53,selv
23,no-nb_digibok_2013060608065_0023_70,aldeles
36,no-nb_digibok_2013060608065_0036_161,Den
13,no-nb_digibok_2013060608065_0013_9,meget
6,no-nb_digibok_2013060608065_0006_132,kund
30,no-nb_digibok_2013060608065_0030_28,i
20,no-nb_digibok_2013060608065_0020_33,ikke
29,no-nb_digibok_2013060608065_0029_77,ere
46,no-nb_digibok_2013060608065_0046_26,Ord
33,no-nb_digibok_2013060608065_0033_141,de
9,no-nb_digibok_2013060608065_0009_56,og
15,no-nb_digibok_2013060608065_0015_175,fuldstandiggiort
6,no-nb_digibok_2013060608065_0006_61,god
9,no-nb_digibok_2013060608065_0009_160,forudsat
24,no-nb_digibok_2013060608065_0024_46,Christian
12,no-nb_digibok_2013060608065_0012_78,disse
17,no-nb_digibok_2013060608065_0017_49,var
25,no-nb_digibok_2013060608065_0025_66,er
7,no-nb_digibok_2013060608065_0007_86,flyder
46,no-nb_digibok_2013060608065_0046_95,om
18,no-nb_digibok_2013060608065_0018_117,i
14,no-nb_digibok_2013060608065_0014_29,det
8,no-nb_digibok_2013060608065_0008_31,anden
9,no-nb_digibok_2013060608065_0009_29,havt
10,no-nb_digibok_2013060608065_0010_65,bedrage
37,no-nb_digibok_2013060608065_0037_156,som
44,no-nb_digibok_2013060608065_0044_32,Ligetil
10,no-nb_digibok_2013060608065_0010_19,Octor
24,no-nb_digibok_2013060608065_0024_4,Granskninger
37,no-nb_digibok_2013060608065_0037_85,I
14,no-nb_digibok_2013060608065_0014_15,de
19,no-nb_digibok_2013060608065_0019_72,hvilken
4,no-nb_digibok_2013060608065_0004_143,den
36,no-nb_digibok_2013060608065_0036_96,og
24,no-nb_digibok_2013060608065_0024_13,Befaling
7,no-nb_digibok_2013060608065_0007_14,endnu
8,no-nb_digibok_2013060608065_0008_202,som
18,no-nb_digibok_2013060608065_0018_62,da
33,no-nb_digibok_2013060608065_0033_168,før
9,no-nb_digibok_2013060608065_0009_107,Regler
29,no-nb_digibok_2013060608065_0029_58,hentet
20,no-nb_digibok_2013060608065_0020_4,for
8,no-nb_digibok_2013060608065_0008_210,er
30,no-nb_digibok_2013060608065_0030_52,at
31,no-nb_digibok_2013060608065_0031_97,aldrig
33,no-nb_digibok_2013060608065_0033_10,enhver
17,no-nb_digibok_2013060608065_0017_46,nok
14,no-nb_digibok_2013060608065_0014_112,ingen
34,no-nb_digibok_2013060608065_0034_72,der
25,no-nb_digibok_2013060608065_0025_46,indeholder
4,no-nb_digibok_2013060608065_0004_63,en
26,no-nb_digibok_2013060608065_0026_173,sin
27,no-nb_digibok_2013060608065_0027_13,og
42,no-nb_digibok_2013060608065_0042_60,af
3,no-nb_digibok_2013060608065_0003_38,i
18,no-nb_digibok_2013060608065_0018_86,saagodtsom
34,no-nb_digibok_2013060608065_0034_164,Siden
40,no-nb_digibok_2013060608065_0040_7,Politiets
10,no-nb_digibok_2013060608065_0010_48,Lonen
36,no-nb_digibok_2013060608065_0036_112,saaledes
19,no-nb_digibok_2013060608065_0019_127,Steder
17,no-nb_digibok_2013060608065_0017_115,for
48,no-nb_digibok_2013060608065_0048_95,maatte
17,no-nb_digibok_2013060608065_0017_107,hjemles
21,no-nb_digibok_2013060608065_0021_179,senere
27,no-nb_digibok_2013060608065_0027_158,af
12,no-nb_digibok_2013060608065_0012_79,gjelde
43,no-nb_digibok_2013060608065_0043_7,tionen
42,no-nb_digibok_2013060608065_0042_168,civile
33,no-nb_digibok_2013060608065_0033_72,ganske
42,no-nb_digibok_2013060608065_0042_20,Bog
25,no-nb_digibok_2013060608065_0025_7,den
44,no-nb_digibok_2013060608065_0044_56,i
34,no-nb_digibok_2013060608065_0034_139,af
40,no-nb_digibok_2013060608065_0040_140,ning
26,no-nb_digibok_2013060608065_0026_21,har
15,no-nb_digibok_2013060608065_0015_127,kunne
7,no-nb_digibok_2013060608065_0007_34,have
29,no-nb_digibok_2013060608065_0029_115,forskjellige
34,no-nb_digibok_2013060608065_0034_181,mindelig
49,no-nb_digibok_2013060608065_0049_17,paa
42,no-nb_digibok_2013060608065_0042_1,Tid
46,no-nb_digibok_2013060608065_0046_29,skal
26,no-nb_digibok_2013060608065_0026_103,og
8,no-nb_digibok_2013060608065_0008_5,ubetenget
26,no-nb_digibok_2013060608065_0026_51,betjene
26,no-nb_digibok_2013060608065_0026_67,dor
28,no-nb_digibok_2013060608065_0028_35,der
13,no-nb_digibok_2013060608065_0013_140,blev
13,no-nb_digibok_2013060608065_0013_167,see
16,no-nb_digibok_2013060608065_0016_136,gel
8,no-nb_digibok_2013060608065_0008_15,kan
26,no-nb_digibok_2013060608065_0026_118,bevare
21,no-nb_digibok_2013060608065_0021_127,som
44,no-nb_digibok_2013060608065_0044_52,det
35,no-nb_digibok_2013060608065_0035_124,dette
35,no-nb_digibok_2013060608065_0035_109,det
23,no-nb_digibok_2013060608065_0023_107,over
25,no-nb_digibok_2013060608065_0025_15,at
33,no-nb_digibok_2013060608065_0033_161,Naar
6,no-nb_digibok_2013060608065_0006_72,nagtige
32,no-nb_digibok_2013060608065_0032_160,Lovbud
50,no-nb_digibok_2013060608065_0050_143,senere
35,no-nb_digibok_2013060608065_0035_108,son
32,no-nb_digibok_2013060608065_0032_14,den
31,no-nb_digibok_2013060608065_0031_111,ny
21,no-nb_digibok_2013060608065_0021_136,herpaa
22,no-nb_digibok_2013060608065_0022_154,som
27,no-nb_digibok_2013060608065_0027_107,tilveie
22,no-nb_digibok_2013060608065_0022_11,indkommen
44,no-nb_digibok_2013060608065_0044_180,efter
10,no-nb_digibok_2013060608065_0010_98,positioe
31,no-nb_digibok_2013060608065_0031_109,at
16,no-nb_digibok_2013060608065_0016_119,lave
6,no-nb_digibok_2013060608065_0006_41,havnet
44,no-nb_digibok_2013060608065_0044_42,Almindelighed
26,no-nb_digibok_2013060608065_0026_77,af
48,no-nb_digibok_2013060608065_0048_13,forsvares
39,no-nb_digibok_2013060608065_0039_86,regel
20,no-nb_digibok_2013060608065_0020_125,Loven
5,no-nb_digibok_2013060608065_0005_4,Forholdet
25,no-nb_digibok_2013060608065_0025_69,mest
15,no-nb_digibok_2013060608065_0015_174,eller
11,no-nb_digibok_2013060608065_0011_84,seende
8,no-nb_digibok_2013060608065_0008_168,men
23,no-nb_digibok_2013060608065_0023_129,gaard
8,no-nb_digibok_2013060608065_0008_176,er
28,no-nb_digibok_2013060608065_0028_131,i
24,no-nb_digibok_2013060608065_0024_21,og
27,no-nb_digibok_2013060608065_0027_49,det
28,no-nb_digibok_2013060608065_0028_105,end
45,no-nb_digibok_2013060608065_0045_93,staaende
10,no-nb_digibok_2013060608065_0010_191,såtte
14,no-nb_digibok_2013060608065_0014_38,samme
44,no-nb_digibok_2013060608065_0044_156,hpecu
5,no-nb_digibok_2013060608065_0005_177,dens
46,no-nb_digibok_2013060608065_0046_45,der
50,no-nb_digibok_2013060608065_0050_137,var
25,no-nb_digibok_2013060608065_0025_107,eller
49,no-nb_digibok_2013060608065_0049_155,omsandlede
17,no-nb_digibok_2013060608065_0017_165,nyttigt
44,no-nb_digibok_2013060608065_0044_33,Frdn
9,no-nb_digibok_2013060608065_0009_76,anerkjendte
28,no-nb_digibok_2013060608065_0028_20,der
23,no-nb_digibok_2013060608065_0023_30,til
8,no-nb_digibok_2013060608065_0008_22,at
20,no-nb_digibok_2013060608065_0020_148,somligt
5,no-nb_digibok_2013060608065_0005_21,tighed
20,no-nb_digibok_2013060608065_0020_37,at
27,no-nb_digibok_2013060608065_0027_155,ere
40,no-nb_digibok_2013060608065_0040_143,til
4,no-nb_digibok_2013060608065_0004_64,Trællestand
35,no-nb_digibok_2013060608065_0035_57,Vexelmaterien
15,no-nb_digibok_2013060608065_0015_172,og
47,no-nb_digibok_2013060608065_0047_56,med
49,no-nb_digibok_2013060608065_0049_28,vare
50,no-nb_digibok_2013060608065_0050_142,den
29,no-nb_digibok_2013060608065_0029_168,en
23,no-nb_digibok_2013060608065_0023_112,og
20,no-nb_digibok_2013060608065_0020_85,man
50,no-nb_digibok_2013060608065_0050_129,de
9,no-nb_digibok_2013060608065_0009_94,gjelder
36,no-nb_digibok_2013060608065_0036_58,af
8,no-nb_digibok_2013060608065_0008_147,Kraft
27,no-nb_digibok_2013060608065_0027_75,ny
7,no-nb_digibok_2013060608065_0007_99,for
50,no-nb_digibok_2013060608065_0050_16,hvis
48,no-nb_digibok_2013060608065_0048_52,til
10,no-nb_digibok_2013060608065_0010_28,efter
30,no-nb_digibok_2013060608065_0030_116,neppe
26,no-nb_digibok_2013060608065_0026_30,til
3,no-nb_digibok_2013060608065_0003_108,er
11,no-nb_digibok_2013060608065_0011_41,et
9,no-nb_digibok_2013060608065_0009_174,i
35,no-nb_digibok_2013060608065_0035_35,ikke
15,no-nb_digibok_2013060608065_0015_202,Politimæsenet
8,no-nb_digibok_2013060608065_0008_2,er
7,no-nb_digibok_2013060608065_0007_160,have
11,no-nb_digibok_2013060608065_0011_103,en
29,no-nb_digibok_2013060608065_0029_78,der
35,no-nb_digibok_2013060608065_0035_36,novner
40,no-nb_digibok_2013060608065_0040_160,var
6,no-nb_digibok_2013060608065_0006_153,Alle
15,no-nb_digibok_2013060608065_0015_198,i
27,no-nb_digibok_2013060608065_0027_15,med
7,no-nb_digibok_2013060608065_0007_68,berettigede
47,no-nb_digibok_2013060608065_0047_125,Straf
18,no-nb_digibok_2013060608065_0018_108,det
29,no-nb_digibok_2013060608065_0029_88,mindre
26,no-nb_digibok_2013060608065_0026_172,har
7,no-nb_digibok_2013060608065_0007_127,og
20,no-nb_digibok_2013060608065_0020_16,Arv
24,no-nb_digibok_2013060608065_0024_63,han
38,no-nb_digibok_2013060608065_0038_81,ved
25,no-nb_digibok_2013060608065_0025_124,her
7,no-nb_digibok_2013060608065_0007_194,den
15,no-nb_digibok_2013060608065_0015_139,sag
50,no-nb_digibok_2013060608065_0050_64,besvares
6,no-nb_digibok_2013060608065_0006_138,flere
26,no-nb_digibok_2013060608065_0026_5,af
48,no-nb_digibok_2013060608065_0048_107,paa
19,no-nb_digibok_2013060608065_0019_117,Begreb
3,no-nb_digibok_2013060608065_0003_49,Sætninger
31,no-nb_digibok_2013060608065_0031_115,criminel
33,no-nb_digibok_2013060608065_0033_68,er
28,no-nb_digibok_2013060608065_0028_64,Kongens
47,no-nb_digibok_2013060608065_0047_131,sælge
46,no-nb_digibok_2013060608065_0046_4,deres
10,no-nb_digibok_2013060608065_0010_180,Pkrags
16,no-nb_digibok_2013060608065_0016_73,det
45,no-nb_digibok_2013060608065_0045_137,at
16,no-nb_digibok_2013060608065_0016_104,i
33,no-nb_digibok_2013060608065_0033_186,ældre
46,no-nb_digibok_2013060608065_0046_3,paa
33,no-nb_digibok_2013060608065_0033_109,at
42,no-nb_digibok_2013060608065_0042_123,tionen
41,no-nb_digibok_2013060608065_0041_3,er
49,no-nb_digibok_2013060608065_0049_14,af
8,no-nb_digibok_2013060608065_0008_37,har
33,no-nb_digibok_2013060608065_0033_26,og
42,no-nb_digibok_2013060608065_0042_166,mellem
13,no-nb_digibok_2013060608065_0013_157,et
4,no-nb_digibok_2013060608065_0004_29,begrunder
39,no-nb_digibok_2013060608065_0039_83,hyppig
34,no-nb_digibok_2013060608065_0034_186,god
14,no-nb_digibok_2013060608065_0014_1,Deres
10,no-nb_digibok_2013060608065_0010_82,eller
39,no-nb_digibok_2013060608065_0039_14,i
48,no-nb_digibok_2013060608065_0048_33,ger
16,no-nb_digibok_2013060608065_0016_190,heldigste
46,no-nb_digibok_2013060608065_0046_135,alle
22,no-nb_digibok_2013060608065_0022_39,en
33,no-nb_digibok_2013060608065_0033_118,deels
5,no-nb_digibok_2013060608065_0005_172,retage
40,no-nb_digibok_2013060608065_0040_85,da
38,no-nb_digibok_2013060608065_0038_97,antager
5,no-nb_digibok_2013060608065_0005_69,tilstrækkelig
21,no-nb_digibok_2013060608065_0021_147,de
15,no-nb_digibok_2013060608065_0015_29,alene
12,no-nb_digibok_2013060608065_0012_32,ikke
47,no-nb_digibok_2013060608065_0047_92,i
9,no-nb_digibok_2013060608065_0009_7,en
24,no-nb_digibok_2013060608065_0024_3,omtaler
19,no-nb_digibok_2013060608065_0019_18,hvad
49,no-nb_digibok_2013060608065_0049_167,har
41,no-nb_digibok_2013060608065_0041_72,der
14,no-nb_digibok_2013060608065_0014_135,de
26,no-nb_digibok_2013060608065_0026_126,befatte
5,no-nb_digibok_2013060608065_0005_56,for
46,no-nb_digibok_2013060608065_0046_133,udtrykkelig
28,no-nb_digibok_2013060608065_0028_189,ske
12,no-nb_digibok_2013060608065_0012_115,paatænkt
30,no-nb_digibok_2013060608065_0030_57,som
27,no-nb_digibok_2013060608065_0027_11,med
12,no-nb_digibok_2013060608065_0012_66,fra
31,no-nb_digibok_2013060608065_0031_88,disse
29,no-nb_digibok_2013060608065_0029_130,hænder
17,no-nb_digibok_2013060608065_0017_126,i
42,no-nb_digibok_2013060608065_0042_98,følger
46,no-nb_digibok_2013060608065_0046_75,den
49,no-nb_digibok_2013060608065_0049_52,et
47,no-nb_digibok_2013060608065_0047_22,Mellemtiden
20,no-nb_digibok_2013060608065_0020_115,forudsætte
11,no-nb_digibok_2013060608065_0011_24,gjennem
35,no-nb_digibok_2013060608065_0035_18,Mal
16,no-nb_digibok_2013060608065_0016_44,fleste
33,no-nb_digibok_2013060608065_0033_162,man
49,no-nb_digibok_2013060608065_0049_71,de
27,no-nb_digibok_2013060608065_0027_43,Christian
38,no-nb_digibok_2013060608065_0038_56,anden
47,no-nb_digibok_2013060608065_0047_130,og
41,no-nb_digibok_2013060608065_0041_16,man
30,no-nb_digibok_2013060608065_0030_82,hvor
39,no-nb_digibok_2013060608065_0039_178,Loven
20,no-nb_digibok_2013060608065_0020_164,og
24,no-nb_digibok_2013060608065_0024_5,og
45,no-nb_digibok_2013060608065_0045_31,Saugbrugsanærdningerne
4,no-nb_digibok_2013060608065_0004_173,en
39,no-nb_digibok_2013060608065_0039_115,ellers
17,no-nb_digibok_2013060608065_0017_144,den
13,no-nb_digibok_2013060608065_0013_145,at
22,no-nb_digibok_2013060608065_0022_105,med
46,no-nb_digibok_2013060608065_0046_165,og
13,no-nb_digibok_2013060608065_0013_54,Ratholderen
50,no-nb_digibok_2013060608065_0050_8,der
6,no-nb_digibok_2013060608065_0006_64,i
45,no-nb_digibok_2013060608065_0045_68,og
13,no-nb_digibok_2013060608065_0013_192,at
14,no-nb_digibok_2013060608065_0014_81,forsaamidt
25,no-nb_digibok_2013060608065_0025_170,at
19,no-nb_digibok_2013060608065_0019_111,er
5,no-nb_digibok_2013060608065_0005_17,i
24,no-nb_digibok_2013060608065_0024_93,hentede
50,no-nb_digibok_2013060608065_0050_145,som
26,no-nb_digibok_2013060608065_0026_74,er
39,no-nb_digibok_2013060608065_0039_109,Sted
47,no-nb_digibok_2013060608065_0047_35,Skifterettens
41,no-nb_digibok_2013060608065_0041_22,paa
15,no-nb_digibok_2013060608065_0015_57,og
43,no-nb_digibok_2013060608065_0043_186,specielle
12,no-nb_digibok_2013060608065_0012_42,Mor
45,no-nb_digibok_2013060608065_0045_139,er
47,no-nb_digibok_2013060608065_0047_39,han
16,no-nb_digibok_2013060608065_0016_154,den
25,no-nb_digibok_2013060608065_0025_13,Artikler
44,no-nb_digibok_2013060608065_0044_174,Tøldvæsenet
5,no-nb_digibok_2013060608065_0005_217,Talfælde
26,no-nb_digibok_2013060608065_0026_121,der
46,no-nb_digibok_2013060608065_0046_11,verbis
13,no-nb_digibok_2013060608065_0013_13,det
4,no-nb_digibok_2013060608065_0004_116,Nationens
32,no-nb_digibok_2013060608065_0032_162,den
36,no-nb_digibok_2013060608065_0036_98,har
17,no-nb_digibok_2013060608065_0017_78,en
16,no-nb_digibok_2013060608065_0016_103,Lovbogen
14,no-nb_digibok_2013060608065_0014_83,Dags
11,no-nb_digibok_2013060608065_0011_61,derlo
47,no-nb_digibok_2013060608065_0047_200,Handelsloven
4,no-nb_digibok_2013060608065_0004_69,angaaende
3,no-nb_digibok_2013060608065_0003_34,skreven
31,no-nb_digibok_2013060608065_0031_158,Søret
22,no-nb_digibok_2013060608065_0022_150,med
24,no-nb_digibok_2013060608065_0024_202,det
43,no-nb_digibok_2013060608065_0043_52,om
6,no-nb_digibok_2013060608065_0006_19,for
3,no-nb_digibok_2013060608065_0003_51,bleene
18,no-nb_digibok_2013060608065_0018_158,meget
25,no-nb_digibok_2013060608065_0025_49,empel
45,no-nb_digibok_2013060608065_0045_128,i
5,no-nb_digibok_2013060608065_0005_222,Maade
6,no-nb_digibok_2013060608065_0006_90,omcantraserede
40,no-nb_digibok_2013060608065_0040_30,forstaaes
42,no-nb_digibok_2013060608065_0042_38,den
10,no-nb_digibok_2013060608065_0010_166,bruge
13,no-nb_digibok_2013060608065_0013_126,reviderede
12,no-nb_digibok_2013060608065_0012_170,den
28,no-nb_digibok_2013060608065_0028_174,taget
29,no-nb_digibok_2013060608065_0029_73,romenske
44,no-nb_digibok_2013060608065_0044_116,en
34,no-nb_digibok_2013060608065_0034_152,der
6,no-nb_digibok_2013060608065_0006_201,heiler
22,no-nb_digibok_2013060608065_0022_35,paaanket
9,no-nb_digibok_2013060608065_0009_220,Frive
21,no-nb_digibok_2013060608065_0021_151,have
37,no-nb_digibok_2013060608065_0037_76,Skydsvæsenet
11,no-nb_digibok_2013060608065_0011_30,at
4,no-nb_digibok_2013060608065_0004_14,end
22,no-nb_digibok_2013060608065_0022_65,for
22,no-nb_digibok_2013060608065_0022_68,Man
8,no-nb_digibok_2013060608065_0008_110,at
6,no-nb_digibok_2013060608065_0006_126,Kontractsforholde
37,no-nb_digibok_2013060608065_0037_116,lades
9,no-nb_digibok_2013060608065_0009_138,opkomme
13,no-nb_digibok_2013060608065_0013_150,samme
15,no-nb_digibok_2013060608065_0015_112,hvilket
11,no-nb_digibok_2013060608065_0011_159,det
6,no-nb_digibok_2013060608065_0006_43,nævet
25,no-nb_digibok_2013060608065_0025_176,derfor
19,no-nb_digibok_2013060608065_0019_119,Beviis
14,no-nb_digibok_2013060608065_0014_17,Lommeshairer
8,no-nb_digibok_2013060608065_0008_14,aldrig
10,no-nb_digibok_2013060608065_0010_188,kun
45,no-nb_digibok_2013060608065_0045_57,paa
23,no-nb_digibok_2013060608065_0023_174,er
12,no-nb_digibok_2013060608065_0012_119,den
21,no-nb_digibok_2013060608065_0021_158,dømme
18,no-nb_digibok_2013060608065_0018_170,Besiddelsestagelse
16,no-nb_digibok_2013060608065_0016_148,Den
45,no-nb_digibok_2013060608065_0045_55,og
34,no-nb_digibok_2013060608065_0034_149,denne
30,no-nb_digibok_2013060608065_0030_39,en
25,no-nb_digibok_2013060608065_0025_44,Denne
26,no-nb_digibok_2013060608065_0026_45,urigtig
31,no-nb_digibok_2013060608065_0031_103,Grundlovens
12,no-nb_digibok_2013060608065_0012_120,dansar
33,no-nb_digibok_2013060608065_0033_136,til
21,no-nb_digibok_2013060608065_0021_114,brugt
40,no-nb_digibok_2013060608065_0040_138,en
3,no-nb_digibok_2013060608065_0003_56,lovgivende
3,no-nb_digibok_2013060608065_0003_82,hvori
9,no-nb_digibok_2013060608065_0009_231,faaet
9,no-nb_digibok_2013060608065_0009_77,Regler
12,no-nb_digibok_2013060608065_0012_135,de
42,no-nb_digibok_2013060608065_0042_45,ældre
35,no-nb_digibok_2013060608065_0035_60,Det
20,no-nb_digibok_2013060608065_0020_52,at
48,no-nb_digibok_2013060608065_0048_158,øvrige
9,no-nb_digibok_2013060608065_0009_100,af
7,no-nb_digibok_2013060608065_0007_118,til
27,no-nb_digibok_2013060608065_0027_103,at
35,no-nb_digibok_2013060608065_0035_90,Kontracter
35,no-nb_digibok_2013060608065_0035_44,den
5,no-nb_digibok_2013060608065_0005_15,stedse
17,no-nb_digibok_2013060608065_0017_121,Tasuistiske
17,no-nb_digibok_2013060608065_0017_128,Stykker
5,no-nb_digibok_2013060608065_0005_202,om
47,no-nb_digibok_2013060608065_0047_119,Janr
45,no-nb_digibok_2013060608065_0045_166,ingen
18,no-nb_digibok_2013060608065_0018_137,for
28,no-nb_digibok_2013060608065_0028_109,de
4,no-nb_digibok_2013060608065_0004_128,fortsøt
10,no-nb_digibok_2013060608065_0010_32,ubeskridelige
38,no-nb_digibok_2013060608065_0038_64,Men
8,no-nb_digibok_2013060608065_0008_190,om
33,no-nb_digibok_2013060608065_0033_2,til
4,no-nb_digibok_2013060608065_0004_124,har
46,no-nb_digibok_2013060608065_0046_76,particulære
8,no-nb_digibok_2013060608065_0008_20,for
23,no-nb_digibok_2013060608065_0023_98,I
24,no-nb_digibok_2013060608065_0024_192,fra
31,no-nb_digibok_2013060608065_0031_89,er
35,no-nb_digibok_2013060608065_0035_6,af
47,no-nb_digibok_2013060608065_0047_145,som
28,no-nb_digibok_2013060608065_0028_29,i
34,no-nb_digibok_2013060608065_0034_7,af
17,no-nb_digibok_2013060608065_0017_190,Grund
5,no-nb_digibok_2013060608065_0005_191,slutte
29,no-nb_digibok_2013060608065_0029_113,begge
32,no-nb_digibok_2013060608065_0032_67,selv
46,no-nb_digibok_2013060608065_0046_93,være
15,no-nb_digibok_2013060608065_0015_39,id
45,no-nb_digibok_2013060608065_0045_70,af
36,no-nb_digibok_2013060608065_0036_167,efter
27,no-nb_digibok_2013060608065_0027_72,Lov
30,no-nb_digibok_2013060608065_0030_11,og
7,no-nb_digibok_2013060608065_0007_36,en
3,no-nb_digibok_2013060608065_0003_76,de
36,no-nb_digibok_2013060608065_0036_23,Hjemmel
27,no-nb_digibok_2013060608065_0027_17,i
48,no-nb_digibok_2013060608065_0048_167,bestyrkes
32,no-nb_digibok_2013060608065_0032_94,efter
18,no-nb_digibok_2013060608065_0018_28,kan
20,no-nb_digibok_2013060608065_0020_105,passe
19,no-nb_digibok_2013060608065_0019_78,dets
19,no-nb_digibok_2013060608065_0019_55,et
20,no-nb_digibok_2013060608065_0020_30,med
25,no-nb_digibok_2013060608065_0025_156,i
13,no-nb_digibok_2013060608065_0013_175,af
34,no-nb_digibok_2013060608065_0034_86,Mængde
14,no-nb_digibok_2013060608065_0014_76,Norges
33,no-nb_digibok_2013060608065_0033_131,den
11,no-nb_digibok_2013060608065_0011_40,Paa
14,no-nb_digibok_2013060608065_0014_101,Paaske
49,no-nb_digibok_2013060608065_0049_30,Hvorvedt
14,no-nb_digibok_2013060608065_0014_169,Minkelsdag
11,no-nb_digibok_2013060608065_0011_115,hvilket
42,no-nb_digibok_2013060608065_0042_146,vel
31,no-nb_digibok_2013060608065_0031_30,den
44,no-nb_digibok_2013060608065_0044_67,der
36,no-nb_digibok_2013060608065_0036_169,dende
40,no-nb_digibok_2013060608065_0040_172,ikke
24,no-nb_digibok_2013060608065_0024_177,kunne
45,no-nb_digibok_2013060608065_0045_76,var
47,no-nb_digibok_2013060608065_0047_10,man
24,no-nb_digibok_2013060608065_0024_139,med
16,no-nb_digibok_2013060608065_0016_125,hvilket
49,no-nb_digibok_2013060608065_0049_39,Afskaffelse
25,no-nb_digibok_2013060608065_0025_70,til
29,no-nb_digibok_2013060608065_0029_146,være
20,no-nb_digibok_2013060608065_0020_133,Tale
15,no-nb_digibok_2013060608065_0015_119,Beries
20,no-nb_digibok_2013060608065_0020_94,Sammenhæng
13,no-nb_digibok_2013060608065_0013_80,sagte
48,no-nb_digibok_2013060608065_0048_156,selv
24,no-nb_digibok_2013060608065_0024_77,nøie
3,no-nb_digibok_2013060608065_0003_19,Ret
12,no-nb_digibok_2013060608065_0012_159,end
26,no-nb_digibok_2013060608065_0026_33,er
22,no-nb_digibok_2013060608065_0022_29,havde
16,no-nb_digibok_2013060608065_0016_92,af
30,no-nb_digibok_2013060608065_0030_74,have
45,no-nb_digibok_2013060608065_0045_163,yngre
14,no-nb_digibok_2013060608065_0014_65,skulde
19,no-nb_digibok_2013060608065_0019_59,af
15,no-nb_digibok_2013060608065_0015_113,Uetryk
26,no-nb_digibok_2013060608065_0026_17,mindre
4,no-nb_digibok_2013060608065_0004_71,Raadighed
35,no-nb_digibok_2013060608065_0035_5,Spor
44,no-nb_digibok_2013060608065_0044_79,i
17,no-nb_digibok_2013060608065_0017_196,ufuldstændig
21,no-nb_digibok_2013060608065_0021_41,en
8,no-nb_digibok_2013060608065_0008_172,vel
49,no-nb_digibok_2013060608065_0049_181,er
16,no-nb_digibok_2013060608065_0016_156,agerbrugende
44,no-nb_digibok_2013060608065_0044_95,fremdeles
8,no-nb_digibok_2013060608065_0008_77,som
7,no-nb_digibok_2013060608065_0007_10,di
15,no-nb_digibok_2013060608065_0015_166,Vel
47,no-nb_digibok_2013060608065_0047_151,af
14,no-nb_digibok_2013060608065_0014_185,Grunde
6,no-nb_digibok_2013060608065_0006_46,og
24,no-nb_digibok_2013060608065_0024_116,er
41,no-nb_digibok_2013060608065_0041_2,Løfte
23,no-nb_digibok_2013060608065_0023_192,Betydning
12,no-nb_digibok_2013060608065_0012_8,mæsentligt
45,no-nb_digibok_2013060608065_0045_164,almindelig
23,no-nb_digibok_2013060608065_0023_189,i
19,no-nb_digibok_2013060608065_0019_122,ikke
44,no-nb_digibok_2013060608065_0044_105,der
40,no-nb_digibok_2013060608065_0040_91,Man
5,no-nb_digibok_2013060608065_0005_9,Ret
49,no-nb_digibok_2013060608065_0049_74,vare
42,no-nb_digibok_2013060608065_0042_114,Hensyn
38,no-nb_digibok_2013060608065_0038_84,Januar
5,no-nb_digibok_2013060608065_0005_80,Sætningen
32,no-nb_digibok_2013060608065_0032_101,Forandring
23,no-nb_digibok_2013060608065_0023_130,nødvendige
38,no-nb_digibok_2013060608065_0038_175,næst
6,no-nb_digibok_2013060608065_0006_18,Hjemmel
8,no-nb_digibok_2013060608065_0008_61,den
27,no-nb_digibok_2013060608065_0027_77,af
12,no-nb_digibok_2013060608065_0012_151,I
29,no-nb_digibok_2013060608065_0029_143,som
50,no-nb_digibok_2013060608065_0050_41,caaanke
37,no-nb_digibok_2013060608065_0037_5,allerede
6,no-nb_digibok_2013060608065_0006_184,engan
9,no-nb_digibok_2013060608065_0009_69,skræggs
22,no-nb_digibok_2013060608065_0022_126,Indførseler
41,no-nb_digibok_2013060608065_0041_56,især
4,no-nb_digibok_2013060608065_0004_40,det
43,no-nb_digibok_2013060608065_0043_153,Af
19,no-nb_digibok_2013060608065_0019_50,to
25,no-nb_digibok_2013060608065_0025_56,sin
30,no-nb_digibok_2013060608065_0030_122,det
29,no-nb_digibok_2013060608065_0029_138,optaget
15,no-nb_digibok_2013060608065_0015_30,strider
26,no-nb_digibok_2013060608065_0026_29,Mistanke
22,no-nb_digibok_2013060608065_0022_67,faa
37,no-nb_digibok_2013060608065_0037_20,beraabes
48,no-nb_digibok_2013060608065_0048_6,denne
7,no-nb_digibok_2013060608065_0007_202,af
43,no-nb_digibok_2013060608065_0043_68,om
28,no-nb_digibok_2013060608065_0028_136,er
20,no-nb_digibok_2013060608065_0020_43,haft
15,no-nb_digibok_2013060608065_0015_207,i
28,no-nb_digibok_2013060608065_0028_152,fra
37,no-nb_digibok_2013060608065_0037_80,med
18,no-nb_digibok_2013060608065_0018_126,tør
33,no-nb_digibok_2013060608065_0033_146,i
21,no-nb_digibok_2013060608065_0021_68,see
23,no-nb_digibok_2013060608065_0023_162,af
43,no-nb_digibok_2013060608065_0043_176,af
13,no-nb_digibok_2013060608065_0013_174,Besaling
29,no-nb_digibok_2013060608065_0029_59,fra
19,no-nb_digibok_2013060608065_0019_58,Grund
48,no-nb_digibok_2013060608065_0048_75,som
36,no-nb_digibok_2013060608065_0036_144,Mai
25,no-nb_digibok_2013060608065_0025_45,Artikel
32,no-nb_digibok_2013060608065_0032_108,Love
38,no-nb_digibok_2013060608065_0038_51,en
48,no-nb_digibok_2013060608065_0048_44,med
47,no-nb_digibok_2013060608065_0047_69,kjendte
32,no-nb_digibok_2013060608065_0032_128,Det
5,no-nb_digibok_2013060608065_0005_50,at
32,no-nb_digibok_2013060608065_0032_26,er
33,no-nb_digibok_2013060608065_0033_19,skulde
45,no-nb_digibok_2013060608065_0045_125,blevne
9,no-nb_digibok_2013060608065_0009_150,af
22,no-nb_digibok_2013060608065_0022_91,Danmark
30,no-nb_digibok_2013060608065_0030_34,her
32,no-nb_digibok_2013060608065_0032_106,slige
25,no-nb_digibok_2013060608065_0025_75,Ordet
40,no-nb_digibok_2013060608065_0040_113,finde
27,no-nb_digibok_2013060608065_0027_166,øvrige
28,no-nb_digibok_2013060608065_0028_182,er
43,no-nb_digibok_2013060608065_0043_149,Stykker
40,no-nb_digibok_2013060608065_0040_13,hvad
23,no-nb_digibok_2013060608065_0023_118,med
47,no-nb_digibok_2013060608065_0047_32,sit
25,no-nb_digibok_2013060608065_0025_71,at
11,no-nb_digibok_2013060608065_0011_33,Sak
29,no-nb_digibok_2013060608065_0029_175,særdeles
46,no-nb_digibok_2013060608065_0046_33,i
48,no-nb_digibok_2013060608065_0048_157,de
13,no-nb_digibok_2013060608065_0013_176,samme
28,no-nb_digibok_2013060608065_0028_123,ere
14,no-nb_digibok_2013060608065_0014_12,at
35,no-nb_digibok_2013060608065_0035_112,kunde
29,no-nb_digibok_2013060608065_0029_101,Domstole
15,no-nb_digibok_2013060608065_0015_204,Lovlogens
16,no-nb_digibok_2013060608065_0016_91,franske
12,no-nb_digibok_2013060608065_0012_25,at
11,no-nb_digibok_2013060608065_0011_160,almeen
50,no-nb_digibok_2013060608065_0050_59,ogsaa
7,no-nb_digibok_2013060608065_0007_59,ansees
43,no-nb_digibok_2013060608065_0043_107,saaledes
4,no-nb_digibok_2013060608065_0004_42,hame
5,no-nb_digibok_2013060608065_0005_192,sig
42,no-nb_digibok_2013060608065_0042_102,gens
44,no-nb_digibok_2013060608065_0044_150,ved
16,no-nb_digibok_2013060608065_0016_123,Retsvidenskaben
9,no-nb_digibok_2013060608065_0009_155,Ret
10,no-nb_digibok_2013060608065_0010_138,supplerer
33,no-nb_digibok_2013060608065_0033_178,følgende
23,no-nb_digibok_2013060608065_0023_53,danske
37,no-nb_digibok_2013060608065_0037_29,den
19,no-nb_digibok_2013060608065_0019_57,paa
7,no-nb_digibok_2013060608065_0007_201,erskattede
38,no-nb_digibok_2013060608065_0038_58,gel
21,no-nb_digibok_2013060608065_0021_38,Derimod
40,no-nb_digibok_2013060608065_0040_104,den
37,no-nb_digibok_2013060608065_0037_57,om
11,no-nb_digibok_2013060608065_0011_85,tillægper
26,no-nb_digibok_2013060608065_0026_174,Oprindelse
28,no-nb_digibok_2013060608065_0028_143,fire
38,no-nb_digibok_2013060608065_0038_129,sig
11,no-nb_digibok_2013060608065_0011_37,bliver
38,no-nb_digibok_2013060608065_0038_34,Bestemmelse
17,no-nb_digibok_2013060608065_0017_71,for
47,no-nb_digibok_2013060608065_0047_63,hvad
15,no-nb_digibok_2013060608065_0015_220,de
29,no-nb_digibok_2013060608065_0029_56,Deel
20,no-nb_digibok_2013060608065_0020_157,bortforklare
29,no-nb_digibok_2013060608065_0029_139,Bestemmelser
46,no-nb_digibok_2013060608065_0046_84,eller
41,no-nb_digibok_2013060608065_0041_45,Følgen
29,no-nb_digibok_2013060608065_0029_37,i
50,no-nb_digibok_2013060608065_0050_15,om
38,no-nb_digibok_2013060608065_0038_69,ikke
31,no-nb_digibok_2013060608065_0031_22,havde
34,no-nb_digibok_2013060608065_0034_117,være
50,no-nb_digibok_2013060608065_0050_28,som
16,no-nb_digibok_2013060608065_0016_138,literair
18,no-nb_digibok_2013060608065_0018_153,Hyppigt
30,no-nb_digibok_2013060608065_0030_177,Christian
11,no-nb_digibok_2013060608065_0011_44,vel
46,no-nb_digibok_2013060608065_0046_55,saa
20,no-nb_digibok_2013060608065_0020_114,der
16,no-nb_digibok_2013060608065_0016_51,Green
29,no-nb_digibok_2013060608065_0029_166,af
6,no-nb_digibok_2013060608065_0006_171,medens
39,no-nb_digibok_2013060608065_0039_181,deri
3,no-nb_digibok_2013060608065_0003_42,en
25,no-nb_digibok_2013060608065_0025_35,Lovs
30,no-nb_digibok_2013060608065_0030_160,Dens
27,no-nb_digibok_2013060608065_0027_71,norske
3,no-nb_digibok_2013060608065_0003_74,Faavirkning
4,no-nb_digibok_2013060608065_0004_176,af
47,no-nb_digibok_2013060608065_0047_77,et
20,no-nb_digibok_2013060608065_0020_79,vil
10,no-nb_digibok_2013060608065_0010_127,fårenne
11,no-nb_digibok_2013060608065_0011_104,Deel
33,no-nb_digibok_2013060608065_0033_113,der
8,no-nb_digibok_2013060608065_0008_75,fra
29,no-nb_digibok_2013060608065_0029_12,der
12,no-nb_digibok_2013060608065_0012_53,under
46,no-nb_digibok_2013060608065_0046_15,opsættes
7,no-nb_digibok_2013060608065_0007_183,Besidderd
38,no-nb_digibok_2013060608065_0038_93,eller
21,no-nb_digibok_2013060608065_0021_105,ikke
27,no-nb_digibok_2013060608065_0027_123,norske
8,no-nb_digibok_2013060608065_0008_145,Retsrenel
41,no-nb_digibok_2013060608065_0041_33,egentlig
46,no-nb_digibok_2013060608065_0046_90,det
28,no-nb_digibok_2013060608065_0028_3,for
5,no-nb_digibok_2013060608065_0005_99,de
43,no-nb_digibok_2013060608065_0043_131,Forskrifter
17,no-nb_digibok_2013060608065_0017_172,imidlertid
9,no-nb_digibok_2013060608065_0009_182,vel
4,no-nb_digibok_2013060608065_0004_111,stærk
14,no-nb_digibok_2013060608065_0014_67,Udkastet
13,no-nb_digibok_2013060608065_0013_121,sidstnævende
41,no-nb_digibok_2013060608065_0041_78,end
29,no-nb_digibok_2013060608065_0029_107,Grad
41,no-nb_digibok_2013060608065_0041_80,fremdeles
39,no-nb_digibok_2013060608065_0039_25,med
29,no-nb_digibok_2013060608065_0029_15,og
14,no-nb_digibok_2013060608065_0014_82,anden
38,no-nb_digibok_2013060608065_0038_164,altsaa
20,no-nb_digibok_2013060608065_0020_17,in
20,no-nb_digibok_2013060608065_0020_97,De
4,no-nb_digibok_2013060608065_0004_10,derls
8,no-nb_digibok_2013060608065_0008_38,gjort
12,no-nb_digibok_2013060608065_0012_136,beskaaende
7,no-nb_digibok_2013060608065_0007_55,Sag
25,no-nb_digibok_2013060608065_0025_121,Beviisbyrden
22,no-nb_digibok_2013060608065_0022_72,sig
41,no-nb_digibok_2013060608065_0041_121,geistlige
50,no-nb_digibok_2013060608065_0050_60,efter
48,no-nb_digibok_2013060608065_0048_140,staaer
23,no-nb_digibok_2013060608065_0023_142,var
34,no-nb_digibok_2013060608065_0034_18,direste
34,no-nb_digibok_2013060608065_0034_107,Hvorvidt
13,no-nb_digibok_2013060608065_0013_113,eiinidere
7,no-nb_digibok_2013060608065_0007_27,høieste
8,no-nb_digibok_2013060608065_0008_139,moe
16,no-nb_digibok_2013060608065_0016_12,Søretten
46,no-nb_digibok_2013060608065_0046_28,Eet
23,no-nb_digibok_2013060608065_0023_75,Sædegaarde
21,no-nb_digibok_2013060608065_0021_90,den
15,no-nb_digibok_2013060608065_0015_191,den
19,no-nb_digibok_2013060608065_0019_14,gjøre
33,no-nb_digibok_2013060608065_0033_48,optagne
16,no-nb_digibok_2013060608065_0016_93,Lovens
8,no-nb_digibok_2013060608065_0008_24,omstyrtet
5,no-nb_digibok_2013060608065_0005_224,erhverne
48,no-nb_digibok_2013060608065_0048_34,Mærke
30,no-nb_digibok_2013060608065_0030_163,ganske
9,no-nb_digibok_2013060608065_0009_146,Komginningen
31,no-nb_digibok_2013060608065_0031_100,endeligt
25,no-nb_digibok_2013060608065_0025_122,var
28,no-nb_digibok_2013060608065_0028_173,Hele
38,no-nb_digibok_2013060608065_0038_160,vereensdemmende
20,no-nb_digibok_2013060608065_0020_72,Dom
20,no-nb_digibok_2013060608065_0020_9,leder
46,no-nb_digibok_2013060608065_0046_56,sees
27,no-nb_digibok_2013060608065_0027_78,den
15,no-nb_digibok_2013060608065_0015_99,i
24,no-nb_digibok_2013060608065_0024_137,passe
43,no-nb_digibok_2013060608065_0043_118,ansee
23,no-nb_digibok_2013060608065_0023_76,skulde
23,no-nb_digibok_2013060608065_0023_32,bede
23,no-nb_digibok_2013060608065_0023_19,nogensinde
15,no-nb_digibok_2013060608065_0015_122,entalt
27,no-nb_digibok_2013060608065_0027_106,tet
6,no-nb_digibok_2013060608065_0006_144,have
12,no-nb_digibok_2013060608065_0012_155,derimod
24,no-nb_digibok_2013060608065_0024_115,der
19,no-nb_digibok_2013060608065_0019_23,Ran
3,no-nb_digibok_2013060608065_0003_78,locale
46,no-nb_digibok_2013060608065_0046_162,der
27,no-nb_digibok_2013060608065_0027_136,uaturligviis
44,no-nb_digibok_2013060608065_0044_181,Lovbogens
17,no-nb_digibok_2013060608065_0017_177,lader
26,no-nb_digibok_2013060608065_0026_14,er
10,no-nb_digibok_2013060608065_0010_178,men
5,no-nb_digibok_2013060608065_0005_210,have
39,no-nb_digibok_2013060608065_0039_61,Grunden
8,no-nb_digibok_2013060608065_0008_8,en
42,no-nb_digibok_2013060608065_0042_162,Bestemmelserne
7,no-nb_digibok_2013060608065_0007_149,Sorudsætningen
37,no-nb_digibok_2013060608065_0037_86,den
12,no-nb_digibok_2013060608065_0012_95,Christian
45,no-nb_digibok_2013060608065_0045_33,bestaaende
19,no-nb_digibok_2013060608065_0019_35,det
49,no-nb_digibok_2013060608065_0049_163,historiske
21,no-nb_digibok_2013060608065_0021_99,benyttet
33,no-nb_digibok_2013060608065_0033_69,bleven
23,no-nb_digibok_2013060608065_0023_195,der
42,no-nb_digibok_2013060608065_0042_59,Tid
10,no-nb_digibok_2013060608065_0010_79,Ret
32,no-nb_digibok_2013060608065_0032_34,Materier
16,no-nb_digibok_2013060608065_0016_67,Oversættelser
38,no-nb_digibok_2013060608065_0038_61,endnu
49,no-nb_digibok_2013060608065_0049_168,nogen
48,no-nb_digibok_2013060608065_0048_66,derhos
12,no-nb_digibok_2013060608065_0012_72,vi
28,no-nb_digibok_2013060608065_0028_93,en
7,no-nb_digibok_2013060608065_0007_192,angandted
32,no-nb_digibok_2013060608065_0032_156,vanskeligt
29,no-nb_digibok_2013060608065_0029_29,Lybeckske
36,no-nb_digibok_2013060608065_0036_78,antages
8,no-nb_digibok_2013060608065_0008_41,i
23,no-nb_digibok_2013060608065_0023_161,Kraft
50,no-nb_digibok_2013060608065_0050_86,disse
36,no-nb_digibok_2013060608065_0036_43,ved
33,no-nb_digibok_2013060608065_0033_155,end
34,no-nb_digibok_2013060608065_0034_26,hører
24,no-nb_digibok_2013060608065_0024_71,Retskilder
20,no-nb_digibok_2013060608065_0020_54,Besidderen
38,no-nb_digibok_2013060608065_0038_31,at
45,no-nb_digibok_2013060608065_0045_142,mange
17,no-nb_digibok_2013060608065_0017_163,meget
25,no-nb_digibok_2013060608065_0025_146,Lovstedet
5,no-nb_digibok_2013060608065_0005_131,den
11,no-nb_digibok_2013060608065_0011_55,danner
22,no-nb_digibok_2013060608065_0022_81,nemlig
48,no-nb_digibok_2013060608065_0048_92,den
18,no-nb_digibok_2013060608065_0018_18,denne
19,no-nb_digibok_2013060608065_0019_141,og
50,no-nb_digibok_2013060608065_0050_98,nemlig
10,no-nb_digibok_2013060608065_0010_139,med
9,no-nb_digibok_2013060608065_0009_105,først
4,no-nb_digibok_2013060608065_0004_57,at
35,no-nb_digibok_2013060608065_0035_106,et
24,no-nb_digibok_2013060608065_0024_168,i
3,no-nb_digibok_2013060608065_0003_4,Morske
49,no-nb_digibok_2013060608065_0049_140,Frdn
19,no-nb_digibok_2013060608065_0019_30,og
17,no-nb_digibok_2013060608065_0017_38,den
48,no-nb_digibok_2013060608065_0048_18,den
27,no-nb_digibok_2013060608065_0027_159,den
17,no-nb_digibok_2013060608065_0017_171,Lovbogen
14,no-nb_digibok_2013060608065_0014_177,de
32,no-nb_digibok_2013060608065_0032_146,det
47,no-nb_digibok_2013060608065_0047_107,forresten
16,no-nb_digibok_2013060608065_0016_121,hvorpaa
22,no-nb_digibok_2013060608065_0022_53,Raadstuiretten
24,no-nb_digibok_2013060608065_0024_160,ud
37,no-nb_digibok_2013060608065_0037_142,den
17,no-nb_digibok_2013060608065_0017_60,mangengang
14,no-nb_digibok_2013060608065_0014_178,omtalte
42,no-nb_digibok_2013060608065_0042_138,vare
10,no-nb_digibok_2013060608065_0010_102,nøieste
44,no-nb_digibok_2013060608065_0044_54,især
46,no-nb_digibok_2013060608065_0046_91,kan
21,no-nb_digibok_2013060608065_0021_132,den
34,no-nb_digibok_2013060608065_0034_83,bestode
10,no-nb_digibok_2013060608065_0010_76,den
37,no-nb_digibok_2013060608065_0037_101,Ju
7,no-nb_digibok_2013060608065_0007_82,i
33,no-nb_digibok_2013060608065_0033_6,af
13,no-nb_digibok_2013060608065_0013_61,af
9,no-nb_digibok_2013060608065_0009_31,Hensigt
19,no-nb_digibok_2013060608065_0019_153,sardelar
29,no-nb_digibok_2013060608065_0029_117,og
24,no-nb_digibok_2013060608065_0024_29,at
39,no-nb_digibok_2013060608065_0039_22,denne
16,no-nb_digibok_2013060608065_0016_188,var
16,no-nb_digibok_2013060608065_0016_35,danner
32,no-nb_digibok_2013060608065_0032_52,hvilke
16,no-nb_digibok_2013060608065_0016_151,sægt
25,no-nb_digibok_2013060608065_0025_109,der
35,no-nb_digibok_2013060608065_0035_95,det
16,no-nb_digibok_2013060608065_0016_200,uægtigere
36,no-nb_digibok_2013060608065_0036_7,Ikke
32,no-nb_digibok_2013060608065_0032_123,sær
23,no-nb_digibok_2013060608065_0023_111,Hovedgaarden
21,no-nb_digibok_2013060608065_0021_162,Fællesskab
25,no-nb_digibok_2013060608065_0025_160,igrunden
13,no-nb_digibok_2013060608065_0013_24,om
7,no-nb_digibok_2013060608065_0007_209,i
42,no-nb_digibok_2013060608065_0042_3,Mikkelsdag
21,no-nb_digibok_2013060608065_0021_117,Fsær
10,no-nb_digibok_2013060608065_0010_170,arbitrøie
33,no-nb_digibok_2013060608065_0033_92,har
5,no-nb_digibok_2013060608065_0005_45,paa
16,no-nb_digibok_2013060608065_0016_76,ogsaa
41,no-nb_digibok_2013060608065_0041_57,paa
9,no-nb_digibok_2013060608065_0009_199,stifte
20,no-nb_digibok_2013060608065_0020_74,Besidderen
5,no-nb_digibok_2013060608065_0005_134,tabt
25,no-nb_digibok_2013060608065_0025_19,slige
41,no-nb_digibok_2013060608065_0041_124,er
25,no-nb_digibok_2013060608065_0025_172,og
39,no-nb_digibok_2013060608065_0039_28,til
15,no-nb_digibok_2013060608065_0015_183,strax
4,no-nb_digibok_2013060608065_0004_44,Gyldighed
33,no-nb_digibok_2013060608065_0033_84,indre
49,no-nb_digibok_2013060608065_0049_176,endnu
50,no-nb_digibok_2013060608065_0050_169,under
34,no-nb_digibok_2013060608065_0034_112,og
21,no-nb_digibok_2013060608065_0021_161,i
13,no-nb_digibok_2013060608065_0013_27,begge
7,no-nb_digibok_2013060608065_0007_165,en
8,no-nb_digibok_2013060608065_0008_236,eller
27,no-nb_digibok_2013060608065_0027_95,dens
10,no-nb_digibok_2013060608065_0010_119,den
47,no-nb_digibok_2013060608065_0047_144,paaberaabt
6,no-nb_digibok_2013060608065_0006_159,den
14,no-nb_digibok_2013060608065_0014_186,for
9,no-nb_digibok_2013060608065_0009_196,dige
29,no-nb_digibok_2013060608065_0029_108,endda
19,no-nb_digibok_2013060608065_0019_10,den
8,no-nb_digibok_2013060608065_0008_161,Ret
14,no-nb_digibok_2013060608065_0014_37,paa
13,no-nb_digibok_2013060608065_0013_188,og
9,no-nb_digibok_2013060608065_0009_202,endtaler
5,no-nb_digibok_2013060608065_0005_114,kunne
33,no-nb_digibok_2013060608065_0033_140,til
18,no-nb_digibok_2013060608065_0018_151,veiledende
9,no-nb_digibok_2013060608065_0009_129,Datingelser
28,no-nb_digibok_2013060608065_0028_21,enkelte
11,no-nb_digibok_2013060608065_0011_59,gjennem
35,no-nb_digibok_2013060608065_0035_20,der
42,no-nb_digibok_2013060608065_0042_24,fra
11,no-nb_digibok_2013060608065_0011_184,Retsmapiener
8,no-nb_digibok_2013060608065_0008_203,dog
36,no-nb_digibok_2013060608065_0036_141,Fr
6,no-nb_digibok_2013060608065_0006_27,ersnerene
24,no-nb_digibok_2013060608065_0024_200,Laugrettesmænd
9,no-nb_digibok_2013060608065_0009_93,samme
24,no-nb_digibok_2013060608065_0024_201,som
21,no-nb_digibok_2013060608065_0021_155,og
24,no-nb_digibok_2013060608065_0024_19,holdent
50,no-nb_digibok_2013060608065_0050_73,paaankes
46,no-nb_digibok_2013060608065_0046_50,Lovbogen
33,no-nb_digibok_2013060608065_0033_39,til
19,no-nb_digibok_2013060608065_0019_97,sig
16,no-nb_digibok_2013060608065_0016_126,vi
18,no-nb_digibok_2013060608065_0018_148,ikke
27,no-nb_digibok_2013060608065_0027_92,sig
43,no-nb_digibok_2013060608065_0043_91,klar
26,no-nb_digibok_2013060608065_0026_76,Forvanskning
5,no-nb_digibok_2013060608065_0005_174,nogen
9,no-nb_digibok_2013060608065_0009_104,der
23,no-nb_digibok_2013060608065_0023_166,gjøres
49,no-nb_digibok_2013060608065_0049_82,indkomme
15,no-nb_digibok_2013060608065_0015_17,lider
38,no-nb_digibok_2013060608065_0038_150,dennes
14,no-nb_digibok_2013060608065_0014_31,Dem
21,no-nb_digibok_2013060608065_0021_149,som
16,no-nb_digibok_2013060608065_0016_81,af
7,no-nb_digibok_2013060608065_0007_155,end
18,no-nb_digibok_2013060608065_0018_138,denne
27,no-nb_digibok_2013060608065_0027_135,blev
38,no-nb_digibok_2013060608065_0038_15,af
5,no-nb_digibok_2013060608065_0005_27,der
47,no-nb_digibok_2013060608065_0047_168,bindænde
40,no-nb_digibok_2013060608065_0040_81,og
25,no-nb_digibok_2013060608065_0025_128,man
48,no-nb_digibok_2013060608065_0048_144,megt
11,no-nb_digibok_2013060608065_0011_179,sam
43,no-nb_digibok_2013060608065_0043_156,den
48,no-nb_digibok_2013060608065_0048_173,der
32,no-nb_digibok_2013060608065_0032_55,uagtet
13,no-nb_digibok_2013060608065_0013_148,til
10,no-nb_digibok_2013060608065_0010_194,som
12,no-nb_digibok_2013060608065_0012_111,norske
35,no-nb_digibok_2013060608065_0035_153,der
48,no-nb_digibok_2013060608065_0048_119,visse
8,no-nb_digibok_2013060608065_0008_225,Dolkets
8,no-nb_digibok_2013060608065_0008_63,der
25,no-nb_digibok_2013060608065_0025_135,Kildens
5,no-nb_digibok_2013060608065_0005_66,eller
29,no-nb_digibok_2013060608065_0029_28,den
36,no-nb_digibok_2013060608065_0036_41,ningen
7,no-nb_digibok_2013060608065_0007_147,de
36,no-nb_digibok_2013060608065_0036_44,Lovbogen
45,no-nb_digibok_2013060608065_0045_51,tilintetgjorde
24,no-nb_digibok_2013060608065_0024_83,med
24,no-nb_digibok_2013060608065_0024_156,som
31,no-nb_digibok_2013060608065_0031_5,og
39,no-nb_digibok_2013060608065_0039_36,allerede
8,no-nb_digibok_2013060608065_0008_151,Retobemidsthed
33,no-nb_digibok_2013060608065_0033_116,under
35,no-nb_digibok_2013060608065_0035_165,hindre
23,no-nb_digibok_2013060608065_0023_74,at
27,no-nb_digibok_2013060608065_0027_119,paa
22,no-nb_digibok_2013060608065_0022_107,sammenholdes
3,no-nb_digibok_2013060608065_0003_45,og
50,no-nb_digibok_2013060608065_0050_81,det
15,no-nb_digibok_2013060608065_0015_170,den
6,no-nb_digibok_2013060608065_0006_77,Lun
9,no-nb_digibok_2013060608065_0009_22,uskrevne
43,no-nb_digibok_2013060608065_0043_88,det
26,no-nb_digibok_2013060608065_0026_53,af
31,no-nb_digibok_2013060608065_0031_156,en
38,no-nb_digibok_2013060608065_0038_95,man
39,no-nb_digibok_2013060608065_0039_91,af
32,no-nb_digibok_2013060608065_0032_120,net
8,no-nb_digibok_2013060608065_0008_184,enkelt
34,no-nb_digibok_2013060608065_0034_38,om
32,no-nb_digibok_2013060608065_0032_178,kan
22,no-nb_digibok_2013060608065_0022_134,her
28,no-nb_digibok_2013060608065_0028_166,Visbyes
49,no-nb_digibok_2013060608065_0049_153,sidstnævnte
8,no-nb_digibok_2013060608065_0008_54,men
9,no-nb_digibok_2013060608065_0009_154,enskrevne
5,no-nb_digibok_2013060608065_0005_211,nogen
39,no-nb_digibok_2013060608065_0039_34,i
48,no-nb_digibok_2013060608065_0048_123,deres
4,no-nb_digibok_2013060608065_0004_67,fleve
11,no-nb_digibok_2013060608065_0011_185,i
6,no-nb_digibok_2013060608065_0006_145,foretaget
48,no-nb_digibok_2013060608065_0048_24,er
9,no-nb_digibok_2013060608065_0009_111,Dr
33,no-nb_digibok_2013060608065_0033_172,Lov
3,no-nb_digibok_2013060608065_0003_98,er
10,no-nb_digibok_2013060608065_0010_6,Samtykke
5,no-nb_digibok_2013060608065_0005_73,farerne
44,no-nb_digibok_2013060608065_0044_9,og
8,no-nb_digibok_2013060608065_0008_136,den
6,no-nb_digibok_2013060608065_0006_119,stoe
14,no-nb_digibok_2013060608065_0014_164,træde
8,no-nb_digibok_2013060608065_0008_232,i
47,no-nb_digibok_2013060608065_0047_44,kunde
7,no-nb_digibok_2013060608065_0007_45,det
40,no-nb_digibok_2013060608065_0040_65,med
16,no-nb_digibok_2013060608065_0016_78,med
14,no-nb_digibok_2013060608065_0014_136,hellinge
49,no-nb_digibok_2013060608065_0049_98,der
23,no-nb_digibok_2013060608065_0023_85,os
22,no-nb_digibok_2013060608065_0022_161,og
33,no-nb_digibok_2013060608065_0033_74,Det
8,no-nb_digibok_2013060608065_0008_80,Gaarantainersæsenet
5,no-nb_digibok_2013060608065_0005_155,ikke
13,no-nb_digibok_2013060608065_0013_190,Kongens
48,no-nb_digibok_2013060608065_0048_126,kunde
11,no-nb_digibok_2013060608065_0011_112,disse
42,no-nb_digibok_2013060608065_0042_134,danske
23,no-nb_digibok_2013060608065_0023_182,alfald
45,no-nb_digibok_2013060608065_0045_118,Hvorvidt
35,no-nb_digibok_2013060608065_0035_126,som
26,no-nb_digibok_2013060608065_0026_114,den
48,no-nb_digibok_2013060608065_0048_64,Bud
27,no-nb_digibok_2013060608065_0027_137,Tillempningen
18,no-nb_digibok_2013060608065_0018_104,hyppig
9,no-nb_digibok_2013060608065_0009_225,af
28,no-nb_digibok_2013060608065_0028_121,de
31,no-nb_digibok_2013060608065_0031_42,til
11,no-nb_digibok_2013060608065_0011_94,Udvuklede
44,no-nb_digibok_2013060608065_0044_119,endnu
3,no-nb_digibok_2013060608065_0003_70,havde
23,no-nb_digibok_2013060608065_0023_8,vor
4,no-nb_digibok_2013060608065_0004_3,thi
50,no-nb_digibok_2013060608065_0050_79,meget
41,no-nb_digibok_2013060608065_0041_54,at
40,no-nb_digibok_2013060608065_0040_6,foreskrev
10,no-nb_digibok_2013060608065_0010_107,og
36,no-nb_digibok_2013060608065_0036_140,og
13,no-nb_digibok_2013060608065_0013_159,til
27,no-nb_digibok_2013060608065_0027_102,søge
42,no-nb_digibok_2013060608065_0042_87,skulle
22,no-nb_digibok_2013060608065_0022_115,at
33,no-nb_digibok_2013060608065_0033_143,Forudsætninger
29,no-nb_digibok_2013060608065_0029_153,en
7,no-nb_digibok_2013060608065_0007_106,Farudsætninger
18,no-nb_digibok_2013060608065_0018_8,Grad
32,no-nb_digibok_2013060608065_0032_175,at
15,no-nb_digibok_2013060608065_0015_83,af
31,no-nb_digibok_2013060608065_0031_32,hævet
17,no-nb_digibok_2013060608065_0017_195,mere
48,no-nb_digibok_2013060608065_0048_26,kan
45,no-nb_digibok_2013060608065_0045_61,forbleve
3,no-nb_digibok_2013060608065_0003_71,uddennet
8,no-nb_digibok_2013060608065_0008_216,en
34,no-nb_digibok_2013060608065_0034_138,Befordring
8,no-nb_digibok_2013060608065_0008_78,Ordi
21,no-nb_digibok_2013060608065_0021_121,overført
42,no-nb_digibok_2013060608065_0042_97,Det
6,no-nb_digibok_2013060608065_0006_183,dog
5,no-nb_digibok_2013060608065_0005_184,ikke
24,no-nb_digibok_2013060608065_0024_32,fra
13,no-nb_digibok_2013060608065_0013_106,i
41,no-nb_digibok_2013060608065_0041_76,uagtet
35,no-nb_digibok_2013060608065_0035_31,Morm
18,no-nb_digibok_2013060608065_0018_68,at
9,no-nb_digibok_2013060608065_0009_11,dog
37,no-nb_digibok_2013060608065_0037_169,i
30,no-nb_digibok_2013060608065_0030_89,saadan
31,no-nb_digibok_2013060608065_0031_162,Heller
35,no-nb_digibok_2013060608065_0035_128,angaaende
11,no-nb_digibok_2013060608065_0011_149,heiiler
11,no-nb_digibok_2013060608065_0011_180,næret
35,no-nb_digibok_2013060608065_0035_85,deriblandt
20,no-nb_digibok_2013060608065_0020_42,har
42,no-nb_digibok_2013060608065_0042_155,ansees
44,no-nb_digibok_2013060608065_0044_107,er
41,no-nb_digibok_2013060608065_0041_48,ingen
9,no-nb_digibok_2013060608065_0009_68,efter
7,no-nb_digibok_2013060608065_0007_38,i
6,no-nb_digibok_2013060608065_0006_87,Hensyn
24,no-nb_digibok_2013060608065_0024_143,og
9,no-nb_digibok_2013060608065_0009_125,under
19,no-nb_digibok_2013060608065_0019_103,fuldstændig
47,no-nb_digibok_2013060608065_0047_188,med
9,no-nb_digibok_2013060608065_0009_153,den
15,no-nb_digibok_2013060608065_0015_62,er
34,no-nb_digibok_2013060608065_0034_2,der
16,no-nb_digibok_2013060608065_0016_40,ja
7,no-nb_digibok_2013060608065_0007_31,løse
40,no-nb_digibok_2013060608065_0040_92,traf
13,no-nb_digibok_2013060608065_0013_32,større
48,no-nb_digibok_2013060608065_0048_145,De
46,no-nb_digibok_2013060608065_0046_23,man
21,no-nb_digibok_2013060608065_0021_111,dem
46,no-nb_digibok_2013060608065_0046_41,staaende
28,no-nb_digibok_2013060608065_0028_12,og
32,no-nb_digibok_2013060608065_0032_92,som
49,no-nb_digibok_2013060608065_0049_59,her
20,no-nb_digibok_2013060608065_0020_159,Anomale
18,no-nb_digibok_2013060608065_0018_38,Bestemmelser
42,no-nb_digibok_2013060608065_0042_66,der
46,no-nb_digibok_2013060608065_0046_122,Dette
16,no-nb_digibok_2013060608065_0016_193,i
29,no-nb_digibok_2013060608065_0029_36,Bestemmelserne
5,no-nb_digibok_2013060608065_0005_34,den
10,no-nb_digibok_2013060608065_0010_84,sin
7,no-nb_digibok_2013060608065_0007_148,historiske
4,no-nb_digibok_2013060608065_0004_98,ikke
15,no-nb_digibok_2013060608065_0015_192,Trimmelle
15,no-nb_digibok_2013060608065_0015_143,lovligen
13,no-nb_digibok_2013060608065_0013_52,nemlig
23,no-nb_digibok_2013060608065_0023_15,npraktisk
8,no-nb_digibok_2013060608065_0008_156,bevise
38,no-nb_digibok_2013060608065_0038_142,af
37,no-nb_digibok_2013060608065_0037_117,uberørt
30,no-nb_digibok_2013060608065_0030_7,findes
19,no-nb_digibok_2013060608065_0019_46,ude
35,no-nb_digibok_2013060608065_0035_14,udtømmende
41,no-nb_digibok_2013060608065_0041_26,deels
39,no-nb_digibok_2013060608065_0039_62,kan
19,no-nb_digibok_2013060608065_0019_128,f
24,no-nb_digibok_2013060608065_0024_82,passe
43,no-nb_digibok_2013060608065_0043_50,i
40,no-nb_digibok_2013060608065_0040_164,særskilte
12,no-nb_digibok_2013060608065_0012_101,fleve
8,no-nb_digibok_2013060608065_0008_193,til
44,no-nb_digibok_2013060608065_0044_122,ansees
36,no-nb_digibok_2013060608065_0036_77,maatte
50,no-nb_digibok_2013060608065_0050_37,Borgere
8,no-nb_digibok_2013060608065_0008_113,ganske
23,no-nb_digibok_2013060608065_0023_176,ogsaa
35,no-nb_digibok_2013060608065_0035_11,Hensigt
32,no-nb_digibok_2013060608065_0032_84,ingen
20,no-nb_digibok_2013060608065_0020_153,man
8,no-nb_digibok_2013060608065_0008_122,Ord
10,no-nb_digibok_2013060608065_0010_158,nar
4,no-nb_digibok_2013060608065_0004_172,som
39,no-nb_digibok_2013060608065_0039_24,forandret
27,no-nb_digibok_2013060608065_0027_145,fleste
32,no-nb_digibok_2013060608065_0032_95,Tidernes
11,no-nb_digibok_2013060608065_0011_72,den
9,no-nb_digibok_2013060608065_0009_81,Tilfælde
27,no-nb_digibok_2013060608065_0027_69,den
40,no-nb_digibok_2013060608065_0040_61,Forbud
49,no-nb_digibok_2013060608065_0049_12,gjentaget
26,no-nb_digibok_2013060608065_0026_65,cfr
8,no-nb_digibok_2013060608065_0008_229,senere
8,no-nb_digibok_2013060608065_0008_187,manskeligt
3,no-nb_digibok_2013060608065_0003_97,sig
8,no-nb_digibok_2013060608065_0008_86,og
38,no-nb_digibok_2013060608065_0038_173,i
30,no-nb_digibok_2013060608065_0030_41,her
30,no-nb_digibok_2013060608065_0030_75,Dør
35,no-nb_digibok_2013060608065_0035_80,disses
37,no-nb_digibok_2013060608065_0037_68,drsangaaende
50,no-nb_digibok_2013060608065_0050_106,Derimod
19,no-nb_digibok_2013060608065_0019_67,og
45,no-nb_digibok_2013060608065_0045_87,med
49,no-nb_digibok_2013060608065_0049_138,fortolket
47,no-nb_digibok_2013060608065_0047_30,at
28,no-nb_digibok_2013060608065_0028_127,at
26,no-nb_digibok_2013060608065_0026_96,som
5,no-nb_digibok_2013060608065_0005_201,Megeeb
11,no-nb_digibok_2013060608065_0011_48,den
38,no-nb_digibok_2013060608065_0038_136,at
38,no-nb_digibok_2013060608065_0038_148,at
50,no-nb_digibok_2013060608065_0050_3,Forordningen
32,no-nb_digibok_2013060608065_0032_27,allerede
16,no-nb_digibok_2013060608065_0016_59,kun
11,no-nb_digibok_2013060608065_0011_45,en
10,no-nb_digibok_2013060608065_0010_64,maa
10,no-nb_digibok_2013060608065_0010_103,Sammenhæmg
32,no-nb_digibok_2013060608065_0032_42,ligge
20,no-nb_digibok_2013060608065_0020_173,i
24,no-nb_digibok_2013060608065_0024_16,er
29,no-nb_digibok_2013060608065_0029_119,Forholde
24,no-nb_digibok_2013060608065_0024_162,Forudsætningen
18,no-nb_digibok_2013060608065_0018_110,vel
25,no-nb_digibok_2013060608065_0025_100,fremskaffede
50,no-nb_digibok_2013060608065_0050_39,Nordlandsstævnend
27,no-nb_digibok_2013060608065_0027_171,det
5,no-nb_digibok_2013060608065_0005_132,gaaer
40,no-nb_digibok_2013060608065_0040_109,det
48,no-nb_digibok_2013060608065_0048_147,af
31,no-nb_digibok_2013060608065_0031_140,var
19,no-nb_digibok_2013060608065_0019_51,forskjellige
8,no-nb_digibok_2013060608065_0008_71,med
11,no-nb_digibok_2013060608065_0011_116,man
13,no-nb_digibok_2013060608065_0013_108,kommersian
20,no-nb_digibok_2013060608065_0020_160,har
41,no-nb_digibok_2013060608065_0041_69,omtalte
27,no-nb_digibok_2013060608065_0027_7,klæde
13,no-nb_digibok_2013060608065_0013_18,af
8,no-nb_digibok_2013060608065_0008_154,Omenanførte
42,no-nb_digibok_2013060608065_0042_40,have
43,no-nb_digibok_2013060608065_0043_121,Administrationen
19,no-nb_digibok_2013060608065_0019_34,i
22,no-nb_digibok_2013060608065_0022_145,danske
23,no-nb_digibok_2013060608065_0023_125,til
17,no-nb_digibok_2013060608065_0017_149,vilde
13,no-nb_digibok_2013060608065_0013_78,dette
50,no-nb_digibok_2013060608065_0050_11,optagne
36,no-nb_digibok_2013060608065_0036_88,i
32,no-nb_digibok_2013060608065_0032_18,ældste
14,no-nb_digibok_2013060608065_0014_39,Tid
10,no-nb_digibok_2013060608065_0010_66,til
4,no-nb_digibok_2013060608065_0004_7,meget
14,no-nb_digibok_2013060608065_0014_116,have
39,no-nb_digibok_2013060608065_0039_66,man
22,no-nb_digibok_2013060608065_0022_162,Avret
15,no-nb_digibok_2013060608065_0015_71,er
31,no-nb_digibok_2013060608065_0031_24,den
15,no-nb_digibok_2013060608065_0015_185,for
28,no-nb_digibok_2013060608065_0028_30,danske
36,no-nb_digibok_2013060608065_0036_19,siges
5,no-nb_digibok_2013060608065_0005_212,udtrykkelige
6,no-nb_digibok_2013060608065_0006_1,Eiendom
12,no-nb_digibok_2013060608065_0012_2,sig
23,no-nb_digibok_2013060608065_0023_153,hvor
24,no-nb_digibok_2013060608065_0024_84,de
30,no-nb_digibok_2013060608065_0030_143,danske
6,no-nb_digibok_2013060608065_0006_69,paa
28,no-nb_digibok_2013060608065_0028_132,en
11,no-nb_digibok_2013060608065_0011_155,han
45,no-nb_digibok_2013060608065_0045_96,Man
41,no-nb_digibok_2013060608065_0041_21,arbeide
6,no-nb_digibok_2013060608065_0006_173,ingen
13,no-nb_digibok_2013060608065_0013_185,paalagte
37,no-nb_digibok_2013060608065_0037_35,Gehalt
3,no-nb_digibok_2013060608065_0003_14,ligesaalidt
31,no-nb_digibok_2013060608065_0031_74,en
17,no-nb_digibok_2013060608065_0017_205,dens
27,no-nb_digibok_2013060608065_0027_5,brugtes
19,no-nb_digibok_2013060608065_0019_44,har
26,no-nb_digibok_2013060608065_0026_131,i
42,no-nb_digibok_2013060608065_0042_90,som
35,no-nb_digibok_2013060608065_0035_65,Lovbogen
8,no-nb_digibok_2013060608065_0008_46,ligesaalidt
30,no-nb_digibok_2013060608065_0030_180,blev
16,no-nb_digibok_2013060608065_0016_25,med
39,no-nb_digibok_2013060608065_0039_43,kunde
49,no-nb_digibok_2013060608065_0049_32,af
48,no-nb_digibok_2013060608065_0048_141,maaskee
16,no-nb_digibok_2013060608065_0016_86,det
6,no-nb_digibok_2013060608065_0006_26,skerson
20,no-nb_digibok_2013060608065_0020_84,hvorledes
24,no-nb_digibok_2013060608065_0024_2,der
11,no-nb_digibok_2013060608065_0011_129,i
49,no-nb_digibok_2013060608065_0049_128,paaklagede
17,no-nb_digibok_2013060608065_0017_21,see
4,no-nb_digibok_2013060608065_0004_41,maa
33,no-nb_digibok_2013060608065_0033_115,ind
27,no-nb_digibok_2013060608065_0027_163,danske
39,no-nb_digibok_2013060608065_0039_146,forandrede
38,no-nb_digibok_2013060608065_0038_76,Bestemmelserne
6,no-nb_digibok_2013060608065_0006_176,Hjemmed
42,no-nb_digibok_2013060608065_0042_14,henviser
5,no-nb_digibok_2013060608065_0005_55,hviler
49,no-nb_digibok_2013060608065_0049_24,at
37,no-nb_digibok_2013060608065_0037_24,forstaaes
6,no-nb_digibok_2013060608065_0006_25,en
18,no-nb_digibok_2013060608065_0018_12,tilstede
36,no-nb_digibok_2013060608065_0036_125,i
24,no-nb_digibok_2013060608065_0024_11,som
15,no-nb_digibok_2013060608065_0015_148,mærkes
5,no-nb_digibok_2013060608065_0005_120,i
26,no-nb_digibok_2013060608065_0026_32,der
33,no-nb_digibok_2013060608065_0033_15,har
38,no-nb_digibok_2013060608065_0038_67,er
31,no-nb_digibok_2013060608065_0031_164,den
47,no-nb_digibok_2013060608065_0047_80,Behandling
3,no-nb_digibok_2013060608065_0003_15,som
4,no-nb_digibok_2013060608065_0004_159,har
34,no-nb_digibok_2013060608065_0034_151,har
37,no-nb_digibok_2013060608065_0037_26,sig
18,no-nb_digibok_2013060608065_0018_51,derfor
9,no-nb_digibok_2013060608065_0009_188,af
37,no-nb_digibok_2013060608065_0037_121,og
25,no-nb_digibok_2013060608065_0025_30,er
7,no-nb_digibok_2013060608065_0007_53,en
17,no-nb_digibok_2013060608065_0017_183,saaledes
38,no-nb_digibok_2013060608065_0038_132,Denne
39,no-nb_digibok_2013060608065_0039_142,af
49,no-nb_digibok_2013060608065_0049_7,Fr
4,no-nb_digibok_2013060608065_0004_48,For
13,no-nb_digibok_2013060608065_0013_180,hvoriblandt
8,no-nb_digibok_2013060608065_0008_141,den
28,no-nb_digibok_2013060608065_0028_113,om
33,no-nb_digibok_2013060608065_0033_1,Synsmaade
4,no-nb_digibok_2013060608065_0004_120,migav
21,no-nb_digibok_2013060608065_0021_153,i
16,no-nb_digibok_2013060608065_0016_108,man
32,no-nb_digibok_2013060608065_0032_113,ubrødelig
41,no-nb_digibok_2013060608065_0041_97,der
42,no-nb_digibok_2013060608065_0042_8,bestaak
38,no-nb_digibok_2013060608065_0038_79,Behandling
15,no-nb_digibok_2013060608065_0015_213,dens
32,no-nb_digibok_2013060608065_0032_132,det
6,no-nb_digibok_2013060608065_0006_121,af
8,no-nb_digibok_2013060608065_0008_186,meget
17,no-nb_digibok_2013060608065_0017_29,ved
4,no-nb_digibok_2013060608065_0004_27,deke
8,no-nb_digibok_2013060608065_0008_103,og
48,no-nb_digibok_2013060608065_0048_175,navnlig
42,no-nb_digibok_2013060608065_0042_39,tillige
34,no-nb_digibok_2013060608065_0034_110,angaaende
4,no-nb_digibok_2013060608065_0004_23,indimidneldenationale
25,no-nb_digibok_2013060608065_0025_123,altsaa
10,no-nb_digibok_2013060608065_0010_135,ligesom
5,no-nb_digibok_2013060608065_0005_136,den
18,no-nb_digibok_2013060608065_0018_163,saaledes
40,no-nb_digibok_2013060608065_0040_37,med
36,no-nb_digibok_2013060608065_0036_127,med
48,no-nb_digibok_2013060608065_0048_69,var
20,no-nb_digibok_2013060608065_0020_118,Forhandlingsmaxime
43,no-nb_digibok_2013060608065_0043_5,dog
5,no-nb_digibok_2013060608065_0005_143,af
28,no-nb_digibok_2013060608065_0028_181,men
35,no-nb_digibok_2013060608065_0035_146,at
32,no-nb_digibok_2013060608065_0032_47,vigtigste
28,no-nb_digibok_2013060608065_0028_9,flere
30,no-nb_digibok_2013060608065_0030_37,skal
50,no-nb_digibok_2013060608065_0050_174,Fiskeri
26,no-nb_digibok_2013060608065_0026_57,alfald
14,no-nb_digibok_2013060608065_0014_180,Premisser
21,no-nb_digibok_2013060608065_0021_36,Trediemands
7,no-nb_digibok_2013060608065_0007_196,hans
39,no-nb_digibok_2013060608065_0039_159,som
35,no-nb_digibok_2013060608065_0035_52,hvilke
7,no-nb_digibok_2013060608065_0007_179,Loren
12,no-nb_digibok_2013060608065_0012_5,oprige
11,no-nb_digibok_2013060608065_0011_122,synes
7,no-nb_digibok_2013060608065_0007_51,Part
50,no-nb_digibok_2013060608065_0050_7,Bud
42,no-nb_digibok_2013060608065_0042_27,af
13,no-nb_digibok_2013060608065_0013_16,under
14,no-nb_digibok_2013060608065_0014_103,hvilket
25,no-nb_digibok_2013060608065_0025_18,i
42,no-nb_digibok_2013060608065_0042_42,til
35,no-nb_digibok_2013060608065_0035_76,Oprettelse
28,no-nb_digibok_2013060608065_0028_102,fra
11,no-nb_digibok_2013060608065_0011_161,Nyttige
29,no-nb_digibok_2013060608065_0029_100,vore
24,no-nb_digibok_2013060608065_0024_203,nødvendige
6,no-nb_digibok_2013060608065_0006_56,naan
47,no-nb_digibok_2013060608065_0047_88,naar
37,no-nb_digibok_2013060608065_0037_55,har
30,no-nb_digibok_2013060608065_0030_134,Ret
47,no-nb_digibok_2013060608065_0047_186,denne
24,no-nb_digibok_2013060608065_0024_140,det
25,no-nb_digibok_2013060608065_0025_4,de
18,no-nb_digibok_2013060608065_0018_11,de
26,no-nb_digibok_2013060608065_0026_79,tydske
38,no-nb_digibok_2013060608065_0038_20,i
27,no-nb_digibok_2013060608065_0027_150,som
43,no-nb_digibok_2013060608065_0043_108,at
17,no-nb_digibok_2013060608065_0017_26,Straffe
22,no-nb_digibok_2013060608065_0022_50,blev
28,no-nb_digibok_2013060608065_0028_110,gamle
45,no-nb_digibok_2013060608065_0045_20,dannede
33,no-nb_digibok_2013060608065_0033_37,flere
27,no-nb_digibok_2013060608065_0027_61,langtfra
24,no-nb_digibok_2013060608065_0024_8,til
38,no-nb_digibok_2013060608065_0038_80,bortfaldte
4,no-nb_digibok_2013060608065_0004_191,mæret
15,no-nb_digibok_2013060608065_0015_88,dog
47,no-nb_digibok_2013060608065_0047_60,det
13,no-nb_digibok_2013060608065_0013_5,kon
8,no-nb_digibok_2013060608065_0008_142,har
39,no-nb_digibok_2013060608065_0039_47,Ikke
39,no-nb_digibok_2013060608065_0039_87,ikke
38,no-nb_digibok_2013060608065_0038_3,bortfaldt
27,no-nb_digibok_2013060608065_0027_6,at
4,no-nb_digibok_2013060608065_0004_137,denne
8,no-nb_digibok_2013060608065_0008_121,andre
36,no-nb_digibok_2013060608065_0036_156,staaende
44,no-nb_digibok_2013060608065_0044_55,senere
9,no-nb_digibok_2013060608065_0009_177,Mai
46,no-nb_digibok_2013060608065_0046_131,gens
22,no-nb_digibok_2013060608065_0022_106,Artikelen
9,no-nb_digibok_2013060608065_0009_200,maa
47,no-nb_digibok_2013060608065_0047_85,man
15,no-nb_digibok_2013060608065_0015_59,Aarsagen
13,no-nb_digibok_2013060608065_0013_43,adskillige
20,no-nb_digibok_2013060608065_0020_168,tænkt
3,no-nb_digibok_2013060608065_0003_92,Jndhold
4,no-nb_digibok_2013060608065_0004_149,til
25,no-nb_digibok_2013060608065_0025_131,Ordet
23,no-nb_digibok_2013060608065_0023_126,en
26,no-nb_digibok_2013060608065_0026_78,det
34,no-nb_digibok_2013060608065_0034_125,Fr
23,no-nb_digibok_2013060608065_0023_185,sidst
38,no-nb_digibok_2013060608065_0038_183,i
24,no-nb_digibok_2013060608065_0024_135,ældre
32,no-nb_digibok_2013060608065_0032_76,udeladt
7,no-nb_digibok_2013060608065_0007_198,berående
28,no-nb_digibok_2013060608065_0028_187,og
33,no-nb_digibok_2013060608065_0033_89,i
15,no-nb_digibok_2013060608065_0015_50,Lod
13,no-nb_digibok_2013060608065_0013_115,norske
24,no-nb_digibok_2013060608065_0024_6,Ligvidationers
25,no-nb_digibok_2013060608065_0025_12,ne
39,no-nb_digibok_2013060608065_0039_65,at
19,no-nb_digibok_2013060608065_0019_25,Ty
16,no-nb_digibok_2013060608065_0016_83,der
37,no-nb_digibok_2013060608065_0037_32,om
18,no-nb_digibok_2013060608065_0018_168,en
49,no-nb_digibok_2013060608065_0049_69,der
14,no-nb_digibok_2013060608065_0014_18,havde
14,no-nb_digibok_2013060608065_0014_41,Christiania
23,no-nb_digibok_2013060608065_0023_42,paa
37,no-nb_digibok_2013060608065_0037_49,denne
25,no-nb_digibok_2013060608065_0025_51,at
29,no-nb_digibok_2013060608065_0029_1,Næringsdriften
39,no-nb_digibok_2013060608065_0039_4,at
20,no-nb_digibok_2013060608065_0020_86,fortolker
43,no-nb_digibok_2013060608065_0043_82,og
36,no-nb_digibok_2013060608065_0036_70,for
34,no-nb_digibok_2013060608065_0034_32,derfor
34,no-nb_digibok_2013060608065_0034_12,ikke
31,no-nb_digibok_2013060608065_0031_17,Loven
44,no-nb_digibok_2013060608065_0044_60,Bud
37,no-nb_digibok_2013060608065_0037_4,blev
17,no-nb_digibok_2013060608065_0017_41,Regelen
18,no-nb_digibok_2013060608065_0018_96,almindelig
43,no-nb_digibok_2013060608065_0043_6,Krigsretsinstrul
24,no-nb_digibok_2013060608065_0024_165,Agtefæller
9,no-nb_digibok_2013060608065_0009_136,i
17,no-nb_digibok_2013060608065_0017_68,meget
11,no-nb_digibok_2013060608065_0011_134,Meninger
5,no-nb_digibok_2013060608065_0005_19,om
42,no-nb_digibok_2013060608065_0042_165,Grændsen
34,no-nb_digibok_2013060608065_0034_137,Navigationens
43,no-nb_digibok_2013060608065_0043_53,Kongens
10,no-nb_digibok_2013060608065_0010_3,Entor
38,no-nb_digibok_2013060608065_0038_166,Frde
27,no-nb_digibok_2013060608065_0027_87,Chk
35,no-nb_digibok_2013060608065_0035_137,ogsaa
18,no-nb_digibok_2013060608065_0018_176,egentlig
41,no-nb_digibok_2013060608065_0041_73,findes
17,no-nb_digibok_2013060608065_0017_61,meget
28,no-nb_digibok_2013060608065_0028_116,ikke
11,no-nb_digibok_2013060608065_0011_16,Kulde
22,no-nb_digibok_2013060608065_0022_133,altsaa
28,no-nb_digibok_2013060608065_0028_46,nogen
7,no-nb_digibok_2013060608065_0007_12,og
48,no-nb_digibok_2013060608065_0048_28,være
33,no-nb_digibok_2013060608065_0033_31,i
17,no-nb_digibok_2013060608065_0017_98,bleve
29,no-nb_digibok_2013060608065_0029_90,ere
33,no-nb_digibok_2013060608065_0033_20,være
22,no-nb_digibok_2013060608065_0022_43,naar
10,no-nb_digibok_2013060608065_0010_175,Stags
50,no-nb_digibok_2013060608065_0050_10,ere
33,no-nb_digibok_2013060608065_0033_103,reent
29,no-nb_digibok_2013060608065_0029_114,Landes
14,no-nb_digibok_2013060608065_0014_188,specielle
40,no-nb_digibok_2013060608065_0040_2,At
45,no-nb_digibok_2013060608065_0045_109,England
35,no-nb_digibok_2013060608065_0035_158,grundet
13,no-nb_digibok_2013060608065_0013_144,Kommeshaan
37,no-nb_digibok_2013060608065_0037_38,hvorfor
9,no-nb_digibok_2013060608065_0009_215,sig
9,no-nb_digibok_2013060608065_0009_87,for
50,no-nb_digibok_2013060608065_0050_133,Bestemmelser
29,no-nb_digibok_2013060608065_0029_39,canoniske
5,no-nb_digibok_2013060608065_0005_86,skragis
37,no-nb_digibok_2013060608065_0037_136,at
10,no-nb_digibok_2013060608065_0010_62,at
42,no-nb_digibok_2013060608065_0042_147,i
50,no-nb_digibok_2013060608065_0050_78,altfor
23,no-nb_digibok_2013060608065_0023_200,danske
39,no-nb_digibok_2013060608065_0039_95,mindelig
11,no-nb_digibok_2013060608065_0011_28,og
19,no-nb_digibok_2013060608065_0019_41,at
44,no-nb_digibok_2013060608065_0044_143,da
42,no-nb_digibok_2013060608065_0042_89,saaledes
47,no-nb_digibok_2013060608065_0047_23,mellem
39,no-nb_digibok_2013060608065_0039_136,forøvrigt
47,no-nb_digibok_2013060608065_0047_48,Lovbogens
33,no-nb_digibok_2013060608065_0033_124,har
11,no-nb_digibok_2013060608065_0011_4,uskrevne
7,no-nb_digibok_2013060608065_0007_176,den
41,no-nb_digibok_2013060608065_0041_88,henhøre
5,no-nb_digibok_2013060608065_0005_98,med
12,no-nb_digibok_2013060608065_0012_104,fremdeles
46,no-nb_digibok_2013060608065_0046_47,at
27,no-nb_digibok_2013060608065_0027_51,meget
16,no-nb_digibok_2013060608065_0016_145,har
31,no-nb_digibok_2013060608065_0031_139,som
15,no-nb_digibok_2013060608065_0015_178,senere
47,no-nb_digibok_2013060608065_0047_190,af
22,no-nb_digibok_2013060608065_0022_46,havde
12,no-nb_digibok_2013060608065_0012_146,den
46,no-nb_digibok_2013060608065_0046_126,mod
19,no-nb_digibok_2013060608065_0019_101,enten
4,no-nb_digibok_2013060608065_0004_141,som
35,no-nb_digibok_2013060608065_0035_164,at
21,no-nb_digibok_2013060608065_0021_34,alt
29,no-nb_digibok_2013060608065_0029_157,i
15,no-nb_digibok_2013060608065_0015_203,efter
49,no-nb_digibok_2013060608065_0049_152,den
30,no-nb_digibok_2013060608065_0030_66,Tilfælde
43,no-nb_digibok_2013060608065_0043_157,nye
49,no-nb_digibok_2013060608065_0049_102,eller
10,no-nb_digibok_2013060608065_0010_77,hele
21,no-nb_digibok_2013060608065_0021_75,cfr
40,no-nb_digibok_2013060608065_0040_120,er
18,no-nb_digibok_2013060608065_0018_159,unøiagtig
19,no-nb_digibok_2013060608065_0019_152,ofte
20,no-nb_digibok_2013060608065_0020_15,til
23,no-nb_digibok_2013060608065_0023_90,kommer
7,no-nb_digibok_2013060608065_0007_195,i
46,no-nb_digibok_2013060608065_0046_98,Bud
23,no-nb_digibok_2013060608065_0023_88,det
27,no-nb_digibok_2013060608065_0027_148,nye
4,no-nb_digibok_2013060608065_0004_105,ubevidst
18,no-nb_digibok_2013060608065_0018_140,Om
17,no-nb_digibok_2013060608065_0017_139,udviklet
14,no-nb_digibok_2013060608065_0014_87,Dugeventendenterne
32,no-nb_digibok_2013060608065_0032_133,er
44,no-nb_digibok_2013060608065_0044_135,Tunge
26,no-nb_digibok_2013060608065_0026_46,og
45,no-nb_digibok_2013060608065_0045_18,Juni
16,no-nb_digibok_2013060608065_0016_58,nøk
10,no-nb_digibok_2013060608065_0010_182,efter
47,no-nb_digibok_2013060608065_0047_90,kun
7,no-nb_digibok_2013060608065_0007_56,undlader
9,no-nb_digibok_2013060608065_0009_203,som
18,no-nb_digibok_2013060608065_0018_135,den
15,no-nb_digibok_2013060608065_0015_31,mod
28,no-nb_digibok_2013060608065_0028_125,uden
28,no-nb_digibok_2013060608065_0028_135,Søretten
22,no-nb_digibok_2013060608065_0022_99,i
27,no-nb_digibok_2013060608065_0027_126,først
43,no-nb_digibok_2013060608065_0043_99,paa
29,no-nb_digibok_2013060608065_0029_2,i
13,no-nb_digibok_2013060608065_0013_155,havde
49,no-nb_digibok_2013060608065_0049_79,norske
22,no-nb_digibok_2013060608065_0022_36,til
27,no-nb_digibok_2013060608065_0027_8,den
7,no-nb_digibok_2013060608065_0007_181,den
5,no-nb_digibok_2013060608065_0005_13,Folkets
40,no-nb_digibok_2013060608065_0040_74,lover
14,no-nb_digibok_2013060608065_0014_176,Foruden
13,no-nb_digibok_2013060608065_0013_163,af
14,no-nb_digibok_2013060608065_0014_140,Fortaler
24,no-nb_digibok_2013060608065_0024_51,skyldig
7,no-nb_digibok_2013060608065_0007_73,denne
9,no-nb_digibok_2013060608065_0009_135,forhend
50,no-nb_digibok_2013060608065_0050_100,komne
21,no-nb_digibok_2013060608065_0021_63,gjelde
37,no-nb_digibok_2013060608065_0037_53,Lovbogens
9,no-nb_digibok_2013060608065_0009_123,førsk
37,no-nb_digibok_2013060608065_0037_63,de
39,no-nb_digibok_2013060608065_0039_79,legier
4,no-nb_digibok_2013060608065_0004_125,Dolket
10,no-nb_digibok_2013060608065_0010_12,spaarelle
22,no-nb_digibok_2013060608065_0022_97,er
9,no-nb_digibok_2013060608065_0009_148,gjort
28,no-nb_digibok_2013060608065_0028_162,Deel
7,no-nb_digibok_2013060608065_0007_6,efter
41,no-nb_digibok_2013060608065_0041_23,en
44,no-nb_digibok_2013060608065_0044_139,Løb
10,no-nb_digibok_2013060608065_0010_36,hver
41,no-nb_digibok_2013060608065_0041_50,Politiløv
31,no-nb_digibok_2013060608065_0031_48,skulde
9,no-nb_digibok_2013060608065_0009_16,berøver
10,no-nb_digibok_2013060608065_0010_1,selve
25,no-nb_digibok_2013060608065_0025_95,at
24,no-nb_digibok_2013060608065_0024_28,Ved
28,no-nb_digibok_2013060608065_0028_90,Middelbart
9,no-nb_digibok_2013060608065_0009_38,at
29,no-nb_digibok_2013060608065_0029_126,end
24,no-nb_digibok_2013060608065_0024_141,ved
47,no-nb_digibok_2013060608065_0047_75,kunne
37,no-nb_digibok_2013060608065_0037_165,saadvt
36,no-nb_digibok_2013060608065_0036_17,kan
4,no-nb_digibok_2013060608065_0004_13,ond
28,no-nb_digibok_2013060608065_0028_91,skrive
18,no-nb_digibok_2013060608065_0018_13,de
34,no-nb_digibok_2013060608065_0034_159,Vexler
43,no-nb_digibok_2013060608065_0043_114,være
47,no-nb_digibok_2013060608065_0047_162,man
27,no-nb_digibok_2013060608065_0027_104,bringe
13,no-nb_digibok_2013060608065_0013_170,Janr
16,no-nb_digibok_2013060608065_0016_137,paa
21,no-nb_digibok_2013060608065_0021_145,Raad
39,no-nb_digibok_2013060608065_0039_82,meget
4,no-nb_digibok_2013060608065_0004_158,formodentlig
28,no-nb_digibok_2013060608065_0028_97,Bestemmelserne
32,no-nb_digibok_2013060608065_0032_148,Grund
46,no-nb_digibok_2013060608065_0046_140,omidlertid
23,no-nb_digibok_2013060608065_0023_79,vis
27,no-nb_digibok_2013060608065_0027_34,Som
12,no-nb_digibok_2013060608065_0012_61,paa
24,no-nb_digibok_2013060608065_0024_33,den
6,no-nb_digibok_2013060608065_0006_81,Rkets
11,no-nb_digibok_2013060608065_0011_100,sædeansmæssige
18,no-nb_digibok_2013060608065_0018_103,saa
37,no-nb_digibok_2013060608065_0037_162,vistuok
49,no-nb_digibok_2013060608065_0049_146,Imidlertid
6,no-nb_digibok_2013060608065_0006_196,gestie
45,no-nb_digibok_2013060608065_0045_100,den
13,no-nb_digibok_2013060608065_0013_76,mærkede
29,no-nb_digibok_2013060608065_0029_9,de
22,no-nb_digibok_2013060608065_0022_18,der
13,no-nb_digibok_2013060608065_0013_66,sammenrode
45,no-nb_digibok_2013060608065_0045_134,det
13,no-nb_digibok_2013060608065_0013_84,det
38,no-nb_digibok_2013060608065_0038_33,dennes
36,no-nb_digibok_2013060608065_0036_121,dennes
26,no-nb_digibok_2013060608065_0026_163,i
41,no-nb_digibok_2013060608065_0041_49,almindelig
27,no-nb_digibok_2013060608065_0027_84,som
17,no-nb_digibok_2013060608065_0017_135,Retsbevidsthed
38,no-nb_digibok_2013060608065_0038_115,Hvorvidt
14,no-nb_digibok_2013060608065_0014_86,skulde
44,no-nb_digibok_2013060608065_0044_91,om
9,no-nb_digibok_2013060608065_0009_142,Pærdeles
32,no-nb_digibok_2013060608065_0032_138,blive
9,no-nb_digibok_2013060608065_0009_230,havde
25,no-nb_digibok_2013060608065_0025_125,en
38,no-nb_digibok_2013060608065_0038_171,være
8,no-nb_digibok_2013060608065_0008_58,i
42,no-nb_digibok_2013060608065_0042_25,gammel
50,no-nb_digibok_2013060608065_0050_116,i
15,no-nb_digibok_2013060608065_0015_47,band
40,no-nb_digibok_2013060608065_0040_152,at
28,no-nb_digibok_2013060608065_0028_34,ogsaa
9,no-nb_digibok_2013060608065_0009_175,Fr
18,no-nb_digibok_2013060608065_0018_155,den
20,no-nb_digibok_2013060608065_0020_92,altid
10,no-nb_digibok_2013060608065_0010_106,anden
21,no-nb_digibok_2013060608065_0021_159,i
46,no-nb_digibok_2013060608065_0046_7,naar
27,no-nb_digibok_2013060608065_0027_54,forhen
39,no-nb_digibok_2013060608065_0039_179,og
39,no-nb_digibok_2013060608065_0039_88,skulde
25,no-nb_digibok_2013060608065_0025_32,Forvanskning
18,no-nb_digibok_2013060608065_0018_115,dens
14,no-nb_digibok_2013060608065_0014_95,blev
4,no-nb_digibok_2013060608065_0004_39,at
8,no-nb_digibok_2013060608065_0008_178,mangengennig
41,no-nb_digibok_2013060608065_0041_64,Foruden
18,no-nb_digibok_2013060608065_0018_150,strækkelig
17,no-nb_digibok_2013060608065_0017_72,Frugters
27,no-nb_digibok_2013060608065_0027_168,Artikler
47,no-nb_digibok_2013060608065_0047_159,saadan
45,no-nb_digibok_2013060608065_0045_69,Loven
14,no-nb_digibok_2013060608065_0014_74,Grund
4,no-nb_digibok_2013060608065_0004_169,sig
23,no-nb_digibok_2013060608065_0023_179,Udtrykket
3,no-nb_digibok_2013060608065_0003_32,allerede
5,no-nb_digibok_2013060608065_0005_76,man
16,no-nb_digibok_2013060608065_0016_42,endog
22,no-nb_digibok_2013060608065_0022_2,dømme
26,no-nb_digibok_2013060608065_0026_141,som
8,no-nb_digibok_2013060608065_0008_160,uskrevne
44,no-nb_digibok_2013060608065_0044_83,Taxt
40,no-nb_digibok_2013060608065_0040_76,af
3,no-nb_digibok_2013060608065_0003_41,episterede
24,no-nb_digibok_2013060608065_0024_80,om
10,no-nb_digibok_2013060608065_0010_26,om
18,no-nb_digibok_2013060608065_0018_88,eller
50,no-nb_digibok_2013060608065_0050_150,Febr
28,no-nb_digibok_2013060608065_0028_145,Kapitler
12,no-nb_digibok_2013060608065_0012_165,retterd
15,no-nb_digibok_2013060608065_0015_115,et
38,no-nb_digibok_2013060608065_0038_170,skulde
44,no-nb_digibok_2013060608065_0044_3,om
21,no-nb_digibok_2013060608065_0021_173,netop
41,no-nb_digibok_2013060608065_0041_93,der
48,no-nb_digibok_2013060608065_0048_27,vel
3,no-nb_digibok_2013060608065_0003_52,til
3,no-nb_digibok_2013060608065_0003_79,og
24,no-nb_digibok_2013060608065_0024_179,bringes
48,no-nb_digibok_2013060608065_0048_79,var
3,no-nb_digibok_2013060608065_0003_63,af
25,no-nb_digibok_2013060608065_0025_80,Kilden
33,no-nb_digibok_2013060608065_0033_65,at
10,no-nb_digibok_2013060608065_0010_173,har
47,no-nb_digibok_2013060608065_0047_195,og
36,no-nb_digibok_2013060608065_0036_11,det
17,no-nb_digibok_2013060608065_0017_66,indeholder
43,no-nb_digibok_2013060608065_0043_20,af
43,no-nb_digibok_2013060608065_0043_115,Sporgsmaal
47,no-nb_digibok_2013060608065_0047_150,Privilegier
7,no-nb_digibok_2013060608065_0007_96,lid
30,no-nb_digibok_2013060608065_0030_145,men
30,no-nb_digibok_2013060608065_0030_3,gives
20,no-nb_digibok_2013060608065_0020_44,for
33,no-nb_digibok_2013060608065_0033_144,der
37,no-nb_digibok_2013060608065_0037_41,fremdeles
30,no-nb_digibok_2013060608065_0030_167,er
44,no-nb_digibok_2013060608065_0044_169,At
16,no-nb_digibok_2013060608065_0016_168,og
9,no-nb_digibok_2013060608065_0009_173,ogsaa
8,no-nb_digibok_2013060608065_0008_132,don
13,no-nb_digibok_2013060608065_0013_101,Alenandersen
8,no-nb_digibok_2013060608065_0008_215,at
45,no-nb_digibok_2013060608065_0045_9,Tilfælde
24,no-nb_digibok_2013060608065_0024_96,senere
49,no-nb_digibok_2013060608065_0049_107,Bestemmele
37,no-nb_digibok_2013060608065_0037_72,Veivæsenet
19,no-nb_digibok_2013060608065_0019_147,Dens
20,no-nb_digibok_2013060608065_0020_26,staa
40,no-nb_digibok_2013060608065_0040_168,hvert
36,no-nb_digibok_2013060608065_0036_59,megen
7,no-nb_digibok_2013060608065_0007_145,afgjøres
35,no-nb_digibok_2013060608065_0035_115,at
28,no-nb_digibok_2013060608065_0028_68,med
34,no-nb_digibok_2013060608065_0034_20,i
10,no-nb_digibok_2013060608065_0010_23,endeholde
10,no-nb_digibok_2013060608065_0010_57,Børn
35,no-nb_digibok_2013060608065_0035_166,Ikke
12,no-nb_digibok_2013060608065_0012_11,meget
44,no-nb_digibok_2013060608065_0044_109,i
14,no-nb_digibok_2013060608065_0014_150,den
44,no-nb_digibok_2013060608065_0044_70,Gjentagelse
21,no-nb_digibok_2013060608065_0021_85,fanr
23,no-nb_digibok_2013060608065_0023_119,dennes
26,no-nb_digibok_2013060608065_0026_143,ved
16,no-nb_digibok_2013060608065_0016_194,mange
31,no-nb_digibok_2013060608065_0031_144,af
10,no-nb_digibok_2013060608065_0010_155,af
21,no-nb_digibok_2013060608065_0021_119,har
24,no-nb_digibok_2013060608065_0024_105,der
50,no-nb_digibok_2013060608065_0050_45,til
10,no-nb_digibok_2013060608065_0010_27,den
31,no-nb_digibok_2013060608065_0031_86,seneste
22,no-nb_digibok_2013060608065_0022_159,omtaler
23,no-nb_digibok_2013060608065_0023_167,til
10,no-nb_digibok_2013060608065_0010_93,disse
13,no-nb_digibok_2013060608065_0013_194,det
14,no-nb_digibok_2013060608065_0014_184,ogsaa
41,no-nb_digibok_2013060608065_0041_60,savner
21,no-nb_digibok_2013060608065_0021_39,er
41,no-nb_digibok_2013060608065_0041_116,Dette
8,no-nb_digibok_2013060608065_0008_19,Mildhavende
45,no-nb_digibok_2013060608065_0045_7,Samme
17,no-nb_digibok_2013060608065_0017_94,til
18,no-nb_digibok_2013060608065_0018_154,har
48,no-nb_digibok_2013060608065_0048_109,Ære
4,no-nb_digibok_2013060608065_0004_151,og
43,no-nb_digibok_2013060608065_0043_141,af
33,no-nb_digibok_2013060608065_0033_55,i
26,no-nb_digibok_2013060608065_0026_87,er
38,no-nb_digibok_2013060608065_0038_88,ved
6,no-nb_digibok_2013060608065_0006_55,ialfald
32,no-nb_digibok_2013060608065_0032_147,paa
21,no-nb_digibok_2013060608065_0021_8,segvent
47,no-nb_digibok_2013060608065_0047_97,Janr
7,no-nb_digibok_2013060608065_0007_52,i
49,no-nb_digibok_2013060608065_0049_89,udkomme
18,no-nb_digibok_2013060608065_0018_46,skulde
31,no-nb_digibok_2013060608065_0031_150,og
4,no-nb_digibok_2013060608065_0004_157,og
39,no-nb_digibok_2013060608065_0039_23,som
41,no-nb_digibok_2013060608065_0041_107,Lovbog
48,no-nb_digibok_2013060608065_0048_170,giverens
28,no-nb_digibok_2013060608065_0028_153,Fuderikk
49,no-nb_digibok_2013060608065_0049_110,i
15,no-nb_digibok_2013060608065_0015_206,Anordning
5,no-nb_digibok_2013060608065_0005_35,gansked
7,no-nb_digibok_2013060608065_0007_115,der
26,no-nb_digibok_2013060608065_0026_127,sig
9,no-nb_digibok_2013060608065_0009_96,Føde
34,no-nb_digibok_2013060608065_0034_70,Alt
18,no-nb_digibok_2013060608065_0018_144,Deelagtighed
10,no-nb_digibok_2013060608065_0010_171,Skraf
17,no-nb_digibok_2013060608065_0017_192,sin
17,no-nb_digibok_2013060608065_0017_9,end
36,no-nb_digibok_2013060608065_0036_120,ikke
21,no-nb_digibok_2013060608065_0021_108,den
30,no-nb_digibok_2013060608065_0030_73,maa
31,no-nb_digibok_2013060608065_0031_85,Den
7,no-nb_digibok_2013060608065_0007_188,nyttige
42,no-nb_digibok_2013060608065_0042_149,af
21,no-nb_digibok_2013060608065_0021_143,Borgemester
32,no-nb_digibok_2013060608065_0032_46,Den
13,no-nb_digibok_2013060608065_0013_50,blev
20,no-nb_digibok_2013060608065_0020_68,befaler
7,no-nb_digibok_2013060608065_0007_100,det
24,no-nb_digibok_2013060608065_0024_20,dansk
31,no-nb_digibok_2013060608065_0031_12,desangaaende
4,no-nb_digibok_2013060608065_0004_28,kan
47,no-nb_digibok_2013060608065_0047_89,man
12,no-nb_digibok_2013060608065_0012_175,havde
22,no-nb_digibok_2013060608065_0022_164,Saatteland
49,no-nb_digibok_2013060608065_0049_90,en
8,no-nb_digibok_2013060608065_0008_118,Dornists
13,no-nb_digibok_2013060608065_0013_133,i
14,no-nb_digibok_2013060608065_0014_16,udnævnte
5,no-nb_digibok_2013060608065_0005_87,angaaende
22,no-nb_digibok_2013060608065_0022_127,sknne
16,no-nb_digibok_2013060608065_0016_150,saaledes
39,no-nb_digibok_2013060608065_0039_18,man
23,no-nb_digibok_2013060608065_0023_5,Begreberne
46,no-nb_digibok_2013060608065_0046_132,Fortale
4,no-nb_digibok_2013060608065_0004_147,sluttende
33,no-nb_digibok_2013060608065_0033_67,ikke
43,no-nb_digibok_2013060608065_0043_136,er
46,no-nb_digibok_2013060608065_0046_134,hæver
17,no-nb_digibok_2013060608065_0017_173,har
44,no-nb_digibok_2013060608065_0044_155,m
50,no-nb_digibok_2013060608065_0050_83,etablerede
12,no-nb_digibok_2013060608065_0012_1,skjelner
28,no-nb_digibok_2013060608065_0028_111,norske
20,no-nb_digibok_2013060608065_0020_73,over
48,no-nb_digibok_2013060608065_0048_96,kunne
12,no-nb_digibok_2013060608065_0012_112,Kon
50,no-nb_digibok_2013060608065_0050_82,nu
10,no-nb_digibok_2013060608065_0010_17,Dc
36,no-nb_digibok_2013060608065_0036_165,den
14,no-nb_digibok_2013060608065_0014_111,Konarbeidet
32,no-nb_digibok_2013060608065_0032_41,de
5,no-nb_digibok_2013060608065_0005_117,være
13,no-nb_digibok_2013060608065_0013_127,danske
15,no-nb_digibok_2013060608065_0015_77,For
35,no-nb_digibok_2013060608065_0035_111,mangengang
5,no-nb_digibok_2013060608065_0005_47,Ret
17,no-nb_digibok_2013060608065_0017_97,de
43,no-nb_digibok_2013060608065_0043_40,indeholder
27,no-nb_digibok_2013060608065_0027_172,Meste
9,no-nb_digibok_2013060608065_0009_194,som
9,no-nb_digibok_2013060608065_0009_227,entorer
48,no-nb_digibok_2013060608065_0048_120,foragtede
20,no-nb_digibok_2013060608065_0020_3,Straffe
50,no-nb_digibok_2013060608065_0050_49,dette
6,no-nb_digibok_2013060608065_0006_143,lerskab
39,no-nb_digibok_2013060608065_0039_92,en
16,no-nb_digibok_2013060608065_0016_192,sægte
23,no-nb_digibok_2013060608065_0023_52,den
4,no-nb_digibok_2013060608065_0004_65,og
6,no-nb_digibok_2013060608065_0006_123,for
32,no-nb_digibok_2013060608065_0032_143,i
6,no-nb_digibok_2013060608065_0006_187,den
6,no-nb_digibok_2013060608065_0006_104,som
27,no-nb_digibok_2013060608065_0027_94,den
39,no-nb_digibok_2013060608065_0039_151,Exempel
39,no-nb_digibok_2013060608065_0039_105,som
9,no-nb_digibok_2013060608065_0009_2,leilighedsmies
29,no-nb_digibok_2013060608065_0029_27,sra
42,no-nb_digibok_2013060608065_0042_17,Steder
10,no-nb_digibok_2013060608065_0010_73,forestilled
29,no-nb_digibok_2013060608065_0029_54,en
11,no-nb_digibok_2013060608065_0011_47,forsaamidt
38,no-nb_digibok_2013060608065_0038_70,almindelig
35,no-nb_digibok_2013060608065_0035_91,skulle
22,no-nb_digibok_2013060608065_0022_44,Byen
22,no-nb_digibok_2013060608065_0022_138,er
11,no-nb_digibok_2013060608065_0011_150,paa
17,no-nb_digibok_2013060608065_0017_35,store
12,no-nb_digibok_2013060608065_0012_9,ned
25,no-nb_digibok_2013060608065_0025_115,antog
24,no-nb_digibok_2013060608065_0024_34,danske
5,no-nb_digibok_2013060608065_0005_63,ikke
7,no-nb_digibok_2013060608065_0007_39,den
23,no-nb_digibok_2013060608065_0023_3,danske
18,no-nb_digibok_2013060608065_0018_30,Larhævds
13,no-nb_digibok_2013060608065_0013_56,Norge
24,no-nb_digibok_2013060608065_0024_170,i
40,no-nb_digibok_2013060608065_0040_54,Norge
11,no-nb_digibok_2013060608065_0011_86,næsentlig
26,no-nb_digibok_2013060608065_0026_28,haver
10,no-nb_digibok_2013060608065_0010_54,bidrag
30,no-nb_digibok_2013060608065_0030_98,givne
7,no-nb_digibok_2013060608065_0007_95,Konbogens
22,no-nb_digibok_2013060608065_0022_64,benyttet
8,no-nb_digibok_2013060608065_0008_40,skyldig
36,no-nb_digibok_2013060608065_0036_113,fremdeles
31,no-nb_digibok_2013060608065_0031_80,Anledning
35,no-nb_digibok_2013060608065_0035_56,søge
49,no-nb_digibok_2013060608065_0049_119,Forordning
49,no-nb_digibok_2013060608065_0049_137,nærmere
40,no-nb_digibok_2013060608065_0040_11,aller
19,no-nb_digibok_2013060608065_0019_108,en
44,no-nb_digibok_2013060608065_0044_2,havdes
31,no-nb_digibok_2013060608065_0031_159,var
9,no-nb_digibok_2013060608065_0009_166,før
22,no-nb_digibok_2013060608065_0022_38,medens
50,no-nb_digibok_2013060608065_0050_162,at
47,no-nb_digibok_2013060608065_0047_117,Frds
10,no-nb_digibok_2013060608065_0010_190,nier
24,no-nb_digibok_2013060608065_0024_70,ældre
24,no-nb_digibok_2013060608065_0024_30,optage
27,no-nb_digibok_2013060608065_0027_160,i
11,no-nb_digibok_2013060608065_0011_171,det
40,no-nb_digibok_2013060608065_0040_169,enkelt
43,no-nb_digibok_2013060608065_0043_161,Marti
38,no-nb_digibok_2013060608065_0038_130,vistnok
33,no-nb_digibok_2013060608065_0033_71,Plan
32,no-nb_digibok_2013060608065_0032_93,jo
43,no-nb_digibok_2013060608065_0043_185,de
16,no-nb_digibok_2013060608065_0016_26,det
50,no-nb_digibok_2013060608065_0050_33,deres
15,no-nb_digibok_2013060608065_0015_70,andet
17,no-nb_digibok_2013060608065_0017_199,virkelig
12,no-nb_digibok_2013060608065_0012_154,emnn
45,no-nb_digibok_2013060608065_0045_15,Berqværksordinancen
35,no-nb_digibok_2013060608065_0035_3,bærer
6,no-nb_digibok_2013060608065_0006_114,Snig
43,no-nb_digibok_2013060608065_0043_133,denne
47,no-nb_digibok_2013060608065_0047_15,ogsaa
24,no-nb_digibok_2013060608065_0024_106,er
37,no-nb_digibok_2013060608065_0037_139,Lovbud
5,no-nb_digibok_2013060608065_0005_110,enganlunde
25,no-nb_digibok_2013060608065_0025_187,i
12,no-nb_digibok_2013060608065_0012_27,om
17,no-nb_digibok_2013060608065_0017_1,og
32,no-nb_digibok_2013060608065_0032_142,men
49,no-nb_digibok_2013060608065_0049_61,lægge
33,no-nb_digibok_2013060608065_0033_95,Kategorien
23,no-nb_digibok_2013060608065_0023_190,en
23,no-nb_digibok_2013060608065_0023_20,været
12,no-nb_digibok_2013060608065_0012_118,efterat
47,no-nb_digibok_2013060608065_0047_31,faa
43,no-nb_digibok_2013060608065_0043_9,gjeldende
23,no-nb_digibok_2013060608065_0023_120,Taxt
48,no-nb_digibok_2013060608065_0048_163,som
19,no-nb_digibok_2013060608065_0019_137,tænke
38,no-nb_digibok_2013060608065_0038_106,store
8,no-nb_digibok_2013060608065_0008_127,Hjemmel
23,no-nb_digibok_2013060608065_0023_186,Titerede
41,no-nb_digibok_2013060608065_0041_36,Kjøbstederne
22,no-nb_digibok_2013060608065_0022_52,til
22,no-nb_digibok_2013060608065_0022_71,skriver
43,no-nb_digibok_2013060608065_0043_154,Præmisserne
36,no-nb_digibok_2013060608065_0036_131,Frdn
18,no-nb_digibok_2013060608065_0018_17,i
13,no-nb_digibok_2013060608065_0013_17,Udarbeødelsen
35,no-nb_digibok_2013060608065_0035_24,og
34,no-nb_digibok_2013060608065_0034_66,staar
45,no-nb_digibok_2013060608065_0045_13,for
48,no-nb_digibok_2013060608065_0048_63,hvis
38,no-nb_digibok_2013060608065_0038_184,første
46,no-nb_digibok_2013060608065_0046_97,ældre
18,no-nb_digibok_2013060608065_0018_113,man
34,no-nb_digibok_2013060608065_0034_13,indeholder
49,no-nb_digibok_2013060608065_0049_183,ganske
5,no-nb_digibok_2013060608065_0005_82,ogstiller
29,no-nb_digibok_2013060608065_0029_134,norske
47,no-nb_digibok_2013060608065_0047_34,under
15,no-nb_digibok_2013060608065_0015_193,Proens
6,no-nb_digibok_2013060608065_0006_52,betrivler
6,no-nb_digibok_2013060608065_0006_100,er
49,no-nb_digibok_2013060608065_0049_161,at
50,no-nb_digibok_2013060608065_0050_115,Forbudet
47,no-nb_digibok_2013060608065_0047_158,en
7,no-nb_digibok_2013060608065_0007_185,paa
28,no-nb_digibok_2013060608065_0028_1,ere
15,no-nb_digibok_2013060608065_0015_156,som
44,no-nb_digibok_2013060608065_0044_12,Det
40,no-nb_digibok_2013060608065_0040_39,om
49,no-nb_digibok_2013060608065_0049_91,særskilt
19,no-nb_digibok_2013060608065_0019_33,Vold
16,no-nb_digibok_2013060608065_0016_183,efter
42,no-nb_digibok_2013060608065_0042_131,som
37,no-nb_digibok_2013060608065_0037_145,Reces
13,no-nb_digibok_2013060608065_0013_109,i
5,no-nb_digibok_2013060608065_0005_223,at
50,no-nb_digibok_2013060608065_0050_20,kunde
4,no-nb_digibok_2013060608065_0004_146,men
29,no-nb_digibok_2013060608065_0029_72,og
19,no-nb_digibok_2013060608065_0019_86,hale
4,no-nb_digibok_2013060608065_0004_152,efter
23,no-nb_digibok_2013060608065_0023_62,danske
6,no-nb_digibok_2013060608065_0006_174,al
15,no-nb_digibok_2013060608065_0015_184,fene
5,no-nb_digibok_2013060608065_0005_163,Dens
35,no-nb_digibok_2013060608065_0035_81,Maal
28,no-nb_digibok_2013060608065_0028_170,er
34,no-nb_digibok_2013060608065_0034_39,usømmeligt
19,no-nb_digibok_2013060608065_0019_13,kunnet
24,no-nb_digibok_2013060608065_0024_76,ikke
16,no-nb_digibok_2013060608065_0016_175,og
22,no-nb_digibok_2013060608065_0022_40,Bythingsdom
23,no-nb_digibok_2013060608065_0023_106,laa
41,no-nb_digibok_2013060608065_0041_1,verens
50,no-nb_digibok_2013060608065_0050_127,Atmange
45,no-nb_digibok_2013060608065_0045_72,Jun
35,no-nb_digibok_2013060608065_0035_78,ialfald
4,no-nb_digibok_2013060608065_0004_175,Optegnelse
37,no-nb_digibok_2013060608065_0037_89,Materie
49,no-nb_digibok_2013060608065_0049_73,som
32,no-nb_digibok_2013060608065_0032_17,den
8,no-nb_digibok_2013060608065_0008_133,betrivler
13,no-nb_digibok_2013060608065_0013_116,Kon
44,no-nb_digibok_2013060608065_0044_45,aarlig
40,no-nb_digibok_2013060608065_0040_105,aldrig
11,no-nb_digibok_2013060608065_0011_27,Traditioner
4,no-nb_digibok_2013060608065_0004_189,inskrevne
37,no-nb_digibok_2013060608065_0037_3,første
36,no-nb_digibok_2013060608065_0036_137,Maal
10,no-nb_digibok_2013060608065_0010_147,og
30,no-nb_digibok_2013060608065_0030_181,en
8,no-nb_digibok_2013060608065_0008_233,den
3,no-nb_digibok_2013060608065_0003_27,i
38,no-nb_digibok_2013060608065_0038_75,anseer
13,no-nb_digibok_2013060608065_0013_137,kan
10,no-nb_digibok_2013060608065_0010_192,Ærens
15,no-nb_digibok_2013060608065_0015_131,Lovbogens
12,no-nb_digibok_2013060608065_0012_33,have
19,no-nb_digibok_2013060608065_0019_164,paa
18,no-nb_digibok_2013060608065_0018_107,og
48,no-nb_digibok_2013060608065_0048_112,paa
12,no-nb_digibok_2013060608065_0012_127,Danmark
48,no-nb_digibok_2013060608065_0048_143,med
43,no-nb_digibok_2013060608065_0043_138,Instruxen
9,no-nb_digibok_2013060608065_0009_52,og
34,no-nb_digibok_2013060608065_0034_24,hvad
39,no-nb_digibok_2013060608065_0039_135,ellers
21,no-nb_digibok_2013060608065_0021_28,frivillige
9,no-nb_digibok_2013060608065_0009_58,Aprie
5,no-nb_digibok_2013060608065_0005_71,i
24,no-nb_digibok_2013060608065_0024_26,vor
41,no-nb_digibok_2013060608065_0041_19,vedblev
7,no-nb_digibok_2013060608065_0007_140,disse
47,no-nb_digibok_2013060608065_0047_81,som
15,no-nb_digibok_2013060608065_0015_163,var
39,no-nb_digibok_2013060608065_0039_7,Lovbud
24,no-nb_digibok_2013060608065_0024_35,Lov
50,no-nb_digibok_2013060608065_0050_80,mod
23,no-nb_digibok_2013060608065_0023_40,nævmest
7,no-nb_digibok_2013060608065_0007_132,og
28,no-nb_digibok_2013060608065_0028_192,Bestemmelser
5,no-nb_digibok_2013060608065_0005_81,man
19,no-nb_digibok_2013060608065_0019_77,paa
26,no-nb_digibok_2013060608065_0026_153,cfr
24,no-nb_digibok_2013060608065_0024_174,syn
28,no-nb_digibok_2013060608065_0028_129,været
10,no-nb_digibok_2013060608065_0010_85,Talblinelse
47,no-nb_digibok_2013060608065_0047_171,alle
5,no-nb_digibok_2013060608065_0005_60,paa
31,no-nb_digibok_2013060608065_0031_41,ladt
5,no-nb_digibok_2013060608065_0005_221,den
40,no-nb_digibok_2013060608065_0040_27,de
40,no-nb_digibok_2013060608065_0040_147,Politiordning
46,no-nb_digibok_2013060608065_0046_118,holdent
14,no-nb_digibok_2013060608065_0014_126,med
11,no-nb_digibok_2013060608065_0011_119,Retshystemerne
21,no-nb_digibok_2013060608065_0021_45,man
40,no-nb_digibok_2013060608065_0040_48,dog
19,no-nb_digibok_2013060608065_0019_104,Beviiskraft
9,no-nb_digibok_2013060608065_0009_208,nar
13,no-nb_digibok_2013060608065_0013_2,til
20,no-nb_digibok_2013060608065_0020_112,cfr
24,no-nb_digibok_2013060608065_0024_193,en
23,no-nb_digibok_2013060608065_0023_36,Fælled
12,no-nb_digibok_2013060608065_0012_48,Mangde
10,no-nb_digibok_2013060608065_0010_198,af
5,no-nb_digibok_2013060608065_0005_43,løseste
40,no-nb_digibok_2013060608065_0040_36,Tilfælde
35,no-nb_digibok_2013060608065_0035_68,i
39,no-nb_digibok_2013060608065_0039_54,at
38,no-nb_digibok_2013060608065_0038_104,den
23,no-nb_digibok_2013060608065_0023_1,Udtryk
47,no-nb_digibok_2013060608065_0047_46,de
6,no-nb_digibok_2013060608065_0006_47,det
49,no-nb_digibok_2013060608065_0049_117,først
23,no-nb_digibok_2013060608065_0023_33,med
23,no-nb_digibok_2013060608065_0023_77,have
37,no-nb_digibok_2013060608065_0037_56,Bestemmelser
37,no-nb_digibok_2013060608065_0037_13,Myntordningen
30,no-nb_digibok_2013060608065_0030_97,ere
5,no-nb_digibok_2013060608065_0005_1,Kob
46,no-nb_digibok_2013060608065_0046_85,de
30,no-nb_digibok_2013060608065_0030_12,som
44,no-nb_digibok_2013060608065_0044_58,meget
36,no-nb_digibok_2013060608065_0036_30,af
39,no-nb_digibok_2013060608065_0039_50,det
6,no-nb_digibok_2013060608065_0006_94,med
42,no-nb_digibok_2013060608065_0042_140,ældre
36,no-nb_digibok_2013060608065_0036_172,Maalning
8,no-nb_digibok_2013060608065_0008_36,tillige
20,no-nb_digibok_2013060608065_0020_83,og
50,no-nb_digibok_2013060608065_0050_167,og
17,no-nb_digibok_2013060608065_0017_194,Førm
37,no-nb_digibok_2013060608065_0037_174,om
6,no-nb_digibok_2013060608065_0006_155,Alle
23,no-nb_digibok_2013060608065_0023_78,en
37,no-nb_digibok_2013060608065_0037_75,og
33,no-nb_digibok_2013060608065_0033_36,i
6,no-nb_digibok_2013060608065_0006_15,skrevne
36,no-nb_digibok_2013060608065_0036_13,for
20,no-nb_digibok_2013060608065_0020_11,fra
20,no-nb_digibok_2013060608065_0020_116,den
33,no-nb_digibok_2013060608065_0033_164,denne
8,no-nb_digibok_2013060608065_0008_26,han
40,no-nb_digibok_2013060608065_0040_163,have
14,no-nb_digibok_2013060608065_0014_115,at
44,no-nb_digibok_2013060608065_0044_115,hvoraf
4,no-nb_digibok_2013060608065_0004_83,særemen
43,no-nb_digibok_2013060608065_0043_109,der
9,no-nb_digibok_2013060608065_0009_195,Unngn
46,no-nb_digibok_2013060608065_0046_72,enten
27,no-nb_digibok_2013060608065_0027_138,foretagen
10,no-nb_digibok_2013060608065_0010_109,en
3,no-nb_digibok_2013060608065_0003_50,ere
43,no-nb_digibok_2013060608065_0043_87,Men
43,no-nb_digibok_2013060608065_0043_148,mange
20,no-nb_digibok_2013060608065_0020_155,for
20,no-nb_digibok_2013060608065_0020_170,Sager
17,no-nb_digibok_2013060608065_0017_150,en
15,no-nb_digibok_2013060608065_0015_180,Slegterne
15,no-nb_digibok_2013060608065_0015_92,Sætninger
24,no-nb_digibok_2013060608065_0024_81,de
22,no-nb_digibok_2013060608065_0022_4,samme
18,no-nb_digibok_2013060608065_0018_29,faa
28,no-nb_digibok_2013060608065_0028_45,see
46,no-nb_digibok_2013060608065_0046_32,de
15,no-nb_digibok_2013060608065_0015_91,væsentlige
6,no-nb_digibok_2013060608065_0006_14,nor
49,no-nb_digibok_2013060608065_0049_95,enkelte
12,no-nb_digibok_2013060608065_0012_106,ned
50,no-nb_digibok_2013060608065_0050_168,desl
26,no-nb_digibok_2013060608065_0026_39,Henviisning
48,no-nb_digibok_2013060608065_0048_108,sun
7,no-nb_digibok_2013060608065_0007_166,eller
16,no-nb_digibok_2013060608065_0016_48,have
3,no-nb_digibok_2013060608065_0003_102,vansmærsig
5,no-nb_digibok_2013060608065_0005_179,men
13,no-nb_digibok_2013060608065_0013_131,hnorvedt
23,no-nb_digibok_2013060608065_0023_165,kunne
28,no-nb_digibok_2013060608065_0028_48,hvorfor
26,no-nb_digibok_2013060608065_0026_94,fortolket
19,no-nb_digibok_2013060608065_0019_74,man
10,no-nb_digibok_2013060608065_0010_95,dele
18,no-nb_digibok_2013060608065_0018_131,tænkt
44,no-nb_digibok_2013060608065_0044_13,fortjener
5,no-nb_digibok_2013060608065_0005_154,kan
49,no-nb_digibok_2013060608065_0049_36,om
13,no-nb_digibok_2013060608065_0013_4,ny
18,no-nb_digibok_2013060608065_0018_66,Adgang
36,no-nb_digibok_2013060608065_0036_100,ingensinde
16,no-nb_digibok_2013060608065_0016_128,kunne
18,no-nb_digibok_2013060608065_0018_20,Lovbogen
20,no-nb_digibok_2013060608065_0020_62,uden
40,no-nb_digibok_2013060608065_0040_26,om
11,no-nb_digibok_2013060608065_0011_123,at
38,no-nb_digibok_2013060608065_0038_135,nemlig
20,no-nb_digibok_2013060608065_0020_137,propris
12,no-nb_digibok_2013060608065_0012_167,ny
39,no-nb_digibok_2013060608065_0039_110,skal
29,no-nb_digibok_2013060608065_0029_116,locale
14,no-nb_digibok_2013060608065_0014_6,Raf
44,no-nb_digibok_2013060608065_0044_166,mange
10,no-nb_digibok_2013060608065_0010_157,Saaledes
46,no-nb_digibok_2013060608065_0046_5,fremdeles
12,no-nb_digibok_2013060608065_0012_109,po
16,no-nb_digibok_2013060608065_0016_6,i
24,no-nb_digibok_2013060608065_0024_166,ikke
13,no-nb_digibok_2013060608065_0013_149,Mikkelsdag
11,no-nb_digibok_2013060608065_0011_120,hos
34,no-nb_digibok_2013060608065_0034_87,Laugsartikler
5,no-nb_digibok_2013060608065_0005_128,Øiendomlretten
33,no-nb_digibok_2013060608065_0033_23,Begrebet
43,no-nb_digibok_2013060608065_0043_140,Amtmnændene
20,no-nb_digibok_2013060608065_0020_19,til
35,no-nb_digibok_2013060608065_0035_101,i
18,no-nb_digibok_2013060608065_0018_7,den
34,no-nb_digibok_2013060608065_0034_188,da
28,no-nb_digibok_2013060608065_0028_53,alene
10,no-nb_digibok_2013060608065_0010_163,kragis
19,no-nb_digibok_2013060608065_0019_47,fra
17,no-nb_digibok_2013060608065_0017_198,den
48,no-nb_digibok_2013060608065_0048_98,i
46,no-nb_digibok_2013060608065_0046_152,blive
11,no-nb_digibok_2013060608065_0011_111,ikke
5,no-nb_digibok_2013060608065_0005_108,at
22,no-nb_digibok_2013060608065_0022_168,Grævning
5,no-nb_digibok_2013060608065_0005_96,Retshubjecten
25,no-nb_digibok_2013060608065_0025_87,skulde
21,no-nb_digibok_2013060608065_0021_156,Aressager
50,no-nb_digibok_2013060608065_0050_108,det
42,no-nb_digibok_2013060608065_0042_57,fra
35,no-nb_digibok_2013060608065_0035_12,at
28,no-nb_digibok_2013060608065_0028_54,for
8,no-nb_digibok_2013060608065_0008_11,eller
33,no-nb_digibok_2013060608065_0033_70,sin
45,no-nb_digibok_2013060608065_0045_121,end
10,no-nb_digibok_2013060608065_0010_10,med
20,no-nb_digibok_2013060608065_0020_119,gjeldende
23,no-nb_digibok_2013060608065_0023_91,i
14,no-nb_digibok_2013060608065_0014_77,soregen
12,no-nb_digibok_2013060608065_0012_81,forlængst
41,no-nb_digibok_2013060608065_0041_15,at
48,no-nb_digibok_2013060608065_0048_146,fleste
24,no-nb_digibok_2013060608065_0024_50,sig
14,no-nb_digibok_2013060608065_0014_110,synes
22,no-nb_digibok_2013060608065_0022_125,at
14,no-nb_digibok_2013060608065_0014_129,Marti
33,no-nb_digibok_2013060608065_0033_44,som
43,no-nb_digibok_2013060608065_0043_8,som
19,no-nb_digibok_2013060608065_0019_158,efter
47,no-nb_digibok_2013060608065_0047_79,under
38,no-nb_digibok_2013060608065_0038_14,Fr
49,no-nb_digibok_2013060608065_0049_22,at
16,no-nb_digibok_2013060608065_0016_70,af
46,no-nb_digibok_2013060608065_0046_80,Ret
25,no-nb_digibok_2013060608065_0025_67,den
29,no-nb_digibok_2013060608065_0029_141,den
6,no-nb_digibok_2013060608065_0006_127,ere
27,no-nb_digibok_2013060608065_0027_156,saaledes
33,no-nb_digibok_2013060608065_0033_157,den
7,no-nb_digibok_2013060608065_0007_62,han
40,no-nb_digibok_2013060608065_0040_50,senere
18,no-nb_digibok_2013060608065_0018_49,Iustitutionen
10,no-nb_digibok_2013060608065_0010_200,Under
26,no-nb_digibok_2013060608065_0026_85,i
47,no-nb_digibok_2013060608065_0047_71,Ligeledes
8,no-nb_digibok_2013060608065_0008_120,med
24,no-nb_digibok_2013060608065_0024_181,Harmoni
46,no-nb_digibok_2013060608065_0046_169,for
4,no-nb_digibok_2013060608065_0004_53,er
40,no-nb_digibok_2013060608065_0040_130,det
26,no-nb_digibok_2013060608065_0026_38,en
21,no-nb_digibok_2013060608065_0021_9,har
4,no-nb_digibok_2013060608065_0004_34,at
28,no-nb_digibok_2013060608065_0028_28,findes
39,no-nb_digibok_2013060608065_0039_133,da
46,no-nb_digibok_2013060608065_0046_51,var
26,no-nb_digibok_2013060608065_0026_135,det
42,no-nb_digibok_2013060608065_0042_69,at
22,no-nb_digibok_2013060608065_0022_112,som
8,no-nb_digibok_2013060608065_0008_53,ignorantia
15,no-nb_digibok_2013060608065_0015_169,af
15,no-nb_digibok_2013060608065_0015_142,det
19,no-nb_digibok_2013060608065_0019_162,samt
30,no-nb_digibok_2013060608065_0030_186,Forbindelse
8,no-nb_digibok_2013060608065_0008_128,i
5,no-nb_digibok_2013060608065_0005_52,nor
10,no-nb_digibok_2013060608065_0010_83,i
3,no-nb_digibok_2013060608065_0003_99,bleven
7,no-nb_digibok_2013060608065_0007_37,Pauction
49,no-nb_digibok_2013060608065_0049_149,senere
23,no-nb_digibok_2013060608065_0023_84,Strøgods
4,no-nb_digibok_2013060608065_0004_177,forhen
50,no-nb_digibok_2013060608065_0050_109,vel
5,no-nb_digibok_2013060608065_0005_153,den
18,no-nb_digibok_2013060608065_0018_101,der
30,no-nb_digibok_2013060608065_0030_87,Men
49,no-nb_digibok_2013060608065_0049_44,ophævet
46,no-nb_digibok_2013060608065_0046_63,efter
30,no-nb_digibok_2013060608065_0030_171,efter
18,no-nb_digibok_2013060608065_0018_57,flere
27,no-nb_digibok_2013060608065_0027_98,givne
11,no-nb_digibok_2013060608065_0011_50,grunder
38,no-nb_digibok_2013060608065_0038_52,og
10,no-nb_digibok_2013060608065_0010_7,ikke
33,no-nb_digibok_2013060608065_0033_170,den
37,no-nb_digibok_2013060608065_0037_124,en
31,no-nb_digibok_2013060608065_0031_43,een
24,no-nb_digibok_2013060608065_0024_180,i
26,no-nb_digibok_2013060608065_0026_54,uforstaalige
4,no-nb_digibok_2013060608065_0004_82,handtes
23,no-nb_digibok_2013060608065_0023_93,cfr
10,no-nb_digibok_2013060608065_0010_41,fløde
42,no-nb_digibok_2013060608065_0042_9,ved
14,no-nb_digibok_2013060608065_0014_105,formodentlig
40,no-nb_digibok_2013060608065_0040_94,flere
24,no-nb_digibok_2013060608065_0024_207,medens
19,no-nb_digibok_2013060608065_0019_113,gvent
8,no-nb_digibok_2013060608065_0008_4,og
4,no-nb_digibok_2013060608065_0004_5,endaholde
17,no-nb_digibok_2013060608065_0017_152,bestaaende
23,no-nb_digibok_2013060608065_0023_60,nedskrevne
37,no-nb_digibok_2013060608065_0037_22,Lovbogens
26,no-nb_digibok_2013060608065_0026_111,antages
22,no-nb_digibok_2013060608065_0022_152,der
16,no-nb_digibok_2013060608065_0016_109,tager
9,no-nb_digibok_2013060608065_0009_209,nødegending
4,no-nb_digibok_2013060608065_0004_99,noget
46,no-nb_digibok_2013060608065_0046_124,uunægteligt
47,no-nb_digibok_2013060608065_0047_68,ikke
13,no-nb_digibok_2013060608065_0013_11,Men
15,no-nb_digibok_2013060608065_0015_208,det
49,no-nb_digibok_2013060608065_0049_26,ogsaa
5,no-nb_digibok_2013060608065_0005_65,nogen
21,no-nb_digibok_2013060608065_0021_23,og
31,no-nb_digibok_2013060608065_0031_107,det
14,no-nb_digibok_2013060608065_0014_22,tro
23,no-nb_digibok_2013060608065_0023_18,neppe
23,no-nb_digibok_2013060608065_0023_175,egentlig
21,no-nb_digibok_2013060608065_0021_92,hvorpaa
3,no-nb_digibok_2013060608065_0003_9,Den
6,no-nb_digibok_2013060608065_0006_124,Bkadecerstatning
37,no-nb_digibok_2013060608065_0037_151,er
46,no-nb_digibok_2013060608065_0046_59,de
32,no-nb_digibok_2013060608065_0032_32,nævnt
23,no-nb_digibok_2013060608065_0023_47,paa
19,no-nb_digibok_2013060608065_0019_116,eget
19,no-nb_digibok_2013060608065_0019_123,kan
13,no-nb_digibok_2013060608065_0013_33,Harmoni
46,no-nb_digibok_2013060608065_0046_10,ecprissis
16,no-nb_digibok_2013060608065_0016_146,mange
26,no-nb_digibok_2013060608065_0026_26,den
4,no-nb_digibok_2013060608065_0004_109,fremkomme
17,no-nb_digibok_2013060608065_0017_146,udgav
33,no-nb_digibok_2013060608065_0033_133,Lovgivning
33,no-nb_digibok_2013060608065_0033_114,høre
45,no-nb_digibok_2013060608065_0045_59,men
19,no-nb_digibok_2013060608065_0019_27,i
22,no-nb_digibok_2013060608065_0022_8,Dette
17,no-nb_digibok_2013060608065_0017_55,Dens
5,no-nb_digibok_2013060608065_0005_147,ikke
37,no-nb_digibok_2013060608065_0037_173,Befaling
19,no-nb_digibok_2013060608065_0019_94,Loven
30,no-nb_digibok_2013060608065_0030_154,Love
29,no-nb_digibok_2013060608065_0029_144,det
14,no-nb_digibok_2013060608065_0014_51,endeal
14,no-nb_digibok_2013060608065_0014_168,førstkømmende
15,no-nb_digibok_2013060608065_0015_168,meget
9,no-nb_digibok_2013060608065_0009_88,den
6,no-nb_digibok_2013060608065_0006_83,Mirkningerne
8,no-nb_digibok_2013060608065_0008_182,til
46,no-nb_digibok_2013060608065_0046_144,nødsaget
26,no-nb_digibok_2013060608065_0026_107,godtgjøre
38,no-nb_digibok_2013060608065_0038_48,keren
8,no-nb_digibok_2013060608065_0008_144,som
48,no-nb_digibok_2013060608065_0048_38,sætter
34,no-nb_digibok_2013060608065_0034_101,hvilke
8,no-nb_digibok_2013060608065_0008_174,af
49,no-nb_digibok_2013060608065_0049_53,meget
16,no-nb_digibok_2013060608065_0016_143,Sted
10,no-nb_digibok_2013060608065_0010_201,de
47,no-nb_digibok_2013060608065_0047_6,efter
30,no-nb_digibok_2013060608065_0030_6,som
37,no-nb_digibok_2013060608065_0037_2,Den
20,no-nb_digibok_2013060608065_0020_57,Leiehuus
3,no-nb_digibok_2013060608065_0003_83,det
11,no-nb_digibok_2013060608065_0011_13,forskjellige
49,no-nb_digibok_2013060608065_0049_41,ansees
6,no-nb_digibok_2013060608065_0006_67,der
35,no-nb_digibok_2013060608065_0035_32,for
40,no-nb_digibok_2013060608065_0040_161,hensigtsmæssigere
32,no-nb_digibok_2013060608065_0032_170,Det
23,no-nb_digibok_2013060608065_0023_188,brugt
9,no-nb_digibok_2013060608065_0009_5,anerkjendt
35,no-nb_digibok_2013060608065_0035_132,rørt
31,no-nb_digibok_2013060608065_0031_130,kommende
3,no-nb_digibok_2013060608065_0003_87,deels
4,no-nb_digibok_2013060608065_0004_31,Retometopsigsikken
28,no-nb_digibok_2013060608065_0028_15,og
48,no-nb_digibok_2013060608065_0048_133,Bogs
15,no-nb_digibok_2013060608065_0015_205,egen
10,no-nb_digibok_2013060608065_0010_130,sin
6,no-nb_digibok_2013060608065_0006_158,naar
33,no-nb_digibok_2013060608065_0033_79,man
48,no-nb_digibok_2013060608065_0048_47,cfr
11,no-nb_digibok_2013060608065_0011_141,gived
30,no-nb_digibok_2013060608065_0030_77,Vindue
8,no-nb_digibok_2013060608065_0008_30,en
45,no-nb_digibok_2013060608065_0045_94,ved
16,no-nb_digibok_2013060608065_0016_57,haves
9,no-nb_digibok_2013060608065_0009_206,dens
27,no-nb_digibok_2013060608065_0027_29,utydeligt
23,no-nb_digibok_2013060608065_0023_123,udbringe
37,no-nb_digibok_2013060608065_0037_175,Apothekerregnskaberne
37,no-nb_digibok_2013060608065_0037_14,af
10,no-nb_digibok_2013060608065_0010_117,Ligesom
46,no-nb_digibok_2013060608065_0046_8,denne
16,no-nb_digibok_2013060608065_0016_52,af
7,no-nb_digibok_2013060608065_0007_98,fald
6,no-nb_digibok_2013060608065_0006_57,Fovarbeideren
30,no-nb_digibok_2013060608065_0030_24,at
48,no-nb_digibok_2013060608065_0048_124,Arbeide
15,no-nb_digibok_2013060608065_0015_78,Fortalteren
34,no-nb_digibok_2013060608065_0034_163,ved
17,no-nb_digibok_2013060608065_0017_112,et
27,no-nb_digibok_2013060608065_0027_68,Christian
43,no-nb_digibok_2013060608065_0043_29,Mængde
37,no-nb_digibok_2013060608065_0037_91,Fr
25,no-nb_digibok_2013060608065_0025_154,ældre
32,no-nb_digibok_2013060608065_0032_131,at
24,no-nb_digibok_2013060608065_0024_14,udgivet
30,no-nb_digibok_2013060608065_0030_4,der
43,no-nb_digibok_2013060608065_0043_147,i
13,no-nb_digibok_2013060608065_0013_186,at
22,no-nb_digibok_2013060608065_0022_135,forbigaaes
36,no-nb_digibok_2013060608065_0036_162,sidste
49,no-nb_digibok_2013060608065_0049_113,Efter
21,no-nb_digibok_2013060608065_0021_49,eller
9,no-nb_digibok_2013060608065_0009_3,omtalt
43,no-nb_digibok_2013060608065_0043_93,at
10,no-nb_digibok_2013060608065_0010_9,indsentet
42,no-nb_digibok_2013060608065_0042_109,forblive
42,no-nb_digibok_2013060608065_0042_54,Degnene
30,no-nb_digibok_2013060608065_0030_127,Anvendelse
7,no-nb_digibok_2013060608065_0007_163,Afgræg
4,no-nb_digibok_2013060608065_0004_68,Retsregler
35,no-nb_digibok_2013060608065_0035_103,offentlig
20,no-nb_digibok_2013060608065_0020_121,vor
19,no-nb_digibok_2013060608065_0019_139,ufuldstændige
34,no-nb_digibok_2013060608065_0034_17,dem
11,no-nb_digibok_2013060608065_0011_181,anvendte
36,no-nb_digibok_2013060608065_0036_173,og
49,no-nb_digibok_2013060608065_0049_180,Det
33,no-nb_digibok_2013060608065_0033_177,henføre
8,no-nb_digibok_2013060608065_0008_100,Juni
28,no-nb_digibok_2013060608065_0028_155,Andens
40,no-nb_digibok_2013060608065_0040_137,med
39,no-nb_digibok_2013060608065_0039_73,Apothekernes
25,no-nb_digibok_2013060608065_0025_186,Lovbogen
19,no-nb_digibok_2013060608065_0019_140,Beviser
39,no-nb_digibok_2013060608065_0039_40,en
5,no-nb_digibok_2013060608065_0005_169,at
9,no-nb_digibok_2013060608065_0009_63,optager
49,no-nb_digibok_2013060608065_0049_131,Forordning
13,no-nb_digibok_2013060608065_0013_196,forelagte
7,no-nb_digibok_2013060608065_0007_124,mellem
32,no-nb_digibok_2013060608065_0032_40,at
42,no-nb_digibok_2013060608065_0042_84,at
40,no-nb_digibok_2013060608065_0040_20,gjeldte
42,no-nb_digibok_2013060608065_0042_64,ligeledes
45,no-nb_digibok_2013060608065_0045_140,Tilfælde
26,no-nb_digibok_2013060608065_0026_125,med
12,no-nb_digibok_2013060608065_0012_3,hva
24,no-nb_digibok_2013060608065_0024_157,synes
18,no-nb_digibok_2013060608065_0018_161,sin
44,no-nb_digibok_2013060608065_0044_53,nok
9,no-nb_digibok_2013060608065_0009_30,til
49,no-nb_digibok_2013060608065_0049_154,Frdn
23,no-nb_digibok_2013060608065_0023_122,at
38,no-nb_digibok_2013060608065_0038_28,bringe
29,no-nb_digibok_2013060608065_0029_24,institutet
34,no-nb_digibok_2013060608065_0034_121,bør
28,no-nb_digibok_2013060608065_0028_42,er
30,no-nb_digibok_2013060608065_0030_128,udenfor
8,no-nb_digibok_2013060608065_0008_16,paaberaaber
34,no-nb_digibok_2013060608065_0034_96,af
19,no-nb_digibok_2013060608065_0019_49,de
44,no-nb_digibok_2013060608065_0044_117,enkelt
49,no-nb_digibok_2013060608065_0049_43,eller
41,no-nb_digibok_2013060608065_0041_126,den
29,no-nb_digibok_2013060608065_0029_63,Reglerne
8,no-nb_digibok_2013060608065_0008_126,sin
30,no-nb_digibok_2013060608065_0030_27,boer
28,no-nb_digibok_2013060608065_0028_84,da
42,no-nb_digibok_2013060608065_0042_29,været
37,no-nb_digibok_2013060608065_0037_154,den
17,no-nb_digibok_2013060608065_0017_123,er
6,no-nb_digibok_2013060608065_0006_203,for
22,no-nb_digibok_2013060608065_0022_144,tra
42,no-nb_digibok_2013060608065_0042_10,Siden
26,no-nb_digibok_2013060608065_0026_150,slige
23,no-nb_digibok_2013060608065_0023_164,skulde
15,no-nb_digibok_2013060608065_0015_216,endnu
29,no-nb_digibok_2013060608065_0029_172,Lovgivning
44,no-nb_digibok_2013060608065_0044_84,er
25,no-nb_digibok_2013060608065_0025_168,ikke
14,no-nb_digibok_2013060608065_0014_30,paalagt
50,no-nb_digibok_2013060608065_0050_9,ikke
26,no-nb_digibok_2013060608065_0026_1,uforstaaelig
13,no-nb_digibok_2013060608065_0013_71,norske
36,no-nb_digibok_2013060608065_0036_171,angaaende
42,no-nb_digibok_2013060608065_0042_82,Rette
38,no-nb_digibok_2013060608065_0038_19,har
30,no-nb_digibok_2013060608065_0030_100,et
23,no-nb_digibok_2013060608065_0023_10,Hele
18,no-nb_digibok_2013060608065_0018_156,ogsaa
49,no-nb_digibok_2013060608065_0049_108,ser
6,no-nb_digibok_2013060608065_0006_39,har
40,no-nb_digibok_2013060608065_0040_69,paa
41,no-nb_digibok_2013060608065_0041_94,endnu
29,no-nb_digibok_2013060608065_0029_8,men
24,no-nb_digibok_2013060608065_0024_41,fra
24,no-nb_digibok_2013060608065_0024_110,gamle
44,no-nb_digibok_2013060608065_0044_27,ledes
18,no-nb_digibok_2013060608065_0018_95,ingen
7,no-nb_digibok_2013060608065_0007_116,sluttede
46,no-nb_digibok_2013060608065_0046_116,heelt
10,no-nb_digibok_2013060608065_0010_179,denne
41,no-nb_digibok_2013060608065_0041_34,kun
6,no-nb_digibok_2013060608065_0006_92,ere
8,no-nb_digibok_2013060608065_0008_50,srædelige
3,no-nb_digibok_2013060608065_0003_89,velkaarlige
30,no-nb_digibok_2013060608065_0030_48,har
49,no-nb_digibok_2013060608065_0049_57,Det
29,no-nb_digibok_2013060608065_0029_57,være
33,no-nb_digibok_2013060608065_0033_123,Lovbogen
47,no-nb_digibok_2013060608065_0047_127,at
21,no-nb_digibok_2013060608065_0021_82,og
43,no-nb_digibok_2013060608065_0043_11,Spørgsmaalet
41,no-nb_digibok_2013060608065_0041_42,for
35,no-nb_digibok_2013060608065_0035_148,en
24,no-nb_digibok_2013060608065_0024_9,den
18,no-nb_digibok_2013060608065_0018_70,Mortification
45,no-nb_digibok_2013060608065_0045_64,Fr
31,no-nb_digibok_2013060608065_0031_39,Udarbeidelsen
49,no-nb_digibok_2013060608065_0049_20,som
38,no-nb_digibok_2013060608065_0038_23,til
15,no-nb_digibok_2013060608065_0015_136,at
38,no-nb_digibok_2013060608065_0038_36,at
42,no-nb_digibok_2013060608065_0042_167,den
39,no-nb_digibok_2013060608065_0039_127,og
30,no-nb_digibok_2013060608065_0030_83,han
6,no-nb_digibok_2013060608065_0006_5,Pystemerne
36,no-nb_digibok_2013060608065_0036_64,saasom
8,no-nb_digibok_2013060608065_0008_173,indlyse
25,no-nb_digibok_2013060608065_0025_139,var
9,no-nb_digibok_2013060608065_0009_224,de
43,no-nb_digibok_2013060608065_0043_55,mænd
19,no-nb_digibok_2013060608065_0019_96,tænkt
46,no-nb_digibok_2013060608065_0046_156,af
37,no-nb_digibok_2013060608065_0037_31,Bestemmelserne
40,no-nb_digibok_2013060608065_0040_101,men
5,no-nb_digibok_2013060608065_0005_24,practiske
5,no-nb_digibok_2013060608065_0005_36,har
36,no-nb_digibok_2013060608065_0036_39,forudsætte
13,no-nb_digibok_2013060608065_0013_25,at
14,no-nb_digibok_2013060608065_0014_96,paalagt
23,no-nb_digibok_2013060608065_0023_141,det
25,no-nb_digibok_2013060608065_0025_114,de
32,no-nb_digibok_2013060608065_0032_144,Anvendelsen
46,no-nb_digibok_2013060608065_0046_66,laa
21,no-nb_digibok_2013060608065_0021_165,uden
12,no-nb_digibok_2013060608065_0012_121,Kon
37,no-nb_digibok_2013060608065_0037_62,naturligviis
46,no-nb_digibok_2013060608065_0046_17,til
35,no-nb_digibok_2013060608065_0035_84,og
32,no-nb_digibok_2013060608065_0032_30,Foregaaende
22,no-nb_digibok_2013060608065_0022_21,Kandthingsret
10,no-nb_digibok_2013060608065_0010_86,aldeles
39,no-nb_digibok_2013060608065_0039_147,ved
37,no-nb_digibok_2013060608065_0037_77,var
44,no-nb_digibok_2013060608065_0044_157,ikke
38,no-nb_digibok_2013060608065_0038_157,det
17,no-nb_digibok_2013060608065_0017_18,ninger
27,no-nb_digibok_2013060608065_0027_58,kan
36,no-nb_digibok_2013060608065_0036_56,forhen
49,no-nb_digibok_2013060608065_0049_173,let
41,no-nb_digibok_2013060608065_0041_17,deels
17,no-nb_digibok_2013060608065_0017_84,har
8,no-nb_digibok_2013060608065_0008_108,den
7,no-nb_digibok_2013060608065_0007_138,der
9,no-nb_digibok_2013060608065_0009_109,disse
39,no-nb_digibok_2013060608065_0039_103,en
43,no-nb_digibok_2013060608065_0043_60,Øvrighed
13,no-nb_digibok_2013060608065_0013_21,Kor
9,no-nb_digibok_2013060608065_0009_49,Decbe
9,no-nb_digibok_2013060608065_0009_133,de
37,no-nb_digibok_2013060608065_0037_144,store
8,no-nb_digibok_2013060608065_0008_7,at
30,no-nb_digibok_2013060608065_0030_104,end
46,no-nb_digibok_2013060608065_0046_96,ikke
40,no-nb_digibok_2013060608065_0040_57,Fr
16,no-nb_digibok_2013060608065_0016_195,andre
9,no-nb_digibok_2013060608065_0009_26,med
13,no-nb_digibok_2013060608065_0013_130,og
29,no-nb_digibok_2013060608065_0029_98,Ovganisationen
21,no-nb_digibok_2013060608065_0021_62,skulle
22,no-nb_digibok_2013060608065_0022_160,Fælled
31,no-nb_digibok_2013060608065_0031_23,nistet
6,no-nb_digibok_2013060608065_0006_115,imellem
5,no-nb_digibok_2013060608065_0005_129,sordaler
37,no-nb_digibok_2013060608065_0037_45,ældre
26,no-nb_digibok_2013060608065_0026_56,i
17,no-nb_digibok_2013060608065_0017_164,mindre
23,no-nb_digibok_2013060608065_0023_2,ere
41,no-nb_digibok_2013060608065_0041_31,Octbr
4,no-nb_digibok_2013060608065_0004_155,hos
49,no-nb_digibok_2013060608065_0049_58,er
47,no-nb_digibok_2013060608065_0047_157,paa
21,no-nb_digibok_2013060608065_0021_58,for
41,no-nb_digibok_2013060608065_0041_6,Udgivelsen
30,no-nb_digibok_2013060608065_0030_88,en
13,no-nb_digibok_2013060608065_0013_107,en
15,no-nb_digibok_2013060608065_0015_101,R
14,no-nb_digibok_2013060608065_0014_23,Rescrigten
18,no-nb_digibok_2013060608065_0018_105,som
21,no-nb_digibok_2013060608065_0021_104,nemlig
47,no-nb_digibok_2013060608065_0047_84,om
39,no-nb_digibok_2013060608065_0039_60,maaskee
7,no-nb_digibok_2013060608065_0007_105,tarnelige
19,no-nb_digibok_2013060608065_0019_115,dens
28,no-nb_digibok_2013060608065_0028_165,efter
49,no-nb_digibok_2013060608065_0049_160,saaledes
28,no-nb_digibok_2013060608065_0028_128,have
8,no-nb_digibok_2013060608065_0008_131,og
39,no-nb_digibok_2013060608065_0039_162,anseer
5,no-nb_digibok_2013060608065_0005_166,til
7,no-nb_digibok_2013060608065_0007_20,paa
26,no-nb_digibok_2013060608065_0026_61,ere
36,no-nb_digibok_2013060608065_0036_18,den
41,no-nb_digibok_2013060608065_0041_41,givet
48,no-nb_digibok_2013060608065_0048_85,vel
36,no-nb_digibok_2013060608065_0036_154,anseede
48,no-nb_digibok_2013060608065_0048_93,ud
32,no-nb_digibok_2013060608065_0032_20,deel
23,no-nb_digibok_2013060608065_0023_72,Forudsætning
33,no-nb_digibok_2013060608065_0033_166,undersøger
11,no-nb_digibok_2013060608065_0011_169,uden
31,no-nb_digibok_2013060608065_0031_117,skal
44,no-nb_digibok_2013060608065_0044_131,Skat
42,no-nb_digibok_2013060608065_0042_106,locale
40,no-nb_digibok_2013060608065_0040_17,Tale
6,no-nb_digibok_2013060608065_0006_147,en
16,no-nb_digibok_2013060608065_0016_31,Tid
41,no-nb_digibok_2013060608065_0041_28,Fr
39,no-nb_digibok_2013060608065_0039_2,man
45,no-nb_digibok_2013060608065_0045_28,udkom
39,no-nb_digibok_2013060608065_0039_13,optagne
30,no-nb_digibok_2013060608065_0030_150,fra
26,no-nb_digibok_2013060608065_0026_88,misforstaaet
46,no-nb_digibok_2013060608065_0046_108,den
33,no-nb_digibok_2013060608065_0033_94,under
7,no-nb_digibok_2013060608065_0007_174,næsentligst
37,no-nb_digibok_2013060608065_0037_42,maa
35,no-nb_digibok_2013060608065_0035_45,har
7,no-nb_digibok_2013060608065_0007_22,ferenen
23,no-nb_digibok_2013060608065_0023_66,en
17,no-nb_digibok_2013060608065_0017_88,og
21,no-nb_digibok_2013060608065_0021_88,Opmærksomhed
22,no-nb_digibok_2013060608065_0022_131,og
41,no-nb_digibok_2013060608065_0041_140,norske
24,no-nb_digibok_2013060608065_0024_124,lig
31,no-nb_digibok_2013060608065_0031_116,Lovbog
8,no-nb_digibok_2013060608065_0008_207,næsentlig
26,no-nb_digibok_2013060608065_0026_37,indeholder
10,no-nb_digibok_2013060608065_0010_113,under
20,no-nb_digibok_2013060608065_0020_46,med
36,no-nb_digibok_2013060608065_0036_66,indeholdt
33,no-nb_digibok_2013060608065_0033_148,angaaende
11,no-nb_digibok_2013060608065_0011_137,man
4,no-nb_digibok_2013060608065_0004_97,lig
35,no-nb_digibok_2013060608065_0035_74,for
48,no-nb_digibok_2013060608065_0048_3,Auguet
38,no-nb_digibok_2013060608065_0038_65,denne
23,no-nb_digibok_2013060608065_0023_156,Gods
43,no-nb_digibok_2013060608065_0043_59,om
5,no-nb_digibok_2013060608065_0005_195,til
9,no-nb_digibok_2013060608065_0009_33,optage
25,no-nb_digibok_2013060608065_0025_34,hydske
9,no-nb_digibok_2013060608065_0009_24,medmindre
35,no-nb_digibok_2013060608065_0035_9,havt
18,no-nb_digibok_2013060608065_0018_5,Brug
33,no-nb_digibok_2013060608065_0033_163,efter
43,no-nb_digibok_2013060608065_0043_64,tjente
42,no-nb_digibok_2013060608065_0042_93,Tid
32,no-nb_digibok_2013060608065_0032_69,sin
14,no-nb_digibok_2013060608065_0014_175,i
17,no-nb_digibok_2013060608065_0017_13,sig
35,no-nb_digibok_2013060608065_0035_151,den
3,no-nb_digibok_2013060608065_0003_22,skrevne
28,no-nb_digibok_2013060608065_0028_130,optagne
32,no-nb_digibok_2013060608065_0032_126,lade
21,no-nb_digibok_2013060608065_0021_29,Tranrectioner
22,no-nb_digibok_2013060608065_0022_141,en
6,no-nb_digibok_2013060608065_0006_140,der
13,no-nb_digibok_2013060608065_0013_136,Kone
25,no-nb_digibok_2013060608065_0025_142,vendt
22,no-nb_digibok_2013060608065_0022_169,efterat
15,no-nb_digibok_2013060608065_0015_138,der
6,no-nb_digibok_2013060608065_0006_162,ling
49,no-nb_digibok_2013060608065_0049_166,ikke
9,no-nb_digibok_2013060608065_0009_20,tilhøvende
16,no-nb_digibok_2013060608065_0016_55,Af
6,no-nb_digibok_2013060608065_0006_122,Reglerne
6,no-nb_digibok_2013060608065_0006_28,Eiendomseet
7,no-nb_digibok_2013060608065_0007_104,de
49,no-nb_digibok_2013060608065_0049_51,er
29,no-nb_digibok_2013060608065_0029_164,og
18,no-nb_digibok_2013060608065_0018_179,aabenbar
21,no-nb_digibok_2013060608065_0021_124,den
42,no-nb_digibok_2013060608065_0042_121,og
3,no-nb_digibok_2013060608065_0003_2,over
34,no-nb_digibok_2013060608065_0034_183,og
30,no-nb_digibok_2013060608065_0030_162,saagodtsom
31,no-nb_digibok_2013060608065_0031_82,Instruger
6,no-nb_digibok_2013060608065_0006_7,benævnes
5,no-nb_digibok_2013060608065_0005_62,der
38,no-nb_digibok_2013060608065_0038_158,var
41,no-nb_digibok_2013060608065_0041_10,Octbr
30,no-nb_digibok_2013060608065_0030_32,fast
10,no-nb_digibok_2013060608065_0010_60,gjeldende
49,no-nb_digibok_2013060608065_0049_94,angaaende
45,no-nb_digibok_2013060608065_0045_101,seneste
32,no-nb_digibok_2013060608065_0032_85,saa
27,no-nb_digibok_2013060608065_0027_25,hvori
29,no-nb_digibok_2013060608065_0029_32,er
44,no-nb_digibok_2013060608065_0044_134,Bes
18,no-nb_digibok_2013060608065_0018_27,man
44,no-nb_digibok_2013060608065_0044_129,at
38,no-nb_digibok_2013060608065_0038_66,Mening
11,no-nb_digibok_2013060608065_0011_176,at
43,no-nb_digibok_2013060608065_0043_120,ældre
38,no-nb_digibok_2013060608065_0038_101,gammelt
47,no-nb_digibok_2013060608065_0047_5,Magt
12,no-nb_digibok_2013060608065_0012_129,en
16,no-nb_digibok_2013060608065_0016_34,Kirkeritual
36,no-nb_digibok_2013060608065_0036_87,Lovbogen
42,no-nb_digibok_2013060608065_0042_132,yngre
6,no-nb_digibok_2013060608065_0006_58,har
4,no-nb_digibok_2013060608065_0004_131,følt
42,no-nb_digibok_2013060608065_0042_118,det
20,no-nb_digibok_2013060608065_0020_141,for
4,no-nb_digibok_2013060608065_0004_138,er
26,no-nb_digibok_2013060608065_0026_55,eller
25,no-nb_digibok_2013060608065_0025_81,Betydning
35,no-nb_digibok_2013060608065_0035_92,anregistrenes
13,no-nb_digibok_2013060608065_0013_103,at
42,no-nb_digibok_2013060608065_0042_52,der
12,no-nb_digibok_2013060608065_0012_90,er
16,no-nb_digibok_2013060608065_0016_140,som
15,no-nb_digibok_2013060608065_0015_67,Budet
5,no-nb_digibok_2013060608065_0005_23,det
29,no-nb_digibok_2013060608065_0029_165,Opdænining
44,no-nb_digibok_2013060608065_0044_106,udtrykkelig
27,no-nb_digibok_2013060608065_0027_42,tede
14,no-nb_digibok_2013060608065_0014_90,have
33,no-nb_digibok_2013060608065_0033_125,omtalt
50,no-nb_digibok_2013060608065_0050_119,mod
14,no-nb_digibok_2013060608065_0014_45,ende
42,no-nb_digibok_2013060608065_0042_137,de
34,no-nb_digibok_2013060608065_0034_116,kan
47,no-nb_digibok_2013060608065_0047_25,og
42,no-nb_digibok_2013060608065_0042_117,gjelder
4,no-nb_digibok_2013060608065_0004_54,det
10,no-nb_digibok_2013060608065_0010_34,at
26,no-nb_digibok_2013060608065_0026_142,Jordefærdsfæ
25,no-nb_digibok_2013060608065_0025_167,imidlertid
43,no-nb_digibok_2013060608065_0043_166,den
9,no-nb_digibok_2013060608065_0009_83,af
8,no-nb_digibok_2013060608065_0008_29,med
13,no-nb_digibok_2013060608065_0013_119,det
11,no-nb_digibok_2013060608065_0011_98,saa
24,no-nb_digibok_2013060608065_0024_43,ældre
4,no-nb_digibok_2013060608065_0004_79,længe
17,no-nb_digibok_2013060608065_0017_111,om
21,no-nb_digibok_2013060608065_0021_35,til
49,no-nb_digibok_2013060608065_0049_100,ført
3,no-nb_digibok_2013060608065_0003_17,anden
39,no-nb_digibok_2013060608065_0039_173,uagtet
7,no-nb_digibok_2013060608065_0007_67,der
9,no-nb_digibok_2013060608065_0009_144,har
15,no-nb_digibok_2013060608065_0015_2,er
49,no-nb_digibok_2013060608065_0049_99,var
36,no-nb_digibok_2013060608065_0036_164,endnmu
26,no-nb_digibok_2013060608065_0026_22,saaledes
12,no-nb_digibok_2013060608065_0012_163,eller
48,no-nb_digibok_2013060608065_0048_90,almindelige
15,no-nb_digibok_2013060608065_0015_209,Hele
12,no-nb_digibok_2013060608065_0012_10,det
14,no-nb_digibok_2013060608065_0014_79,burde
40,no-nb_digibok_2013060608065_0040_83,denne
45,no-nb_digibok_2013060608065_0045_141,med
47,no-nb_digibok_2013060608065_0047_33,Bo
45,no-nb_digibok_2013060608065_0045_42,hævedes
48,no-nb_digibok_2013060608065_0048_118,dreve
10,no-nb_digibok_2013060608065_0010_114,deres
12,no-nb_digibok_2013060608065_0012_75,ne
36,no-nb_digibok_2013060608065_0036_55,der
47,no-nb_digibok_2013060608065_0047_189,Anal
44,no-nb_digibok_2013060608065_0044_146,uu
13,no-nb_digibok_2013060608065_0013_19,den
31,no-nb_digibok_2013060608065_0031_112,almindelig
37,no-nb_digibok_2013060608065_0037_131,ved
3,no-nb_digibok_2013060608065_0003_48,hvis
29,no-nb_digibok_2013060608065_0029_81,i
15,no-nb_digibok_2013060608065_0015_98,Ep
32,no-nb_digibok_2013060608065_0032_167,og
25,no-nb_digibok_2013060608065_0025_133,i
5,no-nb_digibok_2013060608065_0005_161,folde
4,no-nb_digibok_2013060608065_0004_87,Disse
25,no-nb_digibok_2013060608065_0025_21,ere
5,no-nb_digibok_2013060608065_0005_22,hor
4,no-nb_digibok_2013060608065_0004_132,cramp
49,no-nb_digibok_2013060608065_0049_11,have
6,no-nb_digibok_2013060608065_0006_178,for
25,no-nb_digibok_2013060608065_0025_82,af
41,no-nb_digibok_2013060608065_0041_39,alene
22,no-nb_digibok_2013060608065_0022_104,naar
39,no-nb_digibok_2013060608065_0039_75,der
7,no-nb_digibok_2013060608065_0007_120,bestaaende
34,no-nb_digibok_2013060608065_0034_132,omtaler
47,no-nb_digibok_2013060608065_0047_191,Frdn
23,no-nb_digibok_2013060608065_0023_59,ere
18,no-nb_digibok_2013060608065_0018_97,Straf
16,no-nb_digibok_2013060608065_0016_71,danske
3,no-nb_digibok_2013060608065_0003_88,af
37,no-nb_digibok_2013060608065_0037_134,faa
28,no-nb_digibok_2013060608065_0028_85,i
45,no-nb_digibok_2013060608065_0045_110,af
42,no-nb_digibok_2013060608065_0042_151,mellem
43,no-nb_digibok_2013060608065_0043_101,være
41,no-nb_digibok_2013060608065_0041_40,er
40,no-nb_digibok_2013060608065_0040_99,dem
29,no-nb_digibok_2013060608065_0029_4,ligge
42,no-nb_digibok_2013060608065_0042_136,men
47,no-nb_digibok_2013060608065_0047_164,anser
42,no-nb_digibok_2013060608065_0042_18,i
21,no-nb_digibok_2013060608065_0021_175,af
12,no-nb_digibok_2013060608065_0012_37,eskrevne
24,no-nb_digibok_2013060608065_0024_39,og
32,no-nb_digibok_2013060608065_0032_179,lægge
10,no-nb_digibok_2013060608065_0010_197,slanddael
6,no-nb_digibok_2013060608065_0006_190,er
37,no-nb_digibok_2013060608065_0037_10,Jannar
35,no-nb_digibok_2013060608065_0035_99,sige
5,no-nb_digibok_2013060608065_0005_68,engend
16,no-nb_digibok_2013060608065_0016_68,ere
36,no-nb_digibok_2013060608065_0036_105,at
19,no-nb_digibok_2013060608065_0019_63,bør
22,no-nb_digibok_2013060608065_0022_13,den
34,no-nb_digibok_2013060608065_0034_3,ordne
36,no-nb_digibok_2013060608065_0036_132,af
15,no-nb_digibok_2013060608065_0015_199,nyere
41,no-nb_digibok_2013060608065_0041_117,er
50,no-nb_digibok_2013060608065_0050_32,i
6,no-nb_digibok_2013060608065_0006_51,ikke
26,no-nb_digibok_2013060608065_0026_44,aldeles
7,no-nb_digibok_2013060608065_0007_206,kunsen
38,no-nb_digibok_2013060608065_0038_72,enten
34,no-nb_digibok_2013060608065_0034_141,April
35,no-nb_digibok_2013060608065_0035_4,alt
29,no-nb_digibok_2013060608065_0029_89,Grad
15,no-nb_digibok_2013060608065_0015_117,melig
9,no-nb_digibok_2013060608065_0009_71,og
12,no-nb_digibok_2013060608065_0012_89,Ret
17,no-nb_digibok_2013060608065_0017_122,Affatning
36,no-nb_digibok_2013060608065_0036_8,destomindre
50,no-nb_digibok_2013060608065_0050_166,Hval
42,no-nb_digibok_2013060608065_0042_11,af
3,no-nb_digibok_2013060608065_0003_25,ligger
24,no-nb_digibok_2013060608065_0024_86,Loven
50,no-nb_digibok_2013060608065_0050_30,at
47,no-nb_digibok_2013060608065_0047_124,sætter
17,no-nb_digibok_2013060608065_0017_92,i
33,no-nb_digibok_2013060608065_0033_108,for
26,no-nb_digibok_2013060608065_0026_167,en
24,no-nb_digibok_2013060608065_0024_91,andre
40,no-nb_digibok_2013060608065_0040_155,gjorde
14,no-nb_digibok_2013060608065_0014_60,og
38,no-nb_digibok_2013060608065_0038_109,længer
20,no-nb_digibok_2013060608065_0020_162,at
14,no-nb_digibok_2013060608065_0014_32,at
16,no-nb_digibok_2013060608065_0016_198,indskrænke
26,no-nb_digibok_2013060608065_0026_165,forstaaes
4,no-nb_digibok_2013060608065_0004_90,ikke
21,no-nb_digibok_2013060608065_0021_96,Lovbog
17,no-nb_digibok_2013060608065_0017_25,Dens
20,no-nb_digibok_2013060608065_0020_167,havi
18,no-nb_digibok_2013060608065_0018_48,og
42,no-nb_digibok_2013060608065_0042_104,at
14,no-nb_digibok_2013060608065_0014_151,først
22,no-nb_digibok_2013060608065_0022_41,i
6,no-nb_digibok_2013060608065_0006_49,denne
18,no-nb_digibok_2013060608065_0018_132,sig
31,no-nb_digibok_2013060608065_0031_73,nedsat
40,no-nb_digibok_2013060608065_0040_53,til
7,no-nb_digibok_2013060608065_0007_122,Hole
11,no-nb_digibok_2013060608065_0011_56,og
42,no-nb_digibok_2013060608065_0042_154,maatte
48,no-nb_digibok_2013060608065_0048_68,ikke
43,no-nb_digibok_2013060608065_0043_46,de
11,no-nb_digibok_2013060608065_0011_102,er
35,no-nb_digibok_2013060608065_0035_136,synes
28,no-nb_digibok_2013060608065_0028_52,gjeldende
46,no-nb_digibok_2013060608065_0046_148,at
4,no-nb_digibok_2013060608065_0004_164,Kome
35,no-nb_digibok_2013060608065_0035_62,ogsaa
19,no-nb_digibok_2013060608065_0019_100,Beviis
5,no-nb_digibok_2013060608065_0005_208,uden
15,no-nb_digibok_2013060608065_0015_196,Andet
6,no-nb_digibok_2013060608065_0006_42,og
11,no-nb_digibok_2013060608065_0011_70,Orpræg
49,no-nb_digibok_2013060608065_0049_37,ulovligt
37,no-nb_digibok_2013060608065_0037_21,efter
34,no-nb_digibok_2013060608065_0034_133,Forordningen
9,no-nb_digibok_2013060608065_0009_120,og
43,no-nb_digibok_2013060608065_0043_116,om
23,no-nb_digibok_2013060608065_0023_198,i
21,no-nb_digibok_2013060608065_0021_102,det
19,no-nb_digibok_2013060608065_0019_130,i
43,no-nb_digibok_2013060608065_0043_165,ogsaa
41,no-nb_digibok_2013060608065_0041_151,af
46,no-nb_digibok_2013060608065_0046_117,og
7,no-nb_digibok_2013060608065_0007_126,dømmende
34,no-nb_digibok_2013060608065_0034_75,Haandværksdrift
27,no-nb_digibok_2013060608065_0027_73,en
31,no-nb_digibok_2013060608065_0031_71,blev
8,no-nb_digibok_2013060608065_0008_64,i
24,no-nb_digibok_2013060608065_0024_205,i
3,no-nb_digibok_2013060608065_0003_37,til
12,no-nb_digibok_2013060608065_0012_45,finder
19,no-nb_digibok_2013060608065_0019_156,fordeles
35,no-nb_digibok_2013060608065_0035_49,at
48,no-nb_digibok_2013060608065_0048_8,betragtedes
15,no-nb_digibok_2013060608065_0015_20,den
7,no-nb_digibok_2013060608065_0007_26,det
17,no-nb_digibok_2013060608065_0017_2,forhen
11,no-nb_digibok_2013060608065_0011_73,uskrevene
32,no-nb_digibok_2013060608065_0032_164,Lovbog
27,no-nb_digibok_2013060608065_0027_97,dere
49,no-nb_digibok_2013060608065_0049_70,befaler
25,no-nb_digibok_2013060608065_0025_55,misforstaaet
32,no-nb_digibok_2013060608065_0032_90,kan
34,no-nb_digibok_2013060608065_0034_27,til
34,no-nb_digibok_2013060608065_0034_131,udtrykkelig
39,no-nb_digibok_2013060608065_0039_16,saa
38,no-nb_digibok_2013060608065_0038_82,Fr
16,no-nb_digibok_2013060608065_0016_65,Peghorsts
17,no-nb_digibok_2013060608065_0017_59,er
8,no-nb_digibok_2013060608065_0008_224,ved
28,no-nb_digibok_2013060608065_0028_51,være
44,no-nb_digibok_2013060608065_0044_69,en
10,no-nb_digibok_2013060608065_0010_140,nye
8,no-nb_digibok_2013060608065_0008_220,er
48,no-nb_digibok_2013060608065_0048_14,ved
27,no-nb_digibok_2013060608065_0027_144,De
47,no-nb_digibok_2013060608065_0047_4,med
5,no-nb_digibok_2013060608065_0005_146,som
10,no-nb_digibok_2013060608065_0010_63,Moderen
32,no-nb_digibok_2013060608065_0032_37,det
44,no-nb_digibok_2013060608065_0044_125,Præsteenkers
8,no-nb_digibok_2013060608065_0008_76,korsheder
11,no-nb_digibok_2013060608065_0011_67,meest
28,no-nb_digibok_2013060608065_0028_24,norske
29,no-nb_digibok_2013060608065_0029_48,Forræderi
16,no-nb_digibok_2013060608065_0016_38,vor
28,no-nb_digibok_2013060608065_0028_44,at
48,no-nb_digibok_2013060608065_0048_110,eller
11,no-nb_digibok_2013060608065_0011_156,Billighed
8,no-nb_digibok_2013060608065_0008_204,ikke
46,no-nb_digibok_2013060608065_0046_81,eller
39,no-nb_digibok_2013060608065_0039_154,allerede
11,no-nb_digibok_2013060608065_0011_157,eller
13,no-nb_digibok_2013060608065_0013_74,da
50,no-nb_digibok_2013060608065_0050_161,om
7,no-nb_digibok_2013060608065_0007_13,berøie
10,no-nb_digibok_2013060608065_0010_5,Turators
36,no-nb_digibok_2013060608065_0036_106,denne
41,no-nb_digibok_2013060608065_0041_136,end
31,no-nb_digibok_2013060608065_0031_121,ket
46,no-nb_digibok_2013060608065_0046_125,Præsumtionen
32,no-nb_digibok_2013060608065_0032_68,i
13,no-nb_digibok_2013060608065_0013_181,Kancelliraaderne
39,no-nb_digibok_2013060608065_0039_71,henhørende
18,no-nb_digibok_2013060608065_0018_82,en
25,no-nb_digibok_2013060608065_0025_113,at
48,no-nb_digibok_2013060608065_0048_106,lide
7,no-nb_digibok_2013060608065_0007_5,beroede
21,no-nb_digibok_2013060608065_0021_100,sine
45,no-nb_digibok_2013060608065_0045_14,hvilken
22,no-nb_digibok_2013060608065_0022_109,Landene
36,no-nb_digibok_2013060608065_0036_149,Vragere
36,no-nb_digibok_2013060608065_0036_124,stode
14,no-nb_digibok_2013060608065_0014_119,det
15,no-nb_digibok_2013060608065_0015_87,uagtet
8,no-nb_digibok_2013060608065_0008_47,som
34,no-nb_digibok_2013060608065_0034_108,alle
24,no-nb_digibok_2013060608065_0024_87,indkomne
7,no-nb_digibok_2013060608065_0007_28,kun
12,no-nb_digibok_2013060608065_0012_108,Chr
28,no-nb_digibok_2013060608065_0028_41,ikke
14,no-nb_digibok_2013060608065_0014_161,at
15,no-nb_digibok_2013060608065_0015_63,i
48,no-nb_digibok_2013060608065_0048_150,ere
35,no-nb_digibok_2013060608065_0035_102,en
26,no-nb_digibok_2013060608065_0026_89,af
34,no-nb_digibok_2013060608065_0034_165,af
26,no-nb_digibok_2013060608065_0026_42,som
47,no-nb_digibok_2013060608065_0047_53,ler
22,no-nb_digibok_2013060608065_0022_79,Danmark
35,no-nb_digibok_2013060608065_0035_154,meget
40,no-nb_digibok_2013060608065_0040_97,at
49,no-nb_digibok_2013060608065_0049_27,forinden
17,no-nb_digibok_2013060608065_0017_188,hyppigt
33,no-nb_digibok_2013060608065_0033_50,Loven
28,no-nb_digibok_2013060608065_0028_179,danske
7,no-nb_digibok_2013060608065_0007_123,Forskjellen
37,no-nb_digibok_2013060608065_0037_123,for
48,no-nb_digibok_2013060608065_0048_168,ved
20,no-nb_digibok_2013060608065_0020_14,htispis
13,no-nb_digibok_2013060608065_0013_6,mar
8,no-nb_digibok_2013060608065_0008_152,hos
12,no-nb_digibok_2013060608065_0012_39,forbindende
20,no-nb_digibok_2013060608065_0020_2,indeholde
14,no-nb_digibok_2013060608065_0014_48,i
4,no-nb_digibok_2013060608065_0004_60,i
39,no-nb_digibok_2013060608065_0039_165,Marti
18,no-nb_digibok_2013060608065_0018_1,Regler
17,no-nb_digibok_2013060608065_0017_132,en
5,no-nb_digibok_2013060608065_0005_113,mindelighed
44,no-nb_digibok_2013060608065_0044_149,hævet
11,no-nb_digibok_2013060608065_0011_136,naar
17,no-nb_digibok_2013060608065_0017_15,fra
27,no-nb_digibok_2013060608065_0027_139,saagodtsom
49,no-nb_digibok_2013060608065_0049_67,Mao
46,no-nb_digibok_2013060608065_0046_111,Tivile
39,no-nb_digibok_2013060608065_0039_76,ligesom
14,no-nb_digibok_2013060608065_0014_131,forordnede
3,no-nb_digibok_2013060608065_0003_85,gode
21,no-nb_digibok_2013060608065_0021_48,ret
18,no-nb_digibok_2013060608065_0018_128,at
15,no-nb_digibok_2013060608065_0015_32,den
22,no-nb_digibok_2013060608065_0022_114,om
13,no-nb_digibok_2013060608065_0013_57,at
17,no-nb_digibok_2013060608065_0017_197,end
22,no-nb_digibok_2013060608065_0022_98,overført
4,no-nb_digibok_2013060608065_0004_6,derls
4,no-nb_digibok_2013060608065_0004_162,hvis
24,no-nb_digibok_2013060608065_0024_7,Paaanke
47,no-nb_digibok_2013060608065_0047_59,at
13,no-nb_digibok_2013060608065_0013_64,Retjente
34,no-nb_digibok_2013060608065_0034_11,denne
21,no-nb_digibok_2013060608065_0021_66,mod
42,no-nb_digibok_2013060608065_0042_169,og
30,no-nb_digibok_2013060608065_0030_8,i
15,no-nb_digibok_2013060608065_0015_176,ved
32,no-nb_digibok_2013060608065_0032_168,hvilke
8,no-nb_digibok_2013060608065_0008_107,kam
32,no-nb_digibok_2013060608065_0032_161,Chrk
5,no-nb_digibok_2013060608065_0005_79,de
5,no-nb_digibok_2013060608065_0005_185,udtrykkelig
20,no-nb_digibok_2013060608065_0020_136,Overretten
28,no-nb_digibok_2013060608065_0028_19,findes
13,no-nb_digibok_2013060608065_0013_99,og
15,no-nb_digibok_2013060608065_0015_27,saadant
44,no-nb_digibok_2013060608065_0044_71,af
47,no-nb_digibok_2013060608065_0047_91,var
39,no-nb_digibok_2013060608065_0039_128,Frdr
42,no-nb_digibok_2013060608065_0042_5,maa
12,no-nb_digibok_2013060608065_0012_145,med
32,no-nb_digibok_2013060608065_0032_176,man
42,no-nb_digibok_2013060608065_0042_32,Hensyn
49,no-nb_digibok_2013060608065_0049_134,blev
13,no-nb_digibok_2013060608065_0013_63,dueligsked
9,no-nb_digibok_2013060608065_0009_97,om
7,no-nb_digibok_2013060608065_0007_158,Forbegaaende
33,no-nb_digibok_2013060608065_0033_147,denne
29,no-nb_digibok_2013060608065_0029_103,i
43,no-nb_digibok_2013060608065_0043_155,til
30,no-nb_digibok_2013060608065_0030_61,vor
11,no-nb_digibok_2013060608065_0011_71,af
18,no-nb_digibok_2013060608065_0018_15,forskjellige
39,no-nb_digibok_2013060608065_0039_9,ved
46,no-nb_digibok_2013060608065_0046_103,behandle
40,no-nb_digibok_2013060608065_0040_127,det
49,no-nb_digibok_2013060608065_0049_174,om
31,no-nb_digibok_2013060608065_0031_13,en
22,no-nb_digibok_2013060608065_0022_61,vil
22,no-nb_digibok_2013060608065_0022_62,have
7,no-nb_digibok_2013060608065_0007_199,enig
4,no-nb_digibok_2013060608065_0004_174,ufuldstændig
38,no-nb_digibok_2013060608065_0038_7,Febr
19,no-nb_digibok_2013060608065_0019_157,Bøderne
43,no-nb_digibok_2013060608065_0043_103,tommende
50,no-nb_digibok_2013060608065_0050_121,un
41,no-nb_digibok_2013060608065_0041_5,med
39,no-nb_digibok_2013060608065_0039_67,har
12,no-nb_digibok_2013060608065_0012_63,forskjellige
32,no-nb_digibok_2013060608065_0032_59,dog
39,no-nb_digibok_2013060608065_0039_114,vel
36,no-nb_digibok_2013060608065_0036_28,for
12,no-nb_digibok_2013060608065_0012_124,saagodtsom
40,no-nb_digibok_2013060608065_0040_98,faa
14,no-nb_digibok_2013060608065_0014_162,den
22,no-nb_digibok_2013060608065_0022_95,enkelt
47,no-nb_digibok_2013060608065_0047_42,han
8,no-nb_digibok_2013060608065_0008_98,de
40,no-nb_digibok_2013060608065_0040_114,til
33,no-nb_digibok_2013060608065_0033_45,dog
30,no-nb_digibok_2013060608065_0030_79,til
37,no-nb_digibok_2013060608065_0037_110,af
47,no-nb_digibok_2013060608065_0047_72,maatte
32,no-nb_digibok_2013060608065_0032_114,skal
41,no-nb_digibok_2013060608065_0041_113,deres
34,no-nb_digibok_2013060608065_0034_80,og
40,no-nb_digibok_2013060608065_0040_96,for
38,no-nb_digibok_2013060608065_0038_103,Chr
41,no-nb_digibok_2013060608065_0041_71,hvorom
38,no-nb_digibok_2013060608065_0038_167,af
22,no-nb_digibok_2013060608065_0022_34,Dom
32,no-nb_digibok_2013060608065_0032_149,af
36,no-nb_digibok_2013060608065_0036_119,forsaavidt
38,no-nb_digibok_2013060608065_0038_107,Reces
31,no-nb_digibok_2013060608065_0031_20,senere
38,no-nb_digibok_2013060608065_0038_13,som
20,no-nb_digibok_2013060608065_0020_29,Harmoni
45,no-nb_digibok_2013060608065_0045_23,Frd
17,no-nb_digibok_2013060608065_0017_157,en
15,no-nb_digibok_2013060608065_0015_125,til
47,no-nb_digibok_2013060608065_0047_86,var
24,no-nb_digibok_2013060608065_0024_48,Femte
6,no-nb_digibok_2013060608065_0006_10,Man
48,no-nb_digibok_2013060608065_0048_159,maatte
7,no-nb_digibok_2013060608065_0007_7,Christian
36,no-nb_digibok_2013060608065_0036_36,Mao
29,no-nb_digibok_2013060608065_0029_71,tydske
20,no-nb_digibok_2013060608065_0020_149,Møde
32,no-nb_digibok_2013060608065_0032_28,i
39,no-nb_digibok_2013060608065_0039_44,synes
4,no-nb_digibok_2013060608065_0004_15,hvemterenget
21,no-nb_digibok_2013060608065_0021_32,Retkigheders
20,no-nb_digibok_2013060608065_0020_143,Parter
17,no-nb_digibok_2013060608065_0017_159,abstract
47,no-nb_digibok_2013060608065_0047_146,gjeldende
9,no-nb_digibok_2013060608065_0009_191,at
21,no-nb_digibok_2013060608065_0021_150,ikke
47,no-nb_digibok_2013060608065_0047_16,var
8,no-nb_digibok_2013060608065_0008_65,det
5,no-nb_digibok_2013060608065_0005_193,derimod
23,no-nb_digibok_2013060608065_0023_137,er
37,no-nb_digibok_2013060608065_0037_18,kunde
10,no-nb_digibok_2013060608065_0010_71,naturligvier
36,no-nb_digibok_2013060608065_0036_21,have
4,no-nb_digibok_2013060608065_0004_80,førend
41,no-nb_digibok_2013060608065_0041_29,af
41,no-nb_digibok_2013060608065_0041_81,bleve
9,no-nb_digibok_2013060608065_0009_205,naar
6,no-nb_digibok_2013060608065_0006_205,Mæsentligsted
3,no-nb_digibok_2013060608065_0003_67,saaledes
43,no-nb_digibok_2013060608065_0043_96,kunde
44,no-nb_digibok_2013060608065_0044_72,Fr
13,no-nb_digibok_2013060608065_0013_125,den
22,no-nb_digibok_2013060608065_0022_63,Stevning
12,no-nb_digibok_2013060608065_0012_158,faaet
31,no-nb_digibok_2013060608065_0031_18,ved
39,no-nb_digibok_2013060608065_0039_52,almindelig
34,no-nb_digibok_2013060608065_0034_82,Saaledes
31,no-nb_digibok_2013060608065_0031_11,blev
8,no-nb_digibok_2013060608065_0008_62,kan
6,no-nb_digibok_2013060608065_0006_116,Medcontrasenter
23,no-nb_digibok_2013060608065_0023_143,npassende
9,no-nb_digibok_2013060608065_0009_221,et
21,no-nb_digibok_2013060608065_0021_87,Særegen
19,no-nb_digibok_2013060608065_0019_16,rigtig
30,no-nb_digibok_2013060608065_0030_148,forresten
46,no-nb_digibok_2013060608065_0046_119,inden
28,no-nb_digibok_2013060608065_0028_57,ere
36,no-nb_digibok_2013060608065_0036_25,et
27,no-nb_digibok_2013060608065_0027_59,man
3,no-nb_digibok_2013060608065_0003_69,denne
23,no-nb_digibok_2013060608065_0023_64,og
9,no-nb_digibok_2013060608065_0009_128,og
43,no-nb_digibok_2013060608065_0043_16,som
5,no-nb_digibok_2013060608065_0005_85,og
12,no-nb_digibok_2013060608065_0012_96,paa
35,no-nb_digibok_2013060608065_0035_10,til
14,no-nb_digibok_2013060608065_0014_133,Bededag
16,no-nb_digibok_2013060608065_0016_191,den
11,no-nb_digibok_2013060608065_0011_165,hactiske
25,no-nb_digibok_2013060608065_0025_175,vel
44,no-nb_digibok_2013060608065_0044_64,Fastsættelse
27,no-nb_digibok_2013060608065_0027_35,man
28,no-nb_digibok_2013060608065_0028_23,i
5,no-nb_digibok_2013060608065_0005_209,at
34,no-nb_digibok_2013060608065_0034_6,uberørte
25,no-nb_digibok_2013060608065_0025_63,Skjøder
46,no-nb_digibok_2013060608065_0046_52,traadt
15,no-nb_digibok_2013060608065_0015_14,at
4,no-nb_digibok_2013060608065_0004_182,i
44,no-nb_digibok_2013060608065_0044_21,laa
17,no-nb_digibok_2013060608065_0017_11,Stræben
20,no-nb_digibok_2013060608065_0020_49,at
33,no-nb_digibok_2013060608065_0033_102,tages
22,no-nb_digibok_2013060608065_0022_51,paaanket
30,no-nb_digibok_2013060608065_0030_124,citerede
7,no-nb_digibok_2013060608065_0007_117,sig
38,no-nb_digibok_2013060608065_0038_62,forbindende
33,no-nb_digibok_2013060608065_0033_152,der
16,no-nb_digibok_2013060608065_0016_15,i
17,no-nb_digibok_2013060608065_0017_8,om
27,no-nb_digibok_2013060608065_0027_53,den
24,no-nb_digibok_2013060608065_0024_88,nye
33,no-nb_digibok_2013060608065_0033_101,maa
43,no-nb_digibok_2013060608065_0043_65,i
45,no-nb_digibok_2013060608065_0045_151,stor
18,no-nb_digibok_2013060608065_0018_42,i
24,no-nb_digibok_2013060608065_0024_109,de
11,no-nb_digibok_2013060608065_0011_91,af
5,no-nb_digibok_2013060608065_0005_173,sig
41,no-nb_digibok_2013060608065_0041_128,Euli
47,no-nb_digibok_2013060608065_0047_173,hvoraf
7,no-nb_digibok_2013060608065_0007_144,alene
6,no-nb_digibok_2013060608065_0006_88,til
21,no-nb_digibok_2013060608065_0021_166,at
35,no-nb_digibok_2013060608065_0035_15,og
23,no-nb_digibok_2013060608065_0023_16,og
17,no-nb_digibok_2013060608065_0017_74,end
27,no-nb_digibok_2013060608065_0027_157,tagne
39,no-nb_digibok_2013060608065_0039_137,maa
5,no-nb_digibok_2013060608065_0005_88,Eiendomcretten
9,no-nb_digibok_2013060608065_0009_1,ialfald
10,no-nb_digibok_2013060608065_0010_52,om
24,no-nb_digibok_2013060608065_0024_178,vanskelig
14,no-nb_digibok_2013060608065_0014_19,haaet
14,no-nb_digibok_2013060608065_0014_72,der
47,no-nb_digibok_2013060608065_0047_183,man
16,no-nb_digibok_2013060608065_0016_84,haves
12,no-nb_digibok_2013060608065_0012_77,men
25,no-nb_digibok_2013060608065_0025_65,da
44,no-nb_digibok_2013060608065_0044_57,Skattevæsenet
8,no-nb_digibok_2013060608065_0008_196,aller
4,no-nb_digibok_2013060608065_0004_140,ikke
6,no-nb_digibok_2013060608065_0006_172,mend
43,no-nb_digibok_2013060608065_0043_4,ansaa
40,no-nb_digibok_2013060608065_0040_146,almindelig
19,no-nb_digibok_2013060608065_0019_136,at
27,no-nb_digibok_2013060608065_0027_76,Udgave
47,no-nb_digibok_2013060608065_0047_18,for
34,no-nb_digibok_2013060608065_0034_15,der
42,no-nb_digibok_2013060608065_0042_92,Alders
37,no-nb_digibok_2013060608065_0037_167,da
46,no-nb_digibok_2013060608065_0046_163,havde
5,no-nb_digibok_2013060608065_0005_119,alene
44,no-nb_digibok_2013060608065_0044_121,maa
12,no-nb_digibok_2013060608065_0012_54,forskjellige
44,no-nb_digibok_2013060608065_0044_87,Fr
5,no-nb_digibok_2013060608065_0005_198,forhen
40,no-nb_digibok_2013060608065_0040_79,almindelig
24,no-nb_digibok_2013060608065_0024_103,lade
36,no-nb_digibok_2013060608065_0036_38,som
50,no-nb_digibok_2013060608065_0050_97,nu
4,no-nb_digibok_2013060608065_0004_45,i
46,no-nb_digibok_2013060608065_0046_87,kaldte
22,no-nb_digibok_2013060608065_0022_101,Det
46,no-nb_digibok_2013060608065_0046_67,udenfor
21,no-nb_digibok_2013060608065_0021_112,og
37,no-nb_digibok_2013060608065_0037_99,af
28,no-nb_digibok_2013060608065_0028_164,dannet
19,no-nb_digibok_2013060608065_0019_81,det
5,no-nb_digibok_2013060608065_0005_16,tiltaget
37,no-nb_digibok_2013060608065_0037_150,fremdeles
8,no-nb_digibok_2013060608065_0008_205,er
8,no-nb_digibok_2013060608065_0008_135,at
21,no-nb_digibok_2013060608065_0021_12,afgiver
43,no-nb_digibok_2013060608065_0043_182,fælde
39,no-nb_digibok_2013060608065_0039_171,Bededag
7,no-nb_digibok_2013060608065_0007_184,krav
15,no-nb_digibok_2013060608065_0015_124,Slit
28,no-nb_digibok_2013060608065_0028_2,fremmede
3,no-nb_digibok_2013060608065_0003_105,Aggreget
48,no-nb_digibok_2013060608065_0048_131,Lovbogens
12,no-nb_digibok_2013060608065_0012_14,den
14,no-nb_digibok_2013060608065_0014_139,Lomans
34,no-nb_digibok_2013060608065_0034_94,og
38,no-nb_digibok_2013060608065_0038_77,om
22,no-nb_digibok_2013060608065_0022_87,Udtrykket
49,no-nb_digibok_2013060608065_0049_147,ere
48,no-nb_digibok_2013060608065_0048_151,optagne
38,no-nb_digibok_2013060608065_0038_74,man
8,no-nb_digibok_2013060608065_0008_169,som
40,no-nb_digibok_2013060608065_0040_112,vi
8,no-nb_digibok_2013060608065_0008_35,Denne
20,no-nb_digibok_2013060608065_0020_154,maa
36,no-nb_digibok_2013060608065_0036_1,agtighed
14,no-nb_digibok_2013060608065_0014_64,som
46,no-nb_digibok_2013060608065_0046_31,menfatte
43,no-nb_digibok_2013060608065_0043_97,lægge
23,no-nb_digibok_2013060608065_0023_124,det
17,no-nb_digibok_2013060608065_0017_31,i
30,no-nb_digibok_2013060608065_0030_15,i
5,no-nb_digibok_2013060608065_0005_2,er
17,no-nb_digibok_2013060608065_0017_168,norske
49,no-nb_digibok_2013060608065_0049_42,bortfalden
14,no-nb_digibok_2013060608065_0014_187,enninger
4,no-nb_digibok_2013060608065_0004_154,der
40,no-nb_digibok_2013060608065_0040_158,at
23,no-nb_digibok_2013060608065_0023_163,Loven
35,no-nb_digibok_2013060608065_0035_100,indføres
21,no-nb_digibok_2013060608065_0021_61,Rettigheder
13,no-nb_digibok_2013060608065_0013_88,Manuar
15,no-nb_digibok_2013060608065_0015_95,udtalte
11,no-nb_digibok_2013060608065_0011_42,høiere
22,no-nb_digibok_2013060608065_0022_54,og
40,no-nb_digibok_2013060608065_0040_16,daglig
24,no-nb_digibok_2013060608065_0024_99,Fortolkerne
14,no-nb_digibok_2013060608065_0014_52,andre
18,no-nb_digibok_2013060608065_0018_22,omtalt
28,no-nb_digibok_2013060608065_0028_16,flere
30,no-nb_digibok_2013060608065_0030_110,aldeles
12,no-nb_digibok_2013060608065_0012_137,Komn
17,no-nb_digibok_2013060608065_0017_81,og
27,no-nb_digibok_2013060608065_0027_26,det
13,no-nb_digibok_2013060608065_0013_89,og
27,no-nb_digibok_2013060608065_0027_79,ældre
10,no-nb_digibok_2013060608065_0010_91,Tvertimod
3,no-nb_digibok_2013060608065_0003_18,pasitiv
9,no-nb_digibok_2013060608065_0009_41,hvilket
45,no-nb_digibok_2013060608065_0045_50,der
11,no-nb_digibok_2013060608065_0011_5,Deel
38,no-nb_digibok_2013060608065_0038_86,og
23,no-nb_digibok_2013060608065_0023_31,at
16,no-nb_digibok_2013060608065_0016_162,Undertrykkelse
21,no-nb_digibok_2013060608065_0021_4,som
10,no-nb_digibok_2013060608065_0010_137,idelig
47,no-nb_digibok_2013060608065_0047_61,er
32,no-nb_digibok_2013060608065_0032_23,skrevne
35,no-nb_digibok_2013060608065_0035_39,April
44,no-nb_digibok_2013060608065_0044_100,om
49,no-nb_digibok_2013060608065_0049_88,burde
45,no-nb_digibok_2013060608065_0045_74,hvilket
7,no-nb_digibok_2013060608065_0007_200,i
47,no-nb_digibok_2013060608065_0047_110,gjentaget
42,no-nb_digibok_2013060608065_0042_43,at
41,no-nb_digibok_2013060608065_0041_13,sees
36,no-nb_digibok_2013060608065_0036_91,flere
15,no-nb_digibok_2013060608065_0015_161,for
39,no-nb_digibok_2013060608065_0039_30,i
27,no-nb_digibok_2013060608065_0027_74,blot
44,no-nb_digibok_2013060608065_0044_159,Skattels
6,no-nb_digibok_2013060608065_0006_206,paa
42,no-nb_digibok_2013060608065_0042_6,de
9,no-nb_digibok_2013060608065_0009_186,blot
42,no-nb_digibok_2013060608065_0042_152,deres
5,no-nb_digibok_2013060608065_0005_53,practisker
6,no-nb_digibok_2013060608065_0006_160,skadegjørende
45,no-nb_digibok_2013060608065_0045_102,Tid
27,no-nb_digibok_2013060608065_0027_112,Da
11,no-nb_digibok_2013060608065_0011_105,af
12,no-nb_digibok_2013060608065_0012_51,ere
17,no-nb_digibok_2013060608065_0017_153,af
38,no-nb_digibok_2013060608065_0038_126,med
20,no-nb_digibok_2013060608065_0020_66,i
19,no-nb_digibok_2013060608065_0019_15,sig
10,no-nb_digibok_2013060608065_0010_202,forskjellige
34,no-nb_digibok_2013060608065_0034_167,Bud
49,no-nb_digibok_2013060608065_0049_31,Frdn
43,no-nb_digibok_2013060608065_0043_164,at
9,no-nb_digibok_2013060608065_0009_158,gel
23,no-nb_digibok_2013060608065_0023_134,Denne
12,no-nb_digibok_2013060608065_0012_177,erholdt
40,no-nb_digibok_2013060608065_0040_66,Nøglebøsser
29,no-nb_digibok_2013060608065_0029_132,at
23,no-nb_digibok_2013060608065_0023_110,fra
30,no-nb_digibok_2013060608065_0030_33,Gods
9,no-nb_digibok_2013060608065_0009_217,et
28,no-nb_digibok_2013060608065_0028_139,hvad
39,no-nb_digibok_2013060608065_0039_80,efter
34,no-nb_digibok_2013060608065_0034_41,ved
24,no-nb_digibok_2013060608065_0024_59,ikke
47,no-nb_digibok_2013060608065_0047_143,er
21,no-nb_digibok_2013060608065_0021_16,om
23,no-nb_digibok_2013060608065_0023_101,Ret
12,no-nb_digibok_2013060608065_0012_139,meget
19,no-nb_digibok_2013060608065_0019_126,enkelte
6,no-nb_digibok_2013060608065_0006_154,og
18,no-nb_digibok_2013060608065_0018_172,Straffen
46,no-nb_digibok_2013060608065_0046_129,da
43,no-nb_digibok_2013060608065_0043_112,Grund
48,no-nb_digibok_2013060608065_0048_164,gjeldende
43,no-nb_digibok_2013060608065_0043_111,den
15,no-nb_digibok_2013060608065_0015_49,ei
47,no-nb_digibok_2013060608065_0047_73,man
39,no-nb_digibok_2013060608065_0039_12,ikke
47,no-nb_digibok_2013060608065_0047_66,at
19,no-nb_digibok_2013060608065_0019_132,synes
50,no-nb_digibok_2013060608065_0050_38,under
32,no-nb_digibok_2013060608065_0032_86,stadige
47,no-nb_digibok_2013060608065_0047_67,Lovbogen
19,no-nb_digibok_2013060608065_0019_160,og
43,no-nb_digibok_2013060608065_0043_158,Kammerretsordning
38,no-nb_digibok_2013060608065_0038_41,haves
18,no-nb_digibok_2013060608065_0018_157,været
47,no-nb_digibok_2013060608065_0047_38,medens
26,no-nb_digibok_2013060608065_0026_3,paa
42,no-nb_digibok_2013060608065_0042_34,Geistlighedens
32,no-nb_digibok_2013060608065_0032_29,det
49,no-nb_digibok_2013060608065_0049_189,paa
13,no-nb_digibok_2013060608065_0013_3,en
37,no-nb_digibok_2013060608065_0037_69,ogsaa
40,no-nb_digibok_2013060608065_0040_103,fik
15,no-nb_digibok_2013060608065_0015_149,som
19,no-nb_digibok_2013060608065_0019_148,Mangel
24,no-nb_digibok_2013060608065_0024_23,ikke
15,no-nb_digibok_2013060608065_0015_106,stifte
42,no-nb_digibok_2013060608065_0042_80,eller
11,no-nb_digibok_2013060608065_0011_173,muligt
9,no-nb_digibok_2013060608065_0009_184,endeholde
11,no-nb_digibok_2013060608065_0011_10,med
7,no-nb_digibok_2013060608065_0007_136,forskjellige
35,no-nb_digibok_2013060608065_0035_82,er
35,no-nb_digibok_2013060608065_0035_130,staaer
12,no-nb_digibok_2013060608065_0012_50,der
35,no-nb_digibok_2013060608065_0035_142,have
47,no-nb_digibok_2013060608065_0047_76,faa
4,no-nb_digibok_2013060608065_0004_72,ovr
4,no-nb_digibok_2013060608065_0004_17,yder
10,no-nb_digibok_2013060608065_0010_145,saaledes
23,no-nb_digibok_2013060608065_0023_159,som
28,no-nb_digibok_2013060608065_0028_178,den
47,no-nb_digibok_2013060608065_0047_45,fyldestgjore
40,no-nb_digibok_2013060608065_0040_86,Loven
22,no-nb_digibok_2013060608065_0022_25,naar
11,no-nb_digibok_2013060608065_0011_36,som
11,no-nb_digibok_2013060608065_0011_3,den
18,no-nb_digibok_2013060608065_0018_124,og
20,no-nb_digibok_2013060608065_0020_140,indkalde
12,no-nb_digibok_2013060608065_0012_128,vår
9,no-nb_digibok_2013060608065_0009_39,begrændse
33,no-nb_digibok_2013060608065_0033_58,og
15,no-nb_digibok_2013060608065_0015_160,Grundlaget
11,no-nb_digibok_2013060608065_0011_145,den
27,no-nb_digibok_2013060608065_0027_113,danske
17,no-nb_digibok_2013060608065_0017_50,hjemlet
11,no-nb_digibok_2013060608065_0011_110,saaledes
18,no-nb_digibok_2013060608065_0018_173,for
29,no-nb_digibok_2013060608065_0029_79,flere
25,no-nb_digibok_2013060608065_0025_140,derved
44,no-nb_digibok_2013060608065_0044_30,vmed
28,no-nb_digibok_2013060608065_0028_148,Bog
23,no-nb_digibok_2013060608065_0023_50,indkommen
7,no-nb_digibok_2013060608065_0007_146,efter
31,no-nb_digibok_2013060608065_0031_68,af
50,no-nb_digibok_2013060608065_0050_124,som
16,no-nb_digibok_2013060608065_0016_134,totale
19,no-nb_digibok_2013060608065_0019_73,Vægt
22,no-nb_digibok_2013060608065_0022_22,istedetfør
43,no-nb_digibok_2013060608065_0043_150,er
28,no-nb_digibok_2013060608065_0028_157,der
9,no-nb_digibok_2013060608065_0009_189,den
18,no-nb_digibok_2013060608065_0018_43,dette
23,no-nb_digibok_2013060608065_0023_39,vel
45,no-nb_digibok_2013060608065_0045_40,bortfaldt
34,no-nb_digibok_2013060608065_0034_168,i
20,no-nb_digibok_2013060608065_0020_39,hvilket
25,no-nb_digibok_2013060608065_0025_24,Lovbogens
39,no-nb_digibok_2013060608065_0039_120,ansee
45,no-nb_digibok_2013060608065_0045_54,Privilegier
21,no-nb_digibok_2013060608065_0021_15,melser
37,no-nb_digibok_2013060608065_0037_128,i
29,no-nb_digibok_2013060608065_0029_133,den
32,no-nb_digibok_2013060608065_0032_22,vor
9,no-nb_digibok_2013060608065_0009_95,om
33,no-nb_digibok_2013060608065_0033_3,Grund
19,no-nb_digibok_2013060608065_0019_93,om
34,no-nb_digibok_2013060608065_0034_5,som
43,no-nb_digibok_2013060608065_0043_71,om
20,no-nb_digibok_2013060608065_0020_47,i
17,no-nb_digibok_2013060608065_0017_179,ikke
35,no-nb_digibok_2013060608065_0035_34,slet
26,no-nb_digibok_2013060608065_0026_119,sig
14,no-nb_digibok_2013060608065_0014_24,af
27,no-nb_digibok_2013060608065_0027_66,den
6,no-nb_digibok_2013060608065_0006_130,har
45,no-nb_digibok_2013060608065_0045_63,ligetil
39,no-nb_digibok_2013060608065_0039_77,andre
28,no-nb_digibok_2013060608065_0028_27,ikke
4,no-nb_digibok_2013060608065_0004_192,den
26,no-nb_digibok_2013060608065_0026_105,og
24,no-nb_digibok_2013060608065_0024_92,Kilder
25,no-nb_digibok_2013060608065_0025_150,at
28,no-nb_digibok_2013060608065_0028_107,Lov
33,no-nb_digibok_2013060608065_0033_132,senere
20,no-nb_digibok_2013060608065_0020_50,tillade
9,no-nb_digibok_2013060608065_0009_99,pondentiaberne
27,no-nb_digibok_2013060608065_0027_129,og
12,no-nb_digibok_2013060608065_0012_16,hvilket
33,no-nb_digibok_2013060608065_0033_28,ansees
6,no-nb_digibok_2013060608065_0006_80,nskemer
35,no-nb_digibok_2013060608065_0035_61,kan
23,no-nb_digibok_2013060608065_0023_29,Reisende
17,no-nb_digibok_2013060608065_0017_91,vel
6,no-nb_digibok_2013060608065_0006_182,den
19,no-nb_digibok_2013060608065_0019_31,Ran
5,no-nb_digibok_2013060608065_0005_29,neppe
50,no-nb_digibok_2013060608065_0050_85,mellem
11,no-nb_digibok_2013060608065_0011_144,af
32,no-nb_digibok_2013060608065_0032_89,Anordninger
9,no-nb_digibok_2013060608065_0009_85,kan
35,no-nb_digibok_2013060608065_0035_156,kan
33,no-nb_digibok_2013060608065_0033_75,skjønnes
20,no-nb_digibok_2013060608065_0020_146,til
18,no-nb_digibok_2013060608065_0018_165,den
27,no-nb_digibok_2013060608065_0027_147,de
30,no-nb_digibok_2013060608065_0030_132,den
50,no-nb_digibok_2013060608065_0050_139,bestyrkes
32,no-nb_digibok_2013060608065_0032_9,den
12,no-nb_digibok_2013060608065_0012_134,da
20,no-nb_digibok_2013060608065_0020_144,eller
47,no-nb_digibok_2013060608065_0047_112,Fr
24,no-nb_digibok_2013060608065_0024_52,i
9,no-nb_digibok_2013060608065_0009_108,for
26,no-nb_digibok_2013060608065_0026_52,sig
6,no-nb_digibok_2013060608065_0006_50,Sætning
21,no-nb_digibok_2013060608065_0021_44,hvorved
45,no-nb_digibok_2013060608065_0045_97,har
3,no-nb_digibok_2013060608065_0003_46,Mand
32,no-nb_digibok_2013060608065_0032_172,her
31,no-nb_digibok_2013060608065_0031_62,blev
11,no-nb_digibok_2013060608065_0011_130,Urigtigheden
46,no-nb_digibok_2013060608065_0046_38,denne
5,no-nb_digibok_2013060608065_0005_57,en
13,no-nb_digibok_2013060608065_0013_79,gik
25,no-nb_digibok_2013060608065_0025_161,have
50,no-nb_digibok_2013060608065_0050_66,thi
25,no-nb_digibok_2013060608065_0025_152,fra
19,no-nb_digibok_2013060608065_0019_135,ogsaa
17,no-nb_digibok_2013060608065_0017_42,ikke
9,no-nb_digibok_2013060608065_0009_67,forhan
18,no-nb_digibok_2013060608065_0018_3,Hævd
12,no-nb_digibok_2013060608065_0012_57,brugte
39,no-nb_digibok_2013060608065_0039_57,med
18,no-nb_digibok_2013060608065_0018_37,men
17,no-nb_digibok_2013060608065_0017_80,Fortolkning
9,no-nb_digibok_2013060608065_0009_137,Pkrapis
10,no-nb_digibok_2013060608065_0010_42,kommer
12,no-nb_digibok_2013060608065_0012_73,havt
48,no-nb_digibok_2013060608065_0048_97,anvendes
16,no-nb_digibok_2013060608065_0016_189,det
48,no-nb_digibok_2013060608065_0048_15,at
37,no-nb_digibok_2013060608065_0037_60,destomindre
32,no-nb_digibok_2013060608065_0032_63,med
23,no-nb_digibok_2013060608065_0023_181,i
44,no-nb_digibok_2013060608065_0044_24,Omraade
37,no-nb_digibok_2013060608065_0037_39,ogsaa
16,no-nb_digibok_2013060608065_0016_102,at
23,no-nb_digibok_2013060608065_0023_13,er
47,no-nb_digibok_2013060608065_0047_78,Bo
13,no-nb_digibok_2013060608065_0013_14,synes
50,no-nb_digibok_2013060608065_0050_164,Kobbe
35,no-nb_digibok_2013060608065_0035_159,paa
35,no-nb_digibok_2013060608065_0035_43,uagtet
18,no-nb_digibok_2013060608065_0018_134,som
20,no-nb_digibok_2013060608065_0020_69,Eieren
39,no-nb_digibok_2013060608065_0039_161,mærket
5,no-nb_digibok_2013060608065_0005_182,Sætningen
21,no-nb_digibok_2013060608065_0021_123,fra
8,no-nb_digibok_2013060608065_0008_69,være
32,no-nb_digibok_2013060608065_0032_65,indeholder
10,no-nb_digibok_2013060608065_0010_111,gjensidig
4,no-nb_digibok_2013060608065_0004_76,Freginelse
34,no-nb_digibok_2013060608065_0034_179,dog
11,no-nb_digibok_2013060608065_0011_43,Udyuklingstren
44,no-nb_digibok_2013060608065_0044_148,er
27,no-nb_digibok_2013060608065_0027_40,see
5,no-nb_digibok_2013060608065_0005_40,Ialhald
41,no-nb_digibok_2013060608065_0041_146,indførte
34,no-nb_digibok_2013060608065_0034_155,om
36,no-nb_digibok_2013060608065_0036_74,Boghandelen
38,no-nb_digibok_2013060608065_0038_113,narmere
22,no-nb_digibok_2013060608065_0022_12,fra
45,no-nb_digibok_2013060608065_0045_143,af
30,no-nb_digibok_2013060608065_0030_170,telsviis
22,no-nb_digibok_2013060608065_0022_28,ikke
16,no-nb_digibok_2013060608065_0016_1,Bud
44,no-nb_digibok_2013060608065_0044_17,at
38,no-nb_digibok_2013060608065_0038_149,gjentage
12,no-nb_digibok_2013060608065_0012_7,Ret
48,no-nb_digibok_2013060608065_0048_9,som
17,no-nb_digibok_2013060608065_0017_158,stræng
37,no-nb_digibok_2013060608065_0037_164,et
44,no-nb_digibok_2013060608065_0044_63,aarlige
4,no-nb_digibok_2013060608065_0004_126,under
5,no-nb_digibok_2013060608065_0005_158,Dyderst
32,no-nb_digibok_2013060608065_0032_16,ingenlunde
32,no-nb_digibok_2013060608065_0032_7,Lovbog
25,no-nb_digibok_2013060608065_0025_61,der
37,no-nb_digibok_2013060608065_0037_125,Deel
16,no-nb_digibok_2013060608065_0016_4,Tivile
43,no-nb_digibok_2013060608065_0043_35,fremdeles
29,no-nb_digibok_2013060608065_0029_127,den
10,no-nb_digibok_2013060608065_0010_172,navnlig
23,no-nb_digibok_2013060608065_0023_155,det
33,no-nb_digibok_2013060608065_0033_49,i
4,no-nb_digibok_2013060608065_0004_183,Beggudelsen
12,no-nb_digibok_2013060608065_0012_84,Grundlaget
25,no-nb_digibok_2013060608065_0025_83,at
4,no-nb_digibok_2013060608065_0004_165,eve
34,no-nb_digibok_2013060608065_0034_169,samme
13,no-nb_digibok_2013060608065_0013_87,af
37,no-nb_digibok_2013060608065_0037_90,gjeldte
31,no-nb_digibok_2013060608065_0031_45,hvis
7,no-nb_digibok_2013060608065_0007_130,adminiskratine
23,no-nb_digibok_2013060608065_0023_105,som
8,no-nb_digibok_2013060608065_0008_221,opkommen
30,no-nb_digibok_2013060608065_0030_125,Lovsted
15,no-nb_digibok_2013060608065_0015_107,at
39,no-nb_digibok_2013060608065_0039_69,Bestemmelsen
8,no-nb_digibok_2013060608065_0008_209,Det
18,no-nb_digibok_2013060608065_0018_34,den
11,no-nb_digibok_2013060608065_0011_107,enskrevne
29,no-nb_digibok_2013060608065_0029_52,skal
9,no-nb_digibok_2013060608065_0009_197,eller
27,no-nb_digibok_2013060608065_0027_44,den
31,no-nb_digibok_2013060608065_0031_102,Ved
18,no-nb_digibok_2013060608065_0018_160,i
18,no-nb_digibok_2013060608065_0018_85,den
6,no-nb_digibok_2013060608065_0006_186,nanr
7,no-nb_digibok_2013060608065_0007_186,at
49,no-nb_digibok_2013060608065_0049_126,handlede
44,no-nb_digibok_2013060608065_0044_5,see
5,no-nb_digibok_2013060608065_0005_115,paaviser
22,no-nb_digibok_2013060608065_0022_9,Bud
17,no-nb_digibok_2013060608065_0017_140,som
49,no-nb_digibok_2013060608065_0049_38,Paalægs
40,no-nb_digibok_2013060608065_0040_35,er
6,no-nb_digibok_2013060608065_0006_118,En
23,no-nb_digibok_2013060608065_0023_22,Denne
27,no-nb_digibok_2013060608065_0027_99,Instrux
39,no-nb_digibok_2013060608065_0039_101,Lovbog
5,no-nb_digibok_2013060608065_0005_83,i
39,no-nb_digibok_2013060608065_0039_37,førend
31,no-nb_digibok_2013060608065_0031_128,Lovs
25,no-nb_digibok_2013060608065_0025_127,Vilde
20,no-nb_digibok_2013060608065_0020_41,Lovgiveren
7,no-nb_digibok_2013060608065_0007_103,paa
19,no-nb_digibok_2013060608065_0019_64,eedfæstes
17,no-nb_digibok_2013060608065_0017_178,sig
4,no-nb_digibok_2013060608065_0004_95,de
48,no-nb_digibok_2013060608065_0048_86,paa
43,no-nb_digibok_2013060608065_0043_139,for
23,no-nb_digibok_2013060608065_0023_37,det
13,no-nb_digibok_2013060608065_0013_154,Kommersivn
16,no-nb_digibok_2013060608065_0016_110,Hensyn
44,no-nb_digibok_2013060608065_0044_127,tagelse
16,no-nb_digibok_2013060608065_0016_107,naar
5,no-nb_digibok_2013060608065_0005_64,have
3,no-nb_digibok_2013060608065_0003_44,Mand
14,no-nb_digibok_2013060608065_0014_10,som
17,no-nb_digibok_2013060608065_0017_155,affattede
6,no-nb_digibok_2013060608065_0006_125,udenfor
30,no-nb_digibok_2013060608065_0030_157,noget
21,no-nb_digibok_2013060608065_0021_55,Gods
24,no-nb_digibok_2013060608065_0024_64,med
24,no-nb_digibok_2013060608065_0024_69,de
16,no-nb_digibok_2013060608065_0016_179,det
17,no-nb_digibok_2013060608065_0017_100,ansees
23,no-nb_digibok_2013060608065_0023_17,har
29,no-nb_digibok_2013060608065_0029_16,enkelte
31,no-nb_digibok_2013060608065_0031_152,Desbr
28,no-nb_digibok_2013060608065_0028_5,donske
27,no-nb_digibok_2013060608065_0027_81,De
33,no-nb_digibok_2013060608065_0033_18,derved
25,no-nb_digibok_2013060608065_0025_110,aflagde
12,no-nb_digibok_2013060608065_0012_28,dens
7,no-nb_digibok_2013060608065_0007_35,haaet
7,no-nb_digibok_2013060608065_0007_125,den
8,no-nb_digibok_2013060608065_0008_51,Birkninger
17,no-nb_digibok_2013060608065_0017_176,Mangler
35,no-nb_digibok_2013060608065_0035_155,muligt
48,no-nb_digibok_2013060608065_0048_58,at
41,no-nb_digibok_2013060608065_0041_7,af
45,no-nb_digibok_2013060608065_0045_60,andre
5,no-nb_digibok_2013060608065_0005_200,isterende
9,no-nb_digibok_2013060608065_0009_207,Skiftelse
42,no-nb_digibok_2013060608065_0042_22,hvad
8,no-nb_digibok_2013060608065_0008_10,uvidenhed
47,no-nb_digibok_2013060608065_0047_199,aller
9,no-nb_digibok_2013060608065_0009_169,enkelte
40,no-nb_digibok_2013060608065_0040_116,den
15,no-nb_digibok_2013060608065_0015_120,for
21,no-nb_digibok_2013060608065_0021_163,med
17,no-nb_digibok_2013060608065_0017_90,maa
30,no-nb_digibok_2013060608065_0030_92,vilkaarlige
30,no-nb_digibok_2013060608065_0030_168,ordnet
14,no-nb_digibok_2013060608065_0014_13,flere
34,no-nb_digibok_2013060608065_0034_184,udentvivl
31,no-nb_digibok_2013060608065_0031_87,af
50,no-nb_digibok_2013060608065_0050_58,gjeldende
16,no-nb_digibok_2013060608065_0016_186,maaskee
13,no-nb_digibok_2013060608065_0013_98,Christensend
12,no-nb_digibok_2013060608065_0012_131,Konladep
13,no-nb_digibok_2013060608065_0013_160,norske
11,no-nb_digibok_2013060608065_0011_66,de
24,no-nb_digibok_2013060608065_0024_45,har
27,no-nb_digibok_2013060608065_0027_70,Fjerdes
23,no-nb_digibok_2013060608065_0023_151,at
34,no-nb_digibok_2013060608065_0034_178,er
37,no-nb_digibok_2013060608065_0037_25,af
7,no-nb_digibok_2013060608065_0007_175,til
20,no-nb_digibok_2013060608065_0020_78,han
29,no-nb_digibok_2013060608065_0029_170,hvori
31,no-nb_digibok_2013060608065_0031_65,overladt
28,no-nb_digibok_2013060608065_0028_185,den
18,no-nb_digibok_2013060608065_0018_6,i
25,no-nb_digibok_2013060608065_0025_33,af
47,no-nb_digibok_2013060608065_0047_9,for
19,no-nb_digibok_2013060608065_0019_2,belægger
28,no-nb_digibok_2013060608065_0028_140,Bestemmelserne
16,no-nb_digibok_2013060608065_0016_85,i
40,no-nb_digibok_2013060608065_0040_142,Aarsagen
10,no-nb_digibok_2013060608065_0010_129,har
15,no-nb_digibok_2013060608065_0015_90,ganske
30,no-nb_digibok_2013060608065_0030_131,hvor
22,no-nb_digibok_2013060608065_0022_49,ligefuldt
13,no-nb_digibok_2013060608065_0013_124,efterhed
17,no-nb_digibok_2013060608065_0017_108,i
32,no-nb_digibok_2013060608065_0032_118,vorder
22,no-nb_digibok_2013060608065_0022_128,indstevnes
36,no-nb_digibok_2013060608065_0036_71,den
48,no-nb_digibok_2013060608065_0048_104,Straf
25,no-nb_digibok_2013060608065_0025_79,i
14,no-nb_digibok_2013060608065_0014_148,derimod
41,no-nb_digibok_2013060608065_0041_82,staaende
32,no-nb_digibok_2013060608065_0032_154,Politi
12,no-nb_digibok_2013060608065_0012_93,søge
16,no-nb_digibok_2013060608065_0016_63,Sbøillsens
49,no-nb_digibok_2013060608065_0049_175,Forordningen
20,no-nb_digibok_2013060608065_0020_101,steder
38,no-nb_digibok_2013060608065_0038_96,ikke
8,no-nb_digibok_2013060608065_0008_188,at
9,no-nb_digibok_2013060608065_0009_106,givee
30,no-nb_digibok_2013060608065_0030_2,Landboretten
46,no-nb_digibok_2013060608065_0046_82,til
14,no-nb_digibok_2013060608065_0014_88,i
50,no-nb_digibok_2013060608065_0050_18,delighed
20,no-nb_digibok_2013060608065_0020_53,sætte
10,no-nb_digibok_2013060608065_0010_189,undtagelses
38,no-nb_digibok_2013060608065_0038_143,Fr
14,no-nb_digibok_2013060608065_0014_92,i
40,no-nb_digibok_2013060608065_0040_95,Foranstaltninger
9,no-nb_digibok_2013060608065_0009_115,og
14,no-nb_digibok_2013060608065_0014_58,to
43,no-nb_digibok_2013060608065_0043_175,nophævet
18,no-nb_digibok_2013060608065_0018_16,Mennger
12,no-nb_digibok_2013060608065_0012_62,meget
26,no-nb_digibok_2013060608065_0026_166,nok
34,no-nb_digibok_2013060608065_0034_49,om
7,no-nb_digibok_2013060608065_0007_50,end
30,no-nb_digibok_2013060608065_0030_14,savne
28,no-nb_digibok_2013060608065_0028_106,danske
35,no-nb_digibok_2013060608065_0035_8,have
7,no-nb_digibok_2013060608065_0007_171,den
10,no-nb_digibok_2013060608065_0010_92,staad
23,no-nb_digibok_2013060608065_0023_27,for
29,no-nb_digibok_2013060608065_0029_120,maatte
46,no-nb_digibok_2013060608065_0046_113,og
30,no-nb_digibok_2013060608065_0030_105,af
6,no-nb_digibok_2013060608065_0006_120,Deel
37,no-nb_digibok_2013060608065_0037_30,indeholdt
21,no-nb_digibok_2013060608065_0021_115,dem
47,no-nb_digibok_2013060608065_0047_8,hvor
13,no-nb_digibok_2013060608065_0013_135,Sigers
33,no-nb_digibok_2013060608065_0033_88,man
33,no-nb_digibok_2013060608065_0033_153,ere
42,no-nb_digibok_2013060608065_0042_159,med
44,no-nb_digibok_2013060608065_0044_132,af
6,no-nb_digibok_2013060608065_0006_68,Exempler
20,no-nb_digibok_2013060608065_0020_108,med
31,no-nb_digibok_2013060608065_0031_125,for
48,no-nb_digibok_2013060608065_0048_71,med
8,no-nb_digibok_2013060608065_0008_170,det
20,no-nb_digibok_2013060608065_0020_110,og
4,no-nb_digibok_2013060608065_0004_188,den
20,no-nb_digibok_2013060608065_0020_107,gadt
45,no-nb_digibok_2013060608065_0045_129,flere
18,no-nb_digibok_2013060608065_0018_87,ingen
5,no-nb_digibok_2013060608065_0005_75,Naar
24,no-nb_digibok_2013060608065_0024_90,fra
26,no-nb_digibok_2013060608065_0026_95,Udtrykket
19,no-nb_digibok_2013060608065_0019_5,med
39,no-nb_digibok_2013060608065_0039_17,kommer
15,no-nb_digibok_2013060608065_0015_33,gemene
49,no-nb_digibok_2013060608065_0049_40,kan
26,no-nb_digibok_2013060608065_0026_59,forekommende
48,no-nb_digibok_2013060608065_0048_149,Bestemmelser
24,no-nb_digibok_2013060608065_0024_47,den
12,no-nb_digibok_2013060608065_0012_59,almindelig
50,no-nb_digibok_2013060608065_0050_122,der
44,no-nb_digibok_2013060608065_0044_59,vigtige
15,no-nb_digibok_2013060608065_0015_74,en
30,no-nb_digibok_2013060608065_0030_151,de
8,no-nb_digibok_2013060608065_0008_162,spiller
10,no-nb_digibok_2013060608065_0010_174,mange
4,no-nb_digibok_2013060608065_0004_35,nære
21,no-nb_digibok_2013060608065_0021_59,at
42,no-nb_digibok_2013060608065_0042_78,udgivet
12,no-nb_digibok_2013060608065_0012_160,ny
20,no-nb_digibok_2013060608065_0020_32,Heller
34,no-nb_digibok_2013060608065_0034_153,været
18,no-nb_digibok_2013060608065_0018_2,om
19,no-nb_digibok_2013060608065_0019_95,har
49,no-nb_digibok_2013060608065_0049_120,af
12,no-nb_digibok_2013060608065_0012_176,man
25,no-nb_digibok_2013060608065_0025_50,paa
38,no-nb_digibok_2013060608065_0038_121,angaaende
42,no-nb_digibok_2013060608065_0042_48,See
17,no-nb_digibok_2013060608065_0017_166,Værk
10,no-nb_digibok_2013060608065_0010_136,hui
47,no-nb_digibok_2013060608065_0047_11,maatte
8,no-nb_digibok_2013060608065_0008_206,af
46,no-nb_digibok_2013060608065_0046_120,Lovbogens
35,no-nb_digibok_2013060608065_0035_93,hos
28,no-nb_digibok_2013060608065_0028_126,først
29,no-nb_digibok_2013060608065_0029_174,er
15,no-nb_digibok_2013060608065_0015_16,som
31,no-nb_digibok_2013060608065_0031_64,Arbeide
31,no-nb_digibok_2013060608065_0031_26,den
30,no-nb_digibok_2013060608065_0030_183,af
26,no-nb_digibok_2013060608065_0026_58,sjeldent
18,no-nb_digibok_2013060608065_0018_178,en
8,no-nb_digibok_2013060608065_0008_72,indivecte
7,no-nb_digibok_2013060608065_0007_80,Ord
33,no-nb_digibok_2013060608065_0033_129,til
10,no-nb_digibok_2013060608065_0010_2,om
21,no-nb_digibok_2013060608065_0021_25,paabyde
8,no-nb_digibok_2013060608065_0008_163,end
39,no-nb_digibok_2013060608065_0039_112,Det
21,no-nb_digibok_2013060608065_0021_174,bestod
5,no-nb_digibok_2013060608065_0005_199,op
30,no-nb_digibok_2013060608065_0030_38,have
14,no-nb_digibok_2013060608065_0014_104,de
16,no-nb_digibok_2013060608065_0016_181,den
45,no-nb_digibok_2013060608065_0045_75,navnlig
16,no-nb_digibok_2013060608065_0016_196,Henseender
19,no-nb_digibok_2013060608065_0019_26,veri
40,no-nb_digibok_2013060608065_0040_115,at
18,no-nb_digibok_2013060608065_0018_78,Sagsøger
22,no-nb_digibok_2013060608065_0022_132,Laugtsinget
40,no-nb_digibok_2013060608065_0040_87,selv
21,no-nb_digibok_2013060608065_0021_10,kunnet
8,no-nb_digibok_2013060608065_0008_74,ninger
9,no-nb_digibok_2013060608065_0009_47,Rosi
45,no-nb_digibok_2013060608065_0045_53,givne
23,no-nb_digibok_2013060608065_0023_4,og
17,no-nb_digibok_2013060608065_0017_45,dog
24,no-nb_digibok_2013060608065_0024_131,der
8,no-nb_digibok_2013060608065_0008_212,som
35,no-nb_digibok_2013060608065_0035_89,at
10,no-nb_digibok_2013060608065_0010_193,cab
14,no-nb_digibok_2013060608065_0014_174,regne
3,no-nb_digibok_2013060608065_0003_16,nogen
20,no-nb_digibok_2013060608065_0020_81,ham
5,no-nb_digibok_2013060608065_0005_70,Hjemmel
29,no-nb_digibok_2013060608065_0029_169,Materie
15,no-nb_digibok_2013060608065_0015_173,forandret
23,no-nb_digibok_2013060608065_0023_154,stort
39,no-nb_digibok_2013060608065_0039_93,senere
32,no-nb_digibok_2013060608065_0032_50,at
39,no-nb_digibok_2013060608065_0039_106,senere
34,no-nb_digibok_2013060608065_0034_147,Hensyn
15,no-nb_digibok_2013060608065_0015_11,den
42,no-nb_digibok_2013060608065_0042_36,herved
23,no-nb_digibok_2013060608065_0023_34,Gvæg
41,no-nb_digibok_2013060608065_0041_92,gives
23,no-nb_digibok_2013060608065_0023_68,vor
30,no-nb_digibok_2013060608065_0030_84,ikke
6,no-nb_digibok_2013060608065_0006_84,af
33,no-nb_digibok_2013060608065_0033_12,som
42,no-nb_digibok_2013060608065_0042_44,opretholde
32,no-nb_digibok_2013060608065_0032_152,i
24,no-nb_digibok_2013060608065_0024_73,fra
26,no-nb_digibok_2013060608065_0026_27,Anden
45,no-nb_digibok_2013060608065_0045_133,vist
4,no-nb_digibok_2013060608065_0004_75,Deres
49,no-nb_digibok_2013060608065_0049_170,Vægt
8,no-nb_digibok_2013060608065_0008_79,om
13,no-nb_digibok_2013060608065_0013_23,ogstaaet
12,no-nb_digibok_2013060608065_0012_138,mord
43,no-nb_digibok_2013060608065_0043_56,og
42,no-nb_digibok_2013060608065_0042_158,indtraf
42,no-nb_digibok_2013060608065_0042_120,krigsartikelsbrevet
28,no-nb_digibok_2013060608065_0028_115,end
24,no-nb_digibok_2013060608065_0024_55,Det
15,no-nb_digibok_2013060608065_0015_164,privete
48,no-nb_digibok_2013060608065_0048_37,den
46,no-nb_digibok_2013060608065_0046_22,Naar
6,no-nb_digibok_2013060608065_0006_131,man
44,no-nb_digibok_2013060608065_0044_43,Skatterne
4,no-nb_digibok_2013060608065_0004_20,udsyrninget
19,no-nb_digibok_2013060608065_0019_80,naar
5,no-nb_digibok_2013060608065_0005_41,overbevisee
20,no-nb_digibok_2013060608065_0020_106,ikke
32,no-nb_digibok_2013060608065_0032_171,er
22,no-nb_digibok_2013060608065_0022_73,ogsaa
19,no-nb_digibok_2013060608065_0019_82,engang
50,no-nb_digibok_2013060608065_0050_171,cfr
28,no-nb_digibok_2013060608065_0028_108,eller
43,no-nb_digibok_2013060608065_0043_124,for
13,no-nb_digibok_2013060608065_0013_28,Landes
38,no-nb_digibok_2013060608065_0038_117,af
25,no-nb_digibok_2013060608065_0025_27,Udtrykket
39,no-nb_digibok_2013060608065_0039_175,er
43,no-nb_digibok_2013060608065_0043_19,Loven
46,no-nb_digibok_2013060608065_0046_168,undvege
49,no-nb_digibok_2013060608065_0049_78,revidere
14,no-nb_digibok_2013060608065_0014_153,bliceret
26,no-nb_digibok_2013060608065_0026_4,Grund
14,no-nb_digibok_2013060608065_0014_84,Drøftelse
30,no-nb_digibok_2013060608065_0030_106,samme
24,no-nb_digibok_2013060608065_0024_175,til
29,no-nb_digibok_2013060608065_0029_140,fra
45,no-nb_digibok_2013060608065_0045_35,Lovbogens
49,no-nb_digibok_2013060608065_0049_130,hvilken
25,no-nb_digibok_2013060608065_0025_9,norske
30,no-nb_digibok_2013060608065_0030_71,at
6,no-nb_digibok_2013060608065_0006_21,Sætning
27,no-nb_digibok_2013060608065_0027_141,med
15,no-nb_digibok_2013060608065_0015_108,nyde
12,no-nb_digibok_2013060608065_0012_56,og
25,no-nb_digibok_2013060608065_0025_153,den
21,no-nb_digibok_2013060608065_0021_167,lægge
44,no-nb_digibok_2013060608065_0044_18,hele
4,no-nb_digibok_2013060608065_0004_180,inskrevne
16,no-nb_digibok_2013060608065_0016_117,til
21,no-nb_digibok_2013060608065_0021_142,at
23,no-nb_digibok_2013060608065_0023_41,sige
33,no-nb_digibok_2013060608065_0033_156,Chr
25,no-nb_digibok_2013060608065_0025_20,Sager
36,no-nb_digibok_2013060608065_0036_111,og
14,no-nb_digibok_2013060608065_0014_47,Instatiarens
4,no-nb_digibok_2013060608065_0004_102,en
9,no-nb_digibok_2013060608065_0009_79,i
20,no-nb_digibok_2013060608065_0020_123,havde
48,no-nb_digibok_2013060608065_0048_48,Lovbogens
10,no-nb_digibok_2013060608065_0010_80,er
22,no-nb_digibok_2013060608065_0022_48,thingsret
28,no-nb_digibok_2013060608065_0028_118,saa
42,no-nb_digibok_2013060608065_0042_61,have
41,no-nb_digibok_2013060608065_0041_137,Chr
41,no-nb_digibok_2013060608065_0041_90,Begrebet
11,no-nb_digibok_2013060608065_0011_77,ter
15,no-nb_digibok_2013060608065_0015_195,meget
20,no-nb_digibok_2013060608065_0020_1,tre
20,no-nb_digibok_2013060608065_0020_172,de
13,no-nb_digibok_2013060608065_0013_147,færdig
28,no-nb_digibok_2013060608065_0028_169,retten
30,no-nb_digibok_2013060608065_0030_54,slige
50,no-nb_digibok_2013060608065_0050_44,Magistraten
39,no-nb_digibok_2013060608065_0039_29,den
21,no-nb_digibok_2013060608065_0021_109,har
46,no-nb_digibok_2013060608065_0046_71,henhørende
44,no-nb_digibok_2013060608065_0044_82,omtalte
45,no-nb_digibok_2013060608065_0045_103,i
48,no-nb_digibok_2013060608065_0048_152,i
44,no-nb_digibok_2013060608065_0044_147,ei
4,no-nb_digibok_2013060608065_0004_12,som
30,no-nb_digibok_2013060608065_0030_108,maa
45,no-nb_digibok_2013060608065_0045_114,som
8,no-nb_digibok_2013060608065_0008_21,derved
49,no-nb_digibok_2013060608065_0049_21,synes
26,no-nb_digibok_2013060608065_0026_75,en
13,no-nb_digibok_2013060608065_0013_129,om
46,no-nb_digibok_2013060608065_0046_65,Plan
17,no-nb_digibok_2013060608065_0017_48,ikke
27,no-nb_digibok_2013060608065_0027_22,den
46,no-nb_digibok_2013060608065_0046_64,Lovbogens
7,no-nb_digibok_2013060608065_0007_131,Myndighed
24,no-nb_digibok_2013060608065_0024_117,indkommen
48,no-nb_digibok_2013060608065_0048_7,Forordning
45,no-nb_digibok_2013060608065_0045_39,desangaaende
4,no-nb_digibok_2013060608065_0004_19,aller
17,no-nb_digibok_2013060608065_0017_129,et
18,no-nb_digibok_2013060608065_0018_84,indeholder
4,no-nb_digibok_2013060608065_0004_89,vare
37,no-nb_digibok_2013060608065_0037_43,bedomme
16,no-nb_digibok_2013060608065_0016_178,om
13,no-nb_digibok_2013060608065_0013_59,en
33,no-nb_digibok_2013060608065_0033_81,opgive
42,no-nb_digibok_2013060608065_0042_37,maa
21,no-nb_digibok_2013060608065_0021_95,I
20,no-nb_digibok_2013060608065_0020_13,in
26,no-nb_digibok_2013060608065_0026_117,da
12,no-nb_digibok_2013060608065_0012_24,til
7,no-nb_digibok_2013060608065_0007_129,eller
24,no-nb_digibok_2013060608065_0024_164,at
19,no-nb_digibok_2013060608065_0019_76,lægge
10,no-nb_digibok_2013060608065_0010_11,den
15,no-nb_digibok_2013060608065_0015_13,ikke
35,no-nb_digibok_2013060608065_0035_86,den
7,no-nb_digibok_2013060608065_0007_203,eingens
47,no-nb_digibok_2013060608065_0047_165,den
26,no-nb_digibok_2013060608065_0026_171,Ordet
50,no-nb_digibok_2013060608065_0050_157,Forbudet
14,no-nb_digibok_2013060608065_0014_182,holder
46,no-nb_digibok_2013060608065_0046_49,efterat
29,no-nb_digibok_2013060608065_0029_65,Opbud
17,no-nb_digibok_2013060608065_0017_96,da
22,no-nb_digibok_2013060608065_0022_143,indkommet
42,no-nb_digibok_2013060608065_0042_16,flere
40,no-nb_digibok_2013060608065_0040_22,Lovbogens
20,no-nb_digibok_2013060608065_0020_129,kunde
39,no-nb_digibok_2013060608065_0039_170,mindelig
12,no-nb_digibok_2013060608065_0012_168,Udgand
48,no-nb_digibok_2013060608065_0048_80,givet
34,no-nb_digibok_2013060608065_0034_122,dog
34,no-nb_digibok_2013060608065_0034_95,Skræddere
25,no-nb_digibok_2013060608065_0025_185,er
18,no-nb_digibok_2013060608065_0018_24,og
13,no-nb_digibok_2013060608065_0013_189,til
36,no-nb_digibok_2013060608065_0036_67,den
5,no-nb_digibok_2013060608065_0005_204,der
11,no-nb_digibok_2013060608065_0011_166,Forholds
13,no-nb_digibok_2013060608065_0013_187,gjennemgand
42,no-nb_digibok_2013060608065_0042_76,som
38,no-nb_digibok_2013060608065_0038_94,fordi
27,no-nb_digibok_2013060608065_0027_101,at
35,no-nb_digibok_2013060608065_0035_160,Lovgiverens
15,no-nb_digibok_2013060608065_0015_147,ogsaa
21,no-nb_digibok_2013060608065_0021_53,en
25,no-nb_digibok_2013060608065_0025_147,vilde
29,no-nb_digibok_2013060608065_0029_173,endnu
32,no-nb_digibok_2013060608065_0032_105,vi
7,no-nb_digibok_2013060608065_0007_77,med
11,no-nb_digibok_2013060608065_0011_172,er
42,no-nb_digibok_2013060608065_0042_7,naturligviis
10,no-nb_digibok_2013060608065_0010_24,en
47,no-nb_digibok_2013060608065_0047_179,dens
48,no-nb_digibok_2013060608065_0048_65,den
22,no-nb_digibok_2013060608065_0022_85,samme
14,no-nb_digibok_2013060608065_0014_54,Arheshørerne
48,no-nb_digibok_2013060608065_0048_114,maatte
19,no-nb_digibok_2013060608065_0019_149,paa
9,no-nb_digibok_2013060608065_0009_201,kunne
28,no-nb_digibok_2013060608065_0028_172,det
17,no-nb_digibok_2013060608065_0017_10,denne
26,no-nb_digibok_2013060608065_0026_147,til
21,no-nb_digibok_2013060608065_0021_169,til
49,no-nb_digibok_2013060608065_0049_148,ogsaa
21,no-nb_digibok_2013060608065_0021_89,fortjener
42,no-nb_digibok_2013060608065_0042_129,maaskee
30,no-nb_digibok_2013060608065_0030_95,udtrykkelig
28,no-nb_digibok_2013060608065_0028_98,i
26,no-nb_digibok_2013060608065_0026_175,er
18,no-nb_digibok_2013060608065_0018_93,Den
14,no-nb_digibok_2013060608065_0014_94,Dem
8,no-nb_digibok_2013060608065_0008_138,i
38,no-nb_digibok_2013060608065_0038_38,i
8,no-nb_digibok_2013060608065_0008_197,unskrevend
36,no-nb_digibok_2013060608065_0036_46,andre
22,no-nb_digibok_2013060608065_0022_166,brnges
3,no-nb_digibok_2013060608065_0003_28,Sagens
24,no-nb_digibok_2013060608065_0024_12,dertil
22,no-nb_digibok_2013060608065_0022_10,er
23,no-nb_digibok_2013060608065_0023_127,Tomplet
45,no-nb_digibok_2013060608065_0045_107,Tractaten
25,no-nb_digibok_2013060608065_0025_117,factiske
25,no-nb_digibok_2013060608065_0025_10,Ret
9,no-nb_digibok_2013060608065_0009_60,samtlige
35,no-nb_digibok_2013060608065_0035_167,i
33,no-nb_digibok_2013060608065_0033_154,ældre
20,no-nb_digibok_2013060608065_0020_99,uterede
23,no-nb_digibok_2013060608065_0023_116,regnes
14,no-nb_digibok_2013060608065_0014_121,da
29,no-nb_digibok_2013060608065_0029_129,Det
43,no-nb_digibok_2013060608065_0043_89,er
22,no-nb_digibok_2013060608065_0022_57,til
40,no-nb_digibok_2013060608065_0040_156,sig
29,no-nb_digibok_2013060608065_0029_97,saaledes
11,no-nb_digibok_2013060608065_0011_12,paa
26,no-nb_digibok_2013060608065_0026_7,eller
38,no-nb_digibok_2013060608065_0038_186,de
25,no-nb_digibok_2013060608065_0025_88,da
39,no-nb_digibok_2013060608065_0039_1,Antager
7,no-nb_digibok_2013060608065_0007_141,to
27,no-nb_digibok_2013060608065_0027_120,den
33,no-nb_digibok_2013060608065_0033_46,tildeels
12,no-nb_digibok_2013060608065_0012_179,cillæg
18,no-nb_digibok_2013060608065_0018_4,paa
21,no-nb_digibok_2013060608065_0021_103,er
17,no-nb_digibok_2013060608065_0017_103,Den
28,no-nb_digibok_2013060608065_0028_186,hamborgske
19,no-nb_digibok_2013060608065_0019_43,ikke
22,no-nb_digibok_2013060608065_0022_3,i
42,no-nb_digibok_2013060608065_0042_133,end
23,no-nb_digibok_2013060608065_0023_102,betegnedes
30,no-nb_digibok_2013060608065_0030_58,gjeldende
40,no-nb_digibok_2013060608065_0040_52,udvidet
19,no-nb_digibok_2013060608065_0019_125,Paa
49,no-nb_digibok_2013060608065_0049_182,ikke
25,no-nb_digibok_2013060608065_0025_102,vist
38,no-nb_digibok_2013060608065_0038_161,med
5,no-nb_digibok_2013060608065_0005_105,sees
40,no-nb_digibok_2013060608065_0040_93,ogsaa
21,no-nb_digibok_2013060608065_0021_144,og
21,no-nb_digibok_2013060608065_0021_130,passe
38,no-nb_digibok_2013060608065_0038_60,for
5,no-nb_digibok_2013060608065_0005_197,allerede
50,no-nb_digibok_2013060608065_0050_34,Processer
29,no-nb_digibok_2013060608065_0029_34,ordnet
8,no-nb_digibok_2013060608065_0008_165,Rolle
23,no-nb_digibok_2013060608065_0023_136,lestok
6,no-nb_digibok_2013060608065_0006_193,Koren
20,no-nb_digibok_2013060608065_0020_24,og
41,no-nb_digibok_2013060608065_0041_144,begge
8,no-nb_digibok_2013060608065_0008_223,uddannek
37,no-nb_digibok_2013060608065_0037_96,lige
47,no-nb_digibok_2013060608065_0047_121,der
46,no-nb_digibok_2013060608065_0046_43,omtalte
35,no-nb_digibok_2013060608065_0035_161,Ønske
40,no-nb_digibok_2013060608065_0040_110,sidste
19,no-nb_digibok_2013060608065_0019_102,har
20,no-nb_digibok_2013060608065_0020_21,insonsegvente
45,no-nb_digibok_2013060608065_0045_148,der
28,no-nb_digibok_2013060608065_0028_99,vor
15,no-nb_digibok_2013060608065_0015_190,om
47,no-nb_digibok_2013060608065_0047_104,et
27,no-nb_digibok_2013060608065_0027_86,ved
17,no-nb_digibok_2013060608065_0017_52,ældre
38,no-nb_digibok_2013060608065_0038_181,imellem
15,no-nb_digibok_2013060608065_0015_110,stifte
22,no-nb_digibok_2013060608065_0022_20,har
7,no-nb_digibok_2013060608065_0007_47,at
36,no-nb_digibok_2013060608065_0036_5,et
12,no-nb_digibok_2013060608065_0012_130,ny
14,no-nb_digibok_2013060608065_0014_99,færdig
10,no-nb_digibok_2013060608065_0010_151,med
23,no-nb_digibok_2013060608065_0023_184,det
47,no-nb_digibok_2013060608065_0047_47,i
5,no-nb_digibok_2013060608065_0005_95,andre
7,no-nb_digibok_2013060608065_0007_29,gjennem
18,no-nb_digibok_2013060608065_0018_175,der
32,no-nb_digibok_2013060608065_0032_150,det
29,no-nb_digibok_2013060608065_0029_154,Deel
31,no-nb_digibok_2013060608065_0031_51,med
4,no-nb_digibok_2013060608065_0004_112,Paavirkning
17,no-nb_digibok_2013060608065_0017_181,den
11,no-nb_digibok_2013060608065_0011_58,Deels
47,no-nb_digibok_2013060608065_0047_140,uden
8,no-nb_digibok_2013060608065_0008_158,at
39,no-nb_digibok_2013060608065_0039_174,den
5,no-nb_digibok_2013060608065_0005_106,det
8,no-nb_digibok_2013060608065_0008_115,af
15,no-nb_digibok_2013060608065_0015_44,thi
31,no-nb_digibok_2013060608065_0031_99,noget
35,no-nb_digibok_2013060608065_0035_139,om
23,no-nb_digibok_2013060608065_0023_115,kunde
40,no-nb_digibok_2013060608065_0040_117,har
21,no-nb_digibok_2013060608065_0021_93,Chr
38,no-nb_digibok_2013060608065_0038_25,synes
25,no-nb_digibok_2013060608065_0025_165,gaaer
43,no-nb_digibok_2013060608065_0043_187,Bestemmelser
46,no-nb_digibok_2013060608065_0046_109,egentlige
29,no-nb_digibok_2013060608065_0029_156,Reglerne
35,no-nb_digibok_2013060608065_0035_69,e
27,no-nb_digibok_2013060608065_0027_20,et
44,no-nb_digibok_2013060608065_0044_165,afskaffer
42,no-nb_digibok_2013060608065_0042_126,Marti
47,no-nb_digibok_2013060608065_0047_101,omtalte
44,no-nb_digibok_2013060608065_0044_89,Octbr
46,no-nb_digibok_2013060608065_0046_145,til
16,no-nb_digibok_2013060608065_0016_99,Det
7,no-nb_digibok_2013060608065_0007_15,mmannge
16,no-nb_digibok_2013060608065_0016_49,i
13,no-nb_digibok_2013060608065_0013_92,befalat
32,no-nb_digibok_2013060608065_0032_31,leilighedsviis
7,no-nb_digibok_2013060608065_0007_40,trykke
45,no-nb_digibok_2013060608065_0045_161,at
20,no-nb_digibok_2013060608065_0020_124,nemlig
9,no-nb_digibok_2013060608065_0009_82,Kørøre
4,no-nb_digibok_2013060608065_0004_123,Efterhaanden
14,no-nb_digibok_2013060608065_0014_5,med
21,no-nb_digibok_2013060608065_0021_157,sknlle
25,no-nb_digibok_2013060608065_0025_188,større
36,no-nb_digibok_2013060608065_0036_12,ubetinget
27,no-nb_digibok_2013060608065_0027_62,med
48,no-nb_digibok_2013060608065_0048_101,at
43,no-nb_digibok_2013060608065_0043_49,især
20,no-nb_digibok_2013060608065_0020_169,paa
24,no-nb_digibok_2013060608065_0024_129,og
5,no-nb_digibok_2013060608065_0005_137,egentlige
44,no-nb_digibok_2013060608065_0044_161,Juli
11,no-nb_digibok_2013060608065_0011_128,sammen
13,no-nb_digibok_2013060608065_0013_165,blev
35,no-nb_digibok_2013060608065_0035_54,Retterne
46,no-nb_digibok_2013060608065_0046_68,dens
31,no-nb_digibok_2013060608065_0031_33,med
45,no-nb_digibok_2013060608065_0045_43,allerede
34,no-nb_digibok_2013060608065_0034_85,en
44,no-nb_digibok_2013060608065_0044_23,Lovbogens
4,no-nb_digibok_2013060608065_0004_108,men
34,no-nb_digibok_2013060608065_0034_158,angaaende
39,no-nb_digibok_2013060608065_0039_97,som
26,no-nb_digibok_2013060608065_0026_133,er
13,no-nb_digibok_2013060608065_0013_31,i
10,no-nb_digibok_2013060608065_0010_30,saderansindrsige
31,no-nb_digibok_2013060608065_0031_2,danske
6,no-nb_digibok_2013060608065_0006_112,Den
11,no-nb_digibok_2013060608065_0011_177,de
16,no-nb_digibok_2013060608065_0016_22,Bog
13,no-nb_digibok_2013060608065_0013_102,Hoppenøs
48,no-nb_digibok_2013060608065_0048_111,sættes
16,no-nb_digibok_2013060608065_0016_130,os
11,no-nb_digibok_2013060608065_0011_92,det
39,no-nb_digibok_2013060608065_0039_63,søges
19,no-nb_digibok_2013060608065_0019_61,til
10,no-nb_digibok_2013060608065_0010_168,som
43,no-nb_digibok_2013060608065_0043_127,vigtigste
6,no-nb_digibok_2013060608065_0006_192,Hele
9,no-nb_digibok_2013060608065_0009_36,faste
27,no-nb_digibok_2013060608065_0027_67,som
36,no-nb_digibok_2013060608065_0036_20,at
33,no-nb_digibok_2013060608065_0033_135,henregnet
17,no-nb_digibok_2013060608065_0017_30,sin
36,no-nb_digibok_2013060608065_0036_24,i
5,no-nb_digibok_2013060608065_0005_165,forpligtet
12,no-nb_digibok_2013060608065_0012_123,når
14,no-nb_digibok_2013060608065_0014_124,nævmer
33,no-nb_digibok_2013060608065_0033_42,i
37,no-nb_digibok_2013060608065_0037_46,Mynts
50,no-nb_digibok_2013060608065_0050_31,Nordlandsfarerne
26,no-nb_digibok_2013060608065_0026_34,ganske
13,no-nb_digibok_2013060608065_0013_81,fra
34,no-nb_digibok_2013060608065_0034_40,Spil
8,no-nb_digibok_2013060608065_0008_123,den
11,no-nb_digibok_2013060608065_0011_74,Ret
18,no-nb_digibok_2013060608065_0018_171,med
40,no-nb_digibok_2013060608065_0040_149,laa
31,no-nb_digibok_2013060608065_0031_123,dog
14,no-nb_digibok_2013060608065_0014_163,skal
17,no-nb_digibok_2013060608065_0017_201,Saaledes
32,no-nb_digibok_2013060608065_0032_61,deles
37,no-nb_digibok_2013060608065_0037_8,Frdn
45,no-nb_digibok_2013060608065_0045_146,Undersøgelsen
42,no-nb_digibok_2013060608065_0042_148,Tilfælde
43,no-nb_digibok_2013060608065_0043_22,Angnet
4,no-nb_digibok_2013060608065_0004_117,historiske
7,no-nb_digibok_2013060608065_0007_205,har
30,no-nb_digibok_2013060608065_0030_118,at
25,no-nb_digibok_2013060608065_0025_53,aabenbar
9,no-nb_digibok_2013060608065_0009_4,og
43,no-nb_digibok_2013060608065_0043_174,ansaaes
32,no-nb_digibok_2013060608065_0032_177,ii
6,no-nb_digibok_2013060608065_0006_113,Indflydelse
30,no-nb_digibok_2013060608065_0030_78,ud
35,no-nb_digibok_2013060608065_0035_22,baade
3,no-nb_digibok_2013060608065_0003_55,egentlig
13,no-nb_digibok_2013060608065_0013_111,for
26,no-nb_digibok_2013060608065_0026_154,Frdr
44,no-nb_digibok_2013060608065_0044_62,Kopitulstaxtens
40,no-nb_digibok_2013060608065_0040_128,er
41,no-nb_digibok_2013060608065_0041_59,følelig
33,no-nb_digibok_2013060608065_0033_29,udelukkende
18,no-nb_digibok_2013060608065_0018_60,være
25,no-nb_digibok_2013060608065_0025_85,men
33,no-nb_digibok_2013060608065_0033_78,at
24,no-nb_digibok_2013060608065_0024_159,gaa
28,no-nb_digibok_2013060608065_0028_63,om
41,no-nb_digibok_2013060608065_0041_132,altsaa
7,no-nb_digibok_2013060608065_0007_102,hvilede
47,no-nb_digibok_2013060608065_0047_28,Mar
27,no-nb_digibok_2013060608065_0027_125,Udarbeidelse
17,no-nb_digibok_2013060608065_0017_191,af
9,no-nb_digibok_2013060608065_0009_14,ikke
8,no-nb_digibok_2013060608065_0008_13,Retspildhavelse
12,no-nb_digibok_2013060608065_0012_4,den
24,no-nb_digibok_2013060608065_0024_122,sig
12,no-nb_digibok_2013060608065_0012_69,Aarhundrede
11,no-nb_digibok_2013060608065_0011_6,af
38,no-nb_digibok_2013060608065_0038_139,til
17,no-nb_digibok_2013060608065_0017_185,ufuldstændig
45,no-nb_digibok_2013060608065_0045_132,hvor
29,no-nb_digibok_2013060608065_0029_87,eller
3,no-nb_digibok_2013060608065_0003_77,særagne
35,no-nb_digibok_2013060608065_0035_144,til
14,no-nb_digibok_2013060608065_0014_144,of
21,no-nb_digibok_2013060608065_0021_42,eensidig
26,no-nb_digibok_2013060608065_0026_10,bruger
16,no-nb_digibok_2013060608065_0016_2,i
36,no-nb_digibok_2013060608065_0036_53,Janr
4,no-nb_digibok_2013060608065_0004_190,Det
30,no-nb_digibok_2013060608065_0030_19,Bestemmelsen
30,no-nb_digibok_2013060608065_0030_153,dre
5,no-nb_digibok_2013060608065_0005_176,over
36,no-nb_digibok_2013060608065_0036_3,Interessenter
37,no-nb_digibok_2013060608065_0037_106,Medicinalvæhenet
30,no-nb_digibok_2013060608065_0030_94,der
24,no-nb_digibok_2013060608065_0024_158,at
28,no-nb_digibok_2013060608065_0028_133,af
39,no-nb_digibok_2013060608065_0039_143,Lovbogen
11,no-nb_digibok_2013060608065_0011_132,en
15,no-nb_digibok_2013060608065_0015_123,Sammers
25,no-nb_digibok_2013060608065_0025_189,aller
10,no-nb_digibok_2013060608065_0010_99,Ret
10,no-nb_digibok_2013060608065_0010_118,paa
30,no-nb_digibok_2013060608065_0030_126,i
47,no-nb_digibok_2013060608065_0047_111,i
30,no-nb_digibok_2013060608065_0030_155,eller
16,no-nb_digibok_2013060608065_0016_32,her
45,no-nb_digibok_2013060608065_0045_115,fremdeles
39,no-nb_digibok_2013060608065_0039_11,uagtet
20,no-nb_digibok_2013060608065_0020_56,et
31,no-nb_digibok_2013060608065_0031_63,dette
33,no-nb_digibok_2013060608065_0033_47,ere
26,no-nb_digibok_2013060608065_0026_9,den
4,no-nb_digibok_2013060608065_0004_8,reent
6,no-nb_digibok_2013060608065_0006_3,som
10,no-nb_digibok_2013060608065_0010_153,endirecte
39,no-nb_digibok_2013060608065_0039_141,Stykker
6,no-nb_digibok_2013060608065_0006_32,som
4,no-nb_digibok_2013060608065_0004_185,niestnne
23,no-nb_digibok_2013060608065_0023_183,i
6,no-nb_digibok_2013060608065_0006_93,intetskede
24,no-nb_digibok_2013060608065_0024_113,og
41,no-nb_digibok_2013060608065_0041_98,vare
30,no-nb_digibok_2013060608065_0030_156,fra
18,no-nb_digibok_2013060608065_0018_112,om
50,no-nb_digibok_2013060608065_0050_89,Magistraten
47,no-nb_digibok_2013060608065_0047_3,vistnok
5,no-nb_digibok_2013060608065_0005_109,de
40,no-nb_digibok_2013060608065_0040_108,og
28,no-nb_digibok_2013060608065_0028_36,kunde
21,no-nb_digibok_2013060608065_0021_120,den
30,no-nb_digibok_2013060608065_0030_117,vove
30,no-nb_digibok_2013060608065_0030_9,danske
29,no-nb_digibok_2013060608065_0029_106,større
29,no-nb_digibok_2013060608065_0029_44,indeholde
29,no-nb_digibok_2013060608065_0029_33,oprindeligen
4,no-nb_digibok_2013060608065_0004_113,af
17,no-nb_digibok_2013060608065_0017_79,feilagtig
5,no-nb_digibok_2013060608065_0005_124,nor
7,no-nb_digibok_2013060608065_0007_217,såverne
48,no-nb_digibok_2013060608065_0048_45,saadanne
29,no-nb_digibok_2013060608065_0029_136,ikke
39,no-nb_digibok_2013060608065_0039_180,ikke
26,no-nb_digibok_2013060608065_0026_108,at
5,no-nb_digibok_2013060608065_0005_67,dog
4,no-nb_digibok_2013060608065_0004_59,her
24,no-nb_digibok_2013060608065_0024_53,stor
26,no-nb_digibok_2013060608065_0026_138,Bryllupper
31,no-nb_digibok_2013060608065_0031_135,den
9,no-nb_digibok_2013060608065_0009_165,allerede
13,no-nb_digibok_2013060608065_0013_1,Trangen
13,no-nb_digibok_2013060608065_0013_195,dem
4,no-nb_digibok_2013060608065_0004_81,har
9,no-nb_digibok_2013060608065_0009_46,med
11,no-nb_digibok_2013060608065_0011_127,de
14,no-nb_digibok_2013060608065_0014_149,er
8,no-nb_digibok_2013060608065_0008_55,finder
4,no-nb_digibok_2013060608065_0004_49,at
49,no-nb_digibok_2013060608065_0049_122,Marti
18,no-nb_digibok_2013060608065_0018_136,almindelige
21,no-nb_digibok_2013060608065_0021_1,Erempel
13,no-nb_digibok_2013060608065_0013_134,begge
30,no-nb_digibok_2013060608065_0030_136,det
23,no-nb_digibok_2013060608065_0023_117,sammen
17,no-nb_digibok_2013060608065_0017_93,Forhold
38,no-nb_digibok_2013060608065_0038_55,en
38,no-nb_digibok_2013060608065_0038_32,ansee
15,no-nb_digibok_2013060608065_0015_128,faa
28,no-nb_digibok_2013060608065_0028_96,af
45,no-nb_digibok_2013060608065_0045_104,Bodøesagen
37,no-nb_digibok_2013060608065_0037_82,ældre
11,no-nb_digibok_2013060608065_0011_93,oven
16,no-nb_digibok_2013060608065_0016_3,vor
29,no-nb_digibok_2013060608065_0029_95,danske
18,no-nb_digibok_2013060608065_0018_81,li
20,no-nb_digibok_2013060608065_0020_77,hvis
29,no-nb_digibok_2013060608065_0029_109,vor
29,no-nb_digibok_2013060608065_0029_55,stor
41,no-nb_digibok_2013060608065_0041_145,bleve
42,no-nb_digibok_2013060608065_0042_30,Sædvane
48,no-nb_digibok_2013060608065_0048_61,Marti
10,no-nb_digibok_2013060608065_0010_152,den
42,no-nb_digibok_2013060608065_0042_160,Hensyn
7,no-nb_digibok_2013060608065_0007_49,hvoad
31,no-nb_digibok_2013060608065_0031_38,og
25,no-nb_digibok_2013060608065_0025_141,Præsumtionen
24,no-nb_digibok_2013060608065_0024_199,afte
12,no-nb_digibok_2013060608065_0012_65,Allerede
23,no-nb_digibok_2013060608065_0023_7,for
47,no-nb_digibok_2013060608065_0047_193,April
18,no-nb_digibok_2013060608065_0018_35,mangler
16,no-nb_digibok_2013060608065_0016_66,latinske
15,no-nb_digibok_2013060608065_0015_73,fra
36,no-nb_digibok_2013060608065_0036_126,Strir
7,no-nb_digibok_2013060608065_0007_143,kan
45,no-nb_digibok_2013060608065_0045_108,med
33,no-nb_digibok_2013060608065_0033_126,deres
6,no-nb_digibok_2013060608065_0006_195,negatiore
12,no-nb_digibok_2013060608065_0012_164,maaskee
6,no-nb_digibok_2013060608065_0006_141,i
18,no-nb_digibok_2013060608065_0018_39,om
48,no-nb_digibok_2013060608065_0048_31,man
28,no-nb_digibok_2013060608065_0028_67,ophævede
43,no-nb_digibok_2013060608065_0043_113,skulde
16,no-nb_digibok_2013060608065_0016_180,Middel
11,no-nb_digibok_2013060608065_0011_139,at
37,no-nb_digibok_2013060608065_0037_161,fører
6,no-nb_digibok_2013060608065_0006_189,Handling
29,no-nb_digibok_2013060608065_0029_22,tydsk
7,no-nb_digibok_2013060608065_0007_214,Hjemmel
30,no-nb_digibok_2013060608065_0030_43,at
47,no-nb_digibok_2013060608065_0047_149,Byes
40,no-nb_digibok_2013060608065_0040_9,tjente
25,no-nb_digibok_2013060608065_0025_6,fra
49,no-nb_digibok_2013060608065_0049_77,at
12,no-nb_digibok_2013060608065_0012_36,omrige
5,no-nb_digibok_2013060608065_0005_93,Ommrynning
34,no-nb_digibok_2013060608065_0034_166,Lovbogens
33,no-nb_digibok_2013060608065_0033_82,noget
4,no-nb_digibok_2013060608065_0004_62,gamer
19,no-nb_digibok_2013060608065_0019_142,tillægge
47,no-nb_digibok_2013060608065_0047_170,for
14,no-nb_digibok_2013060608065_0014_73,paa
34,no-nb_digibok_2013060608065_0034_162,gjeldende
28,no-nb_digibok_2013060608065_0028_122,her
13,no-nb_digibok_2013060608065_0013_36,ligesom
38,no-nb_digibok_2013060608065_0038_50,have
41,no-nb_digibok_2013060608065_0041_111,senere
27,no-nb_digibok_2013060608065_0027_110,Landes
36,no-nb_digibok_2013060608065_0036_109,til
44,no-nb_digibok_2013060608065_0044_108,gjentaget
17,no-nb_digibok_2013060608065_0017_19,end
4,no-nb_digibok_2013060608065_0004_16,af
9,no-nb_digibok_2013060608065_0009_179,Kap
12,no-nb_digibok_2013060608065_0012_114,først
34,no-nb_digibok_2013060608065_0034_57,om
43,no-nb_digibok_2013060608065_0043_2,men
41,no-nb_digibok_2013060608065_0041_147,ved
37,no-nb_digibok_2013060608065_0037_115,utvivlsomt
15,no-nb_digibok_2013060608065_0015_68,Ord
10,no-nb_digibok_2013060608065_0010_159,det
25,no-nb_digibok_2013060608065_0025_47,altsaa
45,no-nb_digibok_2013060608065_0045_156,Privilegiers
6,no-nb_digibok_2013060608065_0006_194,om
6,no-nb_digibok_2013060608065_0006_129,saaledes
12,no-nb_digibok_2013060608065_0012_21,ældre
28,no-nb_digibok_2013060608065_0028_18,Dog
50,no-nb_digibok_2013060608065_0050_155,der
25,no-nb_digibok_2013060608065_0025_177,tage
5,no-nb_digibok_2013060608065_0005_157,kun
49,no-nb_digibok_2013060608065_0049_116,udkom
46,no-nb_digibok_2013060608065_0046_99,fremdeles
49,no-nb_digibok_2013060608065_0049_75,nedsatte
7,no-nb_digibok_2013060608065_0007_87,alene
31,no-nb_digibok_2013060608065_0031_46,Udkast
42,no-nb_digibok_2013060608065_0042_141,end
18,no-nb_digibok_2013060608065_0018_63,man
10,no-nb_digibok_2013060608065_0010_108,have
8,no-nb_digibok_2013060608065_0008_164,rigtig
36,no-nb_digibok_2013060608065_0036_157,med
30,no-nb_digibok_2013060608065_0030_40,Fuldmægtig
49,no-nb_digibok_2013060608065_0049_87,der
12,no-nb_digibok_2013060608065_0012_132,paatrængende
48,no-nb_digibok_2013060608065_0048_42,som
35,no-nb_digibok_2013060608065_0035_67,Forordningens
34,no-nb_digibok_2013060608065_0034_59,Bryllupper
7,no-nb_digibok_2013060608065_0007_70,til
30,no-nb_digibok_2013060608065_0030_64,er
27,no-nb_digibok_2013060608065_0027_93,fra
36,no-nb_digibok_2013060608065_0036_108,henhørte
7,no-nb_digibok_2013060608065_0007_190,nødmendige
37,no-nb_digibok_2013060608065_0037_118,af
17,no-nb_digibok_2013060608065_0017_142,hvori
26,no-nb_digibok_2013060608065_0026_93,nemlig
39,no-nb_digibok_2013060608065_0039_27,syn
28,no-nb_digibok_2013060608065_0028_82,Artikler
46,no-nb_digibok_2013060608065_0046_142,man
3,no-nb_digibok_2013060608065_0003_93,ved
50,no-nb_digibok_2013060608065_0050_128,af
19,no-nb_digibok_2013060608065_0019_99,et
25,no-nb_digibok_2013060608065_0025_157,Chr
28,no-nb_digibok_2013060608065_0028_10,i
5,no-nb_digibok_2013060608065_0005_12,gende
20,no-nb_digibok_2013060608065_0020_51,Eieren
49,no-nb_digibok_2013060608065_0049_86,om
50,no-nb_digibok_2013060608065_0050_6,flere
23,no-nb_digibok_2013060608065_0023_82,er
21,no-nb_digibok_2013060608065_0021_113,derfor
31,no-nb_digibok_2013060608065_0031_113,civil
22,no-nb_digibok_2013060608065_0022_156,Slags
29,no-nb_digibok_2013060608065_0029_46,for
5,no-nb_digibok_2013060608065_0005_5,mendt
17,no-nb_digibok_2013060608065_0017_186,og
14,no-nb_digibok_2013060608065_0014_49,Onersohretten
24,no-nb_digibok_2013060608065_0024_163,om
5,no-nb_digibok_2013060608065_0005_46,noe
32,no-nb_digibok_2013060608065_0032_48,Anviisning
42,no-nb_digibok_2013060608065_0042_41,sigtet
49,no-nb_digibok_2013060608065_0049_135,udvidet
5,no-nb_digibok_2013060608065_0005_127,helst
24,no-nb_digibok_2013060608065_0024_22,hører
17,no-nb_digibok_2013060608065_0017_76,man
9,no-nb_digibok_2013060608065_0009_213,kunde
29,no-nb_digibok_2013060608065_0029_45,Straffene
30,no-nb_digibok_2013060608065_0030_182,Omarbeidelse
36,no-nb_digibok_2013060608065_0036_150,ets
17,no-nb_digibok_2013060608065_0017_161,været
31,no-nb_digibok_2013060608065_0031_122,Bud
23,no-nb_digibok_2013060608065_0023_83,Begrebet
12,no-nb_digibok_2013060608065_0012_6,isavegne
25,no-nb_digibok_2013060608065_0025_129,uu
9,no-nb_digibok_2013060608065_0009_132,brugd
24,no-nb_digibok_2013060608065_0024_58,verhovedet
35,no-nb_digibok_2013060608065_0035_72,indeholder
27,no-nb_digibok_2013060608065_0027_170,for
19,no-nb_digibok_2013060608065_0019_90,det
36,no-nb_digibok_2013060608065_0036_155,som
46,no-nb_digibok_2013060608065_0046_158,Janr
11,no-nb_digibok_2013060608065_0011_89,Det
6,no-nb_digibok_2013060608065_0006_188,skadegjørende
38,no-nb_digibok_2013060608065_0038_53,Byens
39,no-nb_digibok_2013060608065_0039_72,til
12,no-nb_digibok_2013060608065_0012_55,Navne
48,no-nb_digibok_2013060608065_0048_53,Frdn
13,no-nb_digibok_2013060608065_0013_48,Juni
50,no-nb_digibok_2013060608065_0050_12,i
15,no-nb_digibok_2013060608065_0015_177,den
15,no-nb_digibok_2013060608065_0015_109,som
7,no-nb_digibok_2013060608065_0007_159,kan
24,no-nb_digibok_2013060608065_0024_62,at
24,no-nb_digibok_2013060608065_0024_72,eller
41,no-nb_digibok_2013060608065_0041_134,Grunden
22,no-nb_digibok_2013060608065_0022_26,en
12,no-nb_digibok_2013060608065_0012_35,den
27,no-nb_digibok_2013060608065_0027_169,angaar
25,no-nb_digibok_2013060608065_0025_148,ved
27,no-nb_digibok_2013060608065_0027_100,om
30,no-nb_digibok_2013060608065_0030_44,modtage
11,no-nb_digibok_2013060608065_0011_113,to
40,no-nb_digibok_2013060608065_0040_135,at
36,no-nb_digibok_2013060608065_0036_129,ældre
8,no-nb_digibok_2013060608065_0008_222,og
17,no-nb_digibok_2013060608065_0017_28,sig
31,no-nb_digibok_2013060608065_0031_127,Triminelle
15,no-nb_digibok_2013060608065_0015_217,maa
6,no-nb_digibok_2013060608065_0006_110,bedømmed
44,no-nb_digibok_2013060608065_0044_48,I
21,no-nb_digibok_2013060608065_0021_40,ikke
5,no-nb_digibok_2013060608065_0005_150,Adkomst
46,no-nb_digibok_2013060608065_0046_105,som
14,no-nb_digibok_2013060608065_0014_98,være
11,no-nb_digibok_2013060608065_0011_26,maner
32,no-nb_digibok_2013060608065_0032_79,Politien
43,no-nb_digibok_2013060608065_0043_34,blev
17,no-nb_digibok_2013060608065_0017_127,mange
28,no-nb_digibok_2013060608065_0028_184,efter
12,no-nb_digibok_2013060608065_0012_34,undersøgt
38,no-nb_digibok_2013060608065_0038_138,sig
15,no-nb_digibok_2013060608065_0015_66,at
34,no-nb_digibok_2013060608065_0034_56,Fr
13,no-nb_digibok_2013060608065_0013_62,de
27,no-nb_digibok_2013060608065_0027_55,bestaaende
6,no-nb_digibok_2013060608065_0006_97,Beskemmelser
29,no-nb_digibok_2013060608065_0029_21,efter
16,no-nb_digibok_2013060608065_0016_69,derimæd
27,no-nb_digibok_2013060608065_0027_19,er
12,no-nb_digibok_2013060608065_0012_80,en
6,no-nb_digibok_2013060608065_0006_63,Ogsaa
50,no-nb_digibok_2013060608065_0050_114,betragte
6,no-nb_digibok_2013060608065_0006_109,at
50,no-nb_digibok_2013060608065_0050_130,i
40,no-nb_digibok_2013060608065_0040_162,at
4,no-nb_digibok_2013060608065_0004_104,eller
30,no-nb_digibok_2013060608065_0030_166,Bog
40,no-nb_digibok_2013060608065_0040_78,ny
17,no-nb_digibok_2013060608065_0017_118,Livs
43,no-nb_digibok_2013060608065_0043_94,den
46,no-nb_digibok_2013060608065_0046_150,slige
18,no-nb_digibok_2013060608065_0018_76,Beviisbyrden
36,no-nb_digibok_2013060608065_0036_34,og
13,no-nb_digibok_2013060608065_0013_34,med
47,no-nb_digibok_2013060608065_0047_161,at
43,no-nb_digibok_2013060608065_0043_117,at
37,no-nb_digibok_2013060608065_0037_47,Lovmæssighed
9,no-nb_digibok_2013060608065_0009_214,opholde
7,no-nb_digibok_2013060608065_0007_72,men
20,no-nb_digibok_2013060608065_0020_130,der
41,no-nb_digibok_2013060608065_0041_27,at
5,no-nb_digibok_2013060608065_0005_167,at
23,no-nb_digibok_2013060608065_0023_43,indhegnede
37,no-nb_digibok_2013060608065_0037_92,af
11,no-nb_digibok_2013060608065_0011_18,endnu
41,no-nb_digibok_2013060608065_0041_37,og
15,no-nb_digibok_2013060608065_0015_80,sjelden
29,no-nb_digibok_2013060608065_0029_91,blevne
49,no-nb_digibok_2013060608065_0049_184,praktisk
36,no-nb_digibok_2013060608065_0036_123,melser
17,no-nb_digibok_2013060608065_0017_110,vidner
9,no-nb_digibok_2013060608065_0009_92,Det
41,no-nb_digibok_2013060608065_0041_51,er
42,no-nb_digibok_2013060608065_0042_110,i
10,no-nb_digibok_2013060608065_0010_185,Feør
27,no-nb_digibok_2013060608065_0027_14,Kløv
40,no-nb_digibok_2013060608065_0040_134,cecolleginm
5,no-nb_digibok_2013060608065_0005_144,end
49,no-nb_digibok_2013060608065_0049_15,Rescriptets
24,no-nb_digibok_2013060608065_0024_95,hvilket
11,no-nb_digibok_2013060608065_0011_153,hentede
35,no-nb_digibok_2013060608065_0035_53,Lovbud
6,no-nb_digibok_2013060608065_0006_86,med
4,no-nb_digibok_2013060608065_0004_55,nestnok
40,no-nb_digibok_2013060608065_0040_145,ingen
38,no-nb_digibok_2013060608065_0038_156,naar
13,no-nb_digibok_2013060608065_0013_12,som
5,no-nb_digibok_2013060608065_0005_126,ansees
37,no-nb_digibok_2013060608065_0037_107,haves
26,no-nb_digibok_2013060608065_0026_80,Vortheidigungsbrief
35,no-nb_digibok_2013060608065_0035_30,gyldig
37,no-nb_digibok_2013060608065_0037_140,i
31,no-nb_digibok_2013060608065_0031_3,Lov
29,no-nb_digibok_2013060608065_0029_137,har
38,no-nb_digibok_2013060608065_0038_133,Frdn
33,no-nb_digibok_2013060608065_0033_176,man
41,no-nb_digibok_2013060608065_0041_47,at
18,no-nb_digibok_2013060608065_0018_91,utilstrækkelige
41,no-nb_digibok_2013060608065_0041_130,og
5,no-nb_digibok_2013060608065_0005_123,I
10,no-nb_digibok_2013060608065_0010_56,nægte
34,no-nb_digibok_2013060608065_0034_100,af
39,no-nb_digibok_2013060608065_0039_176,ældre
16,no-nb_digibok_2013060608065_0016_199,de
18,no-nb_digibok_2013060608065_0018_73,Om
30,no-nb_digibok_2013060608065_0030_164,ophævede
5,no-nb_digibok_2013060608065_0005_8,skrevne
20,no-nb_digibok_2013060608065_0020_60,Rettens
20,no-nb_digibok_2013060608065_0020_126,gjennemført
4,no-nb_digibok_2013060608065_0004_4,de
13,no-nb_digibok_2013060608065_0013_184,Schøller
43,no-nb_digibok_2013060608065_0043_130,ældre
40,no-nb_digibok_2013060608065_0040_144,at
6,no-nb_digibok_2013060608065_0006_79,den
41,no-nb_digibok_2013060608065_0041_58,Landet
33,no-nb_digibok_2013060608065_0033_184,ansee
48,no-nb_digibok_2013060608065_0048_36,at
41,no-nb_digibok_2013060608065_0041_109,hvilke
8,no-nb_digibok_2013060608065_0008_211,nemlig
14,no-nb_digibok_2013060608065_0014_123,ikke
5,no-nb_digibok_2013060608065_0005_216,er
39,no-nb_digibok_2013060608065_0039_153,er
12,no-nb_digibok_2013060608065_0012_105,staad
9,no-nb_digibok_2013060608065_0009_216,paa
7,no-nb_digibok_2013060608065_0007_170,Kon
16,no-nb_digibok_2013060608065_0016_56,Oversættelser
29,no-nb_digibok_2013060608065_0029_31,Ægteskabsmaterien
41,no-nb_digibok_2013060608065_0041_135,ældre
10,no-nb_digibok_2013060608065_0010_58,forudsætter
12,no-nb_digibok_2013060608065_0012_58,til
12,no-nb_digibok_2013060608065_0012_172,og
44,no-nb_digibok_2013060608065_0044_34,af
25,no-nb_digibok_2013060608065_0025_151,overføres
33,no-nb_digibok_2013060608065_0033_66,den
25,no-nb_digibok_2013060608065_0025_52,Lovbogen
11,no-nb_digibok_2013060608065_0011_17,turen
26,no-nb_digibok_2013060608065_0026_83,sig
43,no-nb_digibok_2013060608065_0043_119,de
34,no-nb_digibok_2013060608065_0034_71,hvad
40,no-nb_digibok_2013060608065_0040_40,Politibetjenters
35,no-nb_digibok_2013060608065_0035_168,Kandelsberettigedes
4,no-nb_digibok_2013060608065_0004_127,en
4,no-nb_digibok_2013060608065_0004_148,sig
24,no-nb_digibok_2013060608065_0024_191,ud
7,no-nb_digibok_2013060608065_0007_139,tilkomme
19,no-nb_digibok_2013060608065_0019_134,Loven
14,no-nb_digibok_2013060608065_0014_68,paanyt
15,no-nb_digibok_2013060608065_0015_171,ophævet
33,no-nb_digibok_2013060608065_0033_25,liti
5,no-nb_digibok_2013060608065_0005_205,hvemdaled
15,no-nb_digibok_2013060608065_0015_86,i
37,no-nb_digibok_2013060608065_0037_135,ud
45,no-nb_digibok_2013060608065_0045_99,i
49,no-nb_digibok_2013060608065_0049_104,man
7,no-nb_digibok_2013060608065_0007_33,udsøtninger
7,no-nb_digibok_2013060608065_0007_142,Natemagter
34,no-nb_digibok_2013060608065_0034_156,dens
47,no-nb_digibok_2013060608065_0047_126,for
39,no-nb_digibok_2013060608065_0039_45,ganske
40,no-nb_digibok_2013060608065_0040_5,directe
17,no-nb_digibok_2013060608065_0017_70,Regel
3,no-nb_digibok_2013060608065_0003_65,egen
50,no-nb_digibok_2013060608065_0050_21,blive
36,no-nb_digibok_2013060608065_0036_93,ser
16,no-nb_digibok_2013060608065_0016_20,Dens
35,no-nb_digibok_2013060608065_0035_66,ophævede
17,no-nb_digibok_2013060608065_0017_162,et
28,no-nb_digibok_2013060608065_0028_22,Bestemmelser
11,no-nb_digibok_2013060608065_0011_182,som
39,no-nb_digibok_2013060608065_0039_121,Fr
45,no-nb_digibok_2013060608065_0045_89,Stater
38,no-nb_digibok_2013060608065_0038_68,nok
16,no-nb_digibok_2013060608065_0016_155,fattigere
27,no-nb_digibok_2013060608065_0027_47,sig
27,no-nb_digibok_2013060608065_0027_21,i
16,no-nb_digibok_2013060608065_0016_89,og
49,no-nb_digibok_2013060608065_0049_49,norske
13,no-nb_digibok_2013060608065_0013_51,det
9,no-nb_digibok_2013060608065_0009_65,modeficere
18,no-nb_digibok_2013060608065_0018_74,Fordelingen
16,no-nb_digibok_2013060608065_0016_11,af
7,no-nb_digibok_2013060608065_0007_157,i
46,no-nb_digibok_2013060608065_0046_73,til
50,no-nb_digibok_2013060608065_0050_135,efterat
39,no-nb_digibok_2013060608065_0039_158,man
48,no-nb_digibok_2013060608065_0048_70,ophævet
11,no-nb_digibok_2013060608065_0011_90,viel
8,no-nb_digibok_2013060608065_0008_230,er
32,no-nb_digibok_2013060608065_0032_25,Der
30,no-nb_digibok_2013060608065_0030_165,Ste
9,no-nb_digibok_2013060608065_0009_161,den
33,no-nb_digibok_2013060608065_0033_22,fra
36,no-nb_digibok_2013060608065_0036_102,draget
30,no-nb_digibok_2013060608065_0030_60,i
33,no-nb_digibok_2013060608065_0033_111,hvilke
50,no-nb_digibok_2013060608065_0050_72,kunne
13,no-nb_digibok_2013060608065_0013_26,bringe
44,no-nb_digibok_2013060608065_0044_65,i
15,no-nb_digibok_2013060608065_0015_126,at
25,no-nb_digibok_2013060608065_0025_8,ældre
42,no-nb_digibok_2013060608065_0042_13,Lovbogen
11,no-nb_digibok_2013060608065_0011_2,vel
41,no-nb_digibok_2013060608065_0041_18,senere
33,no-nb_digibok_2013060608065_0033_41,ningen
7,no-nb_digibok_2013060608065_0007_154,om
40,no-nb_digibok_2013060608065_0040_102,man
47,no-nb_digibok_2013060608065_0047_43,ikke
19,no-nb_digibok_2013060608065_0019_48,hinanden
14,no-nb_digibok_2013060608065_0014_33,tilstille
32,no-nb_digibok_2013060608065_0032_88,og
42,no-nb_digibok_2013060608065_0042_170,militære
20,no-nb_digibok_2013060608065_0020_75,af
38,no-nb_digibok_2013060608065_0038_124,Kresit
8,no-nb_digibok_2013060608065_0008_33,naar
43,no-nb_digibok_2013060608065_0043_146,fremdeles
48,no-nb_digibok_2013060608065_0048_128,synes
48,no-nb_digibok_2013060608065_0048_142,ogsæa
40,no-nb_digibok_2013060608065_0040_63,at
25,no-nb_digibok_2013060608065_0025_77,havde
17,no-nb_digibok_2013060608065_0017_105,Kontractsfrihed
6,no-nb_digibok_2013060608065_0006_163,er
29,no-nb_digibok_2013060608065_0029_131,undertiden
43,no-nb_digibok_2013060608065_0043_129,de
42,no-nb_digibok_2013060608065_0042_28,har
38,no-nb_digibok_2013060608065_0038_182,de
11,no-nb_digibok_2013060608065_0011_53,publacerede
28,no-nb_digibok_2013060608065_0028_183,dannet
8,no-nb_digibok_2013060608065_0008_150,almindelige
38,no-nb_digibok_2013060608065_0038_98,noget
15,no-nb_digibok_2013060608065_0015_48,hafde
34,no-nb_digibok_2013060608065_0034_58,Klædedragt
18,no-nb_digibok_2013060608065_0018_80,Indstevnte
38,no-nb_digibok_2013060608065_0038_5,Fr
41,no-nb_digibok_2013060608065_0041_77,ældre
13,no-nb_digibok_2013060608065_0013_41,Indførelse
18,no-nb_digibok_2013060608065_0018_50,er
31,no-nb_digibok_2013060608065_0031_47,senere
13,no-nb_digibok_2013060608065_0013_172,blev
17,no-nb_digibok_2013060608065_0017_104,mndskrænkede
3,no-nb_digibok_2013060608065_0003_3,den
14,no-nb_digibok_2013060608065_0014_113,forniget
28,no-nb_digibok_2013060608065_0028_4,den
20,no-nb_digibok_2013060608065_0020_65,han
3,no-nb_digibok_2013060608065_0003_96,reproduerre
24,no-nb_digibok_2013060608065_0024_25,i
16,no-nb_digibok_2013060608065_0016_24,Forening
29,no-nb_digibok_2013060608065_0029_121,være
11,no-nb_digibok_2013060608065_0011_81,i
10,no-nb_digibok_2013060608065_0010_37,er
36,no-nb_digibok_2013060608065_0036_15,og
43,no-nb_digibok_2013060608065_0043_122,ordnende
39,no-nb_digibok_2013060608065_0039_155,forhen
31,no-nb_digibok_2013060608065_0031_78,i
32,no-nb_digibok_2013060608065_0032_54,der
4,no-nb_digibok_2013060608065_0004_32,eller
29,no-nb_digibok_2013060608065_0029_60,den
23,no-nb_digibok_2013060608065_0023_150,for
17,no-nb_digibok_2013060608065_0017_12,skrev
11,no-nb_digibok_2013060608065_0011_101,Ret
44,no-nb_digibok_2013060608065_0044_172,de
8,no-nb_digibok_2013060608065_0008_231,optagen
48,no-nb_digibok_2013060608065_0048_21,men
46,no-nb_digibok_2013060608065_0046_60,angaae
41,no-nb_digibok_2013060608065_0041_95,andre
8,no-nb_digibok_2013060608065_0008_66,høieste
42,no-nb_digibok_2013060608065_0042_99,ogsaa
17,no-nb_digibok_2013060608065_0017_125,var
30,no-nb_digibok_2013060608065_0030_109,ansees
47,no-nb_digibok_2013060608065_0047_94,i
29,no-nb_digibok_2013060608065_0029_177,Ogsaa
24,no-nb_digibok_2013060608065_0024_49,gjort
21,no-nb_digibok_2013060608065_0021_129,ikke
43,no-nb_digibok_2013060608065_0043_44,Qvrigheden
17,no-nb_digibok_2013060608065_0017_156,i
50,no-nb_digibok_2013060608065_0050_99,Stiftsoverretterne
19,no-nb_digibok_2013060608065_0019_118,om
39,no-nb_digibok_2013060608065_0039_20,at
44,no-nb_digibok_2013060608065_0044_41,i
32,no-nb_digibok_2013060608065_0032_151,Ubestemte
41,no-nb_digibok_2013060608065_0041_148,samme
49,no-nb_digibok_2013060608065_0049_177,staaer
3,no-nb_digibok_2013060608065_0003_6,Rets
30,no-nb_digibok_2013060608065_0030_138,Lovbogens
24,no-nb_digibok_2013060608065_0024_42,den
39,no-nb_digibok_2013060608065_0039_51,nok
5,no-nb_digibok_2013060608065_0005_138,Øgen
11,no-nb_digibok_2013060608065_0011_80,Høiesteretspræjudicaterne
36,no-nb_digibok_2013060608065_0036_26,Par
44,no-nb_digibok_2013060608065_0044_6,Lovbogens
32,no-nb_digibok_2013060608065_0032_44,Lovbogens
5,no-nb_digibok_2013060608065_0005_7,den
23,no-nb_digibok_2013060608065_0023_61,efter
15,no-nb_digibok_2013060608065_0015_144,at
6,no-nb_digibok_2013060608065_0006_135,Bestemmelse
14,no-nb_digibok_2013060608065_0014_118,enden
50,no-nb_digibok_2013060608065_0050_172,Loven
50,no-nb_digibok_2013060608065_0050_136,Loven
32,no-nb_digibok_2013060608065_0032_87,Love
36,no-nb_digibok_2013060608065_0036_99,det
7,no-nb_digibok_2013060608065_0007_134,mellem
20,no-nb_digibok_2013060608065_0020_93,liden
33,no-nb_digibok_2013060608065_0033_90,vor
31,no-nb_digibok_2013060608065_0031_118,foranstaltes
29,no-nb_digibok_2013060608065_0029_105,langt
12,no-nb_digibok_2013060608065_0012_70,af
50,no-nb_digibok_2013060608065_0050_55,man
11,no-nb_digibok_2013060608065_0011_23,mord
49,no-nb_digibok_2013060608065_0049_150,de
50,no-nb_digibok_2013060608065_0050_131,Frdn
34,no-nb_digibok_2013060608065_0034_174,til
43,no-nb_digibok_2013060608065_0043_123,Lovbud
49,no-nb_digibok_2013060608065_0049_97,hvorover
6,no-nb_digibok_2013060608065_0006_24,at
33,no-nb_digibok_2013060608065_0033_38,Stykker
33,no-nb_digibok_2013060608065_0033_63,hvoraf
3,no-nb_digibok_2013060608065_0003_61,udsprungne
47,no-nb_digibok_2013060608065_0047_2,saaledes
18,no-nb_digibok_2013060608065_0018_45,fælde
33,no-nb_digibok_2013060608065_0033_4,for
32,no-nb_digibok_2013060608065_0032_166,uberorte
38,no-nb_digibok_2013060608065_0038_110,at
35,no-nb_digibok_2013060608065_0035_51,i
19,no-nb_digibok_2013060608065_0019_19,der
32,no-nb_digibok_2013060608065_0032_153,Begrebet
3,no-nb_digibok_2013060608065_0003_13,bestaaer
6,no-nb_digibok_2013060608065_0006_185,betyevlen
23,no-nb_digibok_2013060608065_0023_38,vil
20,no-nb_digibok_2013060608065_0020_35,det
35,no-nb_digibok_2013060608065_0035_119,maaskee
7,no-nb_digibok_2013060608065_0007_167,anden
36,no-nb_digibok_2013060608065_0036_138,og
10,no-nb_digibok_2013060608065_0010_115,fortsøtte
41,no-nb_digibok_2013060608065_0041_131,er
7,no-nb_digibok_2013060608065_0007_135,de
24,no-nb_digibok_2013060608065_0024_68,fra
5,no-nb_digibok_2013060608065_0005_42,det
9,no-nb_digibok_2013060608065_0009_211,at
48,no-nb_digibok_2013060608065_0048_122,dette
26,no-nb_digibok_2013060608065_0026_112,at
31,no-nb_digibok_2013060608065_0031_66,Justitsraad
36,no-nb_digibok_2013060608065_0036_103,i
50,no-nb_digibok_2013060608065_0050_77,strider
19,no-nb_digibok_2013060608065_0019_88,materien
16,no-nb_digibok_2013060608065_0016_37,for
48,no-nb_digibok_2013060608065_0048_11,kan
47,no-nb_digibok_2013060608065_0047_108,nu
32,no-nb_digibok_2013060608065_0032_13,er
33,no-nb_digibok_2013060608065_0033_91,Ret
8,no-nb_digibok_2013060608065_0008_177,det
4,no-nb_digibok_2013060608065_0004_92,men
45,no-nb_digibok_2013060608065_0045_162,en
16,no-nb_digibok_2013060608065_0016_100,maa
50,no-nb_digibok_2013060608065_0050_96,er
34,no-nb_digibok_2013060608065_0034_120,men
35,no-nb_digibok_2013060608065_0035_75,Interessentskabers
11,no-nb_digibok_2013060608065_0011_82,denne
10,no-nb_digibok_2013060608065_0010_72,ikke
11,no-nb_digibok_2013060608065_0011_69,thentiske
13,no-nb_digibok_2013060608065_0013_42,gjorde
9,no-nb_digibok_2013060608065_0009_66,de
12,no-nb_digibok_2013060608065_0012_180,og
21,no-nb_digibok_2013060608065_0021_80,I
4,no-nb_digibok_2013060608065_0004_88,Sætninger
26,no-nb_digibok_2013060608065_0026_23,en
30,no-nb_digibok_2013060608065_0030_179,Sjette
44,no-nb_digibok_2013060608065_0044_151,de
48,no-nb_digibok_2013060608065_0048_162,bes
44,no-nb_digibok_2013060608065_0044_130,betale
4,no-nb_digibok_2013060608065_0004_200,lidernes
14,no-nb_digibok_2013060608065_0014_3,blev
27,no-nb_digibok_2013060608065_0027_167,nye
45,no-nb_digibok_2013060608065_0045_37,Flere
50,no-nb_digibok_2013060608065_0050_74,til
43,no-nb_digibok_2013060608065_0043_172,Juli
50,no-nb_digibok_2013060608065_0050_70,Lom
13,no-nb_digibok_2013060608065_0013_164,Kongen
3,no-nb_digibok_2013060608065_0003_100,til
45,no-nb_digibok_2013060608065_0045_34,efter
12,no-nb_digibok_2013060608065_0012_122,allerede
24,no-nb_digibok_2013060608065_0024_85,i
11,no-nb_digibok_2013060608065_0011_31,den
11,no-nb_digibok_2013060608065_0011_35,opstaaer
15,no-nb_digibok_2013060608065_0015_189,Bestemmelserne
31,no-nb_digibok_2013060608065_0031_14,Kommission
48,no-nb_digibok_2013060608065_0048_105,at
10,no-nb_digibok_2013060608065_0010_146,forandre
4,no-nb_digibok_2013060608065_0004_1,ingen
9,no-nb_digibok_2013060608065_0009_145,Derimod
17,no-nb_digibok_2013060608065_0017_6,udrustede
10,no-nb_digibok_2013060608065_0010_78,useregne
8,no-nb_digibok_2013060608065_0008_68,at
27,no-nb_digibok_2013060608065_0027_64,Føie
19,no-nb_digibok_2013060608065_0019_70,anden
25,no-nb_digibok_2013060608065_0025_42,som
15,no-nb_digibok_2013060608065_0015_181,for
48,no-nb_digibok_2013060608065_0048_129,ophævet
30,no-nb_digibok_2013060608065_0030_67,med
5,no-nb_digibok_2013060608065_0005_102,desongaaende
15,no-nb_digibok_2013060608065_0015_89,Leilighedsviis
25,no-nb_digibok_2013060608065_0025_90,ved
25,no-nb_digibok_2013060608065_0025_89,føres
6,no-nb_digibok_2013060608065_0006_108,til
4,no-nb_digibok_2013060608065_0004_100,skrødnet
10,no-nb_digibok_2013060608065_0010_203,Udvirklingstadier
50,no-nb_digibok_2013060608065_0050_111,at
8,no-nb_digibok_2013060608065_0008_149,den
16,no-nb_digibok_2013060608065_0016_23,i
11,no-nb_digibok_2013060608065_0011_51,sig
5,no-nb_digibok_2013060608065_0005_135,for
22,no-nb_digibok_2013060608065_0022_55,dennes
12,no-nb_digibok_2013060608065_0012_153,hande
20,no-nb_digibok_2013060608065_0020_6,I
3,no-nb_digibok_2013060608065_0003_43,Slet
41,no-nb_digibok_2013060608065_0041_99,Gjenstande
7,no-nb_digibok_2013060608065_0007_76,ekke
19,no-nb_digibok_2013060608065_0019_150,Konsegvence
6,no-nb_digibok_2013060608065_0006_156,for
7,no-nb_digibok_2013060608065_0007_111,og
44,no-nb_digibok_2013060608065_0044_141,Spand
5,no-nb_digibok_2013060608065_0005_30,forekommer
42,no-nb_digibok_2013060608065_0042_31,med
33,no-nb_digibok_2013060608065_0033_120,Hensyn
30,no-nb_digibok_2013060608065_0030_176,under
13,no-nb_digibok_2013060608065_0013_118,som
19,no-nb_digibok_2013060608065_0019_3,en
27,no-nb_digibok_2013060608065_0027_39,kan
39,no-nb_digibok_2013060608065_0039_117,imnod
16,no-nb_digibok_2013060608065_0016_114,hvorpaa
9,no-nb_digibok_2013060608065_0009_35,med
7,no-nb_digibok_2013060608065_0007_94,paa
15,no-nb_digibok_2013060608065_0015_79,en
7,no-nb_digibok_2013060608065_0007_43,ledes
27,no-nb_digibok_2013060608065_0027_108,mellem
45,no-nb_digibok_2013060608065_0045_44,med
16,no-nb_digibok_2013060608065_0016_45,skrevne
5,no-nb_digibok_2013060608065_0005_188,skrevne
18,no-nb_digibok_2013060608065_0018_75,af
27,no-nb_digibok_2013060608065_0027_91,skrev
45,no-nb_digibok_2013060608065_0045_41,eller
21,no-nb_digibok_2013060608065_0021_54,Andemmande
15,no-nb_digibok_2013060608065_0015_221,vigtigste
36,no-nb_digibok_2013060608065_0036_22,nogen
30,no-nb_digibok_2013060608065_0030_139,Anordning
22,no-nb_digibok_2013060608065_0022_118,forstaaes
29,no-nb_digibok_2013060608065_0029_53,for
5,no-nb_digibok_2013060608065_0005_139,selv
32,no-nb_digibok_2013060608065_0032_43,udenfor
37,no-nb_digibok_2013060608065_0037_122,som
9,no-nb_digibok_2013060608065_0009_15,vel
28,no-nb_digibok_2013060608065_0028_160,en
46,no-nb_digibok_2013060608065_0046_110,almindelige
44,no-nb_digibok_2013060608065_0044_68,er
15,no-nb_digibok_2013060608065_0015_186,de
9,no-nb_digibok_2013060608065_0009_122,som
12,no-nb_digibok_2013060608065_0012_19,givet
5,no-nb_digibok_2013060608065_0005_26,mmen
33,no-nb_digibok_2013060608065_0033_106,at
14,no-nb_digibok_2013060608065_0014_59,Kongmand
10,no-nb_digibok_2013060608065_0010_143,fra
27,no-nb_digibok_2013060608065_0027_146,af
32,no-nb_digibok_2013060608065_0032_5,den
34,no-nb_digibok_2013060608065_0034_102,endnu
43,no-nb_digibok_2013060608065_0043_180,var
5,no-nb_digibok_2013060608065_0005_90,dens
16,no-nb_digibok_2013060608065_0016_105,det
6,no-nb_digibok_2013060608065_0006_34,en
32,no-nb_digibok_2013060608065_0032_21,af
45,no-nb_digibok_2013060608065_0045_78,med
16,no-nb_digibok_2013060608065_0016_41,indeholder
4,no-nb_digibok_2013060608065_0004_163,ældste
16,no-nb_digibok_2013060608065_0016_122,dengang
39,no-nb_digibok_2013060608065_0039_113,har
32,no-nb_digibok_2013060608065_0032_125,ville
17,no-nb_digibok_2013060608065_0017_120,Dens
8,no-nb_digibok_2013060608065_0008_34,ikke
24,no-nb_digibok_2013060608065_0024_18,og
46,no-nb_digibok_2013060608065_0046_167,der
34,no-nb_digibok_2013060608065_0034_19,staar
13,no-nb_digibok_2013060608065_0013_55,i
35,no-nb_digibok_2013060608065_0035_121,Føie
26,no-nb_digibok_2013060608065_0026_13,Betydning
12,no-nb_digibok_2013060608065_0012_141,og
9,no-nb_digibok_2013060608065_0009_219,eller
39,no-nb_digibok_2013060608065_0039_68,betragtet
31,no-nb_digibok_2013060608065_0031_79,hvilken
5,no-nb_digibok_2013060608065_0005_190,disse
38,no-nb_digibok_2013060608065_0038_188,andet
46,no-nb_digibok_2013060608065_0046_92,ogsaa
13,no-nb_digibok_2013060608065_0013_114,den
32,no-nb_digibok_2013060608065_0032_155,meget
13,no-nb_digibok_2013060608065_0013_132,Uiiisermitet
22,no-nb_digibok_2013060608065_0022_80,er
44,no-nb_digibok_2013060608065_0044_154,og
35,no-nb_digibok_2013060608065_0035_162,om
16,no-nb_digibok_2013060608065_0016_184,vore
18,no-nb_digibok_2013060608065_0018_67,til
44,no-nb_digibok_2013060608065_0044_140,eller
50,no-nb_digibok_2013060608065_0050_61,Lovbogens
20,no-nb_digibok_2013060608065_0020_59,ved
35,no-nb_digibok_2013060608065_0035_21,omtaler
17,no-nb_digibok_2013060608065_0017_187,synes
35,no-nb_digibok_2013060608065_0035_1,Lovbogens
23,no-nb_digibok_2013060608065_0023_46,og
