writer_id,line_id,Text
49,a03-034-00-00,Members
49,a03-034-00-01,of
49,a03-034-00-02,the
49,a03-034-00-03,Cabinet
49,a03-034-00-04,are
49,a03-034-00-05,basing
49,a03-034-00-06,their
49,a03-034-00-08,on
49,a03-034-01-01,new
49,a03-034-01-03,booklet
49,a03-034-01-04,called
49,a03-034-01-05,The
49,a03-034-01-06,Record
49,a03-034-01-07,Speaks
49,a03-034-02-00,which
49,a03-034-02-02,in
49,a03-034-02-03,some
49,a03-034-02-04,detail
49,a03-034-02-05,the
49,a03-034-03-00,of
49,a03-034-03-01,the
49,a03-034-03-02,party
49,a03-034-03-03,since
49,a03-034-03-04,it
49,a03-034-03-05,came
49,a03-034-03-06,to
49,a03-034-03-07,office
49,a03-034-03-08,three
49,a03-034-03-09,and
49,a03-034-04-01,half
49,a03-034-04-02,years
49,a03-034-04-03,ago
49,a03-034-04-06,there
49,a03-034-04-07,is
49,a03-034-04-08,little
49,a03-034-05-01,in
49,a03-034-05-02,the
49,a03-034-05-04,Party
49,a03-034-05-05,that
49,a03-034-05-06,their
49,a03-034-06-00,stock
49,a03-034-06-01,at
49,a03-034-06-02,home
49,a03-034-06-03,has
49,a03-034-06-04,fallen
49,a03-034-06-05,in
49,a03-034-06-06,the
49,a03-034-06-07,face
49,a03-034-06-08,of
49,a03-034-07-00,heavy
49,a03-034-07-02,and
49,a03-034-07-03,an
49,a03-034-07-05,economy
128,b06-019-00-00,The
128,b06-019-00-01,process
128,b06-019-00-02,has
128,b06-019-00-03,been
128,b06-019-00-04,too
128,b06-019-00-05,slow
128,b06-019-00-06,for
128,b06-019-00-07,Herr
128,b06-019-01-00,Strauss
128,b06-019-01-01,and
128,b06-019-01-02,last
128,b06-019-01-03,month
128,b06-019-01-04,he
128,b06-019-02-00,Britain
128,b06-019-02-01,for
128,b06-019-02-02,being
128,b06-019-02-03,an
128,b06-019-02-05,for
128,b06-019-02-06,West
128,b06-019-03-00,plans
128,b06-019-03-01,for
128,b06-019-03-04,unified
128,b06-019-03-05,supply
128,b06-019-04-00,in
128,b06-019-04-01,Nato
128,b06-019-04-05,supply
128,b06-019-04-07,which
128,b06-019-04-08,would
128,b06-019-05-00,link
128,b06-019-05-02,the
128,b06-019-05-03,various
128,b06-019-05-04,West
128,b06-019-05-05,German
128,b06-019-06-05,By
128,b06-019-06-06,the
128,b06-019-06-07,end
128,b06-019-06-08,of
128,b06-019-06-09,the
128,b06-019-06-10,year
128,b06-019-06-11,there
128,b06-019-07-00,will
128,b06-019-07-01,be
128,b06-019-07-03,German
128,b06-019-07-05,in
128,b06-019-07-06,Nato
128,b06-019-08-01,with
128,b06-019-08-02,four
128,b06-019-08-04,of
128,b06-019-09-00,British
128,b06-019-09-01,troops
116,b05-032-00-00,The
116,b05-032-00-02,from
116,b05-032-00-03,the
116,b05-032-00-04,New
116,b05-032-00-05,World
116,b05-032-00-06,who
116,b05-032-00-07,had
116,b05-032-01-00,been
116,b05-032-01-01,in
116,b05-032-01-02,Britain
116,b05-032-01-03,many
116,b05-032-01-04,times
116,b05-032-01-05,before
116,b05-032-01-07,were
116,b05-032-02-01,stunned
116,b05-032-02-04,they
116,b05-032-02-05,said
116,b05-032-02-08,We
116,b05-032-02-09,thought
116,b05-032-03-00,we
116,b05-032-03-01,knew
116,b05-032-03-02,it
116,b05-032-03-03,all
116,b05-032-03-05,but
116,b05-032-03-06,you
116,b05-032-03-08,never
116,b05-032-03-09,run
116,b05-032-04-00,out
116,b05-032-04-01,of
116,b05-032-04-03,stones
116,b05-032-05-00,To
116,b05-032-05-01,the
116,b05-032-05-02,British
116,b05-032-05-03,Travel
116,b05-032-05-06,doing
116,b05-032-05-07,their
116,b05-032-06-03,offer
116,b05-032-06-04,these
116,b05-032-06-05,sad
116,b05-032-06-08,IN
116,b05-032-06-09,the
116,b05-032-07-00,the
116,b05-032-07-02,took
116,b05-032-07-04,to
116,b05-032-07-05,their
116,b05-032-07-06,looms
116,b05-032-07-07,and
116,b05-032-08-00,many
116,b05-032-08-02,good
116,b05-032-08-03,trade
116,b05-032-08-05,since
116,b05-032-08-06,then
116,b05-032-08-07,has
116,b05-032-08-09,in
116,b05-032-08-10,the
116,b05-032-09-00,hope
116,b05-032-09-01,of
116,b05-032-09-03,the
116,b05-032-09-04,lot
116,b05-032-09-05,of
116,b05-032-09-06,his
116,b05-032-09-07,fellow
116,b05-032-09-08,workers
116,b05-032-09-10,taken
116,b05-032-10-00,the
116,b05-032-10-02,Luddite
116,b05-032-10-03,hammer
116,b05-032-10-04,again
85,a06-124-00-00,The
85,a06-124-00-01,big
85,a06-124-00-03,squeeze
85,a06-124-00-05,means
85,a06-124-00-06,that
85,a06-124-00-07,it
85,a06-124-00-08,is
85,a06-124-00-09,going
85,a06-124-00-10,to
85,a06-124-00-11,be
85,a06-124-00-12,more
85,a06-124-01-01,to
85,a06-124-01-02,arrange
85,a06-124-01-04,loan
85,a06-124-01-05,or
85,a06-124-01-08,And
85,a06-124-01-09,banks
85,a06-124-01-10,will
85,a06-124-01-11,be
85,a06-124-02-01,in
85,a06-124-02-06,This
85,a06-124-02-07,is
85,a06-124-02-09,in
85,a06-124-03-00,the
85,a06-124-03-01,Central
85,a06-124-03-03,weekly
85,a06-124-03-04,return
85,a06-124-03-07,which
85,a06-124-03-08,shows
85,a06-124-03-09,that
85,a06-124-03-10,more
85,a06-124-04-00,than
85,a06-124-04-02,of
85,a06-124-04-03,the
85,a06-124-04-05,money
85,a06-124-04-06,is
85,a06-124-04-07,now
85,a06-124-04-08,frozen
85,a06-124-04-09,in
85,a06-124-04-10,the
85,a06-124-05-00,form
85,a06-124-05-01,of
85,a06-124-05-02,special
85,a06-124-05-04,with
85,a06-124-05-05,the
85,a06-124-05-06,Bank
85,a06-124-05-07,of
85,a06-124-05-08,England
232,e04-022-00-00,Decide
232,e04-022-00-01,on
232,e04-022-00-02,the
232,e04-022-00-04,angle
232,e04-022-00-05,of
232,e04-022-00-06,slope
232,e04-022-01-00,keeping
232,e04-022-01-02,flat
232,e04-022-01-03,on
232,e04-022-01-04,the
232,e04-022-01-05,chair
232,e04-022-01-06,seat
232,e04-022-01-08,and
232,e04-022-01-09,mark
232,e04-022-02-00,off
232,e04-022-02-01,the
232,e04-022-02-02,exact
232,e04-022-02-04,of
232,e04-022-02-06,on
232,e04-022-02-07,the
232,e04-022-02-08,side
232,e04-022-03-00,pieces
232,e04-022-03-02,These
232,e04-022-03-03,can
232,e04-022-03-04,then
232,e04-022-03-05,be
232,e04-022-03-06,cut
232,e04-022-03-07,at
232,e04-022-03-08,the
232,e04-022-03-09,correct
232,e04-022-04-00,angle
232,e04-022-04-01,and
232,e04-022-04-03,is
232,e04-022-04-04,glued
232,e04-022-04-05,and
232,e04-022-04-06,nailed
232,e04-022-04-07,in
232,e04-022-04-08,place
232,e04-022-05-01,piece
232,e04-022-05-02,of
232,e04-022-05-04,is
232,e04-022-05-05,then
232,e04-022-05-06,cut
232,e04-022-05-07,and
232,e04-022-05-08,pinned
232,e04-022-06-00,to
232,e04-022-06-01,the
232,e04-022-06-02,frame
232,e04-022-06-03,and
232,e04-022-06-04,its
232,e04-022-06-05,edges
232,e04-022-06-06,planed
232,e04-022-06-07,off
232,e04-022-07-00,flush
342,g06-042k-00-00,Nor
342,g06-042k-00-01,is
342,g06-042k-00-02,this
342,g06-042k-00-03,to
342,g06-042k-00-04,be
342,g06-042k-00-06,at
342,g06-042k-00-08,for
342,g06-042k-00-09,even
342,g06-042k-00-10,today
342,g06-042k-00-12,in
342,g06-042k-01-00,the
342,g06-042k-01-03,no
342,g06-042k-01-04,cure
342,g06-042k-01-05,has
342,g06-042k-01-06,been
342,g06-042k-01-07,found
342,g06-042k-01-08,for
342,g06-042k-01-09,the
342,g06-042k-02-03,As
342,g06-042k-02-04,early
342,g06-042k-02-05,as
342,g06-042k-02-08,when
342,g06-042k-03-01,himself
342,g06-042k-03-02,to
342,g06-042k-03-03,be
342,g06-042k-03-04,on
342,g06-042k-03-05,the
342,g06-042k-03-06,point
342,g06-042k-03-07,of
342,g06-042k-03-08,death
342,g06-042k-04-00,the
342,g06-042k-04-01,new
342,g06-042k-04-02,German
342,g06-042k-04-04,method
342,g06-042k-04-05,known
342,g06-042k-04-06,as
342,g06-042k-05-01,had
342,g06-042k-05-02,been
342,g06-042k-05-03,brought
342,g06-042k-05-04,to
342,g06-042k-05-05,his
342,g06-042k-05-06,notice
340,g06-011i-00-00,By
340,g06-011i-00-01,the
340,g06-011i-00-02,end
340,g06-011i-00-03,of
340,g06-011i-00-04,the
340,g06-011i-00-05,month
340,g06-011i-00-06,he
340,g06-011i-00-07,still
340,g06-011i-00-09,in
340,g06-011i-00-10,Naples
340,g06-011i-01-00,He
340,g06-011i-01-01,told
340,g06-011i-01-03,that
340,g06-011i-01-04,he
340,g06-011i-01-05,enjoyed
340,g06-011i-01-06,it
340,g06-011i-01-07,as
340,g06-011i-01-08,much
340,g06-011i-01-09,as
340,g06-011i-01-10,his
340,g06-011i-02-00,health
340,g06-011i-02-02,him
340,g06-011i-02-03,to
340,g06-011i-02-04,enjoy
340,g06-011i-02-08,The
340,g06-011i-02-09,Pearl
340,g06-011i-02-12,he
340,g06-011i-03-00,wrote
340,g06-011i-03-03,is
340,g06-011i-03-04,arrived
340,g06-011i-03-06,which
340,g06-011i-03-07,is
340,g06-011i-03-09,great
340,g06-011i-04-00,seems
340,g06-011i-04-01,to
340,g06-011i-04-02,be
340,g06-011i-04-03,tired
340,g06-011i-04-05,he
340,g06-011i-04-06,is
340,g06-011i-04-07,going
340,g06-011i-04-08,out
340,g06-011i-04-09,fast
340,g06-011i-04-12,What
340,g06-011i-04-14,gay
340,g06-011i-05-00,lively
340,g06-011i-05-01,people
340,g06-011i-05-03,and
340,g06-011i-05-04,what
340,g06-011i-05-06,busy
340,g06-011i-05-07,town
340,g06-011i-05-09,At
340,g06-011i-05-10,Rome
340,g06-011i-05-12,every
340,g06-011i-05-13,other
340,g06-011i-06-00,man
340,g06-011i-06-01,was
340,g06-011i-06-03,priest
340,g06-011i-06-05,here
340,g06-011i-06-06,the
340,g06-011i-06-07,priest
340,g06-011i-06-08,is
340,g06-011i-06-10,by
340,g06-011i-07-00,the
340,g06-011i-07-01,soldier
340,g06-011i-07-05,change
340,g06-011i-07-06,in
340,g06-011i-07-07,my
340,g06-011i-07-08,eye
340,g06-011i-08-00,as
340,g06-011i-08-01,the
340,g06-011i-08-02,troops
340,g06-011i-08-03,are
340,g06-011i-08-04,very
340,g06-011i-08-05,fine
25,a02-017-00-00,Other
25,a02-017-00-01,leading
25,a02-017-00-02,members
25,a02-017-00-03,are
25,a02-017-00-05,Sir
25,a02-017-00-06,Henry
25,a02-017-00-07,Lintott
25,a02-017-00-08,from
25,a02-017-01-00,the
25,a02-017-01-03,Office
25,a02-017-01-05,Sir
25,a02-017-01-06,William
25,a02-017-02-03,Office
25,a02-017-02-09,Bell
25,a02-017-03-08,Andrew
25,a02-017-03-10,Board
25,a02-017-03-11,of
25,a02-017-03-12,Trade
25,a02-017-04-00,They
25,a02-017-04-01,will
25,a02-017-04-04,Heath
25,a02-017-04-05,next
25,a02-017-04-06,month
25,a02-017-04-07,when
25,a02-017-05-00,he
25,a02-017-05-01,goes
25,a02-017-05-02,to
25,a02-017-05-06,of
25,a02-017-05-07,the
25,a02-017-05-08,Common
25,a02-017-06-00,Market
25,a02-017-06-03,or
25,a02-017-06-05,the
25,a02-017-06-06,Six
25,a02-017-06-07,decide
25,a02-017-07-01,should
25,a02-017-07-02,be
25,a02-017-07-03,held
128,c06-076-00-01,AM
128,c06-076-00-02,happy
128,c06-076-00-03,to
128,c06-076-00-04,report
128,c06-076-00-05,that
128,c06-076-00-07,saw
128,c06-076-01-00,thing
128,c06-076-01-01,this
128,c06-076-01-02,week
128,c06-076-01-04,have
128,c06-076-01-05,never
128,c06-076-01-06,before
128,c06-076-02-00,either
128,c06-076-02-01,in
128,c06-076-02-03,or
128,c06-076-02-04,outside
128,c06-076-03-00,playing
128,c06-076-03-02,drunk
128,c06-076-03-03,scene
128,c06-076-03-05,and
128,c06-076-03-06,playing
128,c06-076-03-07,it
128,c06-076-03-08,with
128,c06-076-04-00,perfect
128,c06-076-04-01,timing
128,c06-076-04-02,and
128,c06-076-04-05,It
128,c06-076-04-06,gives
128,c06-076-04-07,one
128,c06-076-04-08,loud
128,c06-076-05-00,clear
128,c06-076-05-01,hiccup
128,c06-076-05-02,and
128,c06-076-05-03,falls
128,c06-076-05-04,flat
128,c06-076-05-05,on
128,c06-076-05-06,its
128,c06-076-05-07,back
128,c06-076-05-09,This
128,c06-076-06-01,budge
128,c06-076-06-04,may
128,c06-076-06-05,add
128,c06-076-06-07,gets
128,c06-076-06-08,no
128,c06-076-06-09,credit
128,c06-076-07-00,in
128,c06-076-07-01,the
128,c06-076-07-02,cast
128,c06-076-07-03,list
128,c06-076-07-04,of
128,c06-076-07-05,Come
128,c06-076-07-08,Odeon
128,c06-076-08-03,which
128,c06-076-08-05,that
128,c06-076-08-06,it
128,c06-076-09-00,is
128,c06-076-09-01,either
128,c06-076-09-02,using
128,c06-076-09-05,for
128,c06-076-09-06,the
128,c06-076-09-07,stunt
43,a03-014-00-00,Two
43,a03-014-00-02,from
43,a03-014-00-03,the
43,a03-014-00-04,Laotian
43,a03-014-01-00,of
43,a03-014-01-01,Prince
43,a03-014-01-02,Boun
43,a03-014-01-03,Oum
43,a03-014-01-04,have
43,a03-014-01-05,arrived
43,a03-014-01-06,in
43,a03-014-02-00,Phnom
43,a03-014-02-01,Penh
43,a03-014-02-05,to
43,a03-014-02-06,invite
43,a03-014-02-07,Prince
43,a03-014-03-01,Phouma
43,a03-014-03-03,the
43,a03-014-03-04,former
43,a03-014-03-05,Prime
43,a03-014-04-00,ister
43,a03-014-04-02,to
43,a03-014-04-03,return
43,a03-014-04-04,to
43,a03-014-04-05,Laos
43,a03-014-04-07,No
43,a03-014-04-08,details
43,a03-014-04-09,of
43,a03-014-05-00,their
43,a03-014-05-01,mission
43,a03-014-05-02,have
43,a03-014-05-03,been
43,a03-014-05-06,but
43,a03-014-05-07,it
43,a03-014-06-00,was
43,a03-014-06-02,earlier
43,a03-014-06-03,in
43,a03-014-06-04,Laos
43,a03-014-06-05,that
43,a03-014-06-06,Prince
43,a03-014-07-00,Boun
43,a03-014-07-01,Oum
43,a03-014-07-02,was
43,a03-014-07-04,asking
43,a03-014-08-00,Prince
43,a03-014-08-02,Phouma
43,a03-014-08-03,to
43,a03-014-08-04,join
43,a03-014-08-05,his
123,b06-023-00-01,these
123,b06-023-00-04,force
123,b06-023-00-05,of
123,b06-023-00-06,over
123,b06-023-01-02,by
123,b06-023-01-03,the
123,b06-023-01-05,is
123,b06-023-01-06,growing
123,b06-023-02-00,up
123,b06-023-02-02,These
123,b06-023-02-06,are
123,b06-023-02-07,in
123,b06-023-02-08,fact
123,b06-023-02-09,fighter
123,b06-023-02-10,bombers
123,b06-023-03-00,which
123,b06-023-03-01,could
123,b06-023-03-02,launch
123,b06-023-03-03,an
123,b06-023-03-04,atomic
123,b06-023-03-05,attack
123,b06-023-03-06,on
123,b06-023-04-00,Eastern
123,b06-023-04-01,Europe
123,b06-023-04-03,By
123,b06-023-04-05,the
123,b06-023-04-06,Germans
123,b06-023-04-07,plan
123,b06-023-04-08,to
123,b06-023-04-09,have
123,b06-023-05-00,nine
123,b06-023-05-01,missile
123,b06-023-05-04,with
123,b06-023-05-07,and
123,b06-023-06-01,firing
123,b06-023-06-02,ramps
123,b06-023-06-05,weapons
123,b06-023-06-06,like
123,b06-023-06-07,Matador
123,b06-023-07-01,range
123,b06-023-07-03,miles
123,b06-023-07-06,also
123,b06-023-07-08,by
123,b06-023-07-09,the
343,g06-037l-00-00,God
343,g06-037l-00-01,grant
343,g06-037l-00-03,however
343,g06-037l-00-05,that
343,g06-037l-00-07,may
343,g06-037l-00-08,be
343,g06-037l-00-10,false
343,g06-037l-00-11,prophet
343,g06-037l-00-13,that
343,g06-037l-01-00,all
343,g06-037l-01-01,may
343,g06-037l-01-02,go
343,g06-037l-01-03,well
343,g06-037l-01-05,Sir
343,g06-037l-01-07,Peel
343,g06-037l-01-08,was
343,g06-037l-01-09,here
343,g06-037l-02-00,but
343,g06-037l-02-01,an
343,g06-037l-02-02,express
343,g06-037l-02-03,took
343,g06-037l-02-04,him
343,g06-037l-02-05,off
343,g06-037l-03-00,While
343,g06-037l-03-01,he
343,g06-037l-03-02,was
343,g06-037l-03-03,in
343,g06-037l-03-04,Naples
343,g06-037l-03-05,there
343,g06-037l-03-06,had
343,g06-037l-03-07,opened
343,g06-037l-03-09,new
343,g06-037l-03-10,chapter
343,g06-037l-04-00,in
343,g06-037l-04-01,the
343,g06-037l-04-02,history
343,g06-037l-04-03,of
343,g06-037l-04-06,search
343,g06-037l-04-07,for
343,g06-037l-05-00,an
343,g06-037l-05-03,of
343,g06-037l-05-04,his
343,g06-037l-05-05,painful
343,g06-037l-05-06,malady
343,g06-037l-05-08,
343,g06-037l-06-00,of
343,g06-037l-06-01,the
343,g06-037l-06-05,to
343,g06-037l-06-06,which
343,g06-037l-06-07,he
343,g06-037l-06-08,had
343,g06-037l-07-00,been
343,g06-037l-07-02,ever
343,g06-037l-07-03,since
343,g06-037l-07-04,the
343,g06-037l-07-06,had
343,g06-037l-07-07,first
343,g06-037l-08-00,shown
343,g06-037l-08-03,years
343,g06-037l-08-04,before
343,g06-037l-08-05,had
343,g06-037l-08-06,had
343,g06-037l-08-07,the
343,g06-037l-09-01,effect
0,a01-087u-00-01,Brown
0,a01-087u-00-04,and
0,a01-087u-01-00,led
0,a01-087u-01-02,attack
0,a01-087u-01-03,on
0,a01-087u-01-04,the
0,a01-087u-01-05,higher
0,a01-087u-01-06,health
0,a01-087u-02-00,charges
0,a01-087u-02-03,Powell
0,a01-087u-02-06,and
0,a01-087u-03-03,replied
0,a01-087u-03-04,with
0,a01-087u-04-03,and
0,a01-087u-04-04,ended
0,a01-087u-04-05,by
0,a01-087u-05-00,Labour
0,a01-087u-05-02,to
0,a01-087u-05-03,angry
0,a01-087u-05-04,uproar
0,a01-087u-05-06,One
0,a01-087u-05-07,dealt
0,a01-087u-06-00,with
0,a01-087u-06-01,the
0,a01-087u-06-02,human
0,a01-087u-06-03,issue
0,a01-087u-06-04,behind
0,a01-087u-06-05,the
0,a01-087u-06-06,Health
0,a01-087u-07-00,Service
0,a01-087u-07-02,the
0,a01-087u-07-03,other
0,a01-087u-07-04,tried
0,a01-087u-07-05,to
0,a01-087u-07-06,show
0,a01-087u-07-07,that
0,a01-087u-07-08,the
0,a01-087u-08-01,must
0,a01-087u-08-02,always
0,a01-087u-08-03,come
0,a01-087u-08-04,first
158,e04-000-00-00,HERE
158,e04-000-00-01,is
158,e04-000-00-03,project
158,e04-000-00-04,that
158,e04-000-00-05,will
158,e04-000-00-06,be
158,e04-000-00-08,by
158,e04-000-00-09,the
158,e04-000-01-00,family
158,e04-000-01-01,man
158,e04-000-01-02,or
158,e04-000-01-05,Unlike
158,e04-000-01-06,many
158,e04-000-02-03,this
158,e04-000-02-04,chair
158,e04-000-02-05,is
158,e04-000-02-06,solidly
158,e04-000-02-07,built
158,e04-000-02-08,and
158,e04-000-03-00,capable
158,e04-000-03-01,of
158,e04-000-03-03,the
158,e04-000-03-04,heavy
158,e04-000-03-06,of
158,e04-000-03-07,the
158,e04-000-04-00,most
158,e04-000-04-04,Almost
158,e04-000-04-05,any
158,e04-000-05-00,timber
158,e04-000-05-01,can
158,e04-000-05-02,be
158,e04-000-05-03,used
158,e04-000-05-04,but
158,e04-000-05-05,Parana
158,e04-000-05-06,pine
158,e04-000-05-07,is
158,e04-000-06-02,being
158,e04-000-06-03,cheap
158,e04-000-06-05,easy
158,e04-000-06-06,to
158,e04-000-06-07,work
158,e04-000-06-09,and
158,e04-000-07-00,taking
158,e04-000-07-02,good
158,e04-000-07-03,finish
339,g06-026h-00-02,life
339,g06-026h-00-03,truly
339,g06-026h-00-06,It
339,g06-026h-00-07,so
339,g06-026h-00-08,happens
339,g06-026h-00-09,that
339,g06-026h-00-11,have
339,g06-026h-01-00,an
339,g06-026h-01-01,Italian
339,g06-026h-01-02,who
339,g06-026h-01-03,is
339,g06-026h-01-04,perhaps
339,g06-026h-01-05,the
339,g06-026h-01-06,best
339,g06-026h-01-07,Valet
339,g06-026h-01-08,de
339,g06-026h-01-09,Chambre
339,g06-026h-02-00,that
339,g06-026h-02-01,ever
339,g06-026h-02-02,was
339,g06-026h-02-04,But
339,g06-026h-02-05,he
339,g06-026h-02-06,has
339,g06-026h-02-07,not
339,g06-026h-02-08,one
339,g06-026h-02-09,word
339,g06-026h-02-10,of
339,g06-026h-02-11,English
339,g06-026h-03-00,While
339,g06-026h-03-01,he
339,g06-026h-03-02,was
339,g06-026h-03-03,writing
339,g06-026h-03-04,this
339,g06-026h-03-05,letter
339,g06-026h-03-06,he
339,g06-026h-03-07,heard
339,g06-026h-03-08,of
339,g06-026h-03-09,the
339,g06-026h-03-10,fall
339,g06-026h-04-00,of
339,g06-026h-04-01,the
339,g06-026h-04-02,Whigs
339,g06-026h-04-04,and
339,g06-026h-04-05,the
339,g06-026h-04-08,of
339,g06-026h-05-00,the
339,g06-026h-05-02,by
339,g06-026h-05-03,the
339,g06-026h-05-04,Duke
339,g06-026h-05-05,of
151,c03-003b-00-00,This
151,c03-003b-00-01,is
151,c03-003b-00-02,not
151,c03-003b-00-04,filmed
151,c03-003b-00-05,play
151,c03-003b-00-07,It
151,c03-003b-00-08,has
151,c03-003b-00-09,been
151,c03-003b-01-01,in
151,c03-003b-01-02,terms
151,c03-003b-01-03,of
151,c03-003b-01-04,the
151,c03-003b-01-05,cinema
151,c03-003b-01-07,and
151,c03-003b-01-08,again
151,c03-003b-01-09,and
151,c03-003b-02-00,again
151,c03-003b-02-01,it
151,c03-003b-02-02,is
151,c03-003b-02-03,the
151,c03-003b-02-04,visual
151,c03-003b-02-06,of
151,c03-003b-02-07,the
151,c03-003b-02-08,story
151,c03-003b-02-10,and
151,c03-003b-03-00,the
151,c03-003b-03-02,of
151,c03-003b-03-03,the
151,c03-003b-03-04,central
151,c03-003b-03-06,to
151,c03-003b-03-07,their
151,c03-003b-04-02,which
151,c03-003b-04-03,bring
151,c03-003b-04-04,the
151,c03-003b-04-05,film
151,c03-003b-04-06,so
151,c03-003b-04-07,vividly
151,c03-003b-04-08,to
151,c03-003b-04-09,life
151,c03-003b-05-00,In
151,c03-003b-05-01,Fanny
151,c03-003b-05-03,which
151,c03-003b-05-04,also
151,c03-003b-05-05,has
151,c03-003b-05-06,its
151,c03-003b-06-00,the
151,c03-003b-06-04,Joshua
151,c03-003b-06-05,Logan
151,c03-003b-06-08,but
151,c03-003b-06-09,failed
151,c03-003b-07-00,to
151,c03-003b-07-01,create
151,c03-003b-07-02,the
151,c03-003b-07-04,of
151,c03-003b-07-06,city
111,b04-116-00-00,And
111,b04-116-00-01,as
111,b04-116-00-02,the
111,b04-116-00-03,British
111,b04-116-00-05,stepped
111,b04-116-00-06,up
111,b04-116-00-07,the
111,b04-116-00-08,pace
111,b04-116-01-00,of
111,b04-116-01-01,change
111,b04-116-01-03,so
111,b04-116-01-04,the
111,b04-116-01-06,stepped
111,b04-116-01-07,up
111,b04-116-01-08,their
111,b04-116-01-09,demands
111,b04-116-02-00,TODAY
111,b04-116-02-02,in
111,b04-116-02-03,London
111,b04-116-02-05,that
111,b04-116-02-06,rash
111,b04-116-02-07,and
111,b04-116-02-09,policy
111,b04-116-02-10,has
111,b04-116-03-00,caused
111,b04-116-03-02,crisis
111,b04-116-03-05,crisis
111,b04-116-03-06,that
111,b04-116-03-07,never
111,b04-116-03-08,should
111,b04-116-03-09,have
111,b04-116-04-00,No
111,b04-116-04-01,wonder
111,b04-116-04-02,there
111,b04-116-04-03,is
111,b04-116-04-04,doubt
111,b04-116-04-05,and
111,b04-116-04-06,fearful
111,b04-116-05-00,If
111,b04-116-05-01,the
111,b04-116-05-03,now
111,b04-116-05-05,its
111,b04-116-05-06,plan
111,b04-116-05-07,to
111,b04-116-05-08,give
111,b04-116-05-09,the
111,b04-116-06-01,control
111,b04-116-06-02,in
111,b04-116-06-05,it
111,b04-116-06-06,may
111,b04-116-06-07,indeed
111,b04-116-06-08,face
111,b04-116-07-01,from
111,b04-116-07-02,African
111,b04-116-07-04,greedy
111,b04-116-07-05,for
111,b04-116-07-06,power
13,a01-063-00-00,But
13,a01-063-00-01,he
13,a01-063-00-02,said
13,a01-063-00-05,on
13,a01-063-00-07,higher
13,a01-063-01-00,level
13,a01-063-01-01,than
13,a01-063-01-02,in
13,a01-063-01-03,the
13,a01-063-01-04,past
13,a01-063-01-06,might
13,a01-063-01-07,be
13,a01-063-02-00,useful
13,a01-063-02-02,The
13,a01-063-02-04,will
13,a01-063-03-00,discuss
13,a01-063-03-01,the
13,a01-063-03-02,problem
13,a01-063-03-03,with
13,a01-063-04-00,the
13,a01-063-04-01,West
13,a01-063-04-02,German
13,a01-063-04-03,Foreign
13,a01-063-04-06,who
13,a01-063-04-07,is
13,a01-063-05-00,due
13,a01-063-05-01,in
13,a01-063-05-03,next
13,a01-063-05-04,week
13,a01-063-05-07,big
13,a01-063-06-00,slice
13,a01-063-06-01,of
13,a01-063-06-04,aid
13,a01-063-06-07,is
13,a01-063-06-08,the
13,a01-063-06-09,early
13,a01-063-07-00,payment
13,a01-063-07-01,of
13,a01-063-07-04,debt
13,a01-063-07-05,to
13,a01-063-07-06,America
13,a01-063-08-00,United
13,a01-063-08-01,States
13,a01-063-08-03,quickly
13,a01-063-08-04,point
13,a01-063-08-05,out
13,a01-063-09-00,that
13,a01-063-09-01,this
13,a01-063-09-02,is
13,a01-063-09-03,money
13,a01-063-09-04,due
13,a01-063-09-05,to
13,a01-063-09-06,America
13,a01-063-10-00,anyway
18,a01-107-00-00,We
18,a01-107-00-01,believe
18,a01-107-00-02,that
18,a01-107-00-05,medical
18,a01-107-00-06,service
18,a01-107-00-08,free
18,a01-107-00-09,to
18,a01-107-00-10,the
18,a01-107-00-11,patient
18,a01-107-01-00,at
18,a01-107-01-01,the
18,a01-107-01-02,point
18,a01-107-01-03,of
18,a01-107-01-04,need
18,a01-107-01-05,and
18,a01-107-01-06,with
18,a01-107-01-07,one
18,a01-107-01-09,for
18,a01-107-01-10,all
18,a01-107-01-11,sick
18,a01-107-02-00,people
18,a01-107-02-02,is
18,a01-107-02-03,good
18,a01-107-02-04,and
18,a01-107-02-08,We
18,a01-107-02-09,remain
18,a01-107-02-10,for
18,a01-107-02-11,it
18,a01-107-02-13,But
18,a01-107-02-14,the
18,a01-107-02-15,Tories
18,a01-107-03-00,never
18,a01-107-03-01,were
18,a01-107-03-05,by
18,a01-107-03-06,angry
18,a01-107-03-07,Tories
18,a01-107-03-10,Brown
18,a01-107-04-01,The
18,a01-107-04-02,jackals
18,a01-107-04-03,bay
18,a01-107-04-04,when
18,a01-107-04-05,there
18,a01-107-04-06,is
18,a01-107-04-07,nothing
18,a01-107-04-08,better
18,a01-107-04-09,they
18,a01-107-04-10,can
18,a01-107-04-11,do
127,b06-015-00-02,war
127,b06-015-00-04,the
127,b06-015-00-05,West
127,b06-015-00-06,German
127,b06-015-01-00,view
127,b06-015-01-03,the
127,b06-015-01-04,pretext
127,b06-015-01-05,for
127,b06-015-01-06,huge
127,b06-015-02-00,German
127,b06-015-02-01,armed
127,b06-015-02-02,forces
127,b06-015-02-04,within
127,b06-015-02-05,Nato
127,b06-015-03-00,of
127,b06-015-03-01,course
127,b06-015-03-03,and
127,b06-015-03-04,for
127,b06-015-03-05,those
127,b06-015-03-06,to
127,b06-015-03-07,have
127,b06-015-04-00,bases
127,b06-015-04-01,all
127,b06-015-04-02,over
127,b06-015-04-03,Western
127,b06-015-04-04,Europe
127,b06-015-05-00,In
127,b06-015-05-01,the
127,b06-015-05-02,past
127,b06-015-05-03,year
127,b06-015-05-04,West
127,b06-015-05-05,Germany
127,b06-015-06-00,has
127,b06-015-06-01,secured
127,b06-015-06-03,for
127,b06-015-07-03,in
127,b06-015-07-04,France
127,b06-015-07-06,Holland
127,b06-015-07-07,and
127,b06-015-08-00,Belgium
127,b06-015-08-02,After
127,b06-015-08-03,much
127,b06-015-09-00,the
127,b06-015-09-01,British
127,b06-015-09-03,has
127,b06-015-10-00,agreed
127,b06-015-10-01,to
127,b06-015-10-02,give
127,b06-015-10-03,similar
342,g06-011k-00-00,By
342,g06-011k-00-01,the
342,g06-011k-00-02,end
342,g06-011k-00-03,of
342,g06-011k-00-04,the
342,g06-011k-00-05,month
342,g06-011k-00-06,he
342,g06-011k-00-07,still
342,g06-011k-00-09,in
342,g06-011k-01-00,Naples
342,g06-011k-01-02,He
342,g06-011k-01-03,told
342,g06-011k-01-05,that
342,g06-011k-01-06,he
342,g06-011k-01-07,enjoyed
342,g06-011k-01-08,it
342,g06-011k-01-09,as
342,g06-011k-02-00,much
342,g06-011k-02-01,as
342,g06-011k-02-02,his
342,g06-011k-02-03,health
342,g06-011k-02-05,him
342,g06-011k-02-06,to
342,g06-011k-02-07,enjoy
342,g06-011k-03-03,The
342,g06-011k-03-04,Pearl
342,g06-011k-03-07,he
342,g06-011k-03-08,wrote
342,g06-011k-03-11,is
342,g06-011k-03-12,arrived
342,g06-011k-03-14,which
342,g06-011k-04-00,is
342,g06-011k-04-02,great
342,g06-011k-04-06,seems
342,g06-011k-04-07,to
342,g06-011k-04-08,be
342,g06-011k-04-09,tired
342,g06-011k-05-00,he
342,g06-011k-05-01,is
342,g06-011k-05-02,going
342,g06-011k-05-03,out
342,g06-011k-05-04,fast
342,g06-011k-05-07,What
342,g06-011k-05-09,gay
342,g06-011k-05-11,lively
342,g06-011k-06-00,people
342,g06-011k-06-02,and
342,g06-011k-06-03,what
342,g06-011k-06-05,busy
342,g06-011k-06-06,town
342,g06-011k-06-08,At
342,g06-011k-06-09,Rome
342,g06-011k-06-11,every
342,g06-011k-07-00,other
342,g06-011k-07-01,man
342,g06-011k-07-02,was
342,g06-011k-07-04,priest
342,g06-011k-07-06,here
342,g06-011k-07-07,the
342,g06-011k-07-08,priest
342,g06-011k-07-09,is
342,g06-011k-08-01,by
342,g06-011k-08-02,the
342,g06-011k-08-03,soldier
342,g06-011k-08-07,change
342,g06-011k-09-00,in
342,g06-011k-09-01,my
342,g06-011k-09-02,eye
342,g06-011k-09-05,as
342,g06-011k-09-06,the
342,g06-011k-09-07,troops
342,g06-011k-09-08,are
342,g06-011k-10-00,very
342,g06-011k-10-01,fine
118,b05-067-00-02,drew
118,b05-067-00-04,certain
118,b05-067-00-05,solace
118,b05-067-00-06,from
118,b05-067-00-07,the
118,b05-067-00-08,fact
118,b05-067-00-09,that
118,b05-067-00-11,did
118,b05-067-00-12,what
118,b05-067-01-00,could
118,b05-067-01-01,despite
118,b05-067-01-02,my
118,b05-067-01-03,low
118,b05-067-01-04,rank
118,b05-067-01-08,is
118,b05-067-01-09,on
118,b05-067-01-11,ground
118,b05-067-02-00,when
118,b05-067-02-01,he
118,b05-067-02-02,pleads
118,b05-067-02-03,that
118,b05-067-02-04,he
118,b05-067-02-05,was
118,b05-067-02-06,only
118,b05-067-02-08,small
118,b05-067-02-09,unit
118,b05-067-02-10,on
118,b05-067-02-11,the
118,b05-067-02-12,base
118,b05-067-03-00,of
118,b05-067-03-01,the
118,b05-067-03-03,that
118,b05-067-03-04,led
118,b05-067-03-05,to
118,b05-067-03-06,Hitler
118,b05-067-03-08,Himmler
118,b05-067-03-10,Hess
118,b05-067-03-11,and
118,b05-067-03-12,Goering
118,b05-067-04-00,at
118,b05-067-04-01,the
118,b05-067-04-02,apex
118,b05-067-04-04,In
118,b05-067-04-06,he
118,b05-067-04-08,an
118,b05-067-04-09,expert
118,b05-067-04-10,and
118,b05-067-05-02,of
118,b05-067-05-03,every
118,b05-067-05-04,link
118,b05-067-05-05,in
118,b05-067-05-06,the
118,b05-067-05-07,chain
118,b05-067-05-08,of
118,b05-067-05-09,command
118,b05-067-05-10,that
118,b05-067-06-00,led
118,b05-067-06-01,to
118,b05-067-06-02,the
118,b05-067-06-03,top
332,g06-011a-00-00,By
332,g06-011a-00-01,the
332,g06-011a-00-02,end
332,g06-011a-00-03,of
332,g06-011a-00-04,the
332,g06-011a-00-05,month
332,g06-011a-00-06,he
332,g06-011a-00-07,still
332,g06-011a-00-09,in
332,g06-011a-01-00,Naples
332,g06-011a-01-02,He
332,g06-011a-01-03,told
332,g06-011a-01-05,that
332,g06-011a-01-06,he
332,g06-011a-01-07,enjoyed
332,g06-011a-01-08,it
332,g06-011a-01-09,as
332,g06-011a-02-00,much
332,g06-011a-02-01,as
332,g06-011a-02-02,his
332,g06-011a-02-03,health
332,g06-011a-02-05,him
332,g06-011a-02-06,to
332,g06-011a-02-07,enjoy
332,g06-011a-03-00,thing
332,g06-011a-03-03,The
332,g06-011a-03-04,Pearl
332,g06-011a-03-07,he
332,g06-011a-03-08,wrote
332,g06-011a-03-11,is
332,g06-011a-03-12,arrived
332,g06-011a-03-14,which
332,g06-011a-04-00,is
332,g06-011a-04-02,great
332,g06-011a-04-06,seems
332,g06-011a-04-07,to
332,g06-011a-04-08,be
332,g06-011a-04-09,tired
332,g06-011a-05-01,he
332,g06-011a-05-02,is
332,g06-011a-05-03,going
332,g06-011a-05-04,out
332,g06-011a-05-05,fast
332,g06-011a-05-08,What
332,g06-011a-05-10,gay
332,g06-011a-05-12,lively
332,g06-011a-06-00,people
332,g06-011a-06-02,and
332,g06-011a-06-03,what
332,g06-011a-06-05,busy
332,g06-011a-06-06,town
332,g06-011a-06-08,At
332,g06-011a-06-09,Rome
332,g06-011a-06-11,every
332,g06-011a-07-00,other
332,g06-011a-07-01,man
332,g06-011a-07-02,was
332,g06-011a-07-04,priest
332,g06-011a-07-06,here
332,g06-011a-07-07,the
332,g06-011a-07-08,priest
332,g06-011a-07-09,is
332,g06-011a-08-01,by
332,g06-011a-08-02,the
332,g06-011a-08-03,soldier
332,g06-011a-08-07,change
332,g06-011a-09-00,in
332,g06-011a-09-01,my
332,g06-011a-09-02,eye
332,g06-011a-09-05,as
332,g06-011a-09-06,the
332,g06-011a-09-07,troops
332,g06-011a-09-08,are
332,g06-011a-09-09,very
332,g06-011a-10-00,fine
211,e01-022-00-00,Lucky
211,e01-022-00-01,indeed
211,e01-022-00-02,are
211,e01-022-00-03,the
211,e01-022-00-05,that
211,e01-022-01-00,possess
211,e01-022-01-03,of
211,e01-022-01-04,lace
211,e01-022-01-07,lace
211,e01-022-02-00,bridal
211,e01-022-02-01,veil
211,e01-022-02-02,handed
211,e01-022-02-03,down
211,e01-022-02-04,from
211,e01-022-02-05,mother
211,e01-022-03-00,to
211,e01-022-04-00,robe
211,e01-022-04-01,that
211,e01-022-04-02,each
211,e01-022-04-04,wears
211,e01-022-04-05,in
211,e01-022-04-06,turn
211,e01-022-05-00,these
211,e01-022-05-01,are
211,e01-022-05-02,proud
211,e01-022-05-05,linked
211,e01-022-05-06,to
211,e01-022-05-07,the
211,e01-022-06-02,of
211,e01-022-06-03,the
211,e01-022-06-04,past
90,b01-053-00-00,That
90,b01-053-00-01,is
90,b01-053-00-04,If
90,b01-053-00-05,however
90,b01-053-00-07,in
90,b01-053-00-09,to
90,b01-053-00-10,her
90,b01-053-00-11,new
90,b01-053-01-01,gesture
90,b01-053-01-03,Germany
90,b01-053-01-04,takes
90,b01-053-01-06,really
90,b01-053-01-07,big
90,b01-053-02-00,share
90,b01-053-02-01,in
90,b01-053-02-02,giving
90,b01-053-02-03,aid
90,b01-053-02-04,to
90,b01-053-02-06,nations
90,b01-053-02-08,the
90,b01-053-03-00,world
90,b01-053-03-01,outlook
90,b01-053-03-02,will
90,b01-053-03-03,be
90,b01-053-03-06,What
90,b01-053-03-07,gives
90,b01-053-03-08,rise
90,b01-053-04-00,to
90,b01-053-04-02,is
90,b01-053-04-03,the
90,b01-053-04-04,sign
90,b01-053-04-05,that
90,b01-053-04-06,Germany
90,b01-053-04-07,and
90,b01-053-04-08,the
90,b01-053-05-00,other
90,b01-053-05-01,leading
90,b01-053-05-02,Western
90,b01-053-05-03,nations
90,b01-053-05-04,are
90,b01-053-05-05,at
90,b01-053-05-06,long
90,b01-053-05-07,last
90,b01-053-06-00,moving
90,b01-053-06-01,towards
90,b01-053-06-04,of
90,b01-053-07-00,by
126,c06-087-01-01,there
126,c06-087-01-02,comes
126,c06-087-01-03,the
126,c06-087-01-04,time
126,c06-087-01-05,when
126,c06-087-01-07,Hudson
126,c06-087-01-09,breaks
126,c06-087-02-00,with
126,c06-087-02-02,and
126,c06-087-02-03,arrives
126,c06-087-02-04,there
126,c06-087-02-05,in
126,c06-087-02-06,July
126,c06-087-02-08,when
126,c06-087-02-10,just
126,c06-087-02-11,as
126,c06-087-03-02,the
126,c06-087-03-03,place
126,c06-087-03-04,is
126,c06-087-03-05,full
126,c06-087-03-06,of
126,c06-087-03-09,on
126,c06-087-03-10,an
126,c06-087-04-01,tour
126,c06-087-04-03,Result
126,c06-087-04-06,Hudson
126,c06-087-04-07,and
126,c06-087-04-08,lady
126,c06-087-04-09,love
126,c06-087-04-10,Lollo
126,c06-087-04-11,find
126,c06-087-05-01,playing
126,c06-087-05-04,Brenda
126,c06-087-05-05,de
126,c06-087-05-06,Banzie
126,c06-087-05-08,the
126,c06-087-06-00,one
126,c06-087-06-02,has
126,c06-087-06-03,broken
126,c06-087-06-05,leg
126,c06-087-06-07,to
126,c06-087-06-08,the
126,c06-087-06-09,girls
126,c06-087-06-11,who
126,c06-087-06-12,have
126,c06-087-06-13,just
126,c06-087-07-00,been
126,c06-087-07-01,joined
126,c06-087-07-02,by
126,c06-087-07-05,of
126,c06-087-07-06,boys
133,b06-064-00-01,units
133,b06-064-00-02,have
133,b06-064-00-03,stood
133,b06-064-00-04,firm
133,b06-064-01-00,In
133,b06-064-01-01,unions
133,b06-064-01-02,where
133,b06-064-01-03,the
133,b06-064-01-04,central
133,b06-064-01-05,issues
133,b06-064-02-00,were
133,b06-064-02-03,clear
133,b06-064-02-04,policy
133,b06-064-02-05,details
133,b06-064-03-00,as
133,b06-064-03-01,on
133,b06-064-03-02,bases
133,b06-064-03-04,were
133,b06-064-03-06,carried
133,b06-064-04-00,This
133,b06-064-04-02,and
133,b06-064-04-03,the
133,b06-064-04-04,numbers
133,b06-064-04-05,of
133,b06-064-04-06,active
133,b06-064-05-00,workers
133,b06-064-05-01,who
133,b06-064-05-02,are
133,b06-064-05-04,to
133,b06-064-06-00,how
133,b06-064-06-01,and
133,b06-064-06-02,why
133,b06-064-06-03,the
133,b06-064-06-04,trick
133,b06-064-06-05,was
133,b06-064-06-06,done
133,b06-064-07-02,strong
133,b06-064-07-05,basis
133,b06-064-08-00,for
133,b06-064-08-03,against
133,b06-064-08-04,weak
133,b06-064-08-05,and
133,b06-064-09-03,and
133,b06-064-09-04,for
133,b06-064-10-00,peace
133,b06-064-10-01,policy
247,e07-083-00-00,Every
247,e07-083-00-01,garden
247,e07-083-00-02,boy
247,e07-083-00-03,will
247,e07-083-00-04,agree
247,e07-083-00-05,that
247,e07-083-00-06,having
247,e07-083-00-07,to
247,e07-083-01-00,wash
247,e07-083-01-01,clay
247,e07-083-01-02,pots
247,e07-083-01-03,is
247,e07-083-01-06,factor
247,e07-083-01-07,in
247,e07-083-02-00,favour
247,e07-083-02-01,of
247,e07-083-02-02,their
247,e07-083-02-05,in
247,e07-083-02-06,fact
247,e07-083-02-07,one
247,e07-083-03-00,young
247,e07-083-03-01,man
247,e07-083-03-02,was
247,e07-083-03-03,so
247,e07-083-03-05,about
247,e07-083-03-06,this
247,e07-083-04-01,few
247,e07-083-04-02,years
247,e07-083-04-03,ago
247,e07-083-04-04,that
247,e07-083-04-05,he
247,e07-083-04-06,made
247,e07-083-04-07,the
247,e07-083-05-00,for
247,e07-083-05-01,having
247,e07-083-05-02,smashed
247,e07-083-05-04,large
247,e07-083-05-05,number
247,e07-083-05-07,to
247,e07-083-06-00,relieve
247,e07-083-06-01,his
247,e07-083-06-04,On
247,e07-083-06-05,the
247,e07-083-07-02,it
247,e07-083-07-03,is
247,e07-083-07-06,chore
247,e07-083-08-00,which
247,e07-083-08-01,nobody
247,e07-083-08-02,tackles
247,e07-083-08-03,with
247,e07-083-08-04,any
247,e07-083-09-00,whereas
247,e07-083-09-01,on
247,e07-083-09-02,larger
247,e07-083-09-04,the
247,e07-083-09-05,pots
247,e07-083-10-00,can
247,e07-083-10-01,be
247,e07-083-10-03,or
247,e07-083-10-04,washed
247,e07-083-10-05,by
247,e07-083-10-06,machine
153,c03-016d-00-00,But
153,c03-016d-00-01,there
153,c03-016d-00-02,is
153,c03-016d-00-03,heart
153,c03-016d-00-04,in
153,c03-016d-00-05,the
153,c03-016d-00-06,telling
153,c03-016d-00-08,and
153,c03-016d-00-09,an
153,c03-016d-01-00,intense
153,c03-016d-01-01,realism
153,c03-016d-01-02,in
153,c03-016d-01-03,the
153,c03-016d-01-07,young
153,c03-016d-02-00,girl
153,c03-016d-02-01,lives
153,c03-016d-02-02,in
153,c03-016d-02-04,single
153,c03-016d-02-05,dingy
153,c03-016d-02-06,room
153,c03-016d-02-07,with
153,c03-016d-03-00,her
153,c03-016d-03-04,mother
153,c03-016d-03-06,In
153,c03-016d-03-07,such
153,c03-016d-04-01,she
153,c03-016d-04-02,learns
153,c03-016d-04-03,sex
153,c03-016d-04-04,is
153,c03-016d-05-00,sordid
153,c03-016d-05-02,and
153,c03-016d-05-03,when
153,c03-016d-05-04,she
153,c03-016d-05-06,it
153,c03-016d-05-07,for
153,c03-016d-06-00,the
153,c03-016d-06-01,first
153,c03-016d-06-02,time
153,c03-016d-06-03,herself
153,c03-016d-06-04,it
153,c03-016d-06-05,is
153,c03-016d-07-00,but
153,c03-016d-07-01,half
153,c03-016d-07-02,shyly
153,c03-016d-07-03,and
153,c03-016d-07-04,half
153,c03-016d-07-07,As
153,c03-016d-08-00,is
153,c03-016d-08-01,the
153,c03-016d-08-02,case
153,c03-016d-08-03,in
153,c03-016d-08-04,Fanny
153,c03-016d-08-05,her
153,c03-016d-08-06,first
153,c03-016d-08-07,lover
153,c03-016d-08-08,is
153,c03-016d-08-10,sailor
153,c03-016d-09-00,who
153,c03-016d-09-01,leaves
153,c03-016d-09-02,her
153,c03-016d-09-03,to
153,c03-016d-09-04,bear
153,c03-016d-09-05,his
153,c03-016d-09-06,child
153,c03-016d-09-07,and
153,c03-016d-09-08,sails
153,c03-016d-10-00,away
338,g06-026g-00-02,life
338,g06-026g-00-03,truly
338,g06-026g-00-06,It
338,g06-026g-00-07,so
338,g06-026g-00-08,happens
338,g06-026g-00-09,that
338,g06-026g-00-11,have
338,g06-026g-00-12,an
338,g06-026g-00-13,Italian
338,g06-026g-01-00,who
338,g06-026g-01-01,is
338,g06-026g-01-02,perhaps
338,g06-026g-01-03,the
338,g06-026g-01-04,best
338,g06-026g-01-05,Valet
338,g06-026g-01-06,de
338,g06-026g-01-07,Chambre
338,g06-026g-01-08,that
338,g06-026g-01-09,ever
338,g06-026g-01-10,was
338,g06-026g-01-12,But
338,g06-026g-02-00,he
338,g06-026g-02-01,has
338,g06-026g-02-02,not
338,g06-026g-02-03,one
338,g06-026g-02-04,word
338,g06-026g-02-05,of
338,g06-026g-02-06,English
338,g06-026g-02-09,While
338,g06-026g-02-10,he
338,g06-026g-02-11,was
338,g06-026g-02-12,writing
338,g06-026g-02-13,this
338,g06-026g-03-00,letter
338,g06-026g-03-01,he
338,g06-026g-03-02,heard
338,g06-026g-03-03,of
338,g06-026g-03-04,the
338,g06-026g-03-05,fall
338,g06-026g-03-06,of
338,g06-026g-03-07,the
338,g06-026g-03-08,Whigs
338,g06-026g-03-10,and
338,g06-026g-03-11,the
338,g06-026g-04-01,of
338,g06-026g-04-02,the
338,g06-026g-04-04,by
338,g06-026g-04-05,the
338,g06-026g-04-06,Duke
338,g06-026g-04-07,of
19,a01-117-00-00,In
19,a01-117-00-01,fact
19,a01-117-00-03,the
19,a01-117-00-04,Tories
19,a01-117-00-05,made
19,a01-117-00-06,it
19,a01-117-00-07,worse
19,a01-117-00-08,now
19,a01-117-00-09,for
19,a01-117-00-10,the
19,a01-117-00-11,sick
19,a01-117-00-12,and
19,a01-117-01-00,needy
19,a01-117-01-01,than
19,a01-117-01-02,Labour
19,a01-117-01-03,had
19,a01-117-01-04,to
19,a01-117-01-05,make
19,a01-117-01-06,it
19,a01-117-01-07,in
19,a01-117-01-10,And
19,a01-117-02-00,as
19,a01-117-02-03,of
19,a01-117-02-04,social
19,a01-117-02-05,service
19,a01-117-03-00,health
19,a01-117-03-01,had
19,a01-117-03-02,fallen
19,a01-117-03-03,from
19,a01-117-03-05,to
19,a01-117-03-07,per
19,a01-117-04-00,Then
19,a01-117-04-02,Brown
19,a01-117-04-03,swung
19,a01-117-04-04,his
19,a01-117-04-05,attack
19,a01-117-04-07,to
19,a01-117-04-08,the
19,a01-117-05-04,He
19,a01-117-05-06,that
19,a01-117-05-07,instead
19,a01-117-06-00,of
19,a01-117-06-01,taking
19,a01-117-06-02,it
19,a01-117-06-03,out
19,a01-117-06-04,of
19,a01-117-06-05,the
19,a01-117-06-08,Powell
19,a01-117-06-09,should
19,a01-117-07-00,take
19,a01-117-07-02,action
19,a01-117-07-03,against
19,a01-117-07-04,the
19,a01-117-07-05,drug
19,a01-117-07-06,making
19,a01-117-08-02,whose
19,a01-117-08-03,profits
19,a01-117-08-04,had
19,a01-117-08-05,risen
19,a01-117-08-06,by
19,a01-117-08-07,up
19,a01-117-08-08,to
19,a01-117-09-00,per
19,a01-117-09-02,in
19,a01-117-09-03,the
19,a01-117-09-04,last
19,a01-117-09-05,eight
19,a01-117-09-06,years
333,g06-018b-00-00,When
333,g06-018b-00-01,the
333,g06-018b-00-02,sailing
333,g06-018b-00-03,season
333,g06-018b-00-04,was
333,g06-018b-00-05,past
333,g06-018b-00-07,he
333,g06-018b-00-08,sent
333,g06-018b-01-00,Pearl
333,g06-018b-01-01,back
333,g06-018b-01-02,to
333,g06-018b-01-03,England
333,g06-018b-01-05,and
333,g06-018b-02-00,to
333,g06-018b-02-01,Rome
333,g06-018b-02-02,for
333,g06-018b-02-03,the
333,g06-018b-02-04,winter
333,g06-018b-02-06,In
333,g06-018b-02-07,late
333,g06-018b-03-02,he
333,g06-018b-03-03,was
333,g06-018b-03-06,as
333,g06-018b-03-07,usual
333,g06-018b-04-00,but
333,g06-018b-04-01,hoped
333,g06-018b-04-03,he
333,g06-018b-04-04,told
333,g06-018b-04-05,Arthur
333,g06-018b-04-08,to
333,g06-018b-04-09,find
333,g06-018b-05-00,this
333,g06-018b-05-01,place
333,g06-018b-05-02,agree
333,g06-018b-05-03,with
333,g06-018b-05-04,me
333,g06-018b-05-05,better
333,g06-018b-05-06,than
333,g06-018b-06-00,Naples
333,g06-018b-06-02,The
333,g06-018b-06-03,journey
333,g06-018b-06-04,has
333,g06-018b-06-05,been
333,g06-018b-06-06,against
333,g06-018b-07-00,me
333,g06-018b-07-02,as
333,g06-018b-07-03,there
333,g06-018b-07-04,has
333,g06-018b-07-05,been
333,g06-018b-07-06,much
333,g06-018b-07-07,rain
333,g06-018b-07-08,and
333,g06-018b-08-00,damp
333,g06-018b-08-02,but
333,g06-018b-08-03,the
333,g06-018b-08-05,is
333,g06-018b-08-06,high
333,g06-018b-09-02,have
333,g06-018b-09-03,not
333,g06-018b-09-04,yet
333,g06-018b-09-05,thought
333,g06-018b-09-06,of
333,g06-018b-09-08,fire
337,g06-037f-00-00,God
337,g06-037f-00-01,grant
337,g06-037f-00-03,however
337,g06-037f-00-05,that
337,g06-037f-00-07,may
337,g06-037f-00-08,be
337,g06-037f-00-10,false
337,g06-037f-00-11,prophet
337,g06-037f-00-13,that
337,g06-037f-00-14,all
337,g06-037f-01-00,may
337,g06-037f-01-01,go
337,g06-037f-01-02,well
337,g06-037f-01-04,Sir
337,g06-037f-01-06,Peel
337,g06-037f-01-07,was
337,g06-037f-01-08,here
337,g06-037f-01-13,but
337,g06-037f-01-14,an
337,g06-037f-01-15,express
337,g06-037f-02-00,took
337,g06-037f-02-01,him
337,g06-037f-02-02,off
337,g06-037f-03-00,While
337,g06-037f-03-01,he
337,g06-037f-03-02,was
337,g06-037f-03-03,in
337,g06-037f-03-04,Naples
337,g06-037f-03-05,there
337,g06-037f-03-06,had
337,g06-037f-03-07,opened
337,g06-037f-03-09,new
337,g06-037f-03-10,chapter
337,g06-037f-03-11,in
337,g06-037f-03-12,the
337,g06-037f-04-00,history
337,g06-037f-04-01,of
337,g06-037f-04-04,search
337,g06-037f-04-05,for
337,g06-037f-04-06,an
337,g06-037f-04-09,of
337,g06-037f-05-00,his
337,g06-037f-05-01,painful
337,g06-037f-05-02,malady
337,g06-037f-05-04,
337,g06-037f-05-05,of
337,g06-037f-05-06,the
337,g06-037f-05-10,to
337,g06-037f-06-00,which
337,g06-037f-06-01,he
337,g06-037f-06-02,had
337,g06-037f-06-03,been
337,g06-037f-06-05,ever
337,g06-037f-06-06,since
337,g06-037f-06-07,the
337,g06-037f-06-09,had
337,g06-037f-06-10,first
337,g06-037f-07-00,shown
337,g06-037f-07-03,years
337,g06-037f-07-04,before
337,g06-037f-07-05,had
337,g06-037f-07-06,had
337,g06-037f-07-07,the
337,g06-037f-07-09,effect
259,f02-033-00-00,The
259,f02-033-00-01,latter
259,f02-033-00-02,do
259,f02-033-00-03,not
259,f02-033-00-04,regard
259,f02-033-00-06,as
259,f02-033-00-07,expert
259,f02-033-01-02,but
259,f02-033-01-03,are
259,f02-033-01-05,to
259,f02-033-01-06,seek
259,f02-033-01-07,out
259,f02-033-01-08,the
259,f02-033-02-01,sources
259,f02-033-02-02,of
259,f02-033-02-04,or
259,f02-033-02-05,advice
259,f02-033-03-00,Towards
259,f02-033-03-01,the
259,f02-033-03-02,end
259,f02-033-03-03,of
259,f02-033-03-07,Daniel
259,f02-033-03-08,Grant
259,f02-033-04-00,an
259,f02-033-04-03,Officer
259,f02-033-04-04,of
259,f02-033-05-02,and
259,f02-033-05-04,member
259,f02-033-05-05,of
259,f02-033-05-06,the
259,f02-033-07-00,to
259,f02-033-07-01,the
259,f02-033-07-02,Lord
259,f02-033-07-03,Provost
259,f02-033-07-04,of
259,f02-033-07-05,Glasgow
259,f02-033-07-08,Andrew
259,f02-033-08-00,Hood
259,f02-033-08-03,copy
259,f02-033-08-04,of
259,f02-033-08-05,his
259,f02-033-08-06,report
259,f02-033-08-07,on
259,f02-033-08-08,an
259,f02-033-08-09,enquiry
259,f02-033-09-00,he
259,f02-033-09-01,had
259,f02-033-09-02,made
259,f02-033-09-03,into
259,f02-033-09-04,the
259,f02-033-09-06,that
259,f02-033-09-07,beset
259,f02-033-10-00,older
259,f02-033-10-01,workers
259,f02-033-10-02,and
259,f02-033-10-03,the
259,f02-033-10-04,effects
259,f02-033-10-05,of
259,f02-033-11-01,Roger
0,a05-025-00-01,about
0,a05-025-00-02,Army
0,a05-025-00-04,appear
0,a05-025-01-00,to
0,a05-025-01-01,have
0,a05-025-01-02,come
0,a05-025-01-03,mainly
0,a05-025-01-04,from
0,a05-025-01-05,retired
0,a05-025-02-00,who
0,a05-025-02-01,have
0,a05-025-02-02,held
0,a05-025-02-03,high
0,a05-025-02-05,but
0,a05-025-03-00,are
0,a05-025-03-01,out
0,a05-025-03-02,of
0,a05-025-03-03,touch
0,a05-025-03-04,with
0,a05-025-03-05,the
0,a05-025-04-02,has
0,a05-025-04-03,had
0,a05-025-04-04,the
0,a05-025-04-05,utmost
0,a05-025-04-06,support
0,a05-025-05-00,from
0,a05-025-05-01,the
0,a05-025-05-05,Sir
0,a05-025-06-00,Francis
0,a05-025-06-01,Festing
0,a05-025-06-03,who
0,a05-025-07-00,in
0,a05-025-07-01,the
0,a05-025-07-03,of
0,a05-025-07-04,an
0,a05-025-07-06,army
0,a05-025-08-01,Sir
0,a05-025-08-02,Richard
0,a05-025-08-03,Hull
0,a05-025-08-05,who
0,a05-025-08-06,is
0,a05-025-08-07,to
0,a05-025-08-08,succeed
0,a05-025-09-00,Sir
0,a05-025-09-01,Francis
0,a05-025-09-03,is
0,a05-025-09-04,equally
0,a05-025-10-01,is
0,a05-025-10-02,right
42,a03-011-00-00,But
42,a03-011-00-01,he
42,a03-011-00-02,now
42,a03-011-00-03,feels
42,a03-011-00-05,in
42,a03-011-00-06,view
42,a03-011-00-07,of
42,a03-011-00-09,changed
42,a03-011-01-01,and
42,a03-011-01-03,in
42,a03-011-01-04,view
42,a03-011-01-05,of
42,a03-011-01-06,fresh
42,a03-011-01-08,facing
42,a03-011-02-00,the
42,a03-011-02-01,new
42,a03-011-02-02,and
42,a03-011-02-05,of
42,a03-011-02-06,Africa
42,a03-011-02-08,that
42,a03-011-02-09,the
42,a03-011-03-00,time
42,a03-011-03-01,is
42,a03-011-03-02,ripe
42,a03-011-03-03,to
42,a03-011-03-04,have
42,a03-011-03-05,more
42,a03-011-03-08,between
42,a03-011-04-00,the
42,a03-011-04-03,and
42,a03-011-04-04,even
42,a03-011-04-05,to
42,a03-011-04-06,work
42,a03-011-04-07,out
42,a03-011-04-08,common
42,a03-011-05-00,stands
42,a03-011-05-01,on
42,a03-011-05-02,various
42,a03-011-05-04,facing
42,a03-011-05-05,those
42,a03-011-05-06,nations
42,a03-011-05-08,Two
42,a03-011-06-02,the
42,a03-011-06-03,Congo
42,a03-011-06-04,and
42,a03-011-06-05,Algeria
42,a03-011-06-07,are
42,a03-011-06-08,the
42,a03-011-06-09,main
42,a03-011-06-10,topics
42,a03-011-07-00,of
42,a03-011-07-01,the
42,a03-011-07-02,talks
42,a03-011-07-03,in
42,a03-011-07-06,and
42,a03-011-07-07,on
42,a03-011-07-08,both
42,a03-011-07-09,the
42,a03-011-07-10,two
42,a03-011-08-00,leaders
42,a03-011-08-01,have
42,a03-011-08-03,ideas
153,c03-096d-00-00,Only
153,c03-096d-00-03,actions
153,c03-096d-00-07,arose
153,c03-096d-01-01,from
153,c03-096d-01-03,motives
153,c03-096d-01-05,The
153,c03-096d-02-00,rest
153,c03-096d-02-02,one
153,c03-096d-02-03,feels
153,c03-096d-02-05,were
153,c03-096d-02-06,driven
153,c03-096d-02-07,to
153,c03-096d-03-00,action
153,c03-096d-03-01,by
153,c03-096d-03-02,the
153,c03-096d-03-03,author
153,c03-096d-03-04,in
153,c03-096d-03-05,spite
153,c03-096d-03-06,of
153,c03-096d-03-07,the
153,c03-096d-04-01,with
153,c03-096d-04-02,which
153,c03-096d-04-03,he
153,c03-096d-04-04,had
153,c03-096d-04-05,endowed
153,c03-096d-05-00,them
153,c03-096d-05-02,One
153,c03-096d-05-03,hopes
153,c03-096d-05-04,that
153,c03-096d-05-05,he
153,c03-096d-05-06,is
153,c03-096d-05-07,not
153,c03-096d-05-08,asking
153,c03-096d-06-00,us
153,c03-096d-06-01,to
153,c03-096d-06-02,believe
153,c03-096d-06-03,that
153,c03-096d-06-05,because
153,c03-096d-06-06,of
153,c03-096d-06-07,their
153,c03-096d-06-08,odd
153,c03-096d-07-00,accents
153,c03-096d-07-02,they
153,c03-096d-07-03,act
153,c03-096d-07-04,oddly
153,c03-096d-07-05,like
153,c03-096d-07-06,the
153,c03-096d-07-07,queer
153,c03-096d-08-01,of
118,b05-055-00-00,The
118,b05-055-00-01,village
118,b05-055-00-02,green
118,b05-055-00-03,is
118,b05-055-00-04,the
118,b05-055-00-05,real
118,b05-055-00-06,home
118,b05-055-00-07,of
118,b05-055-00-08,cricket
118,b05-055-00-11,couple
118,b05-055-00-12,of
118,b05-055-00-13,bumps
118,b05-055-01-00,on
118,b05-055-01-02,pitch
118,b05-055-01-03,have
118,b05-055-01-04,no
118,b05-055-01-05,terrors
118,b05-055-01-06,for
118,b05-055-01-08,good
118,b05-055-01-09,batsman
118,b05-055-01-10,with
118,b05-055-01-12,stout
118,b05-055-02-00,heart
118,b05-055-02-03,firm
118,b05-055-02-04,grip
118,b05-055-02-05,on
118,b05-055-02-06,the
118,b05-055-02-07,willow
118,b05-055-02-08,and
118,b05-055-02-10,hefty
118,b05-055-02-12,for
118,b05-055-03-00,batting
118,b05-055-03-02,and
118,b05-055-03-03,all
118,b05-055-03-04,the
118,b05-055-03-06,blight
118,b05-055-03-07,that
118,b05-055-03-08,makes
118,b05-055-04-00,mighty
118,b05-055-04-01,six
118,b05-055-04-02,these
118,b05-055-04-03,days
118,b05-055-04-04,as
118,b05-055-04-05,rare
118,b05-055-04-06,as
118,b05-055-04-08,in
118,b05-055-04-09,summer
233,e04-026-00-00,Finally
233,e04-026-00-01,attach
233,e04-026-00-02,the
233,e04-026-00-03,back
233,e04-026-00-04,firmly
233,e04-026-00-05,to
233,e04-026-00-06,the
233,e04-026-00-07,sides
233,e04-026-00-08,with
233,e04-026-01-00,screws
233,e04-026-01-01,driven
233,e04-026-01-02,from
233,e04-026-01-03,the
233,e04-026-01-04,inside
233,e04-026-01-06,The
233,e04-026-01-08,is
233,e04-026-02-00,piece
233,e04-026-02-01,of
233,e04-026-02-02,timber
233,e04-026-02-05,long
233,e04-026-02-06,and
233,e04-026-02-07,about
233,e04-026-03-00,by
233,e04-026-03-04,to
233,e04-026-03-05,the
233,e04-026-03-06,front
233,e04-026-03-07,legs
233,e04-026-03-08,with
233,e04-026-03-10,pair
233,e04-026-04-00,of
233,e04-026-04-01,angle
233,e04-026-04-02,irons
233,e04-026-04-03,as
233,e04-026-04-04,shown
233,e04-026-04-05,in
233,e04-026-04-09,When
233,e04-026-05-00,the
233,e04-026-05-02,of
233,e04-026-05-03,the
233,e04-026-05-06,do
233,e04-026-05-07,not
233,e04-026-05-08,place
233,e04-026-05-09,too
233,e04-026-05-10,near
233,e04-026-06-00,the
233,e04-026-06-01,seat
233,e04-026-06-02,to
233,e04-026-06-03,allow
233,e04-026-06-04,for
233,e04-026-06-05,the
233,e04-026-06-06,growth
233,e04-026-06-07,of
233,e04-026-06-09,legs
85,a06-141-00-00,BRITAIN
85,a06-141-00-02,One
85,a06-141-00-03,cannot
85,a06-141-00-04,but
85,a06-141-00-05,wonder
85,a06-141-00-06,at
85,a06-141-00-07,British
85,a06-141-00-08,bases
85,a06-141-00-09,being
85,a06-141-01-00,put
85,a06-141-01-01,at
85,a06-141-01-02,the
85,a06-141-01-04,of
85,a06-141-01-05,those
85,a06-141-01-06,very
85,a06-141-01-08,who
85,a06-141-01-09,razed
85,a06-141-02-01,and
85,a06-141-02-03,bombed
85,a06-141-02-04,London
85,a06-141-02-05,and
85,a06-141-02-06,other
85,a06-141-02-07,British
85,a06-141-03-00,cities
85,a06-141-03-02,FRANCE
85,a06-141-03-04,One
85,a06-141-03-05,can
85,a06-141-03-06,hardly
85,a06-141-03-08,the
85,a06-141-03-09,French
85,a06-141-03-10,are
85,a06-141-04-00,not
85,a06-141-04-01,alarmed
85,a06-141-04-04,Next
85,a06-141-04-05,door
85,a06-141-04-07,in
85,a06-141-04-08,West
85,a06-141-04-09,Germany
85,a06-141-04-11,before
85,a06-141-05-00,eyes
85,a06-141-05-01,there
85,a06-141-05-02,has
85,a06-141-05-03,sprung
85,a06-141-05-04,up
85,a06-141-05-06,regular
85,a06-141-05-07,army
85,a06-141-05-08,led
85,a06-141-05-09,by
85,a06-141-05-10,former
85,a06-141-05-11,Nazi
85,a06-141-06-01,and
156,c03-007-00-00,In
156,c03-007-00-02,Taste
156,c03-007-00-03,of
156,c03-007-00-04,Honey
156,c03-007-00-07,has
156,c03-007-00-08,taken
156,c03-007-01-01,town
156,c03-007-01-02,in
156,c03-007-01-03,the
156,c03-007-01-05,North
156,c03-007-01-06,of
156,c03-007-01-07,England
156,c03-007-02-00,and
156,c03-007-02-01,has
156,c03-007-02-02,made
156,c03-007-02-03,it
156,c03-007-02-04,live
156,c03-007-02-06,The
156,c03-007-02-07,shabby
156,c03-007-02-08,streets
156,c03-007-03-00,and
156,c03-007-03-01,wet
156,c03-007-03-04,the
156,c03-007-03-05,school
156,c03-007-04-00,the
156,c03-007-04-01,public
156,c03-007-04-03,and
156,c03-007-04-04,the
156,c03-007-04-05,rubbish
156,c03-007-05-00,strewn
156,c03-007-05-01,canals
156,c03-007-05-03,even
156,c03-007-05-04,the
156,c03-007-05-05,worn
156,c03-007-06-00,in
156,c03-007-06-01,the
156,c03-007-06-05,sacred
156,c03-007-06-06,to
156,c03-007-06-07,the
156,c03-007-06-08,memory
156,c03-007-06-09,of
156,c03-007-07-00,are
156,c03-007-07-01,seen
156,c03-007-07-02,as
156,c03-007-07-03,an
156,c03-007-07-05,part
156,c03-007-07-06,of
156,c03-007-07-07,the
156,c03-007-07-08,story
136,c01-066-00-00,The
136,c01-066-00-01,evil
136,c01-066-00-02,that
136,c01-066-00-03,Byron
136,c01-066-00-04,did
136,c01-066-00-06,lived
136,c01-066-00-07,after
136,c01-066-01-00,him
136,c01-066-01-02,and
136,c01-066-01-03,was
136,c01-066-01-04,even
136,c01-066-01-06,by
136,c01-066-01-07,the
136,c01-066-02-02,by
136,c01-066-02-03,almost
136,c01-066-02-04,every
136,c01-066-02-05,person
136,c01-066-03-00,who
136,c01-066-03-01,had
136,c01-066-03-02,been
136,c01-066-03-03,close
136,c01-066-03-04,to
136,c01-066-03-05,him
136,c01-066-03-07,In
136,c01-066-03-08,turning
136,c01-066-03-09,over
136,c01-066-04-00,the
136,c01-066-04-01,bones
136,c01-066-04-02,Doris
136,c01-066-04-03,Langley
136,c01-066-04-04,Moore
136,c01-066-04-05,has
136,c01-066-04-06,brought
136,c01-066-05-00,to
136,c01-066-05-01,light
136,c01-066-05-03,great
136,c01-066-05-04,deal
136,c01-066-05-05,of
136,c01-066-06-01,and
136,c01-066-06-03,vision
136,c01-066-06-04,of
136,c01-066-07-00,making
136,c01-066-07-02,of
136,c01-066-07-03,the
136,c01-066-08-00,classes
136,c01-066-08-01,in
136,c01-066-08-02,the
136,c01-066-08-03,early
136,c01-066-08-05,century
136,c01-066-08-06,which
136,c01-066-09-00,leaves
136,c01-066-09-01,one
136,c01-066-09-03,little
246,e07-012-00-00,From
246,e07-012-00-01,the
246,e07-012-00-02,day
246,e07-012-00-03,it
246,e07-012-00-04,hatches
246,e07-012-00-05,in
246,e07-012-00-06,the
246,e07-012-00-07,spring
246,e07-012-01-00,until
246,e07-012-01-01,it
246,e07-012-01-02,dies
246,e07-012-01-03,in
246,e07-012-01-04,the
246,e07-012-01-05,late
246,e07-012-01-06,autumn
246,e07-012-01-08,the
246,e07-012-02-00,praying
246,e07-012-02-01,mantis
246,e07-012-02-03,its
246,e07-012-02-05,by
246,e07-012-03-00,eating
246,e07-012-03-01,other
246,e07-012-03-02,insects
246,e07-012-03-04,Nine
246,e07-012-04-00,may
246,e07-012-04-01,be
246,e07-012-04-03,at
246,e07-012-04-04,one
246,e07-012-04-05,sitting
246,e07-012-04-06,and
246,e07-012-05-00,the
246,e07-012-05-01,fully
246,e07-012-05-02,adult
246,e07-012-05-06,insect
246,e07-012-06-00,is
246,e07-012-06-01,able
246,e07-012-06-02,to
246,e07-012-06-03,keep
246,e07-012-06-05,firm
246,e07-012-06-06,hold
246,e07-012-06-07,on
246,e07-012-06-08,one
246,e07-012-07-01,while
246,e07-012-07-02,eating
246,e07-012-07-03,another
246,e07-012-08-01,to
246,e07-012-08-03,Max
246,e07-012-08-04,Beier
246,e07-012-08-05,in
246,e07-012-09-03,Die
246,e07-012-09-04,Neue
246,e07-012-09-05,Brehm
246,e07-012-10-03,the
246,e07-012-10-04,praying
246,e07-012-10-05,mantis
246,e07-012-10-06,is
63,a04-081-00-00,The
63,a04-081-00-01,General
63,a04-081-00-02,Council
63,a04-081-00-03,of
63,a04-081-00-04,the
63,a04-081-00-05,Trades
63,a04-081-00-06,Union
63,a04-081-01-01,should
63,a04-081-01-04,the
63,a04-081-02-00,matter
63,a04-081-02-03,should
63,a04-081-02-04,also
63,a04-081-02-05,be
63,a04-081-02-06,given
63,a04-081-03-00,to
63,a04-081-03-01,the
63,a04-081-03-03,of
63,a04-081-03-04,unions
63,a04-081-03-05,and
63,a04-081-03-06,the
63,a04-081-04-01,of
63,a04-081-04-02,their
63,a04-081-04-04,to
63,a04-081-05-00,meet
63,a04-081-05-01,the
63,a04-081-05-02,growing
63,a04-081-05-04,of
63,a04-081-06-00,capital
63,a04-081-06-03,Cooper
63,a04-081-06-04,argued
63,a04-081-06-05,that
63,a04-081-07-00,common
63,a04-081-07-03,was
63,a04-081-08-00,urgent
63,a04-081-08-03,in
63,a04-081-08-04,unions
63,a04-081-08-05,serving
63,a04-081-09-00,workers
63,a04-081-09-01,in
63,a04-081-09-02,the
63,a04-081-09-03,same
63,a04-081-09-06,along
135,c01-014-00-00,The
135,c01-014-00-03,by
135,c01-014-00-06,Auden
135,c01-014-00-07,and
135,c01-014-00-08,Chester
135,c01-014-00-09,Kallman
135,c01-014-01-00,is
135,c01-014-01-01,largely
135,c01-014-01-03,satire
135,c01-014-01-04,on
135,c01-014-01-05,the
135,c01-014-01-06,petty
135,c01-014-01-07,court
135,c01-014-02-01,an
135,c01-014-02-02,ageing
135,c01-014-02-03,poet
135,c01-014-02-05,whose
135,c01-014-02-06,deeply
135,c01-014-03-02,leads
135,c01-014-03-03,him
135,c01-014-03-04,to
135,c01-014-04-01,to
135,c01-014-04-02,his
135,c01-014-04-03,need
135,c01-014-04-04,of
135,c01-014-04-07,Henze
135,c01-014-05-00,obtains
135,c01-014-05-01,his
135,c01-014-05-02,musical
135,c01-014-05-04,by
135,c01-014-05-05,means
135,c01-014-06-00,of
135,c01-014-06-03,timbres
135,c01-014-06-04,and
135,c01-014-07-02,and
135,c01-014-07-03,the
135,c01-014-07-04,result
135,c01-014-07-05,is
135,c01-014-07-06,often
135,c01-014-07-07,less
135,c01-014-08-00,of
135,c01-014-08-02,than
135,c01-014-08-05,This
135,c01-014-08-06,is
135,c01-014-08-07,also
135,c01-014-08-08,the
135,c01-014-08-09,chief
135,c01-014-09-00,or
135,c01-014-09-01,at
135,c01-014-09-02,least
135,c01-014-09-03,the
135,c01-014-09-04,most
135,c01-014-09-07,trait
135,c01-014-10-00,of
135,c01-014-10-01,the
135,c01-014-10-04,which
135,c01-014-10-06,an
135,c01-014-10-07,odd
135,c01-014-10-08,blend
135,c01-014-10-09,of
135,c01-014-10-10,highly
635,r06-027-00-00,There
635,r06-027-00-01,they
635,r06-027-00-02,were
635,r06-027-00-04,in
635,r06-027-00-05,fact
635,r06-027-00-07,below
635,r06-027-00-08,us
635,r06-027-00-10,eight
635,r06-027-00-11,of
635,r06-027-00-12,them
635,r06-027-01-00,Four
635,r06-027-01-01,of
635,r06-027-01-02,them
635,r06-027-01-03,were
635,r06-027-01-05,on
635,r06-027-01-06,the
635,r06-027-01-07,window
635,r06-027-01-08,sills
635,r06-027-01-10,two
635,r06-027-02-01,on
635,r06-027-02-03,nearby
635,r06-027-02-04,roof
635,r06-027-02-05,top
635,r06-027-02-07,the
635,r06-027-02-08,other
635,r06-027-02-09,pair
635,r06-027-03-00,We
635,r06-027-03-01,had
635,r06-027-03-03,morning
635,r06-027-03-04,at
635,r06-027-03-07,He
635,r06-027-03-08,talked
635,r06-027-03-09,about
635,r06-027-03-10,people
635,r06-027-04-00,Marc
635,r06-027-04-01,Chagall
635,r06-027-04-02,used
635,r06-027-04-03,to
635,r06-027-04-04,live
635,r06-027-04-05,here
635,r06-027-04-06,and
635,r06-027-04-07,an
635,r06-027-04-09,named
635,r06-027-05-02,He
635,r06-027-05-03,was
635,r06-027-05-04,here
635,r06-027-05-06,near
635,r06-027-05-07,the
635,r06-027-05-08,railway
635,r06-027-05-09,station
635,r06-027-05-11,three
635,r06-027-05-12,or
635,r06-027-06-00,four
635,r06-027-06-01,years
635,r06-027-06-03,During
635,r06-027-06-04,this
635,r06-027-06-05,period
635,r06-027-06-06,he
635,r06-027-06-07,wrote
635,r06-027-06-09,book
635,r06-027-07-00,The
635,r06-027-07-01,Lover
635,r06-027-07-02,of
635,r06-027-07-03,Lady
342,g06-026k-00-02,life
342,g06-026k-00-03,truly
342,g06-026k-00-06,It
342,g06-026k-00-07,so
342,g06-026k-00-08,happens
342,g06-026k-00-09,that
342,g06-026k-00-11,have
342,g06-026k-01-00,an
342,g06-026k-01-01,Italian
342,g06-026k-01-02,who
342,g06-026k-01-03,is
342,g06-026k-01-04,perhaps
342,g06-026k-01-05,the
342,g06-026k-01-06,best
342,g06-026k-01-07,Valet
342,g06-026k-01-08,de
342,g06-026k-02-00,Chambre
342,g06-026k-02-01,that
342,g06-026k-02-02,ever
342,g06-026k-02-03,was
342,g06-026k-02-05,But
342,g06-026k-02-06,he
342,g06-026k-02-07,has
342,g06-026k-02-08,not
342,g06-026k-02-09,one
342,g06-026k-02-10,word
342,g06-026k-03-00,of
342,g06-026k-03-01,English
342,g06-026k-03-04,While
342,g06-026k-03-05,he
342,g06-026k-03-06,was
342,g06-026k-03-07,writing
342,g06-026k-03-08,this
342,g06-026k-03-09,letter
342,g06-026k-03-10,he
342,g06-026k-04-00,heard
342,g06-026k-04-01,of
342,g06-026k-04-02,the
342,g06-026k-04-03,fall
342,g06-026k-04-04,of
342,g06-026k-04-05,the
342,g06-026k-04-06,Whigs
342,g06-026k-04-08,and
342,g06-026k-04-09,the
342,g06-026k-05-01,of
342,g06-026k-05-02,the
342,g06-026k-05-04,by
342,g06-026k-05-05,the
342,g06-026k-05-06,Duke
342,g06-026k-05-07,of
7,a01-014-00-00,Sir
7,a01-014-00-02,United
7,a01-014-00-03,Federal
7,a01-014-00-04,Party
7,a01-014-00-05,is
7,a01-014-01-00,the
7,a01-014-01-01,London
7,a01-014-01-02,talks
7,a01-014-01-03,on
7,a01-014-01-04,the
7,a01-014-02-00,future
7,a01-014-02-02,Said
7,a01-014-02-05,last
7,a01-014-02-06,night
7,a01-014-03-01,We
7,a01-014-03-02,want
7,a01-014-03-03,to
7,a01-014-03-04,discuss
7,a01-014-03-05,what
7,a01-014-03-06,to
7,a01-014-03-07,do
7,a01-014-03-08,if
7,a01-014-03-09,the
7,a01-014-04-00,British
7,a01-014-04-02,gives
7,a01-014-04-03,in
7,a01-014-04-04,to
7,a01-014-04-05,Sir
7,a01-014-04-06,Roy
7,a01-014-04-07,and
7,a01-014-05-00,the
7,a01-014-05-01,talks
7,a01-014-05-02,fall
7,a01-014-05-03,through
7,a01-014-05-05,There
7,a01-014-05-06,are
7,a01-014-05-07,bound
7,a01-014-06-00,to
7,a01-014-06-01,be
7,a01-014-06-06,Sir
7,a01-014-07-00,chief
7,a01-014-07-01,aide
7,a01-014-07-04,Julius
7,a01-014-08-00,his
7,a01-014-08-01,chief
7,a01-014-08-03,report
7,a01-014-08-04,on
7,a01-014-08-05,his
7,a01-014-08-06,talks
7,a01-014-08-07,with
7,a01-014-09-02,at
0,a05-044-00-00,The
0,a05-044-00-01,defeat
0,a05-044-00-02,of
0,a05-044-00-03,the
0,a05-044-00-04,leader
0,a05-044-00-05,of
0,a05-044-00-06,the
0,a05-044-01-01,party
0,a05-044-01-06,in
0,a05-044-01-07,Port
0,a05-044-02-01,South
0,a05-044-03-01,by
0,a05-044-03-02,the
0,a05-044-03-03,United
0,a05-044-03-04,party
0,a05-044-04-01,Plewman
0,a05-044-04-03,left
0,a05-044-04-04,the
0,a05-044-05-00,of
0,a05-044-05-01,both
0,a05-044-05-02,their
0,a05-044-05-03,chief
0,a05-044-05-04,figures
0,a05-044-05-08,and
0,a05-044-06-00,the
0,a05-044-06-01,Leader
0,a05-044-06-02,of
0,a05-044-06-03,the
0,a05-044-06-06,Sir
0,a05-044-06-07,de
0,a05-044-07-01,Graaff
0,a05-044-07-03,have
0,a05-044-07-04,been
0,a05-044-08-00,The
0,a05-044-08-02,were
0,a05-044-08-03,for
0,a05-044-08-05,seats
0,a05-044-08-06,as
0,a05-044-09-01,and
0,a05-044-09-03,United
0,a05-044-09-04,party
0,a05-044-10-00,dates
0,a05-044-10-01,are
0,a01-072u-00-00,These
0,a01-072u-00-01,support
0,a01-072u-00-02,costs
0,a01-072u-00-03,are
0,a01-072u-00-05,big
0,a01-072u-00-06,drain
0,a01-072u-00-07,on
0,a01-072u-01-01,dollar
0,a01-072u-02-00,answer
0,a01-072u-02-01,is
0,a01-072u-02-02,the
0,a01-072u-02-04,cash
0,a01-072u-03-00,offer
0,a01-072u-03-01,of
0,a01-072u-04-01,of
0,a01-072u-04-02,it
0,a01-072u-04-03,is
0,a01-072u-04-05,painful
0,a01-072u-04-06,blow
0,a01-072u-04-07,to
0,a01-072u-04-08,the
0,a01-072u-05-00,West
0,a01-072u-05-01,German
0,a01-072u-05-04,It
0,a01-072u-05-05,will
0,a01-072u-05-06,now
0,a01-072u-05-07,have
0,a01-072u-06-00,to
0,a01-072u-06-01,pay
0,a01-072u-06-02,more
0,a01-072u-06-04,and
0,a01-072u-06-07,to
0,a01-072u-06-08,do
0,a01-072u-07-00,so
0,a01-072u-07-02,or
0,a01-072u-07-03,run
0,a01-072u-07-04,the
0,a01-072u-07-05,obvious
0,a01-072u-07-07,risks
0,a01-072u-07-08,in
0,a01-072u-08-00,the
0,a01-072u-08-01,new
100,b03-025-00-00,But
100,b03-025-00-02,on
100,b03-025-00-03,current
100,b03-025-00-04,points
100,b03-025-00-05,of
100,b03-025-01-00,flict
100,b03-025-01-01,could
100,b03-025-01-02,not
100,b03-025-01-03,go
100,b03-025-01-04,much
100,b03-025-01-05,farther
100,b03-025-01-06,than
100,b03-025-01-08,for
100,b03-025-01-09,example
100,b03-025-01-11,the
100,b03-025-02-00,truism
100,b03-025-02-01,that
100,b03-025-02-03,of
100,b03-025-02-04,menace
100,b03-025-02-05,and
100,b03-025-02-06,mutual
100,b03-025-03-00,cannot
100,b03-025-03-01,be
100,b03-025-03-05,What
100,b03-025-03-06,the
100,b03-025-03-07,council
100,b03-025-03-08,has
100,b03-025-03-09,done
100,b03-025-04-00,and
100,b03-025-04-01,it
100,b03-025-04-02,is
100,b03-025-04-03,an
100,b03-025-04-06,is
100,b03-025-04-07,to
100,b03-025-04-08,make
100,b03-025-05-00,tact
100,b03-025-05-01,across
100,b03-025-05-02,the
100,b03-025-05-05,barrier
100,b03-025-05-06,in
100,b03-025-05-07,what
100,b03-025-06-00,is
100,b03-025-06-01,not
100,b03-025-06-02,yet
100,b03-025-06-04,unitary
100,b03-025-06-05,world
217,e01-119-00-02,Insert
217,e01-119-00-03,hook
217,e01-119-00-04,through
217,e01-119-00-05,loop
217,e01-119-00-06,and
217,e01-119-00-07,under
217,e01-119-00-08,long
217,e01-119-01-00,thread
217,e01-119-01-02,Catch
217,e01-119-01-03,long
217,e01-119-01-04,end
217,e01-119-01-05,of
217,e01-119-01-06,thread
217,e01-119-02-00,Draw
217,e01-119-02-01,loop
217,e01-119-02-02,through
217,e01-119-02-06,Do
217,e01-119-02-07,not
217,e01-119-02-08,remove
217,e01-119-02-09,hook
217,e01-119-03-00,from
217,e01-119-03-01,thread
217,e01-119-03-03,Pull
217,e01-119-03-04,short
217,e01-119-03-05,end
217,e01-119-03-06,and
217,e01-119-03-07,ball
217,e01-119-03-08,thread
217,e01-119-04-00,in
217,e01-119-04-03,to
217,e01-119-04-04,bring
217,e01-119-04-05,loop
217,e01-119-04-06,close
217,e01-119-04-07,around
217,e01-119-05-00,the
217,e01-119-05-01,end
217,e01-119-05-02,of
217,e01-119-05-03,the
217,e01-119-05-04,hook
217,e01-119-05-06,but
217,e01-119-05-07,not
217,e01-119-05-08,too
217,e01-119-05-09,tight
217,e01-119-06-05,Loop
217,e01-119-06-06,thread
217,e01-119-06-07,round
217,e01-119-06-08,little
217,e01-119-06-09,finger
217,e01-119-07-00,across
217,e01-119-07-01,palm
217,e01-119-07-02,and
217,e01-119-07-03,behind
227,e02-094-00-00,Lastly
227,e02-094-00-02,we
227,e02-094-00-03,suggest
227,e02-094-00-04,certain
227,e02-094-00-05,power
227,e02-094-00-06,tools
227,e02-094-00-07,and
227,e02-094-01-02,the
227,e02-094-01-03,choice
227,e02-094-01-04,of
227,e02-094-01-05,which
227,e02-094-01-06,will
227,e02-094-02-00,depend
227,e02-094-02-01,partly
227,e02-094-02-02,upon
227,e02-094-02-03,the
227,e02-094-02-04,space
227,e02-094-03-00,in
227,e02-094-03-01,the
227,e02-094-03-04,the
227,e02-094-03-05,amount
227,e02-094-03-06,one
227,e02-094-04-00,is
227,e02-094-04-02,to
227,e02-094-04-03,pay
227,e02-094-04-05,and
227,e02-094-04-06,the
227,e02-094-04-07,type
227,e02-094-04-08,of
227,e02-094-05-00,work
227,e02-094-05-02,man
227,e02-094-05-04,does
227,e02-094-05-06,First
227,e02-094-06-00,however
227,e02-094-06-03,word
227,e02-094-06-04,of
227,e02-094-06-05,advice
227,e02-094-07-00,Do
227,e02-094-07-01,not
227,e02-094-07-02,buy
227,e02-094-07-04,cheap
227,e02-094-07-05,tools
227,e02-094-07-06,or
227,e02-094-08-02,They
227,e02-094-08-03,never
227,e02-094-08-04,are
227,e02-094-08-05,cheap
227,e02-094-08-06,in
227,e02-094-08-07,the
227,e02-094-09-00,long
227,e02-094-09-01,run
227,e02-094-09-03,They
227,e02-094-09-04,may
227,e02-094-09-05,be
242,e04-109-00-00,Use
242,e04-109-00-02,by
242,e04-109-00-05,gauge
242,e04-109-00-06,screws
242,e04-109-00-08,brass
242,e04-109-00-10,or
242,e04-109-00-11,nail
242,e04-109-01-00,with
242,e04-109-01-01,inch
242,e04-109-01-02,and
242,e04-109-01-04,quarter
242,e04-109-01-06,nails
242,e04-109-01-08,if
242,e04-109-02-00,you
242,e04-109-02-01,are
242,e04-109-02-02,doing
242,e04-109-02-03,it
242,e04-109-02-04,that
242,e04-109-02-05,way
242,e04-109-02-07,Use
242,e04-109-02-08,flat
242,e04-109-02-09,head
242,e04-109-02-10,screws
242,e04-109-03-00,about
242,e04-109-03-03,apart
242,e04-109-03-04,and
242,e04-109-03-05,do
242,e04-109-03-06,not
242,e04-109-03-08,in
242,e04-109-04-00,the
242,e04-109-04-03,ply
242,e04-109-04-05,Make
242,e04-109-04-07,very
242,e04-109-04-08,small
242,e04-109-04-09,hole
242,e04-109-04-10,for
242,e04-109-05-00,the
242,e04-109-05-01,screw
242,e04-109-05-02,to
242,e04-109-05-03,allow
242,e04-109-05-04,for
242,e04-109-05-06,good
242,e04-109-05-07,grip
242,e04-109-06-00,to
242,e04-109-06-01,glue
242,e04-109-06-02,before
239,g04-003-00-02,said
239,g04-003-00-03,he
239,g04-003-00-04,would
239,g04-003-00-05,go
239,g04-003-00-06,for
239,g04-003-01-01,walk
239,g04-003-01-02,over
239,g04-003-01-03,the
239,g04-003-01-04,fields
239,g04-003-01-05,while
239,g04-003-01-06,we
239,g04-003-02-00,to
239,g04-003-02-01,our
239,g04-003-02-04,To
239,g04-003-02-05,my
239,g04-003-03-00,when
239,g04-003-03-01,we
239,g04-003-03-02,met
239,g04-003-03-03,at
239,g04-003-03-04,tea
239,g04-003-03-05,at
239,g04-003-03-06,the
239,g04-003-03-07,rectory
239,g04-003-04-00,after
239,g04-003-04-01,the
239,g04-003-04-04,the
239,g04-003-05-00,said
239,g04-003-05-01,he
239,g04-003-05-02,had
239,g04-003-05-03,been
239,g04-003-05-04,stopped
239,g04-003-05-05,by
239,g04-003-06-01,farmer
239,g04-003-06-02,in
239,g04-003-06-04,field
239,g04-003-06-06,He
239,g04-003-06-07,seemed
239,g04-003-07-00,rather
239,g04-003-07-03,but
239,g04-003-07-04,we
239,g04-003-07-05,took
239,g04-003-07-06,the
239,g04-003-08-00,episode
239,g04-003-08-01,without
239,g04-003-08-03,smile
239,g04-003-08-04,till
670,r06-035-00-00,No
670,r06-035-00-02,he
670,r06-035-00-04,read
670,r06-035-00-05,it
670,r06-035-00-07,Madame
670,r06-035-00-08,did
670,r06-035-00-09,all
670,r06-035-00-10,the
670,r06-035-01-00,reading
670,r06-035-01-03,died
670,r06-035-01-04,in
670,r06-035-01-05,this
670,r06-035-01-06,very
670,r06-035-01-07,place
670,r06-035-02-00,He
670,r06-035-02-01,used
670,r06-035-02-02,to
670,r06-035-02-03,come
670,r06-035-02-04,to
670,r06-035-02-06,Bar
670,r06-035-02-07,again
670,r06-035-02-08,and
670,r06-035-03-00,again
670,r06-035-03-02,No
670,r06-035-03-04,he
670,r06-035-03-06,really
670,r06-035-04-00,him
670,r06-035-04-02,he
670,r06-035-04-03,was
670,r06-035-04-04,one
670,r06-035-04-05,of
670,r06-035-04-06,the
670,r06-035-04-07,crowd
670,r06-035-04-09,The
670,r06-035-05-00,sun
670,r06-035-05-01,came
670,r06-035-05-02,out
670,r06-035-05-04,Mart
670,r06-035-05-05,went
670,r06-035-06-00,sat
670,r06-035-06-01,in
670,r06-035-06-02,the
670,r06-035-06-03,square
670,r06-035-06-04,reading
670,r06-035-06-05,the
640,r02-013-00-00,The
640,r02-013-00-01,train
640,r02-013-00-02,drew
640,r02-013-00-03,into
640,r02-013-00-04,another
640,r02-013-00-05,station
640,r02-013-01-00,and
640,r02-013-01-01,Cecil
640,r02-013-01-03,with
640,r02-013-01-05,further
640,r02-013-01-06,six
640,r02-013-01-07,stops
640,r02-013-02-00,to
640,r02-013-02-01,go
640,r02-013-02-03,was
640,r02-013-02-04,left
640,r02-013-02-05,almost
640,r02-013-02-06,alone
640,r02-013-02-07,in
640,r02-013-02-08,the
640,r02-013-03-00,coach
640,r02-013-03-02,He
640,r02-013-03-03,fumed
640,r02-013-03-04,as
640,r02-013-03-05,he
640,r02-013-04-00,lected
640,r02-013-04-01,the
640,r02-013-04-02,long
640,r02-013-04-04,he
640,r02-013-05-00,had
640,r02-013-05-01,had
640,r02-013-05-02,with
640,r02-013-05-03,the
640,r02-013-05-04,Inland
640,r02-013-06-00,nue
640,r02-013-06-01,in
640,r02-013-06-02,an
640,r02-013-06-03,effort
640,r02-013-06-04,to
640,r02-013-06-05,obtain
640,r02-013-07-00,tax
640,r02-013-07-01,relief
640,r02-013-07-02,for
640,r02-013-07-04,jacket
640,r02-013-07-05,used
640,r02-013-08-00,solely
640,r02-013-08-01,in
640,r02-013-08-02,the
640,r02-013-08-03,office
640,r02-013-08-06,If
640,r02-013-08-07,the
640,r02-013-08-08,jacket
640,r02-013-09-00,is
640,r02-013-09-03,of
640,r02-013-09-04,your
640,r02-013-10-00,the
640,r02-013-10-02,had
640,r02-013-10-03,written
640,r02-013-10-06,it
640,r02-013-10-07,may
640,r02-013-11-00,qualify
640,r02-013-11-01,for
640,r02-013-11-02,relief
12,a01-049-00-00,Senator
12,a01-049-00-01,Allen
12,a01-049-00-03,of
12,a01-049-00-05,sparked
12,a01-049-01-00,off
12,a01-049-01-01,the
12,a01-049-01-03,by
12,a01-049-01-04,telling
12,a01-049-02-01,it
12,a01-049-02-02,was
12,a01-049-02-04,current
12,a01-049-02-06,gossip
12,a01-049-03-00,that
12,a01-049-03-01,Weaver
12,a01-049-03-02,once
12,a01-049-03-03,had
12,a01-049-04-00,The
12,a01-049-04-01,Senate
12,a01-049-04-02,Banking
12,a01-049-04-05,which
12,a01-049-04-06,is
12,a01-049-04-07,headed
12,a01-049-05-00,by
12,a01-049-05-01,another
12,a01-049-05-03,Senator
12,a01-049-05-05,Willis
12,a01-049-06-00,of
12,a01-049-06-03,met
12,a01-049-06-04,today
12,a01-049-06-05,in
12,a01-049-06-06,closed
12,a01-049-06-07,session
12,a01-049-07-00,to
12,a01-049-07-01,discuss
12,a01-049-07-05,Senator
12,a01-049-08-01,later
12,a01-049-08-03,he
12,a01-049-08-04,had
12,a01-049-08-05,sent
12,a01-049-08-07,letter
12,a01-049-09-00,to
12,a01-049-09-02,Kennedy
12,a01-049-09-03,saying
12,a01-049-09-04,he
12,a01-049-09-05,had
12,a01-049-09-07,several
12,a01-049-10-01,about
12,a01-049-10-03,loyalty
126,c06-052-00-00,What
126,c06-052-00-02,to
126,c06-052-00-03,the
126,c06-052-00-04,new
126,c06-052-00-05,book
126,c06-052-01-00,by
126,c06-052-01-01,his
126,c06-052-01-03,in
126,c06-052-01-04,March
126,c06-052-01-05,of
126,c06-052-01-06,last
126,c06-052-01-07,year
126,c06-052-01-09,Still
126,c06-052-01-13,Yet
126,c06-052-02-01,have
126,c06-052-02-02,before
126,c06-052-02-03,me
126,c06-052-02-04,now
126,c06-052-02-08,of
126,c06-052-03-01,book
126,c06-052-03-02,planned
126,c06-052-03-03,to
126,c06-052-03-04,be
126,c06-052-03-05,called
126,c06-052-03-07,of
126,c06-052-03-08,an
126,c06-052-03-09,Irish
126,c06-052-04-00,Rebel
126,c06-052-04-01,which
126,c06-052-04-02,was
126,c06-052-04-04,to
126,c06-052-04-05,his
126,c06-052-04-06,agents
126,c06-052-04-07,in
126,c06-052-04-08,June
126,c06-052-04-10,IT
126,c06-052-05-00,begins
126,c06-052-05-03,There
126,c06-052-05-04,was
126,c06-052-05-06,party
126,c06-052-05-07,to
126,c06-052-06-00,return
126,c06-052-06-01,from
126,c06-052-06-02,her
126,c06-052-06-04,in
126,c06-052-06-05,Bristol
125,c06-005-00-00,Where
125,c06-005-00-01,the
125,c06-005-00-03,are
125,c06-005-00-05,In
125,c06-005-00-06,the
125,c06-005-00-07,hallway
125,c06-005-00-08,are
125,c06-005-01-00,the
125,c06-005-01-01,empties
125,c06-005-01-03,through
125,c06-005-01-04,the
125,c06-005-01-05,door
125,c06-005-01-06,hearts
125,c06-005-01-07,are
125,c06-005-02-00,full
125,c06-005-02-02,hopes
125,c06-005-02-03,are
125,c06-005-02-04,high
125,c06-005-02-06,There
125,c06-005-02-07,are
125,c06-005-02-08,still
125,c06-005-02-10,few
125,c06-005-03-00,amber
125,c06-005-03-01,inches
125,c06-005-03-02,in
125,c06-005-03-03,the
125,c06-005-03-04,bottle
125,c06-005-03-06,Present
125,c06-005-03-07,are
125,c06-005-03-08,some
125,c06-005-04-01,Friends
125,c06-005-04-02,of
125,c06-005-04-03,Brendan
125,c06-005-04-05,They
125,c06-005-04-06,listen
125,c06-005-05-00,with
125,c06-005-05-01,many
125,c06-005-05-02,an
125,c06-005-05-04,guffaw
125,c06-005-05-05,to
125,c06-005-05-06,the
125,c06-005-06-00,brandy
125,c06-005-06-02,solo
125,c06-005-06-03,swish
125,c06-005-06-04,on
125,c06-005-06-05,his
125,c06-005-07-02,with
125,c06-005-07-04,stops
125,c06-005-07-05,for
125,c06-005-07-06,an
125,c06-005-07-07,old
125,c06-005-08-01,air
125,c06-005-08-02,or
18,a01-113-00-00,He
18,a01-113-00-01,told
18,a01-113-00-02,them
18,a01-113-00-03,that
18,a01-113-00-04,their
18,a01-113-00-06,of
18,a01-113-00-07,social
18,a01-113-00-09,was
18,a01-113-00-10,wholly
18,a01-113-01-04,from
18,a01-113-01-05,that
18,a01-113-01-06,of
18,a01-113-01-07,Labour
18,a01-113-01-09,They
18,a01-113-02-00,would
18,a01-113-02-01,provide
18,a01-113-02-02,an
18,a01-113-02-04,service
18,a01-113-02-05,for
18,a01-113-02-06,the
18,a01-113-03-02,but
18,a01-113-03-03,it
18,a01-113-03-04,would
18,a01-113-03-05,not
18,a01-113-03-06,be
18,a01-113-03-07,too
18,a01-113-03-09,nor
18,a01-113-03-10,too
18,a01-113-03-11,easy
18,a01-113-03-12,to
18,a01-113-04-00,get
18,a01-113-04-03,jeers
18,a01-113-04-04,that
18,a01-113-04-05,it
18,a01-113-04-06,was
18,a01-113-04-07,Labour
18,a01-113-04-08,which
18,a01-113-04-09,first
18,a01-113-04-10,put
18,a01-113-05-00,ceiling
18,a01-113-05-01,on
18,a01-113-05-02,health
18,a01-113-05-04,and
18,a01-113-05-05,started
18,a01-113-05-06,charges
18,a01-113-05-09,Brown
18,a01-113-06-01,the
18,a01-113-06-02,hostile
18,a01-113-06-04,benches
18,a01-113-06-05,that
18,a01-113-06-06,was
18,a01-113-07-00,done
18,a01-113-07-01,in
18,a01-113-07-03,because
18,a01-113-07-04,of
18,a01-113-07-05,the
18,a01-113-07-07,strain
18,a01-113-07-08,of
18,a01-113-08-00,the
18,a01-113-08-01,Korean
18,a01-113-08-02,war
216,e01-107-00-00,Each
216,e01-107-00-01,size
216,e01-107-00-02,of
216,e01-107-00-03,hook
216,e01-107-00-04,is
216,e01-107-00-05,made
216,e01-107-00-06,for
216,e01-107-00-07,use
216,e01-107-00-08,with
216,e01-107-00-10,certain
216,e01-107-01-00,size
216,e01-107-01-01,of
216,e01-107-01-02,thread
216,e01-107-01-04,To
216,e01-107-01-05,ensure
216,e01-107-01-06,the
216,e01-107-01-07,correct
216,e01-107-01-08,results
216,e01-107-02-00,it
216,e01-107-02-01,is
216,e01-107-02-03,that
216,e01-107-02-04,you
216,e01-107-02-05,use
216,e01-107-02-06,the
216,e01-107-02-07,size
216,e01-107-02-08,of
216,e01-107-02-09,hook
216,e01-107-03-01,in
216,e01-107-03-02,the
216,e01-107-03-05,These
216,e01-107-03-06,are
216,e01-107-03-07,the
216,e01-107-04-00,correct
216,e01-107-04-01,numbers
216,e01-107-04-02,to
216,e01-107-04-03,use
216,e01-107-04-04,with
216,e01-107-05-01,are
216,e01-107-05-02,given
216,e01-107-05-03,for
216,e01-107-05-05,small
216,e01-107-06-00,piece
216,e01-107-06-01,for
216,e01-107-06-02,each
216,e01-107-06-03,stitch
216,e01-107-06-04,that
216,e01-107-06-05,you
216,e01-107-06-06,learn
216,e01-107-06-08,When
216,e01-107-07-00,you
216,e01-107-07-01,have
216,e01-107-07-02,become
216,e01-107-07-04,in
216,e01-107-07-05,these
216,e01-107-08-04,can
216,e01-107-08-05,be
216,e01-107-08-06,made
216,e01-107-09-00,from
216,e01-107-09-01,the
216,e01-107-09-04,in
216,e01-107-09-05,this
216,e01-107-09-06,book
259,f02-017-00-00,The
259,f02-017-00-01,Rubery
259,f02-017-00-03,Owen
259,f02-017-00-04,scheme
259,f02-017-00-05,is
259,f02-017-00-06,now
259,f02-017-00-07,in
259,f02-017-00-08,its
259,f02-017-01-00,fourth
259,f02-017-01-01,year
259,f02-017-01-03,and
259,f02-017-01-05,has
259,f02-017-01-06,been
259,f02-017-01-07,taken
259,f02-017-02-00,to
259,f02-017-02-01,revise
259,f02-017-02-02,the
259,f02-017-02-03,course
259,f02-017-02-04,in
259,f02-017-02-05,the
259,f02-017-02-06,light
259,f02-017-02-07,of
259,f02-017-03-02,Topics
259,f02-017-03-03,for
259,f02-017-03-04,the
259,f02-017-03-05,six
259,f02-017-03-06,weekly
259,f02-017-04-00,of
259,f02-017-04-02,hours
259,f02-017-04-04,each
259,f02-017-04-05,held
259,f02-017-04-06,half
259,f02-017-04-07,in
259,f02-017-05-00,company
259,f02-017-05-01,time
259,f02-017-05-03,half
259,f02-017-05-04,in
259,f02-017-05-05,the
259,f02-017-05-07,time
259,f02-017-05-09,are
259,f02-017-06-00,now
259,f02-017-06-01,as
259,f02-017-06-02,follows
259,f02-017-06-10,Health
259,f02-017-07-02,Work
259,f02-017-07-03,and
259,f02-017-07-04,leisure
259,f02-017-07-07,Living
259,f02-017-08-06,Final
54,a03-059-01-01,Pearson
54,a03-059-01-02,is
54,a03-059-01-03,now
54,a03-059-01-04,talking
54,a03-059-01-05,about
54,a03-059-01-07,his
54,a03-059-02-00,new
54,a03-059-02-01,and
54,a03-059-02-02,dynamic
54,a03-059-02-05,and
54,a03-059-02-06,this
54,a03-059-03-00,week
54,a03-059-03-01,will
54,a03-059-03-03,show
54,a03-059-03-04,perhaps
54,a03-059-03-05,how
54,a03-059-03-06,far
54,a03-059-03-08,Mike
54,a03-059-04-00,will
54,a03-059-04-01,go
54,a03-059-04-03,The
54,a03-059-04-04,main
54,a03-059-04-05,topic
54,a03-059-04-06,under
54,a03-059-04-07,review
54,a03-059-04-08,is
54,a03-059-05-02,but
54,a03-059-05-03,there
54,a03-059-05-04,will
54,a03-059-05-05,be
54,a03-059-07-00,ranging
54,a03-059-07-01,from
54,a03-059-07-02,foreign
54,a03-059-07-04,in
54,a03-059-08-00,Canada
54,a03-059-08-01,to
54,a03-059-08-02,the
54,a03-059-08-04,of
54,a03-059-08-05,the
54,a03-059-09-02,However
54,a03-059-09-04,be
54,a03-059-09-05,this
54,a03-059-10-00,year
54,a03-059-10-01,or
54,a03-059-10-02,not
54,a03-059-10-05,Pearson
54,a03-059-10-07,with
54,a03-059-10-08,his
54,a03-059-10-09,party
54,a03-059-11-02,of
54,a03-059-11-03,return
54,a03-059-11-04,to
54,a03-059-11-05,power
128,c06-027-00-00,It
128,c06-027-00-03,very
128,c06-027-00-04,free
128,c06-027-00-05,place
128,c06-027-00-06,to
128,c06-027-00-07,write
128,c06-027-00-08,in
128,c06-027-00-10,and
128,c06-027-00-11,there
128,c06-027-01-00,the
128,c06-027-01-02,that
128,c06-027-01-03,no
128,c06-027-01-04,one
128,c06-027-01-05,knows
128,c06-027-01-06,what
128,c06-027-02-00,you
128,c06-027-02-02,writing
128,c06-027-02-03,about
128,c06-027-02-04,anyway
128,c06-027-02-07,Not
128,c06-027-02-08,that
128,c06-027-02-10,did
128,c06-027-03-00,much
128,c06-027-03-01,when
128,c06-027-03-03,was
128,c06-027-03-04,over
128,c06-027-03-05,this
128,c06-027-03-06,past
128,c06-027-03-07,two
128,c06-027-03-08,times
128,c06-027-04-00,not
128,c06-027-04-01,with
128,c06-027-04-02,that
128,c06-027-04-03,great
128,c06-027-04-04,little
128,c06-027-04-05,Irish
128,c06-027-04-06,bar
128,c06-027-04-07,on
128,c06-027-05-00,Seventh
128,c06-027-05-01,Avenue
128,c06-027-05-03,The
128,c06-027-05-04,Pigsty
128,c06-027-05-06,always
128,c06-027-05-07,open
128,c06-027-06-01,was
128,c06-027-06-02,there
128,c06-027-06-04,in
128,c06-027-06-05,even
128,c06-027-06-06,faster
128,c06-027-06-07,orbit
128,c06-027-06-09,when
128,c06-027-06-10,that
128,c06-027-07-00,third
128,c06-027-07-02,went
128,c06-027-07-03,up
128,c06-027-07-05,what
128,c06-027-07-07,his
128,c06-027-07-08,name
152,c03-081c-00-02,the
152,c03-081c-00-04,has
152,c03-081c-01-00,error
152,c03-081c-01-01,in
152,c03-081c-01-03,Irene
152,c03-081c-01-04,to
152,c03-081c-01-05,speak
152,c03-081c-01-06,for
152,c03-081c-01-07,herself
152,c03-081c-02-00,we
152,c03-081c-02-01,would
152,c03-081c-02-02,be
152,c03-081c-02-04,clearer
152,c03-081c-02-05,in
152,c03-081c-02-06,our
152,c03-081c-02-07,minds
152,c03-081c-03-00,about
152,c03-081c-03-01,her
152,c03-081c-03-02,if
152,c03-081c-03-03,she
152,c03-081c-03-06,flawed
152,c03-081c-03-07,but
152,c03-081c-04-00,enigma
152,c03-081c-04-02,seen
152,c03-081c-04-03,but
152,c03-081c-04-04,not
152,c03-081c-04-05,heard
152,c03-081c-04-07,However
152,c03-081c-04-09,Miss
152,c03-081c-04-10,Pinkie
152,c03-081c-05-01,makes
152,c03-081c-05-02,her
152,c03-081c-05-03,few
152,c03-081c-05-04,brief
152,c03-081c-05-05,scenes
152,c03-081c-05-08,and
152,c03-081c-06-02,Landen
152,c03-081c-06-04,in
152,c03-081c-06-05,the
152,c03-081c-06-06,longest
152,c03-081c-06-07,and
152,c03-081c-06-08,most
152,c03-081c-07-01,role
152,c03-081c-07-03,that
152,c03-081c-07-04,of
152,c03-081c-07-05,the
152,c03-081c-07-08,gives
152,c03-081c-08-00,of
152,c03-081c-08-01,rare
152,c03-081c-08-03,and
152,c03-081c-08-05,power
26,a02-042-00-00,And
26,a02-042-00-01,up
26,a02-042-00-02,to
26,a02-042-00-03,ten
26,a02-042-00-06,can
26,a02-042-00-07,be
26,a02-042-00-08,imposed
26,a02-042-01-00,on
26,a02-042-01-01,anyone
26,a02-042-01-03,of
26,a02-042-01-06,These
26,a02-042-01-07,stern
26,a02-042-02-00,had
26,a02-042-02-01,the
26,a02-042-02-02,desired
26,a02-042-02-03,effect
26,a02-042-02-04,today
26,a02-042-02-05,at
26,a02-042-02-06,Kumasi
26,a02-042-02-07,where
26,a02-042-02-08,the
26,a02-042-03-01,gave
26,a02-042-03-02,in
26,a02-042-03-04,but
26,a02-042-03-05,in
26,a02-042-03-08,the
26,a02-042-03-09,chief
26,a02-042-03-10,storm
26,a02-042-03-11,centre
26,a02-042-04-00,they
26,a02-042-04-01,are
26,a02-042-04-02,still
26,a02-042-04-03,holding
26,a02-042-04-04,out
26,a02-042-04-05,despite
26,a02-042-04-06,the
26,a02-042-04-08,of
26,a02-042-05-00,police
26,a02-042-05-01,and
26,a02-042-05-04,cars
26,a02-042-05-06,And
26,a02-042-05-07,how
26,a02-042-05-08,did
26,a02-042-05-09,the
26,a02-042-06-01,react
26,a02-042-06-02,when
26,a02-042-06-03,the
26,a02-042-06-06,in
26,a02-042-07-00,Accra
223,e02-074-00-00,But
223,e02-074-00-01,why
223,e02-074-00-03,in
223,e02-074-00-06,Well
223,e02-074-00-08,there
223,e02-074-01-00,are
223,e02-074-01-01,many
223,e02-074-01-02,reasons
223,e02-074-01-04,Wood
223,e02-074-01-05,is
223,e02-074-01-06,in
223,e02-074-01-07,good
223,e02-074-01-08,and
223,e02-074-02-00,common
223,e02-074-02-01,supply
223,e02-074-02-03,it
223,e02-074-02-04,lends
223,e02-074-02-05,itself
223,e02-074-02-06,to
223,e02-074-02-07,making
223,e02-074-03-01,useful
223,e02-074-03-03,items
223,e02-074-04-04,garden
223,e02-074-04-05,items
223,e02-074-04-07,toys
223,e02-074-05-00,it
223,e02-074-05-01,enables
223,e02-074-05-02,results
223,e02-074-05-03,to
223,e02-074-05-04,be
223,e02-074-05-06,fairly
223,e02-074-06-00,quickly
223,e02-074-06-02,it
223,e02-074-06-03,is
223,e02-074-06-04,less
223,e02-074-06-06,than
223,e02-074-06-07,most
223,e02-074-07-00,other
223,e02-074-07-03,it
223,e02-074-07-04,is
223,e02-074-08-00,to
223,e02-074-08-01,work
223,e02-074-08-02,with
223,e02-074-08-04,and
223,e02-074-08-07,it
223,e02-074-08-08,does
223,e02-074-09-00,create
223,e02-074-09-02,certain
223,e02-074-09-03,amount
223,e02-074-09-04,of
223,e02-074-09-05,mess
223,e02-074-09-07,it
223,e02-074-09-08,is
223,e02-074-10-00,all
223,e02-074-10-01,clean
223,e02-074-10-02,and
223,e02-074-10-03,easily
223,e02-074-10-04,cleared
223,e02-074-10-05,away
670,r06-070-00-00,We
670,r06-070-00-01,parked
670,r06-070-00-02,the
670,r06-070-00-05,the
670,r06-070-01-02,and
670,r06-070-01-03,went
670,r06-070-01-04,to
670,r06-070-01-05,the
670,r06-070-01-06,beach
670,r06-070-01-07,to
670,r06-070-02-00,have
670,r06-070-02-02,swim
670,r06-070-02-04,Amazing
670,r06-070-02-05,bedlam
670,r06-070-02-06,rocked
670,r06-070-03-00,in
670,r06-070-03-01,our
670,r06-070-03-02,eyes
670,r06-070-03-04,The
670,r06-070-03-05,sea
670,r06-070-03-06,boiled
670,r06-070-03-07,with
670,r06-070-03-08,waves
670,r06-070-04-00,they
670,r06-070-04-02,to
670,r06-070-04-03,the
670,r06-070-04-04,walls
670,r06-070-04-05,and
670,r06-070-04-06,spumed
670,r06-070-05-00,over
670,r06-070-05-01,the
670,r06-070-05-03,des
670,r06-070-05-04,Anglais
670,r06-070-05-07,huge
670,r06-070-06-00,crowd
670,r06-070-06-01,had
670,r06-070-06-04,There
670,r06-070-06-05,were
670,r06-070-06-06,firemen
670,r06-070-07-00,and
670,r06-070-07-02,and
670,r06-070-07-05,and
670,r06-070-07-06,the
670,r06-070-08-00,eyes
670,r06-070-08-01,of
670,r06-070-08-02,the
670,r06-070-08-04,were
670,r06-070-08-05,hard
670,r06-070-08-06,with
109,b04-066-00-00,One
109,b04-066-00-01,more
109,b04-066-00-03,of
109,b04-066-00-04,the
109,b04-066-00-08,As
109,b04-066-01-03,orders
109,b04-066-01-04,pick
109,b04-066-01-05,up
109,b04-066-01-07,And
109,b04-066-01-08,the
109,b04-066-01-09,car
109,b04-066-01-10,men
109,b04-066-01-11,get
109,b04-066-02-00,ready
109,b04-066-02-01,for
109,b04-066-02-02,another
109,b04-066-02-04,season
109,b04-066-02-06,The
109,b04-066-03-00,said
109,b04-066-03-01,the
109,b04-066-03-02,motor
109,b04-066-03-04,was
109,b04-066-03-05,on
109,b04-066-03-06,its
109,b04-066-03-07,knees
109,b04-066-03-09,The
109,b04-066-04-00,said
109,b04-066-04-05,As
109,b04-066-04-06,usual
109,b04-066-04-08,the
109,b04-066-04-10,have
109,b04-066-04-11,been
109,b04-066-05-00,proved
109,b04-066-05-01,right
109,b04-066-05-03,EARL
109,b04-066-05-04,RUSSELL
109,b04-066-05-05,and
109,b04-066-05-06,his
109,b04-066-05-07,friends
109,b04-066-05-08,have
109,b04-066-06-00,hit
109,b04-066-06-01,on
109,b04-066-06-02,an
109,b04-066-06-04,way
109,b04-066-06-05,of
109,b04-066-06-07,this
0,a05-062-00-00,With
0,a05-062-00-02,vigour
0,a05-062-00-03,and
0,a05-062-00-05,which
0,a05-062-01-00,old
0,a05-062-01-02,friends
0,a05-062-01-03,and
0,a05-062-01-04,foes
0,a05-062-01-05,alike
0,a05-062-02-00,the
0,a05-062-02-01,Earl
0,a05-062-02-02,of
0,a05-062-02-03,Avon
0,a05-062-02-05,the
0,a05-062-02-06,former
0,a05-062-02-07,Sir
0,a05-062-02-08,Anthony
0,a05-062-03-00,Eden
0,a05-062-03-02,in
0,a05-062-03-03,his
0,a05-062-03-04,maiden
0,a05-062-03-05,speech
0,a05-062-03-06,in
0,a05-062-03-07,the
0,a05-062-03-08,House
0,a05-062-04-00,of
0,a05-062-04-01,Lords
0,a05-062-04-02,last
0,a05-062-04-03,night
0,a05-062-04-05,gave
0,a05-062-04-07,warning
0,a05-062-05-00,that
0,a05-062-05-03,over
0,a05-062-05-04,Berlin
0,a05-062-05-05,could
0,a05-062-06-00,only
0,a05-062-06-01,lead
0,a05-062-06-02,to
0,a05-062-06-03,war
0,a05-062-06-05,To
0,a05-062-06-06,stand
0,a05-062-06-07,firm
0,a05-062-06-09,he
0,a05-062-07-02,was
0,a05-062-07-03,not
0,a05-062-07-04,to
0,a05-062-07-05,invite
0,a05-062-07-06,war
0,a05-062-07-08,but
0,a05-062-08-00,the
0,a05-062-08-01,surest
0,a05-062-08-02,way
0,a05-062-08-03,to
0,a05-062-08-04,avert
0,a05-062-08-05,it
334,g06-042c-00-00,Nor
334,g06-042c-00-01,is
334,g06-042c-00-02,this
334,g06-042c-00-03,to
334,g06-042c-00-04,be
334,g06-042c-00-06,at
334,g06-042c-00-08,for
334,g06-042c-00-09,even
334,g06-042c-00-10,today
334,g06-042c-00-12,in
334,g06-042c-01-00,the
334,g06-042c-01-03,no
334,g06-042c-01-04,cure
334,g06-042c-01-05,has
334,g06-042c-01-06,been
334,g06-042c-01-07,found
334,g06-042c-01-08,for
334,g06-042c-01-09,the
334,g06-042c-02-03,As
334,g06-042c-02-04,early
334,g06-042c-02-05,as
334,g06-042c-02-08,when
334,g06-042c-03-02,himself
334,g06-042c-03-03,to
334,g06-042c-03-04,be
334,g06-042c-03-05,on
334,g06-042c-03-06,the
334,g06-042c-03-07,point
334,g06-042c-03-08,of
334,g06-042c-04-00,death
334,g06-042c-04-02,the
334,g06-042c-04-03,new
334,g06-042c-04-04,German
334,g06-042c-04-06,method
334,g06-042c-04-07,known
334,g06-042c-04-08,as
334,g06-042c-05-01,had
334,g06-042c-05-02,been
334,g06-042c-05-03,brought
334,g06-042c-05-04,to
334,g06-042c-05-05,his
334,g06-042c-05-06,notice
342,g06-037k-00-00,God
342,g06-037k-00-01,grant
342,g06-037k-00-03,however
342,g06-037k-00-05,that
342,g06-037k-00-07,may
342,g06-037k-00-08,be
342,g06-037k-00-10,false
342,g06-037k-00-11,prophet
342,g06-037k-01-01,that
342,g06-037k-01-02,all
342,g06-037k-01-03,may
342,g06-037k-01-04,go
342,g06-037k-01-05,well
342,g06-037k-01-07,Sir
342,g06-037k-01-09,Peel
342,g06-037k-01-10,was
342,g06-037k-01-11,here
342,g06-037k-02-02,but
342,g06-037k-02-03,an
342,g06-037k-02-04,express
342,g06-037k-02-05,took
342,g06-037k-02-06,him
342,g06-037k-02-07,off
342,g06-037k-03-00,While
342,g06-037k-03-01,he
342,g06-037k-03-02,was
342,g06-037k-03-03,in
342,g06-037k-03-04,Naples
342,g06-037k-03-05,there
342,g06-037k-03-06,had
342,g06-037k-03-07,opened
342,g06-037k-03-09,new
342,g06-037k-03-10,chapter
342,g06-037k-04-00,in
342,g06-037k-04-01,the
342,g06-037k-04-02,history
342,g06-037k-04-03,of
342,g06-037k-04-06,search
342,g06-037k-04-07,for
342,g06-037k-05-00,an
342,g06-037k-05-03,of
342,g06-037k-05-04,his
342,g06-037k-05-05,painful
342,g06-037k-05-06,malady
342,g06-037k-05-08,
342,g06-037k-06-00,of
342,g06-037k-06-01,the
342,g06-037k-06-05,to
342,g06-037k-06-06,which
342,g06-037k-06-07,he
342,g06-037k-07-00,had
342,g06-037k-07-01,been
342,g06-037k-07-03,ever
342,g06-037k-07-04,since
342,g06-037k-07-05,the
342,g06-037k-07-07,had
342,g06-037k-08-00,first
342,g06-037k-08-01,shown
342,g06-037k-08-04,years
342,g06-037k-08-05,before
342,g06-037k-09-00,had
342,g06-037k-09-01,had
342,g06-037k-09-02,the
342,g06-037k-09-04,effect
139,c02-007-00-00,In
139,c02-007-00-02,he
139,c02-007-00-03,began
139,c02-007-00-04,to
139,c02-007-00-05,take
139,c02-007-00-07,not
139,c02-007-01-00,only
139,c02-007-01-01,in
139,c02-007-01-02,Germany
139,c02-007-01-03,but
139,c02-007-01-04,also
139,c02-007-01-05,in
139,c02-007-01-06,Africa
139,c02-007-01-07,and
139,c02-007-02-00,America
139,c02-007-02-02,An
139,c02-007-02-04,of
139,c02-007-02-05,these
139,c02-007-02-06,works
139,c02-007-02-07,which
139,c02-007-03-00,is
139,c02-007-03-01,now
139,c02-007-03-02,on
139,c02-007-03-03,view
139,c02-007-03-04,in
139,c02-007-03-06,Berlin
139,c02-007-03-07,gallery
139,c02-007-03-08,is
139,c02-007-03-09,most
139,c02-007-04-02,As
139,c02-007-04-06,the
139,c02-007-04-07,Swiss
139,c02-007-05-01,and
139,c02-007-05-02,author
139,c02-007-05-04,wrote
139,c02-007-05-08,blacks
139,c02-007-06-00,and
139,c02-007-06-01,greys
139,c02-007-06-02,are
139,c02-007-06-03,not
139,c02-007-06-04,only
139,c02-007-06-05,the
139,c02-007-06-06,colours
139,c02-007-06-07,of
139,c02-007-06-08,the
139,c02-007-07-00,lost
139,c02-007-07-01,and
139,c02-007-07-02,the
139,c02-007-07-05,but
139,c02-007-07-06,they
139,c02-007-07-07,are
139,c02-007-07-08,also
139,c02-007-07-09,the
139,c02-007-08-01,means
139,c02-007-08-02,of
81,a06-100-00-01,to
81,a06-100-00-07,looked
81,a06-100-00-08,towards
81,a06-100-01-05,These
81,a06-100-01-06,were
81,a06-100-01-08,in
81,a06-100-01-09,which
81,a06-100-01-10,the
81,a06-100-02-01,of
81,a06-100-02-02,the
81,a06-100-02-03,Board
81,a06-100-02-04,of
81,a06-100-02-05,Trade
81,a06-100-02-06,played
81,a06-100-02-09,part
81,a06-100-02-12,the
81,a06-100-03-00,Premier
81,a06-100-03-01,said
81,a06-100-03-03,He
81,a06-100-03-05,the
81,a06-100-03-06,idea
81,a06-100-03-07,that
81,a06-100-03-08,Britain
81,a06-100-03-09,would
81,a06-100-03-10,be
81,a06-100-04-00,swamped
81,a06-100-04-01,by
81,a06-100-04-02,cheap
81,a06-100-04-03,labour
81,a06-100-04-05,Our
81,a06-100-04-08,he
81,a06-100-04-09,said
81,a06-100-04-11,would
81,a06-100-05-01,gain
81,a06-100-05-04,Many
81,a06-100-05-05,people
81,a06-100-05-06,feel
81,a06-100-05-07,we
81,a06-100-05-08,have
81,a06-100-05-09,had
81,a06-100-05-11,perhaps
81,a06-100-05-13,too
81,a06-100-06-00,much
81,a06-100-06-01,shelter
81,a06-100-06-04,he
81,a06-100-06-05,went
81,a06-100-06-06,on
21,a02-000-00-02,has
21,a02-000-00-03,picked
21,a02-000-00-05,strong
21,a02-000-00-07,brains
21,a02-000-00-08,trust
21,a02-000-01-00,team
21,a02-000-01-01,to
21,a02-000-01-03,terms
21,a02-000-01-04,for
21,a02-000-01-05,joining
21,a02-000-01-06,the
21,a02-000-01-07,Common
21,a02-000-01-08,Market
21,a02-000-02-00,And
21,a02-000-02-01,he
21,a02-000-02-02,has
21,a02-000-02-04,plans
21,a02-000-02-05,to
21,a02-000-02-06,visit
21,a02-000-02-08,de
21,a02-000-03-00,Gaulle
21,a02-000-03-01,this
21,a02-000-03-02,month
21,a02-000-03-03,to
21,a02-000-03-04,smooth
21,a02-000-03-05,the
21,a02-000-03-06,way
21,a02-000-03-08,General
21,a02-000-04-00,de
21,a02-000-04-03,welcome
21,a02-000-04-04,last
21,a02-000-04-05,week
21,a02-000-05-00,to
21,a02-000-05-02,moves
21,a02-000-05-03,towards
21,a02-000-05-04,the
21,a02-000-05-05,Six
21,a02-000-05-06,was
21,a02-000-06-00,taken
21,a02-000-06-01,as
21,a02-000-06-04,gesture
21,a02-000-06-05,in
21,a02-000-07-00,but
21,a02-000-07-01,no
21,a02-000-07-02,more
21,a02-000-07-03,than
21,a02-000-07-04,that
66,a06-000-00-00,MR
66,a06-000-00-01,SELWYN
66,a06-000-00-02,LLOYD
66,a06-000-00-03,may
66,a06-000-00-04,speed
66,a06-000-00-05,up
66,a06-000-00-06,his
66,a06-000-00-07,plans
66,a06-000-01-00,to
66,a06-000-01-01,catch
66,a06-000-01-03,in
66,a06-000-01-04,shares
66,a06-000-01-05,and
66,a06-000-02-00,The
66,a06-000-02-01,first
66,a06-000-02-02,hint
66,a06-000-02-03,of
66,a06-000-02-04,the
66,a06-000-02-06,bowing
66,a06-000-02-07,to
66,a06-000-03-00,public
66,a06-000-03-01,opinion
66,a06-000-03-02,over
66,a06-000-03-03,his
66,a06-000-03-05,July
66,a06-000-03-06,Budget
66,a06-000-03-08,came
66,a06-000-04-01,in
66,a06-000-04-02,the
66,a06-000-04-03,Commons
66,a06-000-04-06,Mr
66,a06-000-05-00,Lloyd
66,a06-000-05-01,said
66,a06-000-05-02,on
66,a06-000-05-04,Tuesday
66,a06-000-05-05,that
66,a06-000-05-06,he
66,a06-000-06-00,to
66,a06-000-06-01,deal
66,a06-000-06-02,in
66,a06-000-06-03,his
66,a06-000-06-04,next
66,a06-000-06-05,regular
66,a06-000-06-06,Budget
66,a06-000-06-07,with
66,a06-000-07-00,some
66,a06-000-07-01,profits
66,a06-000-07-02,which
66,a06-000-07-03,now
66,a06-000-07-04,escape
66,a06-000-07-05,tax
8,a01-026x-00-01,Iain
8,a01-026x-00-02,Macleod
8,a01-026x-00-04,the
8,a01-026x-00-08,denied
8,a01-026x-01-00,in
8,a01-026x-01-01,the
8,a01-026x-01-02,Commons
8,a01-026x-01-03,last
8,a01-026x-01-04,night
8,a01-026x-01-05,that
8,a01-026x-01-06,there
8,a01-026x-01-07,have
8,a01-026x-02-00,been
8,a01-026x-02-01,secret
8,a01-026x-02-03,on
8,a01-026x-02-04,the
8,a01-026x-03-00,future
8,a01-026x-03-02,The
8,a01-026x-03-06,in
8,a01-026x-04-00,London
8,a01-026x-04-01,has
8,a01-026x-04-02,been
8,a01-026x-04-04,by
8,a01-026x-04-05,the
8,a01-026x-04-06,two
8,a01-026x-04-07,main
8,a01-026x-05-01,parties
8,a01-026x-05-03,the
8,a01-026x-05-04,United
8,a01-026x-05-05,Federal
8,a01-026x-05-06,Party
8,a01-026x-06-00,and
8,a01-026x-06-01,the
8,a01-026x-06-03,Party
8,a01-026x-06-05,But
8,a01-026x-07-00,of
8,a01-026x-07-01,Sir
8,a01-026x-07-02,Roy
8,a01-026x-07-05,Prime
8,a01-026x-07-07,of
8,a01-026x-07-08,the
8,a01-026x-08-00,Central
8,a01-026x-08-01,African
8,a01-026x-08-04,went
8,a01-026x-08-05,to
8,a01-026x-09-00,at
8,a01-026x-09-01,the
8,a01-026x-09-03,for
8,a01-026x-09-04,talks
8,a01-026x-09-05,with
81,n02-146-00-00,She
81,n02-146-00-01,was
81,n02-146-00-02,tempted
81,n02-146-00-03,to
81,n02-146-00-04,laugh
81,n02-146-00-06,but
81,n02-146-00-07,it
81,n02-146-00-08,was
81,n02-146-00-09,as
81,n02-146-00-10,though
81,n02-146-00-11,that
81,n02-146-00-12,barb
81,n02-146-00-13,still
81,n02-146-00-14,stuck
81,n02-146-01-00,in
81,n02-146-01-01,her
81,n02-146-01-03,flesh
81,n02-146-01-06,You
81,n02-146-01-08,an
81,n02-146-01-09,answer
81,n02-146-01-11,of
81,n02-146-01-12,sorts
81,n02-146-01-14,for
81,n02-146-01-18,she
81,n02-146-02-00,said
81,n02-146-02-01,shortly
81,n02-146-02-07,no
81,n02-146-02-08,more
81,n02-146-02-09,to
81,n02-146-02-10,say
81,n02-146-02-12,so
81,n02-146-02-14,suggest
81,n02-146-02-15,we
81,n02-146-02-16,get
81,n02-146-03-00,along
81,n02-146-03-03,To
81,n02-146-03-04,her
81,n02-146-03-05,great
81,n02-146-03-06,relief
81,n02-146-03-07,they
81,n02-146-03-08,arrived
81,n02-146-03-09,at
81,n02-146-03-10,the
81,n02-146-03-11,cluster
81,n02-146-03-12,of
81,n02-146-03-13,little
81,n02-146-03-14,houses
81,n02-146-04-00,where
81,n02-146-04-01,Hubert
81,n02-146-04-02,had
81,n02-146-04-03,been
81,n02-146-04-04,living
81,n02-146-04-05,to
81,n02-146-04-06,find
81,n02-146-04-07,the
81,n02-146-04-08,old
81,n02-146-04-09,man
81,n02-146-04-10,stowing
81,n02-146-04-11,in
81,n02-146-05-01,fashion
81,n02-146-05-02,his
81,n02-146-05-03,few
81,n02-146-05-05,into
81,n02-146-05-08,and
81,n02-146-06-01,ancient
81,n02-146-06-02,car
81,n02-146-06-05,by
81,n02-146-06-07,friends
81,n02-146-06-08,and
105,b03-109-00-00,Can
105,b03-109-00-01,it
105,b03-109-00-02,be
105,b03-109-00-03,shown
105,b03-109-00-04,that
105,b03-109-00-05,the
105,b03-109-00-06,one
105,b03-109-00-07,scale
105,b03-109-00-08,is
105,b03-109-01-00,strably
105,b03-109-01-01,better
105,b03-109-01-02,than
105,b03-109-01-03,the
105,b03-109-01-04,other
105,b03-109-01-06,The
105,b03-109-01-08,may
105,b03-109-02-00,be
105,b03-109-02-01,in
105,b03-109-02-02,for
105,b03-109-02-04,stiffer
105,b03-109-02-05,fight
105,b03-109-02-06,than
105,b03-109-02-07,they
105,b03-109-02-08,think
105,b03-109-02-10,They
105,b03-109-02-11,may
105,b03-109-03-00,have
105,b03-109-03-01,to
105,b03-109-03-02,call
105,b03-109-03-03,up
105,b03-109-03-04,the
105,b03-109-03-06,of
105,b03-109-03-07,the
105,b03-109-03-08,Common
105,b03-109-03-09,Market
105,b03-109-04-00,Even
105,b03-109-04-01,then
105,b03-109-04-02,it
105,b03-109-04-03,might
105,b03-109-04-04,be
105,b03-109-04-05,easier
105,b03-109-04-06,to
105,b03-109-04-08,the
105,b03-109-04-09,British
105,b03-109-05-00,public
105,b03-109-05-01,to
105,b03-109-05-02,go
105,b03-109-05-03,over
105,b03-109-05-04,to
105,b03-109-05-05,decimal
105,b03-109-05-06,coinage
105,b03-109-05-08,in
105,b03-109-05-09,certain
105,b03-109-06-01,the
105,b03-109-06-02,time
105,b03-109-06-03,would
105,b03-109-06-04,come
105,b03-109-06-05,when
105,b03-109-06-06,this
105,b03-109-06-07,would
105,b03-109-07-00,suit
105,b03-109-07-01,their
105,b03-109-07-04,rather
105,b03-109-07-05,than
105,b03-109-07-06,to
105,b03-109-07-07,change
105,b03-109-07-08,their
105,b03-109-08-00,system
105,b03-109-08-01,of
113,b04-162-00-01,his
113,b04-162-00-02,firm
113,b04-162-00-05,rule
113,b04-162-00-06,in
113,b04-162-01-00,with
113,b04-162-01-01,what
113,b04-162-01-02,has
113,b04-162-01-04,in
113,b04-162-01-05,the
113,b04-162-01-06,Congo
113,b04-162-01-08,There
113,b04-162-02-02,have
113,b04-162-02-03,carried
113,b04-162-02-04,their
113,b04-162-03-00,into
113,b04-162-03-03,There
113,b04-162-03-05,UNO
113,b04-162-03-06,army
113,b04-162-03-07,of
113,b04-162-04-00,bossed
113,b04-162-04-01,by
113,b04-162-04-02,an
113,b04-162-04-03,Indian
113,b04-162-04-05,has
113,b04-162-04-06,been
113,b04-162-04-07,in
113,b04-162-04-08,charge
113,b04-162-04-09,for
113,b04-162-05-00,months
113,b04-162-05-02,And
113,b04-162-05-03,what
113,b04-162-05-04,has
113,b04-162-05-05,it
113,b04-162-05-06,made
113,b04-162-05-07,of
113,b04-162-05-08,the
113,b04-162-05-09,Congo
113,b04-162-06-04,No
113,b04-162-06-05,wonder
113,b04-162-07-01,has
113,b04-162-07-02,lost
113,b04-162-07-03,all
113,b04-162-07-05,with
113,b04-162-07-06,his
265,f02-044-00-00,In
265,f02-044-00-02,it
265,f02-044-00-03,was
265,f02-044-00-05,by
265,f02-044-00-09,Banks
265,f02-044-01-00,of
265,f02-044-01-02,for
265,f02-044-01-03,Glasgow
265,f02-044-01-05,that
265,f02-044-01-07,firms
265,f02-044-01-08,might
265,f02-044-01-09,be
265,f02-044-01-10,ready
265,f02-044-02-00,to
265,f02-044-02-01,let
265,f02-044-02-02,older
265,f02-044-02-04,attend
265,f02-044-02-06,courses
265,f02-044-02-07,on
265,f02-044-03-00,for
265,f02-044-03-03,their
265,f02-044-03-04,wages
265,f02-044-03-05,paid
265,f02-044-03-06,for
265,f02-044-03-07,the
265,f02-044-03-08,time
265,f02-044-03-09,thus
265,f02-044-03-10,spent
265,f02-044-03-12,An
265,f02-044-04-01,was
265,f02-044-04-02,made
265,f02-044-04-03,to
265,f02-044-04-04,about
265,f02-044-04-05,twenty
265,f02-044-04-06,large
265,f02-044-04-07,firms
265,f02-044-04-08,and
265,f02-044-04-09,in
265,f02-044-05-00,tober
265,f02-044-05-04,the
265,f02-044-05-05,first
265,f02-044-05-08,course
265,f02-044-05-09,for
265,f02-044-06-00,men
265,f02-044-06-01,was
265,f02-044-06-04,Eleven
265,f02-044-06-06,from
265,f02-044-06-07,seven
265,f02-044-06-08,firms
265,f02-044-07-00,ded
265,f02-044-07-02,course
265,f02-044-07-03,on
265,f02-044-07-04,six
265,f02-044-07-05,full
265,f02-044-07-06,Fridays
265,f02-044-07-07,and
265,f02-044-07-08,it
265,f02-044-07-09,was
265,f02-044-07-10,made
265,f02-044-07-11,clear
265,f02-044-07-12,both
265,f02-044-08-00,to
265,f02-044-08-01,the
265,f02-044-08-02,men
265,f02-044-08-03,and
265,f02-044-08-04,their
265,f02-044-08-06,that
265,f02-044-08-07,the
265,f02-044-08-08,venture
265,f02-044-08-09,was
265,f02-044-08-10,an
265,f02-044-09-01,from
265,f02-044-09-02,which
265,f02-044-09-03,the
265,f02-044-09-05,hoped
265,f02-044-09-06,to
265,f02-044-09-07,learn
265,f02-044-09-08,as
265,f02-044-09-09,much
265,f02-044-10-00,as
265,f02-044-10-01,the
107,b04-004-00-00,In
107,b04-004-00-01,Ghana
107,b04-004-00-04,Nkrumah
107,b04-004-00-06,who
107,b04-004-01-00,has
107,b04-004-01-01,done
107,b04-004-01-02,more
107,b04-004-01-03,than
107,b04-004-01-04,most
107,b04-004-01-05,to
107,b04-004-01-06,stir
107,b04-004-01-07,up
107,b04-004-02-00,trouble
107,b04-004-02-01,in
107,b04-004-02-02,the
107,b04-004-02-03,Congo
107,b04-004-02-05,orders
107,b04-004-02-06,every
107,b04-004-02-07,Belgian
107,b04-004-03-00,citizen
107,b04-004-03-01,to
107,b04-004-03-02,quit
107,b04-004-03-03,his
107,b04-004-03-04,country
107,b04-004-04-00,Belgium
107,b04-004-04-01,has
107,b04-004-04-02,become
107,b04-004-04-03,an
107,b04-004-05-00,pastime
107,b04-004-05-02,Why
107,b04-004-05-04,Because
107,b04-004-05-05,those
107,b04-004-05-06,who
107,b04-004-06-00,said
107,b04-004-06-01,the
107,b04-004-06-03,could
107,b04-004-06-04,govern
107,b04-004-07-00,will
107,b04-004-07-01,not
107,b04-004-07-02,admit
107,b04-004-07-03,they
107,b04-004-07-04,were
107,b04-004-07-05,wrong
107,b04-004-07-07,So
107,b04-004-08-00,Belgium
107,b04-004-08-02,bowed
107,b04-004-08-03,down
107,b04-004-08-04,by
107,b04-004-09-05,air
107,b04-004-09-06,crash
107,b04-004-10-00,is
107,b04-004-10-01,made
107,b04-004-10-02,their
0,a05-022-00-00,It
0,a05-022-00-01,is
0,a05-022-00-02,thought
0,a05-022-00-03,this
0,a05-022-00-04,would
0,a05-022-00-05,be
0,a05-022-00-06,the
0,a05-022-00-07,minimum
0,a05-022-01-01,for
0,a05-022-01-02,the
0,a05-022-01-05,modern
0,a05-022-02-00,arms
0,a05-022-02-01,require
0,a05-022-02-02,and
0,a05-022-02-03,to
0,a05-022-02-04,enable
0,a05-022-02-05,each
0,a05-022-02-06,man
0,a05-022-02-07,to
0,a05-022-03-00,serve
0,a05-022-03-01,at
0,a05-022-03-02,least
0,a05-022-03-04,year
0,a05-022-03-07,There
0,a05-022-03-08,is
0,a05-022-04-00,no
0,a05-022-04-01,truth
0,a05-022-04-02,in
0,a05-022-04-04,that
0,a05-022-05-00,is
0,a05-022-05-01,at
0,a05-022-05-02,odds
0,a05-022-05-03,with
0,a05-022-05-04,the
0,a05-022-05-05,Service
0,a05-022-05-06,chiefs
0,a05-022-05-07,over
0,a05-022-06-00,the
0,a05-022-06-02,to
0,a05-022-06-04,with
0,a05-022-07-00,Service
0,a05-022-07-02,or
0,a05-022-07-03,over
0,a05-022-07-04,any
0,a05-022-07-05,other
0,a05-022-07-06,aspect
0,a05-022-07-07,of
0,a05-022-08-00,defence
0,a05-022-08-01,policy
336,g06-042e-00-00,Nor
336,g06-042e-00-01,is
336,g06-042e-00-02,this
336,g06-042e-00-03,to
336,g06-042e-00-04,be
336,g06-042e-00-06,at
336,g06-042e-00-08,for
336,g06-042e-00-09,even
336,g06-042e-00-10,today
336,g06-042e-00-12,in
336,g06-042e-00-13,the
336,g06-042e-01-02,no
336,g06-042e-01-03,cure
336,g06-042e-01-04,has
336,g06-042e-01-05,been
336,g06-042e-01-06,found
336,g06-042e-01-07,for
336,g06-042e-01-08,the
336,g06-042e-02-02,As
336,g06-042e-02-03,early
336,g06-042e-02-04,as
336,g06-042e-02-07,when
336,g06-042e-03-00,himself
336,g06-042e-03-01,to
336,g06-042e-03-02,be
336,g06-042e-03-03,on
336,g06-042e-03-04,the
336,g06-042e-03-05,point
336,g06-042e-03-06,of
336,g06-042e-03-07,death
336,g06-042e-03-09,the
336,g06-042e-03-10,new
336,g06-042e-03-11,German
336,g06-042e-04-01,method
336,g06-042e-04-02,known
336,g06-042e-04-03,as
336,g06-042e-04-05,had
336,g06-042e-04-06,been
336,g06-042e-05-00,brought
336,g06-042e-05-01,to
336,g06-042e-05-02,his
336,g06-042e-05-03,notice
83,a06-114-00-00,If
83,a06-114-00-01,we
83,a06-114-00-02,joined
83,a06-114-00-03,the
83,a06-114-00-04,Common
83,a06-114-00-05,Market
83,a06-114-00-07,our
83,a06-114-01-00,food
83,a06-114-01-02,would
83,a06-114-01-04,be
83,a06-114-02-01,by
83,a06-114-02-03,system
83,a06-114-02-04,of
83,a06-114-02-05,tariffs
83,a06-114-02-07,That
83,a06-114-03-00,will
83,a06-114-03-01,mean
83,a06-114-03-03,rise
83,a06-114-03-04,in
83,a06-114-03-05,the
83,a06-114-03-06,cost
83,a06-114-03-07,of
83,a06-114-03-08,living
83,a06-114-04-01,or
83,a06-114-04-02,no
83,a06-114-04-04,YOU
83,a06-114-04-05,are
83,a06-114-05-01,more
83,a06-114-05-02,as
83,a06-114-05-03,the
83,a06-114-05-04,summer
83,a06-114-05-05,holiday
83,a06-114-06-00,season
83,a06-114-06-01,moves
83,a06-114-06-02,into
83,a06-114-06-03,top
83,a06-114-06-04,gear
83,a06-114-07-00,On
83,a06-114-07-01,the
83,a06-114-07-02,eve
83,a06-114-07-03,of
83,a06-114-07-04,August
83,a06-114-07-05,Bank
83,a06-114-07-06,Holiday
83,a06-114-08-00,the
83,a06-114-08-02,spree
83,a06-114-08-03,is
83,a06-114-08-04,at
83,a06-114-08-06,new
83,a06-114-09-01,peak
330,g04-104-00-00,In
330,g04-104-00-01,those
330,g04-104-00-02,early
330,g04-104-00-03,years
330,g04-104-00-06,life
330,g04-104-00-07,was
330,g04-104-00-08,very
330,g04-104-00-09,full
330,g04-104-01-00,both
330,g04-104-01-01,in
330,g04-104-01-02,the
330,g04-104-01-03,parish
330,g04-104-01-04,and
330,g04-104-01-05,in
330,g04-104-01-06,the
330,g04-104-01-07,wider
330,g04-104-01-08,war
330,g04-104-02-00,The
330,g04-104-02-01,Bishop
330,g04-104-02-03,knowing
330,g04-104-02-04,that
330,g04-104-02-06,spent
330,g04-104-02-07,my
330,g04-104-02-09,in
330,g04-104-03-00,Bavaria
330,g04-104-03-02,asked
330,g04-104-03-03,me
330,g04-104-03-04,if
330,g04-104-03-06,would
330,g04-104-03-07,do
330,g04-104-03-09,for
330,g04-104-03-10,two
330,g04-104-03-11,wards
330,g04-104-04-00,at
330,g04-104-04-01,the
330,g04-104-04-02,Royal
330,g04-104-04-03,Herbert
330,g04-104-04-06,full
330,g04-104-04-07,of
330,g04-104-04-08,war
330,g04-104-05-01,was
330,g04-104-05-02,very
330,g04-104-05-03,glad
330,g04-104-05-04,to
330,g04-104-05-05,help
330,g04-104-05-06,in
330,g04-104-05-07,this
330,g04-104-05-08,way
330,g04-104-05-10,and
330,g04-104-05-11,visited
330,g04-104-05-12,them
330,g04-104-06-03,at
330,g04-104-06-04,once
330,g04-104-06-07,contact
330,g04-104-06-08,with
330,g04-104-07-00,the
330,g04-104-07-02,wounded
330,g04-104-07-03,who
330,g04-104-07-04,were
330,g04-104-07-06,to
330,g04-104-07-07,find
330,g04-104-08-00,someone
330,g04-104-08-01,who
330,g04-104-08-02,knew
330,g04-104-08-03,their
330,g04-104-08-04,native
112,b04-147-00-00,AN
112,b04-147-00-02,in
112,b04-147-00-04,is
112,b04-147-00-06,by
112,b04-147-00-07,the
112,b04-147-01-00,Board
112,b04-147-01-02,The
112,b04-147-01-03,board
112,b04-147-01-04,is
112,b04-147-01-05,laying
112,b04-147-01-07,cable
112,b04-147-01-08,along
112,b04-147-02-00,mile
112,b04-147-02-01,route
112,b04-147-02-02,in
112,b04-147-02-03,Surrey
112,b04-147-02-06,warden
112,b04-147-02-09,Jack
112,b04-147-02-10,Finlay
112,b04-147-03-00,has
112,b04-147-03-01,been
112,b04-147-03-03,to
112,b04-147-03-04,smooth
112,b04-147-03-05,out
112,b04-147-03-07,for
112,b04-147-04-01,when
112,b04-147-04-03,are
112,b04-147-04-04,dug
112,b04-147-04-05,outside
112,b04-147-04-06,their
112,b04-147-05-00,front
112,b04-147-05-01,gates
112,b04-147-05-05,By
112,b04-147-05-06,showing
112,b04-147-05-07,concern
112,b04-147-06-00,for
112,b04-147-06-01,the
112,b04-147-06-02,people
112,b04-147-06-03,the
112,b04-147-06-04,board
112,b04-147-06-05,will
112,b04-147-06-06,earn
112,b04-147-06-07,their
112,b04-147-06-08,good
112,b04-147-06-09,will
112,b04-147-07-00,Happy
112,b04-147-07-04,Finlay
342,g06-031k-00-01,What
342,g06-031k-00-04,event
342,g06-031k-00-07,he
342,g06-031k-00-08,wrote
342,g06-031k-00-12,tremble
342,g06-031k-00-14,What
342,g06-031k-01-04,am
342,g06-031k-01-07,but
342,g06-031k-01-09,really
342,g06-031k-02-00,tremble
342,g06-031k-02-01,for
342,g06-031k-02-02,my
342,g06-031k-02-03,country
342,g06-031k-02-06,may
342,g06-031k-02-07,be
342,g06-031k-03-01,cannot
342,g06-031k-03-02,but
342,g06-031k-03-03,fear
342,g06-031k-03-04,that
342,g06-031k-03-05,the
342,g06-031k-03-07,of
342,g06-031k-03-08,the
342,g06-031k-04-00,People
342,g06-031k-04-01,will
342,g06-031k-04-02,be
342,g06-031k-04-03,so
342,g06-031k-04-04,great
342,g06-031k-04-05,at
342,g06-031k-04-06,the
342,g06-031k-04-07,return
342,g06-031k-04-08,of
342,g06-031k-05-02,that
342,g06-031k-05-03,the
342,g06-031k-05-04,Commons
342,g06-031k-05-05,House
342,g06-031k-05-06,upon
342,g06-031k-06-03,which
342,g06-031k-06-04,must
342,g06-031k-06-05,be
342,g06-031k-06-06,had
342,g06-031k-06-08,will
342,g06-031k-06-09,be
342,g06-031k-07-00,mass
342,g06-031k-07-01,of
342,g06-031k-07-05,then
342,g06-031k-07-06,God
342,g06-031k-07-07,knows
342,g06-031k-07-08,what
342,g06-031k-08-00,may
342,g06-031k-08-01,happen
0,a01-063u-00-00,But
0,a01-063u-00-01,he
0,a01-063u-00-02,said
0,a01-063u-00-05,on
0,a01-063u-00-07,higher
0,a01-063u-01-00,level
0,a01-063u-01-01,than
0,a01-063u-01-02,in
0,a01-063u-01-03,the
0,a01-063u-01-04,past
0,a01-063u-01-06,might
0,a01-063u-01-07,be
0,a01-063u-01-08,useful
0,a01-063u-02-00,The
0,a01-063u-02-02,will
0,a01-063u-02-04,discuss
0,a01-063u-02-05,the
0,a01-063u-03-00,problem
0,a01-063u-03-01,with
0,a01-063u-03-05,the
0,a01-063u-03-06,West
0,a01-063u-03-07,German
0,a01-063u-04-00,Foreign
0,a01-063u-04-03,who
0,a01-063u-04-04,is
0,a01-063u-04-05,due
0,a01-063u-04-06,in
0,a01-063u-05-00,next
0,a01-063u-05-01,week
0,a01-063u-05-04,big
0,a01-063u-05-05,slice
0,a01-063u-05-06,of
0,a01-063u-05-09,aid
0,a01-063u-06-00,is
0,a01-063u-06-01,the
0,a01-063u-06-02,early
0,a01-063u-06-03,payment
0,a01-063u-06-04,of
0,a01-063u-07-00,debt
0,a01-063u-07-01,to
0,a01-063u-07-02,America
0,a01-063u-07-04,United
0,a01-063u-07-05,States
0,a01-063u-08-00,quickly
0,a01-063u-08-01,point
0,a01-063u-08-02,out
0,a01-063u-08-03,that
0,a01-063u-08-04,this
0,a01-063u-08-05,is
0,a01-063u-08-06,money
0,a01-063u-08-07,due
0,a01-063u-09-00,to
0,a01-063u-09-01,America
0,a01-063u-09-02,anyway
46,a03-023-00-00,This
46,a03-023-00-02,on
46,a03-023-00-03,the
46,a03-023-00-05,of
46,a03-023-00-06,the
46,a03-023-00-07,former
46,a03-023-01-02,that
46,a03-023-01-03,all
46,a03-023-01-04,is
46,a03-023-01-05,not
46,a03-023-01-06,well
46,a03-023-02-00,with
46,a03-023-02-01,the
46,a03-023-02-03,and
46,a03-023-03-00,of
46,a03-023-03-01,the
46,a03-023-03-04,Most
46,a03-023-03-05,of
46,a03-023-03-06,the
46,a03-023-04-01,of
46,a03-023-04-02,Xieng
46,a03-023-04-03,Khouang
46,a03-023-04-04,and
46,a03-023-04-05,the
46,a03-023-05-01,useful
46,a03-023-05-02,Plain
46,a03-023-05-03,of
46,a03-023-05-04,Jars
46,a03-023-05-06,however
46,a03-023-06-00,appear
46,a03-023-06-01,still
46,a03-023-06-02,to
46,a03-023-06-03,be
46,a03-023-06-04,firmly
46,a03-023-06-05,in
46,a03-023-06-06,their
46,a03-023-06-07,hands
46,a03-023-07-00,The
46,a03-023-07-02,has
46,a03-023-07-03,claimed
46,a03-023-07-04,the
46,a03-023-08-01,of
46,a03-023-08-02,Vang
46,a03-023-08-03,Vieng
46,a03-023-08-05,the
46,a03-023-09-01,former
46,a03-023-09-02,base
46,a03-023-09-04,miles
46,a03-023-10-00,north
46,a03-023-10-01,of
46,a03-023-10-04,but
46,a03-023-10-05,this
46,a03-023-10-06,claim
47,a03-027-00-02,who
47,a03-027-00-05,to
47,a03-027-00-06,within
47,a03-027-01-01,few
47,a03-027-01-02,miles
47,a03-027-01-03,of
47,a03-027-01-04,Vang
47,a03-027-01-05,Vieng
47,a03-027-01-06,was
47,a03-027-01-07,told
47,a03-027-01-08,by
47,a03-027-01-10,that
47,a03-027-02-00,this
47,a03-027-02-01,village
47,a03-027-02-02,was
47,a03-027-02-03,still
47,a03-027-02-04,held
47,a03-027-02-05,by
47,a03-027-02-06,the
47,a03-027-03-00,With
47,a03-027-03-01,the
47,a03-027-03-02,Prime
47,a03-027-03-04,sunning
47,a03-027-03-05,himself
47,a03-027-03-06,in
47,a03-027-03-07,Jamaica
47,a03-027-04-00,and
47,a03-027-04-02,his
47,a03-027-04-03,Cabinet
47,a03-027-04-04,out
47,a03-027-04-05,in
47,a03-027-04-06,the
47,a03-027-04-07,grass
47,a03-027-04-08,roots
47,a03-027-04-09,making
47,a03-027-05-02,in
47,a03-027-05-05,in
47,a03-027-05-07,days
47,a03-027-05-09,the
47,a03-027-05-10,Liberal
47,a03-027-06-00,Party
47,a03-027-06-01,are
47,a03-027-06-02,holding
47,a03-027-06-06,here
47,a03-027-06-07,with
47,a03-027-07-00,some
47,a03-027-07-04,the
47,a03-027-07-05,biggest
47,a03-027-07-07,since
47,a03-027-08-00,when
47,a03-027-08-02,Lester
47,a03-027-08-03,Pearson
47,a03-027-08-04,was
47,a03-027-08-05,chosen
47,a03-027-08-06,as
47,a03-027-08-07,party
47,a03-027-09-00,leader
245,e07-007-00-00,The
245,e07-007-00-02,control
245,e07-007-00-03,of
245,e07-007-00-04,pests
245,e07-007-00-05,in
245,e07-007-00-06,the
245,e07-007-00-07,garden
245,e07-007-01-00,is
245,e07-007-01-01,not
245,e07-007-01-02,new
245,e07-007-01-03,to
245,e07-007-01-04,the
245,e07-007-02-00,birds
245,e07-007-02-01,figure
245,e07-007-02-02,in
245,e07-007-02-03,press
245,e07-007-02-06,their
245,e07-007-03-00,sale
245,e07-007-03-01,being
245,e07-007-03-02,by
245,e07-007-03-03,the
245,e07-007-03-04,gallon
245,e07-007-03-06,Praying
245,e07-007-03-07,mantis
245,e07-007-03-09,Mantis
245,e07-007-04-03,both
245,e07-007-04-04,native
245,e07-007-04-05,and
245,e07-007-05-00,are
245,e07-007-05-01,used
245,e07-007-05-02,by
245,e07-007-05-04,in
245,e07-007-05-05,all
245,e07-007-05-06,parts
245,e07-007-05-07,of
245,e07-007-05-08,the
245,e07-007-05-09,United
245,e07-007-06-00,States
245,e07-007-06-03,offer
245,e07-007-06-04,eggs
245,e07-007-06-05,of
245,e07-007-07-00,Chinese
245,e07-007-07-01,or
245,e07-007-07-02,native
245,e07-007-07-03,forms
245,e07-007-07-04,of
245,e07-007-07-05,mantis
26,a02-093-00-00,JOHN
26,a02-093-00-01,DICKIE
26,a02-093-00-02,writes
26,a02-093-00-06,gave
26,a02-093-00-07,top
26,a02-093-01-01,to
26,a02-093-01-02,the
26,a02-093-01-03,clash
26,a02-093-01-04,over
26,a02-093-01-07,on
26,a02-093-01-08,his
26,a02-093-02-00,return
26,a02-093-02-01,from
26,a02-093-02-05,He
26,a02-093-03-00,Iain
26,a02-093-03-01,Macleod
26,a02-093-03-06,and
26,a02-093-03-08,Duncan
26,a02-093-03-09,Sandys
26,a02-093-04-03,for
26,a02-093-04-04,an
26,a02-093-04-06,talks
26,a02-093-05-00,at
26,a02-093-05-02,House
26,a02-093-05-06,is
26,a02-093-05-08,today
26,a02-093-06-00,to
26,a02-093-06-01,hold
26,a02-093-06-02,the
26,a02-093-06-03,door
26,a02-093-06-04,open
26,a02-093-06-05,for
26,a02-093-06-07,to
26,a02-093-06-08,the
26,a02-093-07-00,new
26,a02-093-07-03,law
26,a02-093-07-04,and
26,a02-093-07-05,order
26,a02-093-07-06,is
26,a02-093-08-00,in
62,a04-066-00-00,Mr
62,a04-066-00-02,added
62,a04-066-00-03,that
62,a04-066-00-05,with
62,a04-066-00-06,the
62,a04-066-01-01,was
62,a04-066-01-02,not
62,a04-066-01-05,though
62,a04-066-02-00,he
62,a04-066-02-02,their
62,a04-066-02-03,views
62,a04-066-02-05,He
62,a04-066-02-06,saw
62,a04-066-02-07,by
62,a04-066-02-08,reports
62,a04-066-03-00,that
62,a04-066-03-02,those
62,a04-066-03-03,who
62,a04-066-03-05,these
62,a04-066-03-06,things
62,a04-066-03-08,were
62,a04-066-04-01,the
62,a04-066-04-03,of
62,a04-066-04-05,nuclear
62,a04-066-05-01,to
62,a04-066-05-02,shift
62,a04-066-05-03,the
62,a04-066-05-05,of
62,a04-066-06-00,their
62,a04-066-06-02,away
62,a04-066-06-03,from
62,a04-066-07-00,to
62,a04-066-07-01,the
62,a04-066-07-04,on
62,a04-066-07-05,to
62,a04-066-08-00,to
62,a04-066-08-01,the
62,a04-066-08-02,Polaris
62,a04-066-08-03,base
149,c02-089-00-00,With
149,c02-089-00-02,large
149,c02-089-00-03,blond
149,c02-089-00-04,youth
149,c02-089-00-05,of
149,c02-089-00-06,quite
149,c02-089-01-02,called
149,c02-089-01-03,Troy
149,c02-089-02-00,Donahue
149,c02-089-02-02,and
149,c02-089-02-04,Colbert
149,c02-089-02-06,still
149,c02-089-03-01,amid
149,c02-089-03-02,the
149,c02-089-03-05,and
149,c02-089-03-06,Karl
149,c02-089-04-00,Malden
149,c02-089-04-01,not
149,c02-089-04-02,knowing
149,c02-089-04-03,how
149,c02-089-04-04,to
149,c02-089-04-05,take
149,c02-089-04-06,it
149,c02-089-05-00,all
149,c02-089-05-01,rolling
149,c02-089-05-03,like
149,c02-089-05-05,villain
149,c02-089-06-00,from
149,c02-089-06-01,East
149,c02-089-06-02,Lynne
339,g06-042h-00-00,Nor
339,g06-042h-00-01,is
339,g06-042h-00-02,this
339,g06-042h-00-03,to
339,g06-042h-00-04,be
339,g06-042h-00-06,at
339,g06-042h-00-08,for
339,g06-042h-00-09,even
339,g06-042h-00-10,today
339,g06-042h-00-12,in
339,g06-042h-01-00,the
339,g06-042h-01-03,no
339,g06-042h-01-04,cure
339,g06-042h-01-05,has
339,g06-042h-01-06,been
339,g06-042h-01-07,found
339,g06-042h-01-08,for
339,g06-042h-01-09,the
339,g06-042h-02-03,As
339,g06-042h-02-04,early
339,g06-042h-02-05,as
339,g06-042h-02-08,when
339,g06-042h-03-02,himself
339,g06-042h-03-03,to
339,g06-042h-03-04,be
339,g06-042h-03-05,on
339,g06-042h-03-06,the
339,g06-042h-04-00,point
339,g06-042h-04-01,of
339,g06-042h-04-02,death
339,g06-042h-04-04,the
339,g06-042h-04-05,new
339,g06-042h-04-06,German
339,g06-042h-05-00,method
339,g06-042h-05-01,known
339,g06-042h-05-02,as
339,g06-042h-05-04,had
339,g06-042h-05-05,been
339,g06-042h-06-00,brought
339,g06-042h-06-01,to
339,g06-042h-06-02,his
339,g06-042h-06-03,notice
647,r02-078-00-00,He
647,r02-078-00-01,climbed
647,r02-078-00-02,the
647,r02-078-00-03,stairs
647,r02-078-00-05,eager
647,r02-078-00-06,to
647,r02-078-00-07,unload
647,r02-078-00-08,the
647,r02-078-01-01,upon
647,r02-078-01-02,the
647,r02-078-01-04,and
647,r02-078-01-05,then
647,r02-078-02-00,to
647,r02-078-02-01,emerge
647,r02-078-02-03,his
647,r02-078-02-04,shame
647,r02-078-02-05,unseen
647,r02-078-02-07,but
647,r02-078-02-08,burning
647,r02-078-03-00,into
647,r02-078-03-01,the
647,r02-078-03-02,night
647,r02-078-03-04,He
647,r02-078-03-05,reached
647,r02-078-03-06,the
647,r02-078-03-07,barrier
647,r02-078-03-08,and
647,r02-078-04-00,fumbled
647,r02-078-04-01,for
647,r02-078-04-02,his
647,r02-078-04-04,before
647,r02-078-04-06,the
647,r02-078-05-01,at
647,r02-078-05-02,the
647,r02-078-05-04,with
647,r02-078-05-05,the
647,r02-078-05-06,firm
647,r02-078-06-01,of
647,r02-078-06-02,playing
647,r02-078-06-03,the
647,r02-078-06-04,dutiful
647,r02-078-06-05,citizen
647,r02-078-07-01,lost
16,a01-091-00-00,The
16,a01-091-00-01,result
16,a01-091-00-02,of
16,a01-091-00-03,the
16,a01-091-00-04,vote
16,a01-091-00-05,was
16,a01-091-00-06,not
16,a01-091-00-07,in
16,a01-091-01-00,doubt
16,a01-091-01-02,For
16,a01-091-01-03,the
16,a01-091-01-04,Tories
16,a01-091-01-05,were
16,a01-091-01-06,massed
16,a01-091-02-00,in
16,a01-091-02-01,answer
16,a01-091-02-02,to
16,a01-091-02-03,their
16,a01-091-02-04,whips
16,a01-091-02-05,to
16,a01-091-02-06,defeat
16,a01-091-03-00,censure
16,a01-091-03-01,motion
16,a01-091-03-02,on
16,a01-091-03-03,the
16,a01-091-03-05,for
16,a01-091-04-02,the
16,a01-091-04-03,Health
16,a01-091-04-04,Service
16,a01-091-04-06,and
16,a01-091-05-00,placing
16,a01-091-05-01,heavy
16,a01-091-05-02,burdens
16,a01-091-05-03,on
16,a01-091-05-04,those
16,a01-091-05-05,least
16,a01-091-06-00,able
16,a01-091-06-01,to
16,a01-091-06-02,bear
16,a01-091-06-03,them
16,a01-091-06-06,Brown
16,a01-091-07-01,that
16,a01-091-07-02,the
16,a01-091-07-03,policy
16,a01-091-07-04,under
16,a01-091-07-05,censure
16,a01-091-08-00,was
16,a01-091-08-03,It
16,a01-091-08-04,had
16,a01-091-08-06,many
16,a01-091-09-00,people
16,a01-091-09-01,far
16,a01-091-09-02,beyond
16,a01-091-09-03,the
16,a01-091-09-04,ranks
16,a01-091-09-05,of
16,a01-091-09-06,Labour
215,e01-102-00-01,that
215,e01-102-00-02,texture
215,e01-102-00-03,plays
215,e01-102-00-04,an
215,e01-102-00-06,part
215,e01-102-00-07,in
215,e01-102-01-00,the
215,e01-102-01-01,beauty
215,e01-102-01-02,of
215,e01-102-01-03,crochet
215,e01-102-01-05,The
215,e01-102-01-06,finer
215,e01-102-01-08,threads
215,e01-102-02-00,are
215,e01-102-02-01,more
215,e01-102-02-03,for
215,e01-102-02-04,the
215,e01-102-02-06,designs
215,e01-102-02-07,used
215,e01-102-02-08,for
215,e01-102-03-02,doilies
215,e01-102-03-04,edgings
215,e01-102-03-05,and
215,e01-102-03-08,while
215,e01-102-04-00,the
215,e01-102-04-01,heavier
215,e01-102-04-02,threads
215,e01-102-04-03,are
215,e01-102-04-04,used
215,e01-102-04-05,for
215,e01-102-05-03,mats
215,e01-102-05-06,Crochet
215,e01-102-05-07,hooks
215,e01-102-06-00,are
215,e01-102-06-01,made
215,e01-102-06-02,of
215,e01-102-06-03,steel
215,e01-102-06-06,or
215,e01-102-06-07,bone
215,e01-102-06-09,Steel
215,e01-102-07-00,crochet
215,e01-102-07-01,hooks
215,e01-102-07-02,range
215,e01-102-07-03,in
215,e01-102-07-04,size
215,e01-102-07-05,from
215,e01-102-07-06,number
215,e01-102-08-00,the
215,e01-102-08-01,largest
215,e01-102-08-03,to
215,e01-102-08-04,number
215,e01-102-08-07,the
654,r02-137-00-01,What
654,r02-137-00-02,have
654,r02-137-00-03,we
654,r02-137-00-04,here
654,r02-137-00-07,new
654,r02-137-00-10,So
654,r02-137-00-11,THAT
654,r02-137-01-00,what
654,r02-137-01-01,it
654,r02-137-01-03,all
654,r02-137-01-04,about
654,r02-137-01-07,Cecil
654,r02-137-01-08,halted
654,r02-137-01-09,in
654,r02-137-02-01,near
654,r02-137-02-02,the
654,r02-137-02-03,top
654,r02-137-02-04,of
654,r02-137-02-05,the
654,r02-137-02-06,stairs
654,r02-137-02-07,and
654,r02-137-03-01,his
654,r02-137-03-02,fists
654,r02-137-03-05,So
654,r02-137-03-06,that
654,r02-137-03-08,what
654,r02-137-04-00,What
654,r02-137-04-02,all
654,r02-137-04-03,about
654,r02-137-04-06,he
654,r02-137-04-07,hissed
654,r02-137-04-08,without
654,r02-137-05-00,turning
654,r02-137-05-01,round
654,r02-137-05-03,She
654,r02-137-05-04,pointed
654,r02-137-05-05,to
654,r02-137-05-06,the
654,r02-137-06-03,So
654,r02-137-06-04,that
654,r02-137-06-06,why
654,r02-137-06-07,you
654,r02-137-06-08,are
654,r02-137-06-09,so
654,r02-137-07-02,You
654,r02-137-07-03,thought
654,r02-137-07-04,that
654,r02-137-07-07,think
654,r02-137-08-00,you
654,r02-137-08-02,been
338,g06-042g-00-00,Nor
338,g06-042g-00-01,is
338,g06-042g-00-02,this
338,g06-042g-00-03,to
338,g06-042g-00-04,be
338,g06-042g-00-06,at
338,g06-042g-00-08,for
338,g06-042g-00-09,even
338,g06-042g-00-10,today
338,g06-042g-00-12,in
338,g06-042g-00-13,the
338,g06-042g-01-00,no
338,g06-042g-01-01,cure
338,g06-042g-01-02,has
338,g06-042g-01-03,been
338,g06-042g-01-04,found
338,g06-042g-01-05,for
338,g06-042g-01-06,the
338,g06-042g-01-10,As
338,g06-042g-02-00,early
338,g06-042g-02-01,as
338,g06-042g-02-04,when
338,g06-042g-02-07,himself
338,g06-042g-02-08,to
338,g06-042g-02-09,be
338,g06-042g-02-10,on
338,g06-042g-02-11,the
338,g06-042g-03-00,point
338,g06-042g-03-01,of
338,g06-042g-03-02,death
338,g06-042g-03-04,the
338,g06-042g-03-05,new
338,g06-042g-03-06,German
338,g06-042g-03-08,method
338,g06-042g-03-09,known
338,g06-042g-03-10,as
338,g06-042g-04-01,had
338,g06-042g-04-02,been
338,g06-042g-04-03,brought
338,g06-042g-04-04,to
338,g06-042g-04-05,his
338,g06-042g-04-06,notice
33,a02-072-00-01,He
33,a02-072-00-02,is
33,a02-072-00-03,not
33,a02-072-00-04,going
33,a02-072-00-05,to
33,a02-072-00-06,agree
33,a02-072-00-07,to
33,a02-072-00-08,be
33,a02-072-00-09,bound
33,a02-072-00-10,over
33,a02-072-00-12,That
33,a02-072-00-13,will
33,a02-072-01-01,mean
33,a02-072-01-02,jail
33,a02-072-01-03,and
33,a02-072-01-05,though
33,a02-072-01-06,frail
33,a02-072-01-08,he
33,a02-072-01-09,is
33,a02-072-01-10,very
33,a02-072-01-11,fit
33,a02-072-01-12,and
33,a02-072-02-00,will
33,a02-072-02-01,take
33,a02-072-02-02,the
33,a02-072-02-03,rigours
33,a02-072-02-04,of
33,a02-072-02-05,prison
33,a02-072-02-06,in
33,a02-072-02-07,his
33,a02-072-02-08,stride
33,a02-072-02-10,He
33,a02-072-03-00,hopes
33,a02-072-03-01,to
33,a02-072-03-02,be
33,a02-072-03-03,allowed
33,a02-072-03-04,to
33,a02-072-03-05,do
33,a02-072-03-06,some
33,a02-072-03-07,writing
33,a02-072-03-10,Back
33,a02-072-03-11,at
33,a02-072-04-00,the
33,a02-072-04-01,Press
33,a02-072-04-05,Clark
33,a02-072-04-06,said
33,a02-072-04-07,two
33,a02-072-05-00,members
33,a02-072-05-01,tried
33,a02-072-05-04,plant
33,a02-072-05-06,call
33,a02-072-05-07,on
33,a02-072-05-08,suspect
33,a02-072-05-09,phone
33,a02-072-05-11,They
33,a02-072-06-03,at
33,a02-072-06-04,Watford
33,a02-072-06-05,at
33,a02-072-06-09,none
33,a02-072-07-00,was
33,a02-072-07-01,planned
33,a02-072-07-02,but
33,a02-072-07-03,police
33,a02-072-07-04,turned
33,a02-072-07-05,up
152,c03-003c-00-00,This
152,c03-003c-00-01,is
152,c03-003c-00-02,not
152,c03-003c-00-04,filmed
152,c03-003c-00-05,play
152,c03-003c-00-07,It
152,c03-003c-00-08,has
152,c03-003c-00-09,been
152,c03-003c-01-00,ceived
152,c03-003c-01-02,in
152,c03-003c-01-03,terms
152,c03-003c-01-04,of
152,c03-003c-01-05,the
152,c03-003c-01-06,cinema
152,c03-003c-01-08,and
152,c03-003c-02-00,again
152,c03-003c-02-01,and
152,c03-003c-02-02,again
152,c03-003c-02-03,it
152,c03-003c-02-04,is
152,c03-003c-02-05,the
152,c03-003c-02-06,visual
152,c03-003c-02-08,of
152,c03-003c-03-00,the
152,c03-003c-03-01,story
152,c03-003c-03-03,and
152,c03-003c-03-04,the
152,c03-003c-03-06,of
152,c03-003c-03-07,the
152,c03-003c-03-08,central
152,c03-003c-04-01,to
152,c03-003c-04-02,their
152,c03-003c-04-05,which
152,c03-003c-04-06,bring
152,c03-003c-04-07,the
152,c03-003c-05-00,film
152,c03-003c-05-01,so
152,c03-003c-05-02,vividly
152,c03-003c-05-03,to
152,c03-003c-05-04,life
152,c03-003c-05-06,In
152,c03-003c-05-07,Fanny
152,c03-003c-05-09,which
152,c03-003c-05-10,also
152,c03-003c-06-00,has
152,c03-003c-06-01,its
152,c03-003c-06-05,the
152,c03-003c-07-00,Joshua
152,c03-003c-07-01,Logan
152,c03-003c-07-04,but
152,c03-003c-07-05,failed
152,c03-003c-07-06,to
152,c03-003c-08-00,create
152,c03-003c-08-01,the
152,c03-003c-08-03,of
152,c03-003c-08-05,city
150,c03-000a-00-00,The
150,c03-000a-00-01,film
150,c03-000a-00-02,version
150,c03-000a-00-03,of
150,c03-000a-00-04,Miss
150,c03-000a-00-05,Shelagh
150,c03-000a-01-00,play
150,c03-000a-01-02,Taste
150,c03-000a-01-03,of
150,c03-000a-01-04,Honey
150,c03-000a-01-05,opens
150,c03-000a-01-06,at
150,c03-000a-01-07,the
150,c03-000a-02-00,Square
150,c03-000a-02-01,Theatre
150,c03-000a-02-04,It
150,c03-000a-02-05,has
150,c03-000a-02-06,been
150,c03-000a-03-00,an
150,c03-000a-03-02,by
150,c03-000a-03-04,Tony
150,c03-000a-03-07,who
150,c03-000a-03-08,is
150,c03-000a-03-09,also
150,c03-000a-04-01,with
150,c03-000a-04-02,Miss
150,c03-000a-04-03,Delaney
150,c03-000a-04-04,of
150,c03-000a-04-05,the
150,c03-000a-04-06,script
150,c03-000a-05-00,and
150,c03-000a-05-01,the
150,c03-000a-05-02,great
150,c03-000a-05-04,to
150,c03-000a-05-05,be
150,c03-000a-05-06,derived
150,c03-000a-05-07,from
150,c03-000a-06-00,this
150,c03-000a-06-01,unity
150,c03-000a-06-02,of
150,c03-000a-06-04,and
150,c03-000a-06-05,control
150,c03-000a-06-06,are
139,c02-017-00-01,Bruce
139,c02-017-00-04,novel
139,c02-017-00-05,with
139,c02-017-01-03,the
139,c02-017-01-04,film
139,c02-017-01-05,tells
139,c02-017-01-06,the
139,c02-017-01-07,story
139,c02-017-02-00,of
139,c02-017-02-02,little
139,c02-017-02-03,monk
139,c02-017-02-04,who
139,c02-017-02-05,prays
139,c02-017-02-06,that
139,c02-017-03-00,table
139,c02-017-03-01,night
139,c02-017-03-02,club
139,c02-017-03-03,near
139,c02-017-03-04,his
139,c02-017-03-05,church
139,c02-017-03-06,be
139,c02-017-04-00,moved
139,c02-017-04-02,One
139,c02-017-04-03,night
139,c02-017-04-04,his
139,c02-017-04-05,prayer
139,c02-017-04-06,is
139,c02-017-05-00,and
139,c02-017-05-01,the
139,c02-017-05-04,is
139,c02-017-06-01,to
139,c02-017-06-02,an
139,c02-017-06-03,island
139,c02-017-06-04,in
139,c02-017-06-05,the
139,c02-017-06-06,North
139,c02-017-06-07,Sea
139,c02-017-07-00,But
139,c02-017-07-01,Father
139,c02-017-07-04,have
139,c02-017-07-05,only
139,c02-017-08-00,begun
139,c02-017-08-02,Instead
139,c02-017-08-03,of
139,c02-017-08-04,having
139,c02-017-08-05,the
139,c02-017-08-06,desired
139,c02-017-08-07,effect
139,c02-017-09-00,the
139,c02-017-09-01,miracle
139,c02-017-09-02,becomes
139,c02-017-09-04,by
139,c02-017-09-06,group
28,a02-050-00-00,If
28,a02-050-00-01,the
28,a02-050-00-06,was
28,a02-050-00-07,not
28,a02-050-00-09,to
28,a02-050-00-10,bring
28,a02-050-01-00,the
28,a02-050-01-02,back
28,a02-050-01-03,from
28,a02-050-01-04,his
28,a02-050-01-05,travels
28,a02-050-01-06,it
28,a02-050-01-07,might
28,a02-050-01-08,have
28,a02-050-01-09,been
28,a02-050-02-00,thought
28,a02-050-02-01,that
28,a02-050-02-02,the
28,a02-050-02-03,muster
28,a02-050-02-04,from
28,a02-050-02-05,the
28,a02-050-02-07,States
28,a02-050-02-08,of
28,a02-050-02-09,the
28,a02-050-03-01,was
28,a02-050-03-02,an
28,a02-050-03-04,worthy
28,a02-050-03-05,of
28,a02-050-03-06,his
28,a02-050-04-00,After
28,a02-050-04-01,all
28,a02-050-04-02,it
28,a02-050-04-03,was
28,a02-050-04-05,Nkrumah
28,a02-050-04-06,who
28,a02-050-04-08,that
28,a02-050-04-09,this
28,a02-050-05-00,year
28,a02-050-05-01,the
28,a02-050-05-04,Council
28,a02-050-05-05,should
28,a02-050-05-06,meet
28,a02-050-06-00,in
28,a02-050-06-01,Accra
28,a02-050-07-01,enough
273,g04-007-00-00,The
273,g04-007-00-01,Hall
273,g04-007-00-02,proved
273,g04-007-00-03,most
273,g04-007-00-04,useful
273,g04-007-00-07,in
273,g04-007-00-08,winter
273,g04-007-01-00,when
273,g04-007-01-01,the
273,g04-007-01-03,to
273,g04-007-01-04,the
273,g04-007-01-05,church
273,g04-007-01-07,many
273,g04-007-01-08,from
273,g04-007-02-00,coming
273,g04-007-02-01,to
273,g04-007-02-02,Sunday
273,g04-007-02-05,We
273,g04-007-02-06,managed
273,g04-007-02-07,to
273,g04-007-02-08,furnish
273,g04-007-03-01,table
273,g04-007-03-02,with
273,g04-007-03-03,cross
273,g04-007-03-04,and
273,g04-007-03-05,candles
273,g04-007-03-07,and
273,g04-007-03-08,the
273,g04-007-03-09,people
273,g04-007-04-01,the
273,g04-007-04-02,Church
273,g04-007-04-03,Hall
273,g04-007-04-04,for
273,g04-007-04-05,worship
273,g04-007-04-06,as
273,g04-007-04-07,well
273,g04-007-05-00,as
273,g04-007-05-01,for
273,g04-007-05-02,more
273,g04-007-05-03,secular
273,g04-007-05-06,In
273,g04-007-05-09,Talbot
273,g04-007-06-00,was
273,g04-007-06-02,to
273,g04-007-06-05,and
273,g04-007-06-07,Hubert
273,g04-007-07-00,Burge
273,g04-007-07-01,became
273,g04-007-07-02,Bishop
273,g04-007-07-03,of
110,b04-096-00-00,Under
110,b04-096-00-01,the
110,b04-096-00-02,Labour
110,b04-096-00-05,per
110,b04-096-00-06,cent
110,b04-096-00-07,of
110,b04-096-00-08,the
110,b04-096-01-01,income
110,b04-096-01-02,was
110,b04-096-01-03,spent
110,b04-096-01-04,on
110,b04-096-01-05,social
110,b04-096-01-08,The
110,b04-096-02-00,present
110,b04-096-02-01,figure
110,b04-096-02-02,is
110,b04-096-02-04,per
110,b04-096-02-06,There
110,b04-096-02-07,are
110,b04-096-02-08,many
110,b04-096-03-01,targets
110,b04-096-03-02,for
110,b04-096-03-03,the
110,b04-096-03-06,What
110,b04-096-03-08,pity
110,b04-096-04-00,to
110,b04-096-04-01,aim
110,b04-096-04-02,at
110,b04-096-04-03,the
110,b04-096-04-04,wrong
110,b04-096-04-05,one
110,b04-096-04-08,MARCIA
110,b04-096-04-09,POWER
110,b04-096-05-00,whose
110,b04-096-05-01,husband
110,b04-096-05-02,made
110,b04-096-05-03,her
110,b04-096-05-04,clean
110,b04-096-05-05,his
110,b04-096-05-06,uniform
110,b04-096-05-08,wins
110,b04-096-06-01,divorce
110,b04-096-06-03,The
110,b04-096-06-04,judge
110,b04-096-06-05,says
110,b04-096-06-06,she
110,b04-096-06-07,had
110,b04-096-06-08,to
110,b04-096-06-09,act
110,b04-096-06-10,almost
110,b04-096-07-00,as
110,b04-096-07-02,serf
670,r06-062-00-00,There
670,r06-062-00-01,is
670,r06-062-00-03,curd
670,r06-062-00-04,of
670,r06-062-00-05,morning
670,r06-062-00-06,smoke
670,r06-062-00-07,and
670,r06-062-01-01,muffled
670,r06-062-01-02,bell
670,r06-062-01-03,taps
670,r06-062-01-04,the
670,r06-062-01-05,sky
670,r06-062-01-07,Here
670,r06-062-01-08,we
670,r06-062-02-00,stopped
670,r06-062-02-02,as
670,r06-062-02-03,in
670,r06-062-02-04,fine
670,r06-062-02-05,weather
670,r06-062-02-06,we
670,r06-062-02-07,always
670,r06-062-03-00,stopped
670,r06-062-03-02,Down
670,r06-062-03-03,below
670,r06-062-03-04,is
670,r06-062-03-05,the
670,r06-062-03-06,village
670,r06-062-03-07,of
670,r06-062-04-00,Cagnes
670,r06-062-04-02,but
670,r06-062-04-03,between
670,r06-062-04-04,are
670,r06-062-04-05,pockets
670,r06-062-04-06,of
670,r06-062-05-00,heat
670,r06-062-05-01,and
670,r06-062-05-02,cold
670,r06-062-05-03,like
670,r06-062-05-04,the
670,r06-062-05-05,hands
670,r06-062-05-06,of
670,r06-062-06-00,friends
670,r06-062-06-01,or
670,r06-062-06-04,and
670,r06-062-06-06,flurry
670,r06-062-06-07,of
670,r06-062-07-00,early
670,r06-062-07-01,smells
670,r06-062-07-03,the
670,r06-062-07-04,dark
670,r06-062-07-05,bosoms
670,r06-062-07-06,of
670,r06-062-08-00,beech
670,r06-062-08-01,and
670,r06-062-08-02,the
670,r06-062-08-03,thin
670,r06-062-08-04,pine
670,r06-062-08-05,fingers
670,r06-062-09-00,kissed
670,r06-062-09-01,by
670,r06-062-09-02,the
670,r06-062-09-03,sun
337,g06-045f-00-00,In
337,g06-045f-00-01,April
337,g06-045f-00-02,of
337,g06-045f-00-03,that
337,g06-045f-00-04,year
337,g06-045f-00-05,his
337,g06-045f-00-06,first
337,g06-045f-00-10,the
337,g06-045f-01-01,Lord
337,g06-045f-01-04,had
337,g06-045f-01-05,written
337,g06-045f-01-06,to
337,g06-045f-01-07,advise
337,g06-045f-01-09,to
337,g06-045f-01-10,give
337,g06-045f-01-11,the
337,g06-045f-02-00,system
337,g06-045f-02-02,trial
337,g06-045f-02-04,adding
337,g06-045f-02-05,that
337,g06-045f-02-06,it
337,g06-045f-02-07,was
337,g06-045f-02-08,being
337,g06-045f-02-10,with
337,g06-045f-03-00,success
337,g06-045f-03-01,in
337,g06-045f-03-02,France
337,g06-045f-03-03,and
337,g06-045f-03-04,Italy
337,g06-045f-03-06,and
337,g06-045f-03-07,that
337,g06-045f-03-08,he
337,g06-045f-03-09,himself
337,g06-045f-03-10,was
337,g06-045f-03-11,being
337,g06-045f-03-12,treated
337,g06-045f-04-00,under
337,g06-045f-04-02,doctor
337,g06-045f-04-03,who
337,g06-045f-04-04,had
337,g06-045f-04-05,studied
337,g06-045f-04-06,under
337,g06-045f-04-07,its
337,g06-045f-04-08,founder
337,g06-045f-04-10,the
337,g06-045f-04-11,aged
337,g06-045f-05-00,Samuel
118,b05-058-00-00,They
118,b05-058-00-02,be
118,b05-058-00-04,the
118,b05-058-00-05,man
118,b05-058-00-06,who
118,b05-058-00-07,plays
118,b05-058-00-11,next
118,b05-058-01-03,to
118,b05-058-01-04,reveal
118,b05-058-01-05,the
118,b05-058-01-08,of
118,b05-058-01-09,the
118,b05-058-02-00,German
118,b05-058-02-01,mind
118,b05-058-02-03,Not
118,b05-058-02-04,content
118,b05-058-02-05,with
118,b05-058-02-06,arguing
118,b05-058-02-07,that
118,b05-058-02-08,he
118,b05-058-02-09,was
118,b05-058-02-10,only
118,b05-058-02-11,an
118,b05-058-03-01,cog
118,b05-058-03-02,in
118,b05-058-03-03,the
118,b05-058-03-04,machine
118,b05-058-03-06,he
118,b05-058-03-07,now
118,b05-058-03-08,claims
118,b05-058-03-09,that
118,b05-058-03-10,part
118,b05-058-03-11,of
118,b05-058-03-12,the
118,b05-058-04-00,endless
118,b05-058-04-02,that
118,b05-058-04-03,led
118,b05-058-04-04,to
118,b05-058-04-05,the
118,b05-058-04-06,death
118,b05-058-04-07,of
118,b05-058-04-08,six
118,b05-058-04-09,million
118,b05-058-04-10,Jews
118,b05-058-04-11,was
118,b05-058-05-01,decent
118,b05-058-05-04,and
247,e07-086-00-00,It
247,e07-086-00-01,is
247,e07-086-00-02,not
247,e07-086-00-03,easy
247,e07-086-00-04,to
247,e07-086-00-05,make
247,e07-086-00-06,an
247,e07-086-01-01,between
247,e07-086-01-02,clay
247,e07-086-01-03,pots
247,e07-086-01-04,and
247,e07-086-01-05,the
247,e07-086-01-06,various
247,e07-086-02-02,the
247,e07-086-02-03,former
247,e07-086-02-04,may
247,e07-086-02-05,last
247,e07-086-03-00,with
247,e07-086-03-01,luck
247,e07-086-03-03,while
247,e07-086-03-04,the
247,e07-086-03-05,latter
247,e07-086-03-06,are
247,e07-086-03-07,often
247,e07-086-04-01,used
247,e07-086-04-02,only
247,e07-086-04-03,once
247,e07-086-04-05,Clay
247,e07-086-04-06,pots
247,e07-086-04-07,are
247,e07-086-05-01,and
247,e07-086-05-04,in
247,e07-086-05-05,which
247,e07-086-06-00,to
247,e07-086-06-01,grow
247,e07-086-06-02,plants
247,e07-086-06-04,In
247,e07-086-06-05,their
247,e07-086-06-06,proper
247,e07-086-06-07,setting
247,e07-086-06-08,they
247,e07-086-07-00,are
247,e07-086-07-01,not
247,e07-086-07-03,and
247,e07-086-07-05,in
247,e07-086-07-06,spite
247,e07-086-07-07,of
247,e07-086-08-00,their
247,e07-086-08-03,most
247,e07-086-08-05,have
247,e07-086-09-03,for
247,e07-086-09-04,them
128,b06-071-00-01,working
128,b06-071-00-02,people
128,b06-071-00-03,will
128,b06-071-00-04,never
128,b06-071-01-00,rally
128,b06-071-01-01,to
128,b06-071-01-02,defend
128,b06-071-01-04,policy
128,b06-071-01-05,founded
128,b06-071-01-06,on
128,b06-071-02-02,or
128,b06-071-02-03,elect
128,b06-071-02-05,Labour
128,b06-071-03-01,to
128,b06-071-03-02,carry
128,b06-071-03-03,through
128,b06-071-03-04,Tory
128,b06-071-03-05,policy
128,b06-071-04-01,stupid
128,b06-071-04-02,hope
128,b06-071-04-04,The
128,b06-071-04-05,tragedy
128,b06-071-04-06,is
128,b06-071-05-00,that
128,b06-071-05-02,inroads
128,b06-071-05-03,could
128,b06-071-05-04,already
128,b06-071-06-00,have
128,b06-071-06-01,been
128,b06-071-06-02,made
128,b06-071-06-03,into
128,b06-071-06-04,Tory
128,b06-071-06-06,by
128,b06-071-07-02,policy
128,b06-071-07-04,based
128,b06-071-07-05,on
128,b06-071-08-00,THE
128,b06-071-08-01,desire
128,b06-071-08-02,for
128,b06-071-08-03,unity
128,b06-071-08-04,in
128,b06-071-08-05,the
128,b06-071-08-06,Labour
128,b06-071-08-07,and
128,b06-071-09-00,trade
128,b06-071-09-01,union
128,b06-071-09-04,the
635,r06-003-00-00,One
635,r06-003-00-01,called
635,r06-003-00-02,La
635,r06-003-00-04,is
635,r06-003-00-07,and
635,r06-003-00-08,at
635,r06-003-00-09,the
635,r06-003-00-10,time
635,r06-003-01-00,of
635,r06-003-01-01,our
635,r06-003-01-02,arrival
635,r06-003-01-03,it
635,r06-003-01-04,was
635,r06-003-01-06,huge
635,r06-003-01-08,verbal
635,r06-003-02-01,at
635,r06-003-02-02,General
635,r06-003-02-03,de
635,r06-003-02-04,Gaulle
635,r06-003-02-06,One
635,r06-003-02-07,side
635,r06-003-02-08,of
635,r06-003-02-09,this
635,r06-003-02-10,square
635,r06-003-03-00,is
635,r06-003-03-02,smart
635,r06-003-03-03,but
635,r06-003-03-04,modest
635,r06-003-03-05,bar
635,r06-003-03-06,called
635,r06-003-03-08,Bar
635,r06-003-03-10,For
635,r06-003-03-11,one
635,r06-003-04-00,day
635,r06-003-04-02,with
635,r06-003-04-03,the
635,r06-003-04-04,help
635,r06-003-04-05,of
635,r06-003-04-06,the
635,r06-003-04-10,we
635,r06-003-04-11,had
635,r06-003-04-12,been
635,r06-003-05-00,hunting
635,r06-003-05-01,for
635,r06-003-05-03,rooms
635,r06-003-05-05,and
635,r06-003-05-06,had
635,r06-003-05-07,given
635,r06-003-05-08,up
635,r06-003-05-10,when
635,r06-003-05-11,an
635,r06-003-06-00,elderly
635,r06-003-06-01,lady
635,r06-003-06-03,the
635,r06-003-06-04,owner
635,r06-003-06-05,of
635,r06-003-06-08,called
635,r06-003-06-09,the
635,r06-003-06-11,Nest
635,r06-003-07-00,had
635,r06-003-07-01,firmly
635,r06-003-07-02,closed
635,r06-003-07-03,the
635,r06-003-07-04,door
635,r06-003-07-05,in
635,r06-003-07-06,our
635,r06-003-07-07,noses
123,b06-097-00-00,This
123,b06-097-00-01,week
123,b06-097-00-02,of
123,b06-097-00-03,window
123,b06-097-00-05,will
123,b06-097-00-06,not
123,b06-097-00-07,prevent
123,b06-097-01-00,most
123,b06-097-01-01,of
123,b06-097-01-02,the
123,b06-097-01-03,hopeful
123,b06-097-01-05,leaving
123,b06-097-01-06,school
123,b06-097-02-00,in
123,b06-097-02-01,six
123,b06-097-02-02,weeks
123,b06-097-02-03,time
123,b06-097-02-04,from
123,b06-097-02-05,ending
123,b06-097-02-06,up
123,b06-097-02-07,in
123,b06-097-02-08,blind
123,b06-097-02-09,alley
123,b06-097-03-00,jobs
123,b06-097-03-02,It
123,b06-097-03-03,needs
123,b06-097-03-04,more
123,b06-097-03-05,than
123,b06-097-03-07,church
123,b06-097-03-08,parades
123,b06-097-04-00,and
123,b06-097-04-01,open
123,b06-097-04-02,days
123,b06-097-04-03,at
123,b06-097-04-04,techs
123,b06-097-04-06,more
123,b06-097-04-07,than
123,b06-097-04-09,into
123,b06-097-05-01,sewers
123,b06-097-05-02,or
123,b06-097-05-03,balloon
123,b06-097-05-04,ascents
123,b06-097-05-05,over
123,b06-097-06-01,for
123,b06-097-06-05,to
123,b06-097-07-00,catch
123,b06-097-07-01,up
123,b06-097-07-02,with
123,b06-097-07-03,the
123,b06-097-07-04,space
123,b06-097-07-05,age
59,a04-023-00-00,Apart
59,a04-023-00-01,from
59,a04-023-00-02,their
59,a04-023-00-03,formal
59,a04-023-00-05,House
59,a04-023-00-06,talks
59,a04-023-00-09,by
59,a04-023-00-10,lunch
59,a04-023-01-00,given
59,a04-023-01-01,by
59,a04-023-01-02,Lady
59,a04-023-01-03,Dorothy
59,a04-023-01-05,with
59,a04-023-01-07,Kennedy
59,a04-023-01-08,and
59,a04-023-01-09,other
59,a04-023-02-00,guests
59,a04-023-02-01,present
59,a04-023-02-04,Kennedy
59,a04-023-02-05,and
59,a04-023-02-08,met
59,a04-023-02-09,three
59,a04-023-02-10,more
59,a04-023-03-00,times
59,a04-023-03-03,In
59,a04-023-03-04,PARIS
59,a04-023-03-07,Dean
59,a04-023-03-08,Rusk
59,a04-023-03-12,of
59,a04-023-04-00,State
59,a04-023-04-02,gave
59,a04-023-04-06,on
59,a04-023-04-07,the
59,a04-023-04-08,Vienna
59,a04-023-04-09,talks
59,a04-023-04-10,to
59,a04-023-04-11,the
59,a04-023-05-01,Nato
59,a04-023-05-02,council
59,a04-023-05-04,Some
59,a04-023-05-05,of
59,a04-023-05-06,his
59,a04-023-05-08,said
59,a04-023-05-09,he
59,a04-023-05-10,was
59,a04-023-06-01,rather
59,a04-023-06-04,and
59,a04-023-06-05,talked
59,a04-023-06-06,of
59,a04-023-06-08,Berlin
59,a04-023-06-09,crisis
59,a04-023-06-10,later
59,a04-023-06-11,this
59,a04-023-06-12,year
107,b04-000-00-01,BAFFLED
107,b04-000-00-02,and
107,b04-000-00-04,little
107,b04-000-00-05,country
107,b04-000-01-00,stands
107,b04-000-01-01,at
107,b04-000-01-02,the
107,b04-000-01-03,centre
107,b04-000-01-04,of
107,b04-000-01-05,an
107,b04-000-02-00,storm
107,b04-000-02-02,Belgium
107,b04-000-02-03,is
107,b04-000-02-04,accused
107,b04-000-02-06,without
107,b04-000-03-00,scrap
107,b04-000-03-01,of
107,b04-000-03-04,of
107,b04-000-03-05,being
107,b04-000-03-07,in
107,b04-000-04-00,the
107,b04-000-04-01,murder
107,b04-000-04-02,of
107,b04-000-04-03,Patrice
107,b04-000-04-04,Lumumba
107,b04-000-04-06,Her
107,b04-000-05-00,leaders
107,b04-000-05-01,are
107,b04-000-05-04,her
107,b04-000-05-06,are
107,b04-000-06-01,in
107,b04-000-06-03,score
107,b04-000-06-04,of
151,c03-021b-00-00,In
151,c03-021b-00-01,Fanny
151,c03-021b-00-02,the
151,c03-021b-00-04,girl
151,c03-021b-00-05,is
151,c03-021b-00-07,by
151,c03-021b-00-08,an
151,c03-021b-00-09,old
151,c03-021b-01-00,man
151,c03-021b-01-02,Here
151,c03-021b-01-03,it
151,c03-021b-01-04,is
151,c03-021b-01-06,young
151,c03-021b-01-10,from
151,c03-021b-02-00,women
151,c03-021b-02-01,but
151,c03-021b-02-02,yet
151,c03-021b-02-03,moved
151,c03-021b-02-04,by
151,c03-021b-02-06,strong
151,c03-021b-02-09,to
151,c03-021b-03-00,the
151,c03-021b-03-01,unborn
151,c03-021b-03-02,child
151,c03-021b-03-03,as
151,c03-021b-03-04,much
151,c03-021b-03-05,as
151,c03-021b-03-06,to
151,c03-021b-03-07,the
151,c03-021b-03-09,mother
151,c03-021b-04-00,who
151,c03-021b-04-01,acts
151,c03-021b-04-02,as
151,c03-021b-04-05,and
151,c03-021b-04-07,to
151,c03-021b-04-08,her
151,c03-021b-04-09,in
151,c03-021b-04-10,her
151,c03-021b-04-11,hour
151,c03-021b-05-00,of
151,c03-021b-05-01,need
151,c03-021b-05-03,He
151,c03-021b-05-04,shares
151,c03-021b-05-05,her
151,c03-021b-05-06,room
151,c03-021b-05-07,and
151,c03-021b-05-08,gives
151,c03-021b-05-09,her
151,c03-021b-05-10,his
151,c03-021b-05-11,forlorn
151,c03-021b-06-00,gift
151,c03-021b-06-01,of
151,c03-021b-06-03,and
151,c03-021b-06-07,you
151,c03-021b-06-08,need
151,c03-021b-07-00,someone
151,c03-021b-07-01,to
151,c03-021b-07-02,love
151,c03-021b-07-03,you
151,c03-021b-07-04,while
151,c03-021b-07-05,you
151,c03-021b-07-06,are
151,c03-021b-07-07,looking
151,c03-021b-07-08,for
151,c03-021b-08-00,someone
151,c03-021b-08-01,to
151,c03-021b-08-02,love
0,a01-058u-00-01,KENNEDY
0,a01-058u-00-02,is
0,a01-058u-00-03,ready
0,a01-058u-00-04,to
0,a01-058u-00-05,get
0,a01-058u-00-06,tough
0,a01-058u-01-00,over
0,a01-058u-01-01,West
0,a01-058u-01-03,cash
0,a01-058u-01-04,offer
0,a01-058u-01-05,to
0,a01-058u-01-06,help
0,a01-058u-02-01,balance
0,a01-058u-02-02,of
0,a01-058u-02-06,He
0,a01-058u-03-00,said
0,a01-058u-03-01,bluntly
0,a01-058u-03-02,in
0,a01-058u-03-05,that
0,a01-058u-04-00,the
0,a01-058u-04-01,offer
0,a01-058u-04-05,was
0,a01-058u-04-06,not
0,a01-058u-04-07,good
0,a01-058u-04-08,enough
0,a01-058u-05-00,And
0,a01-058u-05-01,he
0,a01-058u-05-03,that
0,a01-058u-05-04,his
0,a01-058u-06-00,would
0,a01-058u-06-01,try
0,a01-058u-06-02,to
0,a01-058u-06-03,get
0,a01-058u-06-04,Germany
0,a01-058u-06-05,to
0,a01-058u-06-06,pay
0,a01-058u-06-07,more
0,a01-058u-06-09,He
0,a01-058u-07-00,did
0,a01-058u-07-01,not
0,a01-058u-07-02,mention
0,a01-058u-07-04,talks
0,a01-058u-07-05,with
0,a01-058u-08-02,the
0,a01-058u-08-03,West
0,a01-058u-08-04,German
275,f04-028-00-00,But
275,f04-028-00-01,in
275,f04-028-00-04,alas
275,f04-028-00-06,there
275,f04-028-00-07,was
275,f04-028-00-08,no
275,f04-028-00-10,bureau
275,f04-028-01-00,no
275,f04-028-01-01,experts
275,f04-028-01-02,to
275,f04-028-01-03,check
275,f04-028-01-04,and
275,f04-028-01-06,any
275,f04-028-01-08,dabs
275,f04-028-01-10,it
275,f04-028-02-00,might
275,f04-028-02-01,have
275,f04-028-02-02,yielded
275,f04-028-02-04,It
275,f04-028-02-05,was
275,f04-028-02-07,tough
275,f04-028-02-08,case
275,f04-028-02-09,to
275,f04-028-03-00,tackle
275,f04-028-03-02,and
275,f04-028-03-06,of
275,f04-028-03-07,the
275,f04-028-04-00,Police
275,f04-028-04-02,and
275,f04-028-04-03,Chief
275,f04-028-04-07,of
275,f04-028-05-00,Yard
275,f04-028-05-03,forces
275,f04-028-05-04,in
275,f04-028-05-05,the
275,f04-028-05-08,While
275,f04-028-06-01,the
275,f04-028-06-03,that
275,f04-028-06-04,Miss
275,f04-028-06-05,Camp
275,f04-028-06-06,had
275,f04-028-06-07,been
275,f04-028-07-01,for
275,f04-028-07-02,the
275,f04-028-07-03,sake
275,f04-028-07-04,of
275,f04-028-07-05,robbery
275,f04-028-07-07,they
275,f04-028-07-08,did
275,f04-028-07-09,not
275,f04-028-08-01,the
275,f04-028-08-03,that
275,f04-028-08-04,this
275,f04-028-08-05,might
275,f04-028-08-06,have
275,f04-028-09-01,another
275,f04-028-09-02,motive
275,f04-028-09-04,and
275,f04-028-09-07,check
275,f04-028-10-00,of
275,f04-028-10-01,her
275,f04-028-10-02,former
275,f04-028-10-03,men
275,f04-028-10-04,friends
275,f04-028-10-05,and
275,f04-028-10-07,began
0,a05-069-00-00,It
0,a05-069-00-01,was
0,a05-069-00-02,the
0,a05-069-00-03,end
0,a05-069-00-04,of
0,a05-069-00-06,rather
0,a05-069-00-07,curious
0,a05-069-01-00,speech
0,a05-069-01-01,in
0,a05-069-01-02,which
0,a05-069-01-05,wound
0,a05-069-01-06,up
0,a05-069-02-00,the
0,a05-069-02-02,debate
0,a05-069-02-03,on
0,a05-069-02-04,foreign
0,a05-069-02-05,affairs
0,a05-069-03-00,He
0,a05-069-03-01,began
0,a05-069-03-02,in
0,a05-069-03-04,low
0,a05-069-03-06,almost
0,a05-069-03-07,chatty
0,a05-069-04-00,tone
0,a05-069-04-02,and
0,a05-069-04-03,his
0,a05-069-04-04,voice
0,a05-069-04-05,never
0,a05-069-04-06,rose
0,a05-069-04-07,to
0,a05-069-04-08,any
0,a05-069-05-00,accent
0,a05-069-05-01,of
0,a05-069-05-02,urgency
0,a05-069-05-04,He
0,a05-069-05-05,passed
0,a05-069-05-06,in
0,a05-069-05-07,rapid
0,a05-069-06-00,review
0,a05-069-06-01,the
0,a05-069-06-02,United
0,a05-069-06-03,Nations
0,a05-069-07-00,nuclear
0,a05-069-07-01,tests
0,a05-069-07-03,the
0,a05-069-07-04,canard
0,a05-069-07-05,about
0,a05-069-07-06,British
0,a05-069-08-01,with
0,a05-069-08-02,the
0,a05-069-08-03,United
0,a05-069-08-04,Nations
0,a05-069-09-00,in
0,a05-069-09-01,the
0,a05-069-09-02,Congo
0,a05-069-09-04,Kuwait
0,a05-069-09-06,and
0,a05-069-10-00,Asia
125,b06-093-00-00,This
125,b06-093-00-01,should
125,b06-093-00-03,the
125,b06-093-00-05,to
125,b06-093-01-00,end
125,b06-093-01-01,the
125,b06-093-01-03,and
125,b06-093-01-04,use
125,b06-093-01-05,of
125,b06-093-02-00,nuclear
125,b06-093-02-01,weapons
125,b06-093-02-02,in
125,b06-093-02-03,Britain
125,b06-093-02-05,Britain
125,b06-093-02-06,then
125,b06-093-03-00,could
125,b06-093-03-01,play
125,b06-093-03-03,leading
125,b06-093-03-04,and
125,b06-093-04-00,role
125,b06-093-04-01,for
125,b06-093-04-02,an
125,b06-093-04-05,to
125,b06-093-04-06,ban
125,b06-093-05-00,all
125,b06-093-05-01,nuclear
125,b06-093-05-03,and
125,b06-093-05-04,weapons
125,b06-093-05-05,of
125,b06-093-05-06,mass
125,b06-093-06-02,and
125,b06-093-06-03,lay
125,b06-093-06-04,the
125,b06-093-06-05,basis
125,b06-093-06-06,for
125,b06-093-06-07,real
125,b06-093-07-00,peace
125,b06-093-07-01,and
125,b06-093-07-04,WHEN
125,b06-093-07-05,all
125,b06-093-07-06,the
125,b06-093-08-01,about
125,b06-093-09-00,Week
125,b06-093-09-02,it
125,b06-093-09-03,is
125,b06-093-09-05,whether
125,b06-093-09-06,more
125,b06-093-10-00,than
125,b06-093-10-02,handful
125,b06-093-10-03,of
125,b06-093-10-04,new
77,a06-070-00-00,As
77,a06-070-00-03,made
77,a06-070-00-04,his
77,a06-070-00-07,the
77,a06-070-01-00,House
77,a06-070-01-01,was
77,a06-070-01-02,crowded
77,a06-070-01-04,He
77,a06-070-01-05,said
77,a06-070-01-08,No
77,a06-070-01-10,British
77,a06-070-02-01,could
77,a06-070-02-02,join
77,a06-070-02-03,the
77,a06-070-03-01,without
77,a06-070-03-02,prior
77,a06-070-03-04,with
77,a06-070-03-06,view
77,a06-070-04-00,to
77,a06-070-04-01,meeting
77,a06-070-04-02,the
77,a06-070-04-03,needs
77,a06-070-04-04,of
77,a06-070-04-05,the
77,a06-070-05-00,of
77,a06-070-05-01,our
77,a06-070-05-03,Free
77,a06-070-05-04,Trade
77,a06-070-06-00,and
77,a06-070-06-01,of
77,a06-070-06-02,British
77,a06-070-06-06,Near
77,a06-070-06-07,the
77,a06-070-06-08,end
77,a06-070-06-09,of
77,a06-070-07-00,long
77,a06-070-07-05,stated
77,a06-070-07-06,the
64,a04-092-00-00,There
64,a04-092-00-01,are
64,a04-092-00-02,three
64,a04-092-00-03,kinds
64,a04-092-00-04,of
64,a04-092-00-05,reasons
64,a04-092-00-06,that
64,a04-092-00-07,justify
64,a04-092-01-00,the
64,a04-092-01-02,and
64,a04-092-01-03,these
64,a04-092-01-04,should
64,a04-092-01-05,carry
64,a04-092-01-06,weight
64,a04-092-01-07,with
64,a04-092-02-00,the
64,a04-092-02-04,Earl
64,a04-092-02-05,Russell
64,a04-092-02-09,The
64,a04-092-03-00,first
64,a04-092-03-01,of
64,a04-092-03-02,these
64,a04-092-03-03,reasons
64,a04-092-03-04,is
64,a04-092-03-05,the
64,a04-092-03-07,of
64,a04-092-04-00,serving
64,a04-092-04-01,the
64,a04-092-04-03,cordial
64,a04-092-04-05,between
64,a04-092-04-06,the
64,a04-092-05-01,and
64,a04-092-05-02,Great
64,a04-092-05-03,Britain
64,a04-092-05-05,not
64,a04-092-05-06,only
64,a04-092-05-07,in
64,a04-092-06-00,circles
64,a04-092-06-02,but
64,a04-092-06-03,in
64,a04-092-06-04,public
64,a04-092-06-05,opinion
64,a04-092-06-08,Earl
64,a04-092-06-09,Russell
64,a04-092-07-00,says
64,a04-092-07-01,it
64,a04-092-07-02,is
64,a04-092-07-05,though
64,a04-092-08-02,that
64,a04-092-08-03,the
64,a04-092-08-05,against
64,a04-092-09-00,the
64,a04-092-09-01,Polaris
64,a04-092-09-02,base
64,a04-092-09-03,has
64,a04-092-09-05,some
64,a04-092-10-00,to
64,a04-092-10-01,the
64,a04-092-10-02,policy
64,a04-092-10-03,of
64,a04-092-10-04,the
64,a04-092-10-05,United
64,a04-092-10-06,States
152,c03-016c-00-00,But
152,c03-016c-00-01,there
152,c03-016c-00-02,is
152,c03-016c-00-03,heart
152,c03-016c-00-04,in
152,c03-016c-00-05,the
152,c03-016c-00-06,telling
152,c03-016c-00-08,and
152,c03-016c-00-09,an
152,c03-016c-01-00,intense
152,c03-016c-01-01,realism
152,c03-016c-01-02,in
152,c03-016c-01-03,the
152,c03-016c-01-07,young
152,c03-016c-02-00,girl
152,c03-016c-02-01,lives
152,c03-016c-02-02,in
152,c03-016c-02-04,single
152,c03-016c-02-05,dingy
152,c03-016c-02-06,room
152,c03-016c-02-07,with
152,c03-016c-02-08,her
152,c03-016c-03-03,mother
152,c03-016c-03-05,In
152,c03-016c-03-06,such
152,c03-016c-04-01,she
152,c03-016c-04-02,learns
152,c03-016c-04-03,sex
152,c03-016c-04-04,is
152,c03-016c-04-06,sordid
152,c03-016c-05-00,and
152,c03-016c-05-01,when
152,c03-016c-05-02,she
152,c03-016c-05-04,it
152,c03-016c-05-05,for
152,c03-016c-05-06,the
152,c03-016c-05-07,first
152,c03-016c-05-08,time
152,c03-016c-06-00,herself
152,c03-016c-06-01,it
152,c03-016c-06-02,is
152,c03-016c-06-07,but
152,c03-016c-06-08,half
152,c03-016c-07-00,shyly
152,c03-016c-07-01,and
152,c03-016c-07-02,half
152,c03-016c-07-05,As
152,c03-016c-07-06,is
152,c03-016c-07-07,the
152,c03-016c-07-08,case
152,c03-016c-07-09,in
152,c03-016c-08-00,Fanny
152,c03-016c-08-01,her
152,c03-016c-08-02,first
152,c03-016c-08-03,lover
152,c03-016c-08-04,is
152,c03-016c-08-06,sailor
152,c03-016c-08-07,who
152,c03-016c-08-08,leaves
152,c03-016c-09-00,her
152,c03-016c-09-01,to
152,c03-016c-09-02,bear
152,c03-016c-09-03,his
152,c03-016c-09-04,child
152,c03-016c-09-05,and
152,c03-016c-09-06,sails
152,c03-016c-09-07,away
155,c03-003f-00-00,This
155,c03-003f-00-01,is
155,c03-003f-00-02,not
155,c03-003f-00-04,filmed
155,c03-003f-00-05,play
155,c03-003f-00-07,It
155,c03-003f-00-08,has
155,c03-003f-00-09,been
155,c03-003f-01-00,ved
155,c03-003f-01-02,in
155,c03-003f-01-03,terms
155,c03-003f-01-04,of
155,c03-003f-01-05,the
155,c03-003f-01-06,cinema
155,c03-003f-02-00,and
155,c03-003f-02-01,again
155,c03-003f-02-02,and
155,c03-003f-02-03,again
155,c03-003f-02-04,it
155,c03-003f-02-05,is
155,c03-003f-02-06,the
155,c03-003f-02-07,visual
155,c03-003f-03-00,of
155,c03-003f-03-01,the
155,c03-003f-03-02,story
155,c03-003f-03-04,and
155,c03-003f-03-05,the
155,c03-003f-03-07,of
155,c03-003f-03-08,the
155,c03-003f-04-00,central
155,c03-003f-04-02,to
155,c03-003f-04-03,their
155,c03-003f-05-00,which
155,c03-003f-05-01,bring
155,c03-003f-05-02,the
155,c03-003f-05-03,film
155,c03-003f-05-04,so
155,c03-003f-05-05,vividly
155,c03-003f-05-06,to
155,c03-003f-05-07,life
155,c03-003f-05-09,In
155,c03-003f-06-00,Fanny
155,c03-003f-06-02,which
155,c03-003f-06-03,also
155,c03-003f-06-04,has
155,c03-003f-06-05,its
155,c03-003f-07-00,the
155,c03-003f-07-04,Joshua
155,c03-003f-07-05,Logan
155,c03-003f-08-00,but
155,c03-003f-08-01,failed
155,c03-003f-08-02,to
155,c03-003f-08-03,create
155,c03-003f-08-04,the
155,c03-003f-08-06,of
155,c03-003f-09-01,city
671,r06-121-00-00,At
671,r06-121-00-01,the
671,r06-121-00-02,school
671,r06-121-00-04,which
671,r06-121-00-05,is
671,r06-121-01-00,vilised
671,r06-121-01-01,and
671,r06-121-01-04,the
671,r06-121-01-05,two
671,r06-121-02-00,walked
671,r06-121-02-02,across
671,r06-121-02-03,green
671,r06-121-02-04,fields
671,r06-121-02-06,and
671,r06-121-03-03,seeing
671,r06-121-03-04,how
671,r06-121-03-05,the
671,r06-121-03-06,sun
671,r06-121-03-07,gilded
671,r06-121-04-00,their
671,r06-121-04-01,bright
671,r06-121-04-03,heads
671,r06-121-04-04,turned
671,r06-121-05-00,towards
671,r06-121-05-01,each
671,r06-121-05-02,other
671,r06-121-05-03,as
671,r06-121-05-04,they
671,r06-121-05-05,talked
671,r06-121-05-07,In
671,r06-121-06-01,left
671,r06-121-06-02,hand
671,r06-121-06-03,she
671,r06-121-06-04,carried
671,r06-121-06-05,the
671,r06-121-07-00,stories
671,r06-121-07-01,of
671,r06-121-07-02,Isaac
671,r06-121-07-03,Babel
671,r06-121-07-05,After
671,r06-121-07-06,lunch
671,r06-121-07-07,we
671,r06-121-08-00,went
671,r06-121-08-01,to
671,r06-121-08-02,the
671,r06-121-08-05,Philip
671,r06-121-08-06,allowed
671,r06-121-09-01,it
671,r06-121-09-02,to
671,r06-121-09-03,be
671,r06-121-09-04,seen
671,r06-121-09-05,that
671,r06-121-09-06,he
671,r06-121-09-07,thought
671,r06-121-09-08,going
671,r06-121-09-09,to
671,r06-121-10-00,the
671,r06-121-10-02,just
671,r06-121-10-03,for
671,r06-121-10-04,the
671,r06-121-10-05,fun
671,r06-121-10-06,of
671,r06-121-10-07,it
671,r06-121-10-08,was
338,g06-037g-00-00,God
338,g06-037g-00-01,grant
338,g06-037g-00-03,however
338,g06-037g-00-05,that
338,g06-037g-00-07,may
338,g06-037g-00-08,be
338,g06-037g-00-10,false
338,g06-037g-00-11,prophet
338,g06-037g-01-01,that
338,g06-037g-01-02,all
338,g06-037g-01-03,may
338,g06-037g-01-04,go
338,g06-037g-01-05,well
338,g06-037g-01-07,Sir
338,g06-037g-01-09,Peel
338,g06-037g-01-10,was
338,g06-037g-01-11,here
338,g06-037g-02-00,but
338,g06-037g-02-01,an
338,g06-037g-02-02,express
338,g06-037g-02-03,took
338,g06-037g-02-04,him
338,g06-037g-02-05,off
338,g06-037g-03-00,While
338,g06-037g-03-01,he
338,g06-037g-03-02,was
338,g06-037g-03-03,in
338,g06-037g-03-04,Naples
338,g06-037g-03-05,there
338,g06-037g-03-06,had
338,g06-037g-03-07,opened
338,g06-037g-03-09,new
338,g06-037g-03-10,chapter
338,g06-037g-03-11,in
338,g06-037g-04-00,the
338,g06-037g-04-01,history
338,g06-037g-04-02,of
338,g06-037g-04-05,search
338,g06-037g-04-06,for
338,g06-037g-04-07,an
338,g06-037g-05-01,of
338,g06-037g-05-02,his
338,g06-037g-05-03,painful
338,g06-037g-05-04,malady
338,g06-037g-05-06,
338,g06-037g-05-07,of
338,g06-037g-05-08,the
338,g06-037g-06-02,to
338,g06-037g-06-03,which
338,g06-037g-06-04,he
338,g06-037g-06-05,had
338,g06-037g-06-06,been
338,g06-037g-07-00,ever
338,g06-037g-07-01,since
338,g06-037g-07-02,the
338,g06-037g-07-04,had
338,g06-037g-07-05,first
338,g06-037g-07-06,shown
338,g06-037g-08-01,years
338,g06-037g-08-02,before
338,g06-037g-08-03,had
338,g06-037g-08-04,had
338,g06-037g-08-05,the
338,g06-037g-08-07,effect
44,a03-017-00-00,Prince
44,a03-017-00-02,Phouma
44,a03-017-00-03,has
44,a03-017-00-04,not
44,a03-017-00-05,yet
44,a03-017-00-06,replied
44,a03-017-00-07,to
44,a03-017-01-00,the
44,a03-017-01-01,mission
44,a03-017-01-03,but
44,a03-017-01-04,recent
44,a03-017-01-06,made
44,a03-017-01-07,by
44,a03-017-01-08,him
44,a03-017-02-00,in
44,a03-017-02-01,Phnom
44,a03-017-02-02,Penh
44,a03-017-02-04,that
44,a03-017-02-05,he
44,a03-017-02-06,still
44,a03-017-02-07,regards
44,a03-017-03-00,himself
44,a03-017-03-01,as
44,a03-017-03-02,the
44,a03-017-03-03,only
44,a03-017-03-04,legal
44,a03-017-03-05,Prime
44,a03-017-03-07,of
44,a03-017-04-00,Laos
44,a03-017-04-02,His
44,a03-017-04-03,policy
44,a03-017-04-04,of
44,a03-017-04-05,strict
44,a03-017-04-07,from
44,a03-017-05-00,to
44,a03-017-05-02,kept
44,a03-017-05-03,the
44,a03-017-05-04,kingdom
44,a03-017-05-05,in
44,a03-017-05-06,peace
44,a03-017-05-08,though
44,a03-017-06-00,at
44,a03-017-06-01,the
44,a03-017-06-02,cost
44,a03-017-06-03,of
44,a03-017-06-04,virtual
44,a03-017-06-06,of
44,a03-017-06-07,the
44,a03-017-06-08,country
44,a03-017-07-00,into
44,a03-017-07-01,the
44,a03-017-07-03,north
44,a03-017-07-04,and
44,a03-017-07-05,the
44,a03-017-08-01,centre
44,a03-017-08-02,and
44,a03-017-08-03,south
0,a01-049x-00-00,Senator
0,a01-049x-00-01,Allen
0,a01-049x-00-04,of
0,a01-049x-01-00,sparked
0,a01-049x-01-01,off
0,a01-049x-01-02,the
0,a01-049x-01-04,by
0,a01-049x-01-05,telling
0,a01-049x-02-02,it
0,a01-049x-02-03,was
0,a01-049x-02-05,current
0,a01-049x-03-00,gossip
0,a01-049x-03-02,that
0,a01-049x-03-03,Weaver
0,a01-049x-03-04,once
0,a01-049x-03-05,had
0,a01-049x-04-00,tions
0,a01-049x-04-02,The
0,a01-049x-04-03,Senate
0,a01-049x-04-04,Banking
0,a01-049x-04-07,which
0,a01-049x-05-00,is
0,a01-049x-05-01,headed
0,a01-049x-05-02,by
0,a01-049x-05-03,another
0,a01-049x-05-05,Senator
0,a01-049x-06-00,Willis
0,a01-049x-06-03,of
0,a01-049x-06-06,met
0,a01-049x-06-07,today
0,a01-049x-06-08,in
0,a01-049x-07-00,closed
0,a01-049x-07-01,session
0,a01-049x-07-02,to
0,a01-049x-07-03,discuss
0,a01-049x-08-00,Senator
0,a01-049x-08-02,later
0,a01-049x-08-04,he
0,a01-049x-08-05,had
0,a01-049x-08-06,sent
0,a01-049x-09-00,letter
0,a01-049x-09-01,to
0,a01-049x-09-03,Kennedy
0,a01-049x-09-04,saying
0,a01-049x-09-05,he
0,a01-049x-09-06,had
0,a01-049x-09-08,several
0,a01-049x-10-01,about
0,a01-049x-10-03,loyalty
117,b05-045-00-00,From
117,b05-045-00-01,being
117,b05-045-00-02,an
117,b05-045-00-04,in
117,b05-045-00-05,an
117,b05-045-01-00,factory
117,b05-045-01-01,to
117,b05-045-01-04,paint
117,b05-045-01-05,sprayer
117,b05-045-01-06,in
117,b05-045-02-01,ceramic
117,b05-045-02-02,factory
117,b05-045-02-04,he
117,b05-045-02-05,can
117,b05-045-02-06,be
117,b05-045-03-00,for
117,b05-045-03-03,new
117,b05-045-03-04,job
117,b05-045-03-05,in
117,b05-045-03-06,less
117,b05-045-03-07,time
117,b05-045-04-00,than
117,b05-045-04-01,it
117,b05-045-04-02,takes
117,b05-045-04-03,to
117,b05-045-04-04,say
117,b05-045-05-00,Martyrs
117,b05-045-05-04,CRICKET
117,b05-045-05-07,says
117,b05-045-05-08,the
117,b05-045-05-09,Oxford
117,b05-045-06-02,is
117,b05-045-06-04,an
117,b05-045-06-05,open
117,b05-045-06-06,air
117,b05-045-06-07,game
117,b05-045-06-08,played
117,b05-045-07-00,with
117,b05-045-07-01,ball
117,b05-045-07-03,bats
117,b05-045-07-04,and
117,b05-045-07-05,wickets
117,b05-045-07-06,between
117,b05-045-08-01,two
117,b05-045-08-02,sides
117,b05-045-08-04,of
117,b05-045-08-05,eleven
117,b05-045-08-06,players
117,b05-045-09-00,each
117,b05-045-09-03,Not
117,b05-045-09-04,so
117,b05-045-09-06,dear
117,b05-045-09-07,Oxford
0,a01-132u-00-01,That
0,a01-132u-00-02,cannot
0,a01-132u-00-04,without
0,a01-132u-00-05,either
0,a01-132u-01-00,being
0,a01-132u-01-01,limited
0,a01-132u-01-02,or
0,a01-132u-01-03,an
0,a01-132u-01-05,being
0,a01-132u-01-06,made
0,a01-132u-02-00,in
0,a01-132u-02-04,The
0,a01-132u-02-06,decided
0,a01-132u-02-07,to
0,a01-132u-03-00,adjust
0,a01-132u-03-01,the
0,a01-132u-03-04,which
0,a01-132u-03-06,Powell
0,a01-132u-04-00,claimed
0,a01-132u-04-01,was
0,a01-132u-04-04,not
0,a01-132u-05-00,the
0,a01-132u-05-01,service
0,a01-132u-05-04,the
0,a01-132u-05-05,attack
0,a01-132u-05-06,on
0,a01-132u-06-02,charges
0,a01-132u-06-04,for
0,a01-132u-06-05,welfare
0,a01-132u-06-06,foods
0,a01-132u-07-00,Powell
0,a01-132u-07-01,said
0,a01-132u-07-02,that
0,a01-132u-07-03,all
0,a01-132u-07-04,these
0,a01-132u-07-05,foods
0,a01-132u-07-06,would
0,a01-132u-08-00,still
0,a01-132u-08-01,be
0,a01-132u-08-02,free
0,a01-132u-08-03,in
0,a01-132u-08-06,regular
0,a01-132u-09-02,grants
3,a01-003x-00-00,Though
3,a01-003x-00-01,they
3,a01-003x-00-02,may
3,a01-003x-00-03,gather
3,a01-003x-00-04,some
3,a01-003x-00-06,support
3,a01-003x-01-00,large
3,a01-003x-01-02,of
3,a01-003x-01-03,Labour
3,a01-003x-01-05,are
3,a01-003x-01-06,likely
3,a01-003x-01-07,to
3,a01-003x-01-08,turn
3,a01-003x-02-00,down
3,a01-003x-02-01,the
3,a01-003x-02-07,line
3,a01-003x-03-00,will
3,a01-003x-03-01,be
3,a01-003x-03-02,that
3,a01-003x-03-03,as
3,a01-003x-03-04,Labour
3,a01-003x-03-06,opposed
3,a01-003x-03-07,the
3,a01-003x-04-00,ment
3,a01-003x-04-01,Bill
3,a01-003x-04-02,which
3,a01-003x-04-03,brought
3,a01-003x-04-04,life
3,a01-003x-04-05,peers
3,a01-003x-04-06,into
3,a01-003x-04-09,they
3,a01-003x-05-00,should
3,a01-003x-05-01,not
3,a01-003x-05-02,now
3,a01-003x-05-03,put
3,a01-003x-05-04,forward
3,a01-003x-05-07,He
3,a01-003x-06-00,that
3,a01-003x-06-01,the
3,a01-003x-06-02,House
3,a01-003x-06-03,of
3,a01-003x-06-04,Lords
3,a01-003x-06-05,should
3,a01-003x-06-06,be
3,a01-003x-06-08,and
3,a01-003x-07-00,that
3,a01-003x-07-01,Labour
3,a01-003x-07-02,should
3,a01-003x-07-03,not
3,a01-003x-07-04,take
3,a01-003x-07-05,any
3,a01-003x-07-06,steps
3,a01-003x-07-07,which
3,a01-003x-07-08,would
3,a01-003x-08-00,appear
3,a01-003x-08-01,to
3,a01-003x-08-03,prop
3,a01-003x-08-04,up
3,a01-003x-08-06,an
671,r06-097-00-00,We
671,r06-097-00-01,went
671,r06-097-00-03,to
671,r06-097-00-04,bed
671,r06-097-00-05,and
671,r06-097-00-06,slept
671,r06-097-00-07,until
671,r06-097-01-00,the
671,r06-097-01-02,drummed
671,r06-097-01-03,up
671,r06-097-01-04,the
671,r06-097-02-00,sun
671,r06-097-02-02,The
671,r06-097-02-03,next
671,r06-097-02-04,morning
671,r06-097-02-06,in
671,r06-097-02-07,the
671,r06-097-02-08,square
671,r06-097-03-04,read
671,r06-097-03-05,about
671,r06-097-03-06,the
671,r06-097-03-07,Nice
671,r06-097-04-00,beach
671,r06-097-04-02,in
671,r06-097-04-03,the
671,r06-097-05-00,Mart
671,r06-097-05-01,had
671,r06-097-05-02,been
671,r06-097-05-03,right
671,r06-097-05-05,the
671,r06-097-05-06,body
671,r06-097-05-07,had
671,r06-097-05-08,been
671,r06-097-06-03,It
671,r06-097-06-05,to
671,r06-097-06-07,Madame
671,r06-097-07-02,had
671,r06-097-07-03,been
671,r06-097-07-04,made
671,r06-097-07-05,in
671,r06-097-07-06,the
671,r06-097-08-02,and
671,r06-097-08-03,it
671,r06-097-08-05,that
671,r06-097-09-00,Madame
671,r06-097-09-02,husband
671,r06-097-09-03,had
671,r06-097-09-04,made
671,r06-097-09-05,an
671,r06-097-10-01,with
671,r06-097-10-02,the
671,r06-097-10-03,dead
671,r06-097-10-05,sister
343,g06-031l-00-01,What
343,g06-031l-00-04,event
343,g06-031l-00-07,he
343,g06-031l-00-08,wrote
343,g06-031l-00-12,tremble
343,g06-031l-00-14,What
343,g06-031l-01-04,am
343,g06-031l-01-07,but
343,g06-031l-01-09,really
343,g06-031l-01-10,tremble
343,g06-031l-02-00,for
343,g06-031l-02-01,my
343,g06-031l-02-02,country
343,g06-031l-02-05,may
343,g06-031l-02-06,be
343,g06-031l-02-11,cannot
343,g06-031l-02-12,but
343,g06-031l-03-00,fear
343,g06-031l-03-01,that
343,g06-031l-03-02,the
343,g06-031l-03-04,of
343,g06-031l-03-05,the
343,g06-031l-03-06,People
343,g06-031l-03-07,will
343,g06-031l-03-08,be
343,g06-031l-03-09,so
343,g06-031l-04-00,great
343,g06-031l-04-01,at
343,g06-031l-04-02,the
343,g06-031l-04-03,return
343,g06-031l-04-04,of
343,g06-031l-04-07,that
343,g06-031l-04-08,the
343,g06-031l-04-09,Commons
343,g06-031l-05-00,House
343,g06-031l-05-01,upon
343,g06-031l-05-05,which
343,g06-031l-05-06,must
343,g06-031l-05-07,be
343,g06-031l-05-08,had
343,g06-031l-05-10,will
343,g06-031l-05-11,be
343,g06-031l-06-00,mass
343,g06-031l-06-01,of
343,g06-031l-06-05,then
343,g06-031l-06-06,God
343,g06-031l-06-07,knows
343,g06-031l-06-08,what
343,g06-031l-06-09,may
343,g06-031l-06-10,happen
0,a05-113-00-00,True
0,a05-113-00-02,he
0,a05-113-00-03,did
0,a05-113-00-04,tell
0,a05-113-00-05,the
0,a05-113-00-06,House
0,a05-113-00-07,that
0,a05-113-00-08,the
0,a05-113-01-01,had
0,a05-113-01-02,asked
0,a05-113-01-03,the
0,a05-113-01-04,Medical
0,a05-113-02-00,Council
0,a05-113-02-01,to
0,a05-113-02-03,the
0,a05-113-02-06,in
0,a05-113-03-00,view
0,a05-113-03-01,of
0,a05-113-03-02,the
0,a05-113-03-03,Russian
0,a05-113-03-04,tests
0,a05-113-03-06,and
0,a05-113-03-07,said
0,a05-113-03-08,that
0,a05-113-04-00,the
0,a05-113-04-03,would
0,a05-113-04-04,be
0,a05-113-05-00,He
0,a05-113-05-01,was
0,a05-113-05-02,not
0,a05-113-05-03,so
0,a05-113-05-04,happy
0,a05-113-05-05,in
0,a05-113-05-06,his
0,a05-113-05-07,defence
0,a05-113-05-08,of
0,a05-113-06-00,the
0,a05-113-06-02,failure
0,a05-113-06-03,to
0,a05-113-06-04,condemn
0,a05-113-07-00,France
0,a05-113-07-01,for
0,a05-113-07-02,her
0,a05-113-07-03,nuclear
0,a05-113-07-04,tests
0,a05-113-07-05,in
0,a05-113-07-06,the
0,a05-113-08-00,Sahara
0,a05-113-08-01,on
0,a05-113-08-02,the
0,a05-113-08-03,grounds
0,a05-113-08-04,that
0,a05-113-08-05,they
0,a05-113-08-06,were
0,a05-113-09-00,only
0,a05-113-09-01,little
0,a05-113-09-02,ones
232,e04-019-00-00,The
232,e04-019-00-01,amount
232,e04-019-00-02,of
232,e04-019-00-03,the
232,e04-019-00-05,tilt
232,e04-019-00-06,and
232,e04-019-01-00,also
232,e04-019-01-01,the
232,e04-019-01-02,height
232,e04-019-01-03,is
232,e04-019-01-04,left
232,e04-019-01-05,to
232,e04-019-01-07,choice
232,e04-019-02-00,and
232,e04-019-02-01,the
232,e04-019-02-02,width
232,e04-019-02-03,is
232,e04-019-02-04,best
232,e04-019-02-05,taken
232,e04-019-03-00,from
232,e04-019-03-01,the
232,e04-019-03-02,work
232,e04-019-03-03,to
232,e04-019-03-04,ensure
232,e04-019-03-06,good
232,e04-019-03-07,fit
232,e04-019-04-00,Fix
232,e04-019-04-01,the
232,e04-019-04-02,piece
232,e04-019-04-04,to
232,e04-019-04-05,the
232,e04-019-04-06,sides
232,e04-019-04-07,first
232,e04-019-05-00,with
232,e04-019-05-01,glue
232,e04-019-05-02,and
232,e04-019-05-03,panel
232,e04-019-05-04,pins
232,e04-019-05-05,and
232,e04-019-05-06,then
232,e04-019-05-07,fit
232,e04-019-06-00,the
232,e04-019-06-01,frame
232,e04-019-06-03,with
232,e04-019-06-04,the
232,e04-019-06-05,piece
232,e04-019-07-02,in
232,e04-019-07-03,place
232,e04-019-07-04,on
232,e04-019-07-05,the
232,e04-019-07-06,chair
232,e04-019-08-00,frame
272,f04-016-00-01,had
272,f04-016-00-02,left
272,f04-016-00-04,in
272,f04-016-00-05,the
272,f04-016-00-06,late
272,f04-016-01-00,and
272,f04-016-01-01,arrived
272,f04-016-01-02,at
272,f04-016-01-04,around
272,f04-016-01-08,where
272,f04-016-02-00,she
272,f04-016-02-01,had
272,f04-016-02-02,tea
272,f04-016-02-03,with
272,f04-016-02-04,her
272,f04-016-02-05,other
272,f04-016-02-06,sister
272,f04-016-02-08,and
272,f04-016-02-09,then
272,f04-016-03-00,went
272,f04-016-03-01,to
272,f04-016-03-02,catch
272,f04-016-03-03,the
272,f04-016-03-06,Her
272,f04-016-03-07,sister
272,f04-016-03-08,saw
272,f04-016-03-09,her
272,f04-016-04-00,to
272,f04-016-04-01,the
272,f04-016-04-02,station
272,f04-016-04-04,helping
272,f04-016-04-05,her
272,f04-016-04-06,with
272,f04-016-04-07,some
272,f04-016-04-08,of
272,f04-016-05-00,her
272,f04-016-05-03,This
272,f04-016-05-04,sister
272,f04-016-05-05,was
272,f04-016-05-06,able
272,f04-016-05-07,to
272,f04-016-06-00,that
272,f04-016-06-01,she
272,f04-016-06-02,had
272,f04-016-06-03,carried
272,f04-016-06-05,green
272,f04-016-06-06,purse
272,f04-016-06-07,and
272,f04-016-07-00,had
272,f04-016-07-01,bought
272,f04-016-07-03,railway
272,f04-016-07-04,ticket
341,g06-047j-00-00,This
341,g06-047j-00-02,man
341,g06-047j-00-03,of
341,g06-047j-00-06,whom
341,g06-047j-00-07,Sir
341,g06-047j-01-00,Francis
341,g06-047j-01-01,Burdett
341,g06-047j-01-03,to
341,g06-047j-02-00,year
341,g06-047j-02-01,or
341,g06-047j-02-02,two
341,g06-047j-02-03,later
341,g06-047j-02-04,as
341,g06-047j-02-06,more
341,g06-047j-02-07,like
341,g06-047j-02-09,God
341,g06-047j-03-00,upon
341,g06-047j-03-01,earth
341,g06-047j-03-02,than
341,g06-047j-03-04,human
341,g06-047j-03-05,being
341,g06-047j-03-08,had
341,g06-047j-04-00,an
341,g06-047j-04-02,number
341,g06-047j-04-03,of
341,g06-047j-04-05,among
341,g06-047j-05-01,medical
341,g06-047j-05-02,men
341,g06-047j-05-03,in
341,g06-047j-05-04,the
341,g06-047j-05-05,cities
341,g06-047j-06-00,of
341,g06-047j-06-01,Europe
341,g06-047j-06-03,One
341,g06-047j-06-04,of
341,g06-047j-06-05,these
341,g06-047j-06-06,was
341,g06-047j-06-07,the
341,g06-047j-07-00,Dr
341,g06-047j-07-02,Mauro
341,g06-047j-07-04,whom
341,g06-047j-08-01,in
341,g06-047j-08-02,May
58,a04-003-00-00,It
58,a04-003-00-01,arose
58,a04-003-00-02,during
58,a04-003-00-03,talks
58,a04-003-01-02,report
58,a04-003-01-03,to
58,a04-003-01-04,the
58,a04-003-01-05,British
58,a04-003-02-00,Prime
58,a04-003-02-02,of
58,a04-003-02-03,the
58,a04-003-02-04,outcome
58,a04-003-02-05,of
58,a04-003-02-06,his
58,a04-003-02-07,recent
58,a04-003-03-00,visit
58,a04-003-03-01,to
58,a04-003-03-02,Paris
58,a04-003-03-04,There
58,a04-003-03-05,General
58,a04-003-03-06,de
58,a04-003-03-07,Gaulle
58,a04-003-03-08,had
58,a04-003-03-09,made
58,a04-003-04-00,clear
58,a04-003-04-01,that
58,a04-003-04-02,he
58,a04-003-04-03,would
58,a04-003-04-04,accept
58,a04-003-04-05,Britain
58,a04-003-04-06,into
58,a04-003-04-07,the
58,a04-003-05-00,Common
58,a04-003-05-01,Market
58,a04-003-05-02,only
58,a04-003-05-03,if
58,a04-003-05-04,there
58,a04-003-05-05,were
58,a04-003-05-06,no
58,a04-003-06-00,laid
58,a04-003-06-01,down
58,a04-003-06-02,to
58,a04-003-06-03,meet
58,a04-003-06-04,the
58,a04-003-07-00,and
58,a04-003-07-01,other
75,a06-057-00-00,This
75,a06-057-00-01,seemed
75,a06-057-00-02,to
75,a06-057-00-05,Fell
75,a06-057-00-06,even
75,a06-057-00-07,more
75,a06-057-00-11,cannot
75,a06-057-00-12,be
75,a06-057-00-13,told
75,a06-057-01-00,to
75,a06-057-01-01,sit
75,a06-057-01-02,down
75,a06-057-01-03,by
75,a06-057-01-04,the
75,a06-057-01-05,Prime
75,a06-057-01-10,had
75,a06-057-01-11,been
75,a06-057-02-00,from
75,a06-057-02-01,Tory
75,a06-057-02-02,rebels
75,a06-057-02-04,But
75,a06-057-02-07,attack
75,a06-057-02-08,was
75,a06-057-02-11,He
75,a06-057-03-00,accused
75,a06-057-03-01,the
75,a06-057-03-02,Prime
75,a06-057-03-04,of
75,a06-057-03-07,double
75,a06-057-03-08,talk
75,a06-057-03-12,It
75,a06-057-03-13,had
75,a06-057-04-00,the
75,a06-057-04-01,effect
75,a06-057-04-02,on
75,a06-057-04-03,one
75,a06-057-04-04,former
75,a06-057-04-06,that
75,a06-057-04-07,he
75,a06-057-04-08,now
75,a06-057-04-09,thinks
75,a06-057-04-10,this
75,a06-057-04-11,Prime
75,a06-057-05-01,is
75,a06-057-05-07,he
75,a06-057-05-08,said
79,a06-090-00-00,He
79,a06-090-00-01,claimed
79,a06-090-00-02,that
79,a06-090-00-04,unless
79,a06-090-00-05,we
79,a06-090-00-06,were
79,a06-090-00-07,in
79,a06-090-00-08,the
79,a06-090-01-00,Common
79,a06-090-01-01,Market
79,a06-090-01-03,we
79,a06-090-01-04,should
79,a06-090-01-05,not
79,a06-090-01-06,be
79,a06-090-01-07,able
79,a06-090-01-08,to
79,a06-090-02-00,play
79,a06-090-02-01,any
79,a06-090-02-02,part
79,a06-090-02-03,in
79,a06-090-02-06,its
79,a06-090-02-07,future
79,a06-090-03-01,We
79,a06-090-03-02,can
79,a06-090-03-03,lead
79,a06-090-03-04,better
79,a06-090-03-05,from
79,a06-090-03-06,within
79,a06-090-03-09,he
79,a06-090-03-10,said
79,a06-090-04-02,dealt
79,a06-090-04-03,with
79,a06-090-04-04,the
79,a06-090-04-05,main
79,a06-090-05-00,raised
79,a06-090-05-01,by
79,a06-090-05-02,Tory
79,a06-090-05-03,critics
79,a06-090-05-06,Anthony
79,a06-090-05-07,Fell
79,a06-090-06-00,who
79,a06-090-06-01,created
79,a06-090-06-03,scene
79,a06-090-06-04,on
79,a06-090-06-05,this
79,a06-090-06-06,point
79,a06-090-06-07,on
79,a06-090-07-00,Monday
79,a06-090-07-02,took
79,a06-090-07-03,up
79,a06-090-07-06,almost
79,a06-090-07-07,hidden
79,a06-090-08-00,behind
79,a06-090-08-01,the
79,a06-090-08-03,at
79,a06-090-08-05,chair
0,a01-082u-00-00,This
0,a01-082u-00-03,was
0,a01-082u-00-05,sharp
0,a01-082u-01-00,face
0,a01-082u-01-01,from
0,a01-082u-01-02,his
0,a01-082u-01-04,during
0,a01-082u-01-05,the
0,a01-082u-02-04,He
0,a01-082u-02-05,claimed
0,a01-082u-03-01,in
0,a01-082u-03-02,the
0,a01-082u-04-00,had
0,a01-082u-04-01,caused
0,a01-082u-04-02,America
0,a01-082u-04-03,to
0,a01-082u-04-04,lag
0,a01-082u-04-05,behind
0,a01-082u-04-06,Russia
0,a01-082u-05-00,in
0,a01-082u-05-01,nuclear
0,a01-082u-05-05,Kennedy
0,a01-082u-06-00,did
0,a01-082u-06-01,his
0,a01-082u-06-02,best
0,a01-082u-06-03,to
0,a01-082u-06-04,avoid
0,a01-082u-06-05,giving
0,a01-082u-07-01,direct
0,a01-082u-07-02,answer
0,a01-082u-07-04,George
0,a01-082u-07-05,Brown
0,a01-082u-08-01,TWO
0,a01-082u-08-02,men
0,a01-082u-08-03,who
0,a01-082u-08-04,are
0,a01-082u-08-05,poles
0,a01-082u-08-06,apart
0,a01-082u-09-00,in
0,a01-082u-09-02,last
0,a01-082u-09-03,night
214,e01-086-00-00,Two
214,e01-086-00-01,methods
214,e01-086-00-02,can
214,e01-086-00-03,be
214,e01-086-00-04,used
214,e01-086-00-05,to
214,e01-086-00-06,join
214,e01-086-00-07,the
214,e01-086-00-08,crochet
214,e01-086-00-09,to
214,e01-086-00-10,the
214,e01-086-00-11,linen
214,e01-086-01-03,Button
214,e01-086-01-04,Stitch
214,e01-086-01-05,round
214,e01-086-01-06,the
214,e01-086-01-07,outline
214,e01-086-01-08,of
214,e01-086-01-09,basting
214,e01-086-02-00,the
214,e01-086-02-01,knotted
214,e01-086-02-02,part
214,e01-086-02-03,of
214,e01-086-02-04,the
214,e01-086-02-05,button
214,e01-086-02-06,stitch
214,e01-086-02-07,lying
214,e01-086-02-08,on
214,e01-086-02-09,the
214,e01-086-03-00,outside
214,e01-086-03-01,edge
214,e01-086-03-03,Oversew
214,e01-086-03-04,crochet
214,e01-086-03-05,to
214,e01-086-03-06,button
214,e01-086-03-07,stitch
214,e01-086-04-03,Turn
214,e01-086-04-04,under
214,e01-086-04-06,small
214,e01-086-04-07,hem
214,e01-086-04-09,with
214,e01-086-04-10,fold
214,e01-086-04-11,lying
214,e01-086-04-12,on
214,e01-086-04-13,line
214,e01-086-05-00,of
214,e01-086-05-01,basting
214,e01-086-05-04,Work
214,e01-086-05-06,row
214,e01-086-05-07,of
214,e01-086-05-08,dc
214,e01-086-05-09,all
214,e01-086-05-10,round
214,e01-086-06-00,this
214,e01-086-06-01,hem
214,e01-086-06-03,with
214,e01-086-06-05,dc
214,e01-086-06-06,at
214,e01-086-06-07,each
214,e01-086-06-08,corner
240,k04-022-00-00,However
240,k04-022-00-04,in
240,k04-022-00-05,the
240,k04-022-00-07,look
240,k04-022-01-00,put
240,k04-022-01-02,on
240,k04-022-01-03,guard
240,k04-022-01-06,Santa
240,k04-022-01-07,Maria
240,k04-022-01-09,These
240,k04-022-01-10,spying
240,k04-022-02-00,eyes
240,k04-022-02-03,she
240,k04-022-02-04,thought
240,k04-022-02-08,Doria
240,k04-022-02-09,was
240,k04-022-03-01,on
240,k04-022-03-02,the
240,k04-022-03-03,way
240,k04-022-03-05,to
240,k04-022-03-06,point
240,k04-022-03-07,out
240,k04-022-03-09,with
240,k04-022-03-11,pride
240,k04-022-04-00,objects
240,k04-022-04-01,of
240,k04-022-04-02,beauty
240,k04-022-04-03,or
240,k04-022-04-08,on
240,k04-022-04-09,the
240,k04-022-05-00,fringe
240,k04-022-05-01,of
240,k04-022-05-02,the
240,k04-022-05-03,party
240,k04-022-05-05,caught
240,k04-022-05-07,of
240,k04-022-05-08,this
240,k04-022-06-02,which
240,k04-022-06-03,held
240,k04-022-06-04,no
240,k04-022-06-06,for
240,k04-022-06-07,her
240,k04-022-07-02,now
240,k04-022-07-03,this
16,a01-102-00-01,After
16,a01-102-00-04,of
16,a01-102-00-05,helping
16,a01-102-00-06,others
16,a01-102-00-07,and
16,a01-102-01-00,healing
16,a01-102-01-01,the
16,a01-102-01-02,sick
16,a01-102-01-04,my
16,a01-102-02-00,opinion
16,a01-102-02-01,is
16,a01-102-02-02,that
16,a01-102-02-03,anybody
16,a01-102-03-00,the
16,a01-102-03-02,charges
16,a01-102-03-03,is
16,a01-102-03-05,wicked
16,a01-102-04-00,old
16,a01-102-04-05,Brown
16,a01-102-04-06,went
16,a01-102-04-07,on
16,a01-102-04-10,We
16,a01-102-05-00,are
16,a01-102-05-01,dealing
16,a01-102-05-02,with
16,a01-102-05-04,noble
16,a01-102-05-05,edifice
16,a01-102-05-06,which
16,a01-102-06-00,needs
16,a01-102-06-01,an
16,a01-102-06-04,to
16,a01-102-07-00,improve
16,a01-102-07-01,it
16,a01-102-07-03,but
16,a01-102-07-04,it
16,a01-102-07-05,has
16,a01-102-07-06,got
16,a01-102-08-03,We
16,a01-102-08-04,have
16,a01-102-09-00,from
16,a01-102-09-01,the
16,a01-102-09-02,real
16,a01-102-09-04,to
16,a01-102-09-06,about
16,a01-102-10-00,with
16,a01-102-10-01,bills
16,a01-102-10-02,of
16,a01-102-10-03,cost
130,c06-031-00-02,the
130,c06-031-00-03,only
130,c06-031-00-04,man
130,c06-031-00-05,on
130,c06-031-00-06,earth
130,c06-031-00-07,who
130,c06-031-00-09,know
130,c06-031-01-00,what
130,c06-031-01-01,his
130,c06-031-01-02,name
130,c06-031-01-03,is
130,c06-031-01-06,tell
130,c06-031-01-07,me
130,c06-031-01-10,want
130,c06-031-01-11,to
130,c06-031-02-01,that
130,c06-031-02-06,already
130,c06-031-02-07,know
130,c06-031-02-08,about
130,c06-031-03-00,Shepard
130,c06-031-03-01,and
130,c06-031-03-02,that
130,c06-031-03-04,Army
130,c06-031-03-05,chap
130,c06-031-03-06,Gagarin
130,c06-031-04-00,the
130,c06-031-04-01,two
130,c06-031-04-02,biggest
130,c06-031-04-03,bores
130,c06-031-04-04,since
130,c06-031-04-06,Newman
130,c06-031-05-00,That
130,c06-031-05-02,enough
130,c06-031-05-03,of
130,c06-031-05-04,all
130,c06-031-05-05,that
130,c06-031-05-06,hooey
130,c06-031-05-09,HE
130,c06-031-05-10,plunges
130,c06-031-06-00,on
130,c06-031-06-01,into
130,c06-031-06-03,of
130,c06-031-06-04,his
130,c06-031-06-05,trips
130,c06-031-06-07,There
130,c06-031-06-08,is
130,c06-031-07-00,much
130,c06-031-07-01,to
130,c06-031-07-02,recall
338,g06-031g-00-01,What
338,g06-031g-00-04,event
338,g06-031g-00-07,he
338,g06-031g-00-08,wrote
338,g06-031g-00-12,tremble
338,g06-031g-00-14,What
338,g06-031g-01-04,am
338,g06-031g-01-07,but
338,g06-031g-01-09,really
338,g06-031g-02-00,tremble
338,g06-031g-02-01,for
338,g06-031g-02-02,my
338,g06-031g-02-03,country
338,g06-031g-02-06,may
338,g06-031g-02-07,be
338,g06-031g-02-12,cannot
338,g06-031g-03-00,but
338,g06-031g-03-01,fear
338,g06-031g-03-02,that
338,g06-031g-03-03,the
338,g06-031g-03-05,of
338,g06-031g-03-06,the
338,g06-031g-03-07,People
338,g06-031g-03-08,will
338,g06-031g-03-09,be
338,g06-031g-03-10,so
338,g06-031g-03-11,great
338,g06-031g-04-00,at
338,g06-031g-04-01,the
338,g06-031g-04-02,return
338,g06-031g-04-03,of
338,g06-031g-04-06,that
338,g06-031g-04-07,the
338,g06-031g-04-08,Commons
338,g06-031g-04-09,House
338,g06-031g-05-00,upon
338,g06-031g-05-04,which
338,g06-031g-05-05,must
338,g06-031g-05-06,be
338,g06-031g-05-07,had
338,g06-031g-05-09,will
338,g06-031g-05-10,be
338,g06-031g-05-12,mass
338,g06-031g-06-00,of
338,g06-031g-06-04,then
338,g06-031g-06-05,God
338,g06-031g-06-06,knows
338,g06-031g-06-07,what
338,g06-031g-06-08,may
338,g06-031g-06-09,happen
343,g06-018l-00-00,When
343,g06-018l-00-01,the
343,g06-018l-00-02,sailing
343,g06-018l-00-03,season
343,g06-018l-00-04,was
343,g06-018l-00-05,past
343,g06-018l-00-07,he
343,g06-018l-00-08,sent
343,g06-018l-00-09,Pearl
343,g06-018l-00-10,back
343,g06-018l-00-11,to
343,g06-018l-01-00,England
343,g06-018l-01-02,and
343,g06-018l-01-04,to
343,g06-018l-01-05,Rome
343,g06-018l-01-06,for
343,g06-018l-01-07,the
343,g06-018l-01-08,winter
343,g06-018l-01-10,In
343,g06-018l-01-11,late
343,g06-018l-02-02,he
343,g06-018l-02-03,was
343,g06-018l-02-06,as
343,g06-018l-02-07,usual
343,g06-018l-02-10,but
343,g06-018l-02-11,hoped
343,g06-018l-02-13,he
343,g06-018l-02-14,told
343,g06-018l-03-00,Arthur
343,g06-018l-03-03,to
343,g06-018l-03-04,find
343,g06-018l-03-05,this
343,g06-018l-03-06,place
343,g06-018l-03-07,agree
343,g06-018l-03-08,with
343,g06-018l-03-09,me
343,g06-018l-03-10,better
343,g06-018l-03-11,than
343,g06-018l-03-12,Naples
343,g06-018l-04-00,The
343,g06-018l-04-01,journey
343,g06-018l-04-02,has
343,g06-018l-04-03,been
343,g06-018l-04-04,against
343,g06-018l-04-05,me
343,g06-018l-04-07,as
343,g06-018l-04-08,there
343,g06-018l-04-09,has
343,g06-018l-04-10,been
343,g06-018l-04-11,much
343,g06-018l-04-12,rain
343,g06-018l-05-00,and
343,g06-018l-05-01,damp
343,g06-018l-05-03,but
343,g06-018l-05-04,the
343,g06-018l-05-06,is
343,g06-018l-05-07,high
343,g06-018l-05-10,have
343,g06-018l-05-11,not
343,g06-018l-05-12,yet
343,g06-018l-06-00,thought
343,g06-018l-06-01,of
343,g06-018l-06-03,fire
5,a01-011-00-01,from
5,a01-011-00-03,Kenneth
5,a01-011-00-05,United
5,a01-011-01-00,Party
5,a01-011-01-03,members
5,a01-011-01-05,and
5,a01-011-01-07,Harry
5,a01-011-02-05,will
5,a01-011-02-06,meet
5,a01-011-02-07,in
5,a01-011-02-08,London
5,a01-011-02-09,today
5,a01-011-03-00,to
5,a01-011-03-01,discuss
5,a01-011-03-03,common
5,a01-011-03-04,course
5,a01-011-03-05,of
5,a01-011-03-06,action
5,a01-011-03-08,Sir
5,a01-011-03-09,Roy
5,a01-011-03-10,is
5,a01-011-04-01,opposed
5,a01-011-04-02,to
5,a01-011-04-04,getting
5,a01-011-04-05,an
5,a01-011-04-06,elected
5,a01-011-05-00,in
5,a01-011-05-04,but
5,a01-011-05-05,the
5,a01-011-06-01,Iain
5,a01-011-06-02,Macleod
5,a01-011-06-04,is
5,a01-011-06-06,on
5,a01-011-06-08,policy
5,a01-011-06-09,of
5,a01-011-06-10,change
341,g06-037j-00-00,God
341,g06-037j-00-01,grant
341,g06-037j-00-03,however
341,g06-037j-00-05,that
341,g06-037j-00-07,may
341,g06-037j-00-08,be
341,g06-037j-00-10,false
341,g06-037j-01-00,prophet
341,g06-037j-01-02,that
341,g06-037j-01-03,all
341,g06-037j-01-04,may
341,g06-037j-01-05,go
341,g06-037j-01-06,well
341,g06-037j-01-08,Sir
341,g06-037j-01-10,Peel
341,g06-037j-02-00,was
341,g06-037j-02-01,here
341,g06-037j-02-06,but
341,g06-037j-02-07,an
341,g06-037j-02-08,express
341,g06-037j-02-09,took
341,g06-037j-03-00,him
341,g06-037j-03-01,off
341,g06-037j-04-00,While
341,g06-037j-04-01,he
341,g06-037j-04-02,was
341,g06-037j-04-03,in
341,g06-037j-04-04,Naples
341,g06-037j-04-05,there
341,g06-037j-04-06,had
341,g06-037j-04-07,opened
341,g06-037j-05-00,new
341,g06-037j-05-01,chapter
341,g06-037j-05-02,in
341,g06-037j-05-03,the
341,g06-037j-05-04,history
341,g06-037j-05-05,of
341,g06-037j-06-01,search
341,g06-037j-06-02,for
341,g06-037j-06-03,an
341,g06-037j-07-00,of
341,g06-037j-07-01,his
341,g06-037j-07-02,painful
341,g06-037j-07-03,malady
341,g06-037j-07-05,
341,g06-037j-07-06,of
341,g06-037j-07-07,the
341,g06-037j-08-00,ous
341,g06-037j-08-03,to
341,g06-037j-08-04,which
341,g06-037j-08-05,he
341,g06-037j-08-06,had
341,g06-037j-09-00,been
341,g06-037j-09-02,ever
341,g06-037j-09-03,since
341,g06-037j-09-04,the
341,g06-037j-10-00,had
341,g06-037j-10-01,first
341,g06-037j-10-02,shown
341,g06-037j-10-05,years
257,f02-000-00-00,The
257,f02-000-00-02,largest
257,f02-000-00-03,group
257,f02-000-00-06,of
257,f02-000-00-07,male
257,f02-000-01-00,weekly
257,f02-000-01-02,up
257,f02-000-01-03,to
257,f02-000-01-05,level
257,f02-000-02-00,and
257,f02-000-02-01,in
257,f02-000-02-02,the
257,f02-000-02-03,works
257,f02-000-02-04,only
257,f02-000-02-07,the
257,f02-000-02-08,offices
257,f02-000-02-10,was
257,f02-000-03-06,was
257,f02-000-04-01,from
257,f02-000-04-04,records
257,f02-000-05-01,that
257,f02-000-05-02,there
257,f02-000-05-03,were
257,f02-000-05-05,at
257,f02-000-05-06,that
257,f02-000-05-07,time
257,f02-000-06-00,teen
257,f02-000-06-01,men
257,f02-000-06-02,seventy
257,f02-000-06-03,years
257,f02-000-06-04,of
257,f02-000-06-05,age
257,f02-000-06-06,or
257,f02-000-06-07,older
257,f02-000-07-01,aged
257,f02-000-07-03,years
257,f02-000-07-05,and
257,f02-000-08-00,five
257,f02-000-08-01,just
257,f02-000-08-02,fifty
257,f02-000-08-03,years
257,f02-000-08-04,of
257,f02-000-08-05,age
73,a06-044-00-01,Anthony
73,a06-044-00-02,Fell
73,a06-044-00-06,called
73,a06-044-00-07,the
73,a06-044-01-00,and
73,a06-044-01-01,added
73,a06-044-01-04,It
73,a06-044-01-05,is
73,a06-044-01-06,the
73,a06-044-01-07,most
73,a06-044-01-09,thing
73,a06-044-01-10,any
73,a06-044-01-11,Prime
73,a06-044-02-01,has
73,a06-044-02-02,done
73,a06-044-02-03,for
73,a06-044-02-04,many
73,a06-044-02-06,many
73,a06-044-02-10,He
73,a06-044-03-03,The
73,a06-044-03-04,best
73,a06-044-03-05,service
73,a06-044-03-06,the
73,a06-044-03-07,Prime
73,a06-044-03-09,can
73,a06-044-03-10,do
73,a06-044-04-00,would
73,a06-044-04-01,be
73,a06-044-04-02,to
73,a06-044-04-03,resign
73,a06-044-04-06,The
73,a06-044-04-08,shocked
73,a06-044-04-09,MPs
73,a06-044-04-10,of
73,a06-044-05-00,all
73,a06-044-05-01,parties
73,a06-044-05-03,Even
73,a06-044-05-04,close
73,a06-044-05-05,friends
73,a06-044-05-06,were
73,a06-044-05-09,Fell
73,a06-044-06-00,to
73,a06-044-06-01,stop
635,p06-248-00-00,The
635,p06-248-00-01,thought
635,p06-248-00-02,of
635,p06-248-00-04,haunted
635,p06-248-00-05,her
635,p06-248-00-07,the
635,p06-248-00-08,sense
635,p06-248-00-09,of
635,p06-248-01-00,loss
635,p06-248-01-03,Her
635,p06-248-01-05,comment
635,p06-248-01-06,roused
635,p06-248-01-07,her
635,p06-248-01-08,as
635,p06-248-02-00,he
635,p06-248-02-01,said
635,p06-248-02-05,was
635,p06-248-02-06,not
635,p06-248-02-07,talking
635,p06-248-02-08,of
635,p06-248-02-12,But
635,p06-248-03-00,presume
635,p06-248-03-01,we
635,p06-248-03-02,shall
635,p06-248-03-03,be
635,p06-248-03-04,allowed
635,p06-248-03-05,to
635,p06-248-03-06,have
635,p06-248-03-07,one
635,p06-248-03-08,or
635,p06-248-03-09,two
635,p06-248-04-00,of
635,p06-248-04-01,our
635,p06-248-04-02,friends
635,p06-248-04-03,at
635,p06-248-04-04,the
17,b01-057-00-01,CURIOUS
17,b01-057-00-03,on
17,b01-057-00-04,page
17,b01-057-00-05,nine
17,b01-057-00-07,paid
17,b01-057-01-00,for
17,b01-057-01-01,by
17,b01-057-01-02,that
17,b01-057-01-03,curious
17,b01-057-01-04,body
17,b01-057-01-05,Moral
17,b01-057-02-00,Those
17,b01-057-02-01,who
17,b01-057-02-02,lend
17,b01-057-02-03,their
17,b01-057-02-04,names
17,b01-057-02-05,to
17,b01-057-02-06,this
17,b01-057-02-07,kind
17,b01-057-02-08,of
17,b01-057-03-01,are
17,b01-057-03-02,worthy
17,b01-057-03-03,people
17,b01-057-03-06,little
17,b01-057-04-00,of
17,b01-057-04-03,perhaps
17,b01-057-04-05,or
17,b01-057-04-06,carried
17,b01-057-04-07,away
17,b01-057-04-08,by
17,b01-057-04-09,the
17,b01-057-05-00,idea
17,b01-057-05-01,that
17,b01-057-05-02,moral
17,b01-057-05-04,would
17,b01-057-05-05,solve
17,b01-057-06-00,all
17,b01-057-06-01,our
17,b01-057-06-04,So
17,b01-057-06-05,it
17,b01-057-06-06,would
17,b01-057-06-08,While
17,b01-057-06-09,we
17,b01-057-06-10,are
17,b01-057-07-00,waiting
17,b01-057-07-01,for
17,b01-057-07-02,the
17,b01-057-07-05,however
17,b01-057-07-07,most
17,b01-057-07-08,of
17,b01-057-07-09,us
17,b01-057-08-00,would
17,b01-057-08-01,prefer
17,b01-057-08-02,to
17,b01-057-08-03,put
17,b01-057-08-04,our
17,b01-057-08-05,hopes
17,b01-057-08-06,for
17,b01-057-08-07,earthly
17,b01-057-08-08,justice
17,b01-057-08-09,in
17,b01-057-09-01,of
17,b01-057-09-04,such
17,b01-057-09-05,as
17,b01-057-09-06,trade
17,b01-057-09-07,unions
17,b01-057-10-00,and
17,b01-057-10-01,our
17,b01-057-10-02,local
17,b01-057-10-03,and
134,b06-087-00-00,There
134,b06-087-00-01,is
134,b06-087-00-02,only
134,b06-087-00-03,one
134,b06-087-00-04,way
134,b06-087-00-05,to
134,b06-087-00-06,develop
134,b06-087-00-07,unity
134,b06-087-00-08,and
134,b06-087-01-00,at
134,b06-087-01-01,the
134,b06-087-01-02,same
134,b06-087-01-03,time
134,b06-087-01-04,defend
134,b06-087-01-05,Britain
134,b06-087-01-07,This
134,b06-087-02-00,was
134,b06-087-02-01,shown
134,b06-087-02-02,at
134,b06-087-02-03,the
134,b06-087-02-05,Trades
134,b06-087-02-06,Union
134,b06-087-04-00,trade
134,b06-087-04-03,when
134,b06-087-04-04,it
134,b06-087-04-05,decided
134,b06-087-04-06,by
134,b06-087-05-00,votes
134,b06-087-05-02,to
134,b06-087-05-04,the
134,b06-087-06-00,on
134,b06-087-06-04,and
134,b06-087-06-05,to
134,b06-087-06-06,oppose
134,b06-087-07-00,Polaris
134,b06-087-07-01,and
134,b06-087-07-03,bases
134,b06-087-07-04,being
134,b06-087-07-06,on
134,b06-087-08-00,the
134,b06-087-08-01,Holy
134,b06-087-08-02,Loch
134,b06-087-08-04,or
134,b06-087-08-05,any
134,b06-087-08-06,other
134,b06-087-08-07,part
134,b06-087-08-08,of
134,b06-087-08-09,Britain
336,g06-047e-00-00,This
336,g06-047e-00-02,man
336,g06-047e-00-03,of
336,g06-047e-00-06,whom
336,g06-047e-00-07,Sir
336,g06-047e-00-08,Francis
336,g06-047e-00-09,Burdett
336,g06-047e-01-01,to
336,g06-047e-01-04,year
336,g06-047e-01-05,or
336,g06-047e-01-06,two
336,g06-047e-01-07,later
336,g06-047e-01-08,as
336,g06-047e-01-10,more
336,g06-047e-01-11,like
336,g06-047e-01-13,God
336,g06-047e-02-00,upon
336,g06-047e-02-01,earth
336,g06-047e-02-02,than
336,g06-047e-02-04,human
336,g06-047e-02-05,being
336,g06-047e-02-08,had
336,g06-047e-02-09,an
336,g06-047e-02-11,number
336,g06-047e-03-00,of
336,g06-047e-03-02,among
336,g06-047e-03-04,medical
336,g06-047e-03-05,men
336,g06-047e-03-06,in
336,g06-047e-03-07,the
336,g06-047e-03-08,cities
336,g06-047e-03-09,of
336,g06-047e-04-00,Europe
336,g06-047e-04-02,One
336,g06-047e-04-03,of
336,g06-047e-04-04,these
336,g06-047e-04-05,was
336,g06-047e-04-06,the
336,g06-047e-04-09,Dr
336,g06-047e-04-11,Mauro
336,g06-047e-05-00,whom
336,g06-047e-05-03,in
336,g06-047e-05-04,May
159,c04-035-00-01,Sid
159,c04-035-00-02,is
159,c04-035-00-04,tower
159,c04-035-00-05,of
159,c04-035-00-07,when
159,c04-035-01-01,Ian
159,c04-035-01-03,and
159,c04-035-01-04,Janette
159,c04-035-01-05,Scott
159,c04-035-01-06,let
159,c04-035-02-00,loose
159,c04-035-02-01,their
159,c04-035-02-02,ancient
159,c04-035-02-04,on
159,c04-035-02-07,trip
159,c04-035-02-08,down
159,c04-035-03-00,the
159,c04-035-03-01,river
159,c04-035-03-03,The
159,c04-035-03-04,film
159,c04-035-03-05,starts
159,c04-035-03-06,off
159,c04-035-03-08,enough
159,c04-035-03-09,but
159,c04-035-04-01,through
159,c04-035-04-03,the
159,c04-035-04-04,plot
159,c04-035-04-06,as
159,c04-035-04-07,well
159,c04-035-04-08,as
159,c04-035-04-09,the
159,c04-035-04-10,boat
159,c04-035-04-12,springs
159,c04-035-05-02,leak
159,c04-035-05-05,members
159,c04-035-05-06,of
159,c04-035-06-01,team
159,c04-035-06-02,of
159,c04-035-06-03,comedy
159,c04-035-06-05,jump
159,c04-035-06-06,through
159,c04-035-07-00,equally
159,c04-035-07-02,hoops
159,c04-035-07-03,to
159,c04-035-07-04,mild
123,b06-000-00-00,SOME
123,b06-000-00-02,years
123,b06-000-00-03,ago
123,b06-000-00-05,in
123,b06-000-00-06,the
123,b06-000-00-07,early
123,b06-000-00-08,summer
123,b06-000-00-09,of
123,b06-000-01-00,the
123,b06-000-01-01,German
123,b06-000-01-03,in
123,b06-000-01-04,London
123,b06-000-01-05,was
123,b06-000-02-01,secret
123,b06-000-02-02,report
123,b06-000-02-03,to
123,b06-000-02-04,his
123,b06-000-02-05,chief
123,b06-000-02-06,von
123,b06-000-02-07,Papen
123,b06-000-02-09,in
123,b06-000-02-10,Berlin
123,b06-000-03-01,Britain
123,b06-000-03-02,is
123,b06-000-03-04,in
123,b06-000-03-05,her
123,b06-000-03-06,role
123,b06-000-03-07,of
123,b06-000-04-00,of
123,b06-000-04-01,German
123,b06-000-04-04,in
123,b06-000-04-07,to
123,b06-000-04-08,France
123,b06-000-05-00,Later
123,b06-000-05-01,that
123,b06-000-05-02,year
123,b06-000-05-03,he
123,b06-000-05-04,warned
123,b06-000-05-05,that
123,b06-000-05-06,Britain
123,b06-000-05-07,knew
123,b06-000-06-00,Germany
123,b06-000-06-01,was
123,b06-000-06-03,the
123,b06-000-06-05,to
123,b06-000-06-06,stop
123,b06-000-07-01,bombers
123,b06-000-07-03,and
123,b06-000-07-04,added
123,c06-100-00-00,So
123,c06-100-00-01,all
123,c06-100-00-02,ends
123,c06-100-00-03,as
123,c06-100-00-04,you
123,c06-100-00-05,know
123,c06-100-00-06,it
123,c06-100-00-07,will
123,c06-100-00-09,with
123,c06-100-00-10,the
123,c06-100-01-03,wed
123,c06-100-01-04,and
123,c06-100-02-00,Master
123,c06-100-02-01,Darin
123,c06-100-02-02,going
123,c06-100-02-03,steady
123,c06-100-02-04,with
123,c06-100-02-05,the
123,c06-100-03-00,Sandra
123,c06-100-03-01,Dee
123,c06-100-03-03,to
123,c06-100-03-04,whom
123,c06-100-03-07,believe
123,c06-100-03-09,he
123,c06-100-03-10,is
123,c06-100-03-11,married
123,c06-100-04-00,in
123,c06-100-04-01,real
123,c06-100-04-02,life
123,c06-100-04-05,Miss
123,c06-100-04-06,Dee
123,c06-100-04-10,who
123,c06-100-04-11,keeps
123,c06-100-05-00,turning
123,c06-100-05-01,up
123,c06-100-05-02,as
123,c06-100-05-03,the
123,c06-100-05-04,typical
123,c06-100-05-06,in
123,c06-100-05-07,all
123,c06-100-05-08,the
123,c06-100-06-01,good
123,c06-100-06-02,girl
123,c06-100-06-04,parts
123,c06-100-06-06,Tuesday
123,c06-100-06-07,Weld
123,c06-100-06-08,gets
123,c06-100-06-09,the
123,c06-100-06-11,bad
123,c06-100-06-12,girl
123,c06-100-07-00,ones
123,c06-100-07-03,is
123,c06-100-07-05,quite
123,c06-100-07-06,an
123,c06-100-07-08,actress
340,g06-037i-00-00,God
340,g06-037i-00-01,grant
340,g06-037i-00-03,however
340,g06-037i-00-05,that
340,g06-037i-00-07,may
340,g06-037i-00-08,be
340,g06-037i-00-10,false
340,g06-037i-00-11,prophet
340,g06-037i-01-01,that
340,g06-037i-01-02,all
340,g06-037i-01-03,may
340,g06-037i-01-04,go
340,g06-037i-01-05,well
340,g06-037i-01-07,Sir
340,g06-037i-01-09,Peel
340,g06-037i-01-10,was
340,g06-037i-01-11,here
340,g06-037i-02-00,but
340,g06-037i-02-01,an
340,g06-037i-02-02,express
340,g06-037i-02-03,took
340,g06-037i-02-04,him
340,g06-037i-02-05,off
340,g06-037i-03-00,While
340,g06-037i-03-01,he
340,g06-037i-03-02,was
340,g06-037i-03-03,in
340,g06-037i-03-04,Naples
340,g06-037i-03-05,there
340,g06-037i-03-06,had
340,g06-037i-03-07,opened
340,g06-037i-03-09,new
340,g06-037i-03-10,chapter
340,g06-037i-04-00,in
340,g06-037i-04-01,the
340,g06-037i-04-02,history
340,g06-037i-04-03,of
340,g06-037i-04-06,search
340,g06-037i-04-07,for
340,g06-037i-04-08,an
340,g06-037i-05-02,of
340,g06-037i-05-03,his
340,g06-037i-05-04,painful
340,g06-037i-05-05,malady
340,g06-037i-05-07,
340,g06-037i-05-08,of
340,g06-037i-05-09,the
340,g06-037i-06-03,to
340,g06-037i-06-04,which
340,g06-037i-06-05,he
340,g06-037i-06-06,had
340,g06-037i-06-07,been
340,g06-037i-07-01,ever
340,g06-037i-07-02,since
340,g06-037i-07-03,the
340,g06-037i-07-05,had
340,g06-037i-07-06,first
340,g06-037i-07-07,shown
340,g06-037i-08-02,years
340,g06-037i-08-03,before
340,g06-037i-08-04,had
340,g06-037i-08-05,had
340,g06-037i-08-06,the
340,g06-037i-09-01,effect
99,b02-105-00-00,But
99,b02-105-00-01,they
99,b02-105-00-02,were
99,b02-105-00-03,so
99,b02-105-00-05,and
99,b02-105-00-06,they
99,b02-105-01-00,have
99,b02-105-01-01,had
99,b02-105-01-02,to
99,b02-105-01-03,take
99,b02-105-01-04,the
99,b02-105-02-00,while
99,b02-105-02-01,in
99,b02-105-02-02,Germany
99,b02-105-02-03,itself
99,b02-105-02-04,the
99,b02-105-02-05,course
99,b02-105-02-06,of
99,b02-105-03-00,the
99,b02-105-03-02,has
99,b02-105-03-05,good
99,b02-105-04-00,many
99,b02-105-04-01,people
99,b02-105-04-03,they
99,b02-105-04-04,too
99,b02-105-04-05,will
99,b02-105-04-06,be
99,b02-105-04-07,glad
99,b02-105-05-00,when
99,b02-105-05-01,the
99,b02-105-05-02,polling
99,b02-105-05-04,close
635,r06-022-00-00,This
635,r06-022-00-01,was
635,r06-022-00-02,strange
635,r06-022-00-04,even
635,r06-022-00-05,magic
635,r06-022-00-07,because
635,r06-022-00-08,the
635,r06-022-01-00,name
635,r06-022-01-01,was
635,r06-022-01-02,Pierre
635,r06-022-01-04,which
635,r06-022-01-06,in
635,r06-022-01-08,Italian
635,r06-022-01-09,means
635,r06-022-02-04,Pierre
635,r06-022-02-07,When
635,r06-022-02-08,we
635,r06-022-02-09,woke
635,r06-022-02-10,up
635,r06-022-02-12,it
635,r06-022-03-00,was
635,r06-022-03-01,raining
635,r06-022-03-03,an
635,r06-022-03-04,even
635,r06-022-03-07,rain
635,r06-022-03-08,than
635,r06-022-03-09,London
635,r06-022-03-11,and
635,r06-022-03-12,we
635,r06-022-04-00,looked
635,r06-022-04-01,out
635,r06-022-04-02,of
635,r06-022-04-03,the
635,r06-022-04-04,windows
635,r06-022-04-05,at
635,r06-022-04-06,the
635,r06-022-04-07,weeping
635,r06-022-04-08,trees
635,r06-022-04-09,and
635,r06-022-04-10,the
635,r06-022-05-00,curling
635,r06-022-05-01,white
635,r06-022-05-02,breath
635,r06-022-05-03,of
635,r06-022-05-04,the
635,r06-022-05-07,The
635,r06-022-05-08,land
635,r06-022-05-09,looked
635,r06-022-06-00,like
635,r06-022-06-02,beaten
635,r06-022-06-03,woman
635,r06-022-06-04,and
635,r06-022-06-05,the
635,r06-022-06-07,cried
635,r06-022-06-08,her
635,r06-022-07-00,shame
2,a01-003-00-00,Though
2,a01-003-00-01,they
2,a01-003-00-02,may
2,a01-003-00-03,gather
2,a01-003-00-04,some
2,a01-003-00-06,support
2,a01-003-01-00,large
2,a01-003-01-02,of
2,a01-003-01-03,Labour
2,a01-003-01-05,are
2,a01-003-01-06,likely
2,a01-003-01-07,to
2,a01-003-02-00,turn
2,a01-003-02-01,down
2,a01-003-02-02,the
2,a01-003-03-01,line
2,a01-003-03-02,will
2,a01-003-03-03,be
2,a01-003-03-04,that
2,a01-003-03-05,as
2,a01-003-03-06,Labour
2,a01-003-04-00,opposed
2,a01-003-04-01,the
2,a01-003-04-03,Bill
2,a01-003-04-04,which
2,a01-003-04-05,brought
2,a01-003-05-00,life
2,a01-003-05-01,peers
2,a01-003-05-02,into
2,a01-003-05-05,they
2,a01-003-05-06,should
2,a01-003-05-07,not
2,a01-003-06-00,now
2,a01-003-06-01,put
2,a01-003-06-02,forward
2,a01-003-06-05,He
2,a01-003-07-00,that
2,a01-003-07-01,the
2,a01-003-07-02,House
2,a01-003-07-03,of
2,a01-003-07-04,Lords
2,a01-003-07-05,should
2,a01-003-07-06,be
2,a01-003-08-00,and
2,a01-003-08-01,that
2,a01-003-08-02,Labour
2,a01-003-08-03,should
2,a01-003-08-04,not
2,a01-003-08-05,take
2,a01-003-08-06,any
2,a01-003-08-07,steps
2,a01-003-09-00,which
2,a01-003-09-01,would
2,a01-003-09-02,appear
2,a01-003-09-03,to
2,a01-003-09-05,prop
2,a01-003-09-06,up
2,a01-003-09-08,an
256,f01-147-00-00,He
256,f01-147-00-01,may
256,f01-147-00-02,never
256,f01-147-00-03,have
256,f01-147-00-04,had
256,f01-147-00-05,the
256,f01-147-00-06,disease
256,f01-147-00-07,himself
256,f01-147-00-08,but
256,f01-147-00-09,he
256,f01-147-01-00,can
256,f01-147-01-03,it
256,f01-147-01-06,the
256,f01-147-01-08,has
256,f01-147-02-00,to
256,f01-147-02-01,be
256,f01-147-02-03,to
256,f01-147-02-04,observe
256,f01-147-02-05,and
256,f01-147-02-06,make
256,f01-147-02-08,about
256,f01-147-03-00,all
256,f01-147-03-01,kinds
256,f01-147-03-02,of
256,f01-147-03-04,in
256,f01-147-03-05,other
256,f01-147-03-06,people
256,f01-147-03-08,whether
256,f01-147-03-09,or
256,f01-147-03-10,not
256,f01-147-03-11,they
256,f01-147-04-01,with
256,f01-147-04-03,in
256,f01-147-04-04,his
256,f01-147-04-05,own
256,f01-147-04-08,We
256,f01-147-04-09,know
256,f01-147-05-00,very
256,f01-147-05-01,little
256,f01-147-05-02,about
256,f01-147-05-03,the
256,f01-147-05-05,of
256,f01-147-05-07,which
256,f01-147-06-00,provide
256,f01-147-06-01,our
256,f01-147-06-02,schemas
256,f01-147-06-04,nor
256,f01-147-06-05,do
256,f01-147-06-06,we
256,f01-147-06-07,need
256,f01-147-06-08,to
256,f01-147-06-09,know
256,f01-147-06-10,as
256,f01-147-06-11,far
256,f01-147-06-12,as
256,f01-147-07-01,is
256,f01-147-07-04,these
256,f01-147-07-06,are
256,f01-147-07-07,the
256,f01-147-07-08,concern
256,f01-147-07-09,of
256,f01-147-08-00,the
5,a01-030-00-02,is
5,a01-030-00-04,member
5,a01-030-00-05,of
5,a01-030-00-06,the
5,a01-030-01-01,Macleod
5,a01-030-01-02,was
5,a01-030-01-03,not
5,a01-030-01-05,at
5,a01-030-01-07,meeting
5,a01-030-01-09,But
5,a01-030-01-10,he
5,a01-030-01-11,told
5,a01-030-02-05,have
5,a01-030-02-06,no
5,a01-030-02-08,of
5,a01-030-02-09,secret
5,a01-030-03-00,He
5,a01-030-03-01,said
5,a01-030-03-02,Britain
5,a01-030-03-03,had
5,a01-030-03-04,an
5,a01-030-03-06,to
5,a01-030-03-07,consult
5,a01-030-03-08,the
5,a01-030-03-09,Federal
5,a01-030-04-02,But
5,a01-030-04-03,the
5,a01-030-04-04,final
5,a01-030-04-07,with
5,a01-030-04-08,the
5,a01-030-04-09,British
5,a01-030-05-03,James
5,a01-030-06-00,said
5,a01-030-06-01,Sir
5,a01-030-06-02,Roy
5,a01-030-06-03,had
5,a01-030-06-04,no
5,a01-030-06-05,right
5,a01-030-06-06,to
5,a01-030-06-07,delay
5,a01-030-06-09,in
5,a01-030-06-10,the
5,a01-030-06-11,talks
5,a01-030-06-12,by
5,a01-030-07-01,to
5,a01-030-07-02,sit
5,a01-030-07-03,round
5,a01-030-07-04,the
5,a01-030-07-06,table
164,c04-075-00-00,Thus
164,c04-075-00-03,David
164,c04-075-00-05,chances
164,c04-075-00-06,of
164,c04-075-00-07,being
164,c04-075-00-09,starred
164,c04-075-01-00,disc
164,c04-075-01-01,solo
164,c04-075-01-02,pianist
164,c04-075-01-03,were
164,c04-075-01-04,greatly
164,c04-075-01-06,when
164,c04-075-01-07,he
164,c04-075-01-08,dug
164,c04-075-01-09,out
164,c04-075-02-01,PACKET
164,c04-075-02-02,OF
164,c04-075-02-06,Why
164,c04-075-02-07,not
164,c04-075-02-10,thought
164,c04-075-03-01,Lisbon
164,c04-075-03-03,who
164,c04-075-03-04,is
164,c04-075-03-07,and
164,c04-075-03-08,lives
164,c04-075-03-09,in
164,c04-075-03-12,Essex
164,c04-075-04-01,press
164,c04-075-04-04,into
164,c04-075-04-05,the
164,c04-075-04-06,nose
164,c04-075-04-07,of
164,c04-075-04-08,the
164,c04-075-04-09,hammers
164,c04-075-04-10,that
164,c04-075-04-11,strike
164,c04-075-05-00,the
164,c04-075-05-01,piano
164,c04-075-05-02,strings
164,c04-075-05-05,He
164,c04-075-05-06,did
164,c04-075-05-08,on
164,c04-075-05-09,his
164,c04-075-05-10,piano
164,c04-075-05-11,at
164,c04-075-05-12,home
164,c04-075-05-14,There
164,c04-075-06-00,enough
164,c04-075-06-01,tacks
164,c04-075-06-02,and
164,c04-075-06-03,he
164,c04-075-06-04,got
164,c04-075-06-05,only
164,c04-075-06-06,the
164,c04-075-06-07,middle
164,c04-075-06-08,hammers
164,c04-075-06-09,done
164,c04-122-00-01,Let
164,c04-122-00-03,have
164,c04-122-00-04,another
164,c04-122-00-05,song
164,c04-122-00-06,with
164,c04-122-00-08,month
164,c04-122-00-09,in
164,c04-122-00-10,it
164,c04-122-00-13,said
164,c04-122-00-14,Tolch
164,c04-122-01-00,Charles
164,c04-122-01-01,obliged
164,c04-122-01-02,with
164,c04-122-01-04,April
164,c04-122-01-08,This
164,c04-122-01-09,week
164,c04-122-01-10,it
164,c04-122-01-11,appears
164,c04-122-02-00,tuneful
164,c04-122-02-01,melody
164,c04-122-02-02,sung
164,c04-122-02-04,by
164,c04-122-02-05,Robert
164,c04-122-02-06,Earl
164,c04-122-02-08,Philips
164,c04-122-03-00,Russell
164,c04-122-03-01,Turner
164,c04-122-03-06,his
164,c04-122-03-07,last
164,c04-122-03-09,for
164,c04-122-03-10,the
164,c04-122-03-12,tonight
164,c04-122-04-00,with
164,c04-122-04-01,Robert
164,c04-122-04-04,Mystery
164,c04-122-04-05,and
164,c04-122-04-06,Magic
164,c04-122-04-12,After
164,c04-122-04-13,six
164,c04-122-04-14,years
164,c04-122-05-00,with
164,c04-122-05-01,the
164,c04-122-05-04,during
164,c04-122-05-05,which
164,c04-122-05-06,he
164,c04-122-05-07,started
164,c04-122-05-09,Juke
164,c04-122-05-10,Box
164,c04-122-05-11,Jury
164,c04-122-05-13,and
164,c04-122-06-03,Special
164,c04-122-06-06,Turner
164,c04-122-06-07,is
164,c04-122-06-08,aiming
164,c04-122-06-09,to
164,c04-122-06-10,go
164,c04-122-06-11,into
164,c04-122-07-02,film
164,c04-122-07-03,and
164,c04-122-07-04,stage
164,c04-122-07-06,work
144,c02-049-00-01,enough
144,c02-049-00-03,the
144,c02-049-00-04,Berlin
144,c02-049-01-00,the
144,c02-049-01-01,film
144,c02-049-01-02,with
144,c02-049-01-03,extreme
144,c02-049-01-06,much
144,c02-049-02-04,Une
144,c02-049-02-05,Femme
144,c02-049-03-00,est
144,c02-049-03-01,une
144,c02-049-03-02,Femme
144,c02-049-03-07,minute
144,c02-049-03-08,hymn
144,c02-049-04-00,to
144,c02-049-04-02,Vogue
144,c02-049-04-06,Cahiers
144,c02-049-04-07,du
144,c02-049-04-08,Cinema
144,c02-049-04-11,and
144,c02-049-04-12,the
144,c02-049-05-00,worst
144,c02-049-05-01,aspects
144,c02-049-05-02,of
144,c02-049-05-03,the
144,c02-049-05-05,cinema
144,c02-049-05-07,From
144,c02-049-06-02,funny
144,c02-049-06-03,start
144,c02-049-06-05,the
144,c02-049-06-06,work
144,c02-049-06-07,fizzles
144,c02-049-07-00,out
144,c02-049-07-01,into
144,c02-049-07-03,series
144,c02-049-07-04,of
144,c02-049-08-00,and
144,c02-049-08-02,jokes
144,c02-049-08-04,to
144,c02-049-08-05,the
144,c02-049-09-03,four
144,c02-049-09-04,plugs
144,c02-049-09-05,for
144,c02-049-09-06,Charles
137,c02-000-00-00,AFTER
137,c02-000-00-01,ten
137,c02-000-00-02,days
137,c02-000-00-03,of
137,c02-000-00-06,near
137,c02-000-00-07,fatal
137,c02-000-01-00,ennui
137,c02-000-01-02,the
137,c02-000-01-04,Berlin
137,c02-000-02-00,Film
137,c02-000-02-02,was
137,c02-000-02-04,jolted
137,c02-000-02-05,back
137,c02-000-02-06,to
137,c02-000-03-00,life
137,c02-000-03-01,by
137,c02-000-03-02,two
137,c02-000-03-04,films
137,c02-000-04-02,Das
137,c02-000-04-03,Wunder
137,c02-000-04-04,des
137,c02-000-04-09,The
137,c02-000-05-00,Miracle
137,c02-000-05-01,of
137,c02-000-05-02,Father
137,c02-000-05-06,and
137,c02-000-06-00,angelo
137,c02-000-06-03,La
137,c02-000-06-04,Notte
137,c02-000-06-07,The
137,c02-000-07-00,ber
137,c02-000-07-01,of
137,c02-000-07-02,German
137,c02-000-07-03,film
137,c02-000-07-05,who
137,c02-000-07-06,have
137,c02-000-08-00,made
137,c02-000-08-01,first
137,c02-000-08-02,rate
137,c02-000-08-03,works
137,c02-000-08-04,in
137,c02-000-08-05,the
137,c02-000-08-06,last
137,c02-000-08-08,years
137,c02-000-09-00,can
137,c02-000-09-01,be
137,c02-000-09-02,counted
137,c02-000-09-03,on
137,c02-000-09-04,the
137,c02-000-09-05,fingers
137,c02-000-09-06,of
137,c02-000-09-07,one
93,b01-113-00-00,ONLY
93,b01-113-00-02,man
93,b01-113-00-03,wrapped
93,b01-113-00-04,in
93,b01-113-00-05,the
93,b01-113-00-07,cocoon
93,b01-113-00-08,of
93,b01-113-00-09,what
93,b01-113-00-10,he
93,b01-113-00-11,regards
93,b01-113-01-00,as
93,b01-113-01-02,divine
93,b01-113-01-03,mission
93,b01-113-01-04,could
93,b01-113-01-05,have
93,b01-113-01-06,spoken
93,b01-113-01-07,of
93,b01-113-01-09,as
93,b01-113-02-00,policy
93,b01-113-02-01,of
93,b01-113-02-02,good
93,b01-113-02-06,We
93,b01-113-02-07,may
93,b01-113-02-08,be
93,b01-113-02-09,sure
93,b01-113-02-10,that
93,b01-113-03-00,he
93,b01-113-03-01,is
93,b01-113-03-02,not
93,b01-113-03-03,being
93,b01-113-03-06,That
93,b01-113-03-07,is
93,b01-113-03-08,what
93,b01-113-03-09,he
93,b01-113-04-00,really
93,b01-113-04-04,good
93,b01-113-04-06,to
93,b01-113-04-07,those
93,b01-113-05-00,who
93,b01-113-05-02,under
93,b01-113-05-05,will
93,b01-113-05-06,be
93,b01-113-05-07,forced
93,b01-113-05-08,back
93,b01-113-05-09,to
93,b01-113-06-00,their
93,b01-113-06-01,tribal
93,b01-113-06-03,with
93,b01-113-06-04,no
93,b01-113-06-06,but
93,b01-113-07-00,cramped
93,b01-113-07-01,and
0,a03-050-00-00,On
0,a03-050-00-01,the
0,a03-050-00-02,other
0,a03-050-00-03,hand
0,a03-050-00-06,Pearson
0,a03-050-00-07,excels
0,a03-050-01-00,in
0,a03-050-01-01,meeting
0,a03-050-01-02,people
0,a03-050-01-05,but
0,a03-050-01-06,many
0,a03-050-02-00,still
0,a03-050-02-01,regard
0,a03-050-02-02,him
0,a03-050-02-04,as
0,a03-050-02-05,some
0,a03-050-02-06,sort
0,a03-050-02-07,of
0,a03-050-02-08,cross
0,a03-050-03-00,between
0,a03-050-03-01,an
0,a03-050-03-02,egghead
0,a03-050-03-03,and
0,a03-050-04-00,His
0,a03-050-04-01,party
0,a03-050-04-03,are
0,a03-050-04-04,now
0,a03-050-04-05,trying
0,a03-050-04-06,to
0,a03-050-05-00,correct
0,a03-050-05-01,that
0,a03-050-05-02,image
0,a03-050-05-04,The
0,a03-050-05-05,bow
0,a03-050-05-06,tie
0,a03-050-05-07,has
0,a03-050-06-00,gone
0,a03-050-06-02,he
0,a03-050-06-03,is
0,a03-050-06-04,having
0,a03-050-06-05,lessons
0,a03-050-06-06,on
0,a03-050-07-02,and
0,a03-050-07-03,is
0,a03-050-07-04,being
0,a03-050-07-05,coached
0,a03-050-08-00,by
0,a03-050-08-01,speech
0,a03-050-08-02,experts
256,f01-143-00-00,And
256,f01-143-00-01,so
256,f01-143-00-02,they
256,f01-143-00-03,prefer
256,f01-143-00-05,methods
256,f01-143-00-07,Since
256,f01-143-00-08,they
256,f01-143-00-09,cannot
256,f01-143-01-01,look
256,f01-143-01-02,into
256,f01-143-01-03,the
256,f01-143-01-04,mental
256,f01-143-01-06,of
256,f01-143-01-07,another
256,f01-143-02-00,person
256,f01-143-02-01,they
256,f01-143-02-02,observe
256,f01-143-02-03,his
256,f01-143-02-04,visible
256,f01-143-02-06,and
256,f01-143-02-07,then
256,f01-143-02-08,try
256,f01-143-03-00,to
256,f01-143-03-01,give
256,f01-143-03-04,of
256,f01-143-03-05,what
256,f01-143-03-06,lies
256,f01-143-03-07,behind
256,f01-143-04-00,this
256,f01-143-04-03,This
256,f01-143-04-04,is
256,f01-143-04-05,no
256,f01-143-04-06,more
256,f01-143-04-07,queer
256,f01-143-04-08,than
256,f01-143-04-09,the
256,f01-143-04-10,method
256,f01-143-05-00,of
256,f01-143-05-01,the
256,f01-143-05-02,doctor
256,f01-143-05-03,who
256,f01-143-05-05,signs
256,f01-143-05-07,and
256,f01-143-05-08,records
256,f01-143-06-00,and
256,f01-143-06-02,the
256,f01-143-06-03,inner
256,f01-143-06-04,states
256,f01-143-06-06,for
256,f01-143-06-07,them
335,g06-031d-00-01,What
335,g06-031d-00-04,event
335,g06-031d-00-07,he
335,g06-031d-00-08,wrote
335,g06-031d-00-12,tremble
335,g06-031d-00-14,What
335,g06-031d-01-04,am
335,g06-031d-01-07,but
335,g06-031d-01-09,really
335,g06-031d-02-00,tremble
335,g06-031d-02-01,for
335,g06-031d-02-02,my
335,g06-031d-02-03,country
335,g06-031d-02-06,may
335,g06-031d-02-07,be
335,g06-031d-03-01,cannot
335,g06-031d-03-02,but
335,g06-031d-03-03,fear
335,g06-031d-03-04,that
335,g06-031d-03-05,the
335,g06-031d-03-07,of
335,g06-031d-03-08,the
335,g06-031d-03-09,People
335,g06-031d-04-00,will
335,g06-031d-04-01,be
335,g06-031d-04-02,so
335,g06-031d-04-03,great
335,g06-031d-04-04,at
335,g06-031d-04-05,the
335,g06-031d-04-06,return
335,g06-031d-04-07,of
335,g06-031d-05-00,that
335,g06-031d-05-01,the
335,g06-031d-05-02,Commons
335,g06-031d-05-03,House
335,g06-031d-05-04,upon
335,g06-031d-05-08,which
335,g06-031d-05-09,must
335,g06-031d-06-00,be
335,g06-031d-06-01,had
335,g06-031d-06-03,will
335,g06-031d-06-04,be
335,g06-031d-06-06,mass
335,g06-031d-06-07,of
335,g06-031d-06-11,then
335,g06-031d-06-12,God
335,g06-031d-07-00,knows
335,g06-031d-07-01,what
335,g06-031d-07-02,may
335,g06-031d-07-03,happen
670,r06-076-00-00,They
670,r06-076-00-01,all
670,r06-076-00-02,had
670,r06-076-00-03,that
670,r06-076-00-04,neat
670,r06-076-00-05,look
670,r06-076-00-06,of
670,r06-076-01-01,people
670,r06-076-01-02,to
670,r06-076-01-03,whom
670,r06-076-01-04,nothing
670,r06-076-02-00,could
670,r06-076-02-01,ever
670,r06-076-02-02,happen
670,r06-076-02-04,the
670,r06-076-02-05,chosen
670,r06-076-02-06,sane
670,r06-076-02-08,the
670,r06-076-03-05,from
670,r06-076-04-00,disease
670,r06-076-04-01,and
670,r06-076-04-03,by
670,r06-076-04-04,doctors
670,r06-076-04-06,God
670,r06-076-04-07,and
670,r06-076-05-00,the
670,r06-076-05-03,Yet
670,r06-076-05-05,at
670,r06-076-05-06,any
670,r06-076-05-07,time
670,r06-076-05-08,now
670,r06-076-06-00,the
670,r06-076-06-01,bell
670,r06-076-06-02,would
670,r06-076-06-03,ring
670,r06-076-06-04,for
670,r06-076-06-05,them
670,r06-076-06-07,the
670,r06-076-06-08,gilded
670,r06-076-07-00,love
670,r06-076-07-01,house
670,r06-076-07-03,the
670,r06-076-07-04,mad
670,r06-076-07-06,or
670,r06-076-07-07,the
670,r06-076-08-00,bloody
670,r06-076-08-01,child
670,r06-076-08-02,at
670,r06-076-08-03,the
338,g06-011g-00-00,By
338,g06-011g-00-01,the
338,g06-011g-00-02,end
338,g06-011g-00-03,of
338,g06-011g-00-04,the
338,g06-011g-00-05,month
338,g06-011g-00-06,he
338,g06-011g-00-07,still
338,g06-011g-00-09,in
338,g06-011g-00-10,Naples
338,g06-011g-00-12,He
338,g06-011g-00-13,told
338,g06-011g-01-01,that
338,g06-011g-01-02,he
338,g06-011g-01-03,enjoyed
338,g06-011g-01-04,it
338,g06-011g-01-05,as
338,g06-011g-01-06,much
338,g06-011g-01-07,as
338,g06-011g-01-08,his
338,g06-011g-01-09,health
338,g06-011g-02-01,him
338,g06-011g-02-02,to
338,g06-011g-02-03,enjoy
338,g06-011g-02-07,The
338,g06-011g-02-08,Pearl
338,g06-011g-02-11,he
338,g06-011g-02-12,wrote
338,g06-011g-02-15,is
338,g06-011g-03-00,arrived
338,g06-011g-03-02,which
338,g06-011g-03-03,is
338,g06-011g-03-05,great
338,g06-011g-03-09,seems
338,g06-011g-03-10,to
338,g06-011g-03-11,be
338,g06-011g-04-00,tired
338,g06-011g-04-02,he
338,g06-011g-04-03,is
338,g06-011g-04-04,going
338,g06-011g-04-05,out
338,g06-011g-04-06,fast
338,g06-011g-04-09,What
338,g06-011g-04-11,gay
338,g06-011g-04-13,lively
338,g06-011g-04-14,people
338,g06-011g-05-00,and
338,g06-011g-05-01,what
338,g06-011g-05-03,busy
338,g06-011g-05-04,town
338,g06-011g-05-06,At
338,g06-011g-05-07,Rome
338,g06-011g-05-09,every
338,g06-011g-05-10,other
338,g06-011g-05-11,man
338,g06-011g-05-12,was
338,g06-011g-06-01,priest
338,g06-011g-06-03,here
338,g06-011g-06-04,the
338,g06-011g-06-05,priest
338,g06-011g-06-06,is
338,g06-011g-06-08,by
338,g06-011g-06-09,the
338,g06-011g-06-10,soldier
338,g06-011g-07-01,change
338,g06-011g-07-02,in
338,g06-011g-07-03,my
338,g06-011g-07-04,eye
338,g06-011g-07-07,as
338,g06-011g-07-08,the
338,g06-011g-07-09,troops
338,g06-011g-08-00,are
338,g06-011g-08-01,very
338,g06-011g-08-02,fine
228,e02-100-00-00,Most
228,e02-100-00-01,tools
228,e02-100-00-02,have
228,e02-100-00-03,to
228,e02-100-00-04,lead
228,e02-100-00-05,an
228,e02-100-00-07,life
228,e02-100-00-09,and
228,e02-100-00-10,faults
228,e02-100-01-00,in
228,e02-100-01-01,design
228,e02-100-01-02,or
228,e02-100-01-03,quality
228,e02-100-01-04,soon
228,e02-100-01-05,become
228,e02-100-01-08,It
228,e02-100-01-09,is
228,e02-100-01-10,far
228,e02-100-02-00,better
228,e02-100-02-01,to
228,e02-100-02-02,pay
228,e02-100-02-03,the
228,e02-100-02-04,fair
228,e02-100-02-05,price
228,e02-100-02-06,for
228,e02-100-02-08,tool
228,e02-100-02-09,of
228,e02-100-02-10,good
228,e02-100-03-00,quality
228,e02-100-03-02,and
228,e02-100-03-03,not
228,e02-100-03-06,from
228,e02-100-03-07,the
228,e02-100-03-08,start
228,e02-100-04-00,To
228,e02-100-04-01,put
228,e02-100-04-02,it
228,e02-100-04-03,in
228,e02-100-04-07,way
228,e02-100-04-09,do
228,e02-100-04-10,not
228,e02-100-04-11,allow
228,e02-100-05-01,to
228,e02-100-05-02,blame
228,e02-100-05-03,the
228,e02-100-05-04,tools
228,e02-100-05-05,when
228,e02-100-05-06,the
228,e02-100-05-07,job
228,e02-100-05-08,does
228,e02-100-06-00,not
228,e02-100-06-01,turn
228,e02-100-06-02,out
228,e02-100-06-03,quite
228,e02-100-06-04,right
0,a01-030u-00-02,is
0,a01-030u-00-04,member
0,a01-030u-00-05,of
0,a01-030u-00-06,the
0,a01-030u-01-01,Macleod
0,a01-030u-01-02,was
0,a01-030u-01-03,not
0,a01-030u-01-04,at
0,a01-030u-01-05,the
0,a01-030u-02-00,meeting
0,a01-030u-02-02,But
0,a01-030u-02-03,he
0,a01-030u-02-04,told
0,a01-030u-03-00,have
0,a01-030u-03-01,no
0,a01-030u-03-03,of
0,a01-030u-03-04,secret
0,a01-030u-04-00,He
0,a01-030u-04-01,said
0,a01-030u-04-02,Britain
0,a01-030u-04-03,had
0,a01-030u-04-04,an
0,a01-030u-04-06,to
0,a01-030u-04-07,consult
0,a01-030u-05-00,the
0,a01-030u-05-01,Federal
0,a01-030u-05-04,But
0,a01-030u-05-05,the
0,a01-030u-05-06,final
0,a01-030u-06-02,with
0,a01-030u-06-03,the
0,a01-030u-06-04,British
0,a01-030u-07-01,James
0,a01-030u-08-02,said
0,a01-030u-08-03,Sir
0,a01-030u-08-04,Roy
0,a01-030u-08-05,had
0,a01-030u-08-06,no
0,a01-030u-08-07,right
0,a01-030u-08-08,to
0,a01-030u-09-00,delay
0,a01-030u-09-02,in
0,a01-030u-09-03,the
0,a01-030u-09-04,talks
0,a01-030u-09-05,by
0,a01-030u-10-00,to
0,a01-030u-10-01,sit
0,a01-030u-10-02,round
0,a01-030u-10-03,the
0,a01-030u-10-05,table
14,a01-058x-00-01,KENNEDY
14,a01-058x-00-02,is
14,a01-058x-00-03,ready
14,a01-058x-00-04,to
14,a01-058x-00-05,get
14,a01-058x-01-00,tough
14,a01-058x-01-01,over
14,a01-058x-01-02,West
14,a01-058x-01-04,cash
14,a01-058x-01-05,offer
14,a01-058x-01-06,to
14,a01-058x-02-00,help
14,a01-058x-02-02,balance
14,a01-058x-02-03,of
14,a01-058x-03-00,He
14,a01-058x-03-01,said
14,a01-058x-03-02,bluntly
14,a01-058x-03-03,in
14,a01-058x-04-00,that
14,a01-058x-04-01,the
14,a01-058x-04-02,offer
14,a01-058x-04-06,was
14,a01-058x-04-07,not
14,a01-058x-04-08,good
14,a01-058x-05-00,enough
14,a01-058x-05-02,And
14,a01-058x-05-03,he
14,a01-058x-05-05,that
14,a01-058x-05-06,his
14,a01-058x-06-01,would
14,a01-058x-06-02,try
14,a01-058x-06-03,to
14,a01-058x-06-04,get
14,a01-058x-06-05,Germany
14,a01-058x-06-06,to
14,a01-058x-07-00,pay
14,a01-058x-07-01,more
14,a01-058x-07-03,He
14,a01-058x-07-04,did
14,a01-058x-07-05,not
14,a01-058x-07-06,mention
14,a01-058x-08-00,talks
14,a01-058x-08-01,with
14,a01-058x-08-05,the
14,a01-058x-08-06,West
14,a01-058x-09-00,German
17,a01-087-00-01,Brown
17,a01-087-00-04,and
17,a01-087-00-07,led
17,a01-087-01-01,attack
17,a01-087-01-02,on
17,a01-087-01-03,the
17,a01-087-01-04,higher
17,a01-087-01-05,health
17,a01-087-02-00,charges
17,a01-087-02-03,Powell
17,a01-087-02-06,and
17,a01-087-03-02,replied
17,a01-087-03-03,with
17,a01-087-04-00,ment
17,a01-087-04-02,and
17,a01-087-04-03,ended
17,a01-087-04-04,by
17,a01-087-04-06,Labour
17,a01-087-05-00,to
17,a01-087-05-01,angry
17,a01-087-05-02,uproar
17,a01-087-05-04,One
17,a01-087-05-05,dealt
17,a01-087-05-06,with
17,a01-087-05-07,the
17,a01-087-05-08,human
17,a01-087-06-00,issue
17,a01-087-06-01,behind
17,a01-087-06-02,the
17,a01-087-06-03,Health
17,a01-087-06-04,Service
17,a01-087-06-06,the
17,a01-087-06-07,other
17,a01-087-07-00,tried
17,a01-087-07-01,to
17,a01-087-07-02,show
17,a01-087-07-03,that
17,a01-087-07-04,the
17,a01-087-07-06,must
17,a01-087-08-00,always
17,a01-087-08-01,come
17,a01-087-08-02,first
19,a01-122-00-02,Powell
19,a01-122-00-03,finds
19,a01-122-00-04,it
19,a01-122-00-05,easier
19,a01-122-00-06,to
19,a01-122-00-07,take
19,a01-122-00-08,it
19,a01-122-00-09,out
19,a01-122-00-10,of
19,a01-122-00-11,mothers
19,a01-122-01-01,and
19,a01-122-01-02,sick
19,a01-122-01-03,people
19,a01-122-01-04,than
19,a01-122-01-05,to
19,a01-122-01-06,take
19,a01-122-01-07,on
19,a01-122-01-08,this
19,a01-122-01-09,vast
19,a01-122-02-04,Brown
19,a01-122-02-06,icily
19,a01-122-02-09,Let
19,a01-122-02-10,us
19,a01-122-02-11,have
19,a01-122-03-00,full
19,a01-122-03-01,inquiry
19,a01-122-03-02,into
19,a01-122-03-03,the
19,a01-122-03-04,cost
19,a01-122-03-05,of
19,a01-122-03-06,drugs
19,a01-122-03-07,and
19,a01-122-03-08,the
19,a01-122-04-03,The
19,a01-122-04-04,health
19,a01-122-04-05,of
19,a01-122-04-07,today
19,a01-122-04-08,owed
19,a01-122-04-09,much
19,a01-122-05-00,to
19,a01-122-05-01,the
19,a01-122-05-02,welfare
19,a01-122-05-03,food
19,a01-122-05-04,scheme
19,a01-122-05-06,It
19,a01-122-05-07,was
19,a01-122-06-00,during
19,a01-122-06-01,the
19,a01-122-06-02,war
19,a01-122-06-04,Now
19,a01-122-06-05,in
19,a01-122-06-07,of
19,a01-122-06-08,Tory
19,a01-122-07-01,it
19,a01-122-07-02,seemed
19,a01-122-07-03,it
19,a01-122-07-04,could
19,a01-122-07-05,not
19,a01-122-07-06,be
19,a01-122-07-07,carried
19,a01-122-07-08,on
65,a05-009-00-00,He
65,a05-009-00-01,has
65,a05-009-00-02,had
65,a05-009-00-05,with
65,a05-009-00-06,the
65,a05-009-00-07,Service
65,a05-009-01-02,He
65,a05-009-01-03,has
65,a05-009-01-04,also
65,a05-009-01-05,had
65,a05-009-01-06,talks
65,a05-009-01-07,with
65,a05-009-01-08,the
65,a05-009-01-09,Earl
65,a05-009-02-00,of
65,a05-009-02-01,Home
65,a05-009-02-03,Foreign
65,a05-009-02-06,and
65,a05-009-02-07,with
65,a05-009-02-08,other
65,a05-009-03-02,with
65,a05-009-03-04,aspects
65,a05-009-04-00,of
65,a05-009-04-01,defence
65,a05-009-04-02,policy
65,a05-009-04-04,Details
65,a05-009-04-05,of
65,a05-009-04-06,the
65,a05-009-04-07,scheme
65,a05-009-05-00,are
65,a05-009-05-01,now
65,a05-009-05-02,being
65,a05-009-05-03,worked
65,a05-009-05-04,out
65,a05-009-05-05,by
65,a05-009-05-06,the
65,a05-009-05-07,Chiefs
65,a05-009-06-00,of
65,a05-009-06-01,Staff
65,a05-009-06-04,process
65,a05-009-06-05,that
65,a05-009-06-06,may
65,a05-009-06-07,take
65,a05-009-06-08,four
65,a05-009-07-00,or
65,a05-009-07-01,five
65,a05-009-07-02,months
636,r02-000-00-00,He
636,r02-000-00-01,had
636,r02-000-00-02,long
636,r02-000-00-03,sensed
636,r02-000-00-05,in
636,r02-000-00-06,the
636,r02-000-01-00,drawn
636,r02-000-01-01,between
636,r02-000-01-04,and
636,r02-000-01-05,those
636,r02-000-02-02,By
636,r02-000-02-03,the
636,r02-000-02-04,time
636,r02-000-02-05,his
636,r02-000-02-06,monthly
636,r02-000-02-07,salary
636,r02-000-03-00,arrived
636,r02-000-03-02,the
636,r02-000-03-03,Inland
636,r02-000-03-04,Revenue
636,r02-000-03-05,had
636,r02-000-03-06,already
636,r02-000-03-07,taken
636,r02-000-04-00,their
636,r02-000-04-01,share
636,r02-000-04-03,and
636,r02-000-04-04,there
636,r02-000-04-05,were
636,r02-000-04-07,few
636,r02-000-05-01,in
636,r02-000-05-02,tax
636,r02-000-05-03,save
636,r02-000-05-04,for
636,r02-000-05-05,wives
636,r02-000-06-01,or
636,r02-000-06-02,any
636,r02-000-06-03,of
636,r02-000-06-04,the
636,r02-000-06-05,other
636,r02-000-06-06,normal
636,r02-000-07-01,which
636,r02-000-07-02,Cecil
636,r02-000-07-03,had
636,r02-000-07-04,so
636,r02-000-07-05,far
636,r02-000-07-06,avoided
670,r06-044-00-00,They
670,r06-044-00-01,mostly
670,r06-044-00-03,in
670,r06-044-00-04,lonely
670,r06-044-01-03,for
670,r06-044-01-06,had
670,r06-044-01-07,been
670,r06-044-01-08,clubbed
670,r06-044-01-09,and
670,r06-044-02-01,to
670,r06-044-02-02,death
670,r06-044-02-03,by
670,r06-044-02-04,his
670,r06-044-02-05,wife
670,r06-044-02-08,and
670,r06-044-03-02,after
670,r06-044-03-04,up
670,r06-044-03-05,some
670,r06-044-03-06,sheep
670,r06-044-04-00,while
670,r06-044-04-01,the
670,r06-044-04-02,worse
670,r06-044-04-03,for
670,r06-044-04-04,drink
670,r06-044-04-06,The
670,r06-044-04-07,family
670,r06-044-05-00,group
670,r06-044-05-01,then
670,r06-044-05-02,sat
670,r06-044-05-03,down
670,r06-044-05-04,for
670,r06-044-05-06,late
670,r06-044-05-07,lunch
670,r06-044-06-00,before
670,r06-044-06-01,the
670,r06-044-06-04,the
670,r06-044-06-05,police
670,r06-044-07-00,Then
670,r06-044-07-01,again
670,r06-044-07-06,owing
670,r06-044-07-07,to
670,r06-044-07-08,family
670,r06-044-08-02,had
670,r06-044-08-03,written
670,r06-044-08-04,to
670,r06-044-08-05,the
670,r06-044-08-06,local
670,r06-044-09-00,paper
670,r06-044-09-01,and
670,r06-044-09-02,the
670,r06-044-09-04,of
670,r06-044-09-05,police
670,r06-044-10-01,them
670,r06-044-10-02,that
670,r06-044-10-03,he
670,r06-044-10-04,was
670,r06-044-10-05,on
670,r06-044-10-06,the
670,r06-044-10-07,point
130,b06-032-00-00,All
130,b06-032-00-01,this
130,b06-032-00-02,has
130,b06-032-00-03,been
130,b06-032-00-05,through
130,b06-032-00-06,Nato
130,b06-032-00-07,under
130,b06-032-01-03,But
130,b06-032-01-05,big
130,b06-032-01-06,role
130,b06-032-01-07,has
130,b06-032-01-08,been
130,b06-032-02-00,played
130,b06-032-02-01,not
130,b06-032-02-02,only
130,b06-032-02-03,by
130,b06-032-02-04,the
130,b06-032-02-05,British
130,b06-032-02-07,but
130,b06-032-03-00,by
130,b06-032-03-02,Labour
130,b06-032-03-03,in
130,b06-032-03-04,this
130,b06-032-03-05,country
130,b06-032-03-07,They
130,b06-032-03-08,have
130,b06-032-04-00,helped
130,b06-032-04-01,build
130,b06-032-04-02,up
130,b06-032-04-03,Nato
130,b06-032-04-04,and
130,b06-032-04-05,rearm
130,b06-032-04-06,Western
130,b06-032-04-07,Germany
130,b06-032-05-00,in
130,b06-032-05-01,pursuit
130,b06-032-05-02,of
130,b06-032-05-03,the
130,b06-032-05-04,old
130,b06-032-06-00,policy
130,b06-032-06-01,which
130,b06-032-06-02,brought
130,b06-032-06-04,in
38,a02-116-00-00,It
38,a02-116-00-01,was
38,a02-116-00-03,Butler
38,a02-116-00-04,who
38,a02-116-00-06,action
38,a02-116-00-07,which
38,a02-116-01-00,ended
38,a02-116-01-02,in
38,a02-116-01-04,members
38,a02-116-01-05,of
38,a02-116-01-06,the
38,a02-116-02-01,of
38,a02-116-02-03,being
38,a02-116-02-05,for
38,a02-116-03-01,breach
38,a02-116-03-02,of
38,a02-116-03-03,the
38,a02-116-03-04,peace
38,a02-116-03-06,The
38,a02-116-04-02,Earl
38,a02-116-04-03,Russell
38,a02-116-04-04,and
38,a02-116-05-00,his
38,a02-116-05-02,wife
38,a02-116-05-03,were
38,a02-116-05-04,each
38,a02-116-05-05,jailed
38,a02-116-05-06,for
38,a02-116-06-01,week
38,a02-116-06-04,Arnold
38,a02-116-06-05,Wesker
38,a02-116-06-07,The
38,a02-116-06-08,Kitchen
38,a02-116-07-00,and
38,a02-116-07-01,Robert
38,a02-116-07-02,Bolt
38,a02-116-07-04,The
38,a02-116-07-06,Cherry
38,a02-116-07-08,were
38,a02-116-08-00,jailed
38,a02-116-08-01,for
38,a02-116-08-03,month
87,b01-004-00-00,There
87,b01-004-00-01,is
87,b01-004-00-04,that
87,b01-004-00-05,it
87,b01-004-00-06,will
87,b01-004-00-07,not
87,b01-004-00-08,be
87,b01-004-01-00,settled
87,b01-004-01-01,at
87,b01-004-01-02,this
87,b01-004-01-05,It
87,b01-004-01-06,may
87,b01-004-01-07,be
87,b01-004-01-08,agreed
87,b01-004-01-09,to
87,b01-004-02-00,wait
87,b01-004-02-01,until
87,b01-004-02-02,South
87,b01-004-02-03,Africa
87,b01-004-02-05,becomes
87,b01-004-03-01,later
87,b01-004-03-02,in
87,b01-004-03-03,the
87,b01-004-03-04,year
87,b01-004-03-06,But
87,b01-004-03-07,if
87,b01-004-03-09,final
87,b01-004-04-01,is
87,b01-004-04-02,to
87,b01-004-04-03,be
87,b01-004-04-04,faced
87,b01-004-04-05,now
87,b01-004-04-07,on
87,b01-004-04-08,which
87,b01-004-04-09,side
87,b01-004-05-00,do
87,b01-004-05-01,the
87,b01-004-05-04,lie
87,b01-004-05-06,THE
87,b01-004-06-00,of
87,b01-004-06-02,has
87,b01-004-06-03,shown
87,b01-004-06-04,that
87,b01-004-06-05,the
87,b01-004-06-06,matter
87,b01-004-06-07,is
87,b01-004-07-00,not
336,g06-026e-00-02,life
336,g06-026e-00-03,truly
336,g06-026e-00-06,It
336,g06-026e-00-07,so
336,g06-026e-00-08,happens
336,g06-026e-00-09,that
336,g06-026e-00-11,have
336,g06-026e-00-12,an
336,g06-026e-00-13,Italian
336,g06-026e-01-00,who
336,g06-026e-01-01,is
336,g06-026e-01-02,perhaps
336,g06-026e-01-03,the
336,g06-026e-01-04,best
336,g06-026e-01-05,Valet
336,g06-026e-01-06,de
336,g06-026e-01-07,Chambre
336,g06-026e-01-08,that
336,g06-026e-01-09,ever
336,g06-026e-01-10,was
336,g06-026e-02-00,But
336,g06-026e-02-01,he
336,g06-026e-02-02,has
336,g06-026e-02-03,not
336,g06-026e-02-04,one
336,g06-026e-02-05,word
336,g06-026e-02-06,of
336,g06-026e-02-07,English
336,g06-026e-02-10,While
336,g06-026e-02-11,he
336,g06-026e-02-12,was
336,g06-026e-03-00,writing
336,g06-026e-03-01,this
336,g06-026e-03-02,letter
336,g06-026e-03-03,he
336,g06-026e-03-04,heard
336,g06-026e-03-05,of
336,g06-026e-03-06,the
336,g06-026e-03-07,fall
336,g06-026e-03-08,of
336,g06-026e-03-09,the
336,g06-026e-03-10,Whigs
336,g06-026e-03-12,and
336,g06-026e-04-00,the
336,g06-026e-04-03,of
336,g06-026e-04-04,the
336,g06-026e-04-06,by
336,g06-026e-04-07,the
336,g06-026e-05-00,Duke
336,g06-026e-05-01,of
671,r06-115-00-01,looked
671,r06-115-00-02,at
671,r06-115-00-03,the
671,r06-115-00-04,books
671,r06-115-00-05,lying
671,r06-115-01-00,around
671,r06-115-01-01,his
671,r06-115-01-02,room
671,r06-115-01-04,and
671,r06-115-01-05,asked
671,r06-115-01-06,if
671,r06-115-01-07,she
671,r06-115-02-00,might
671,r06-115-02-01,borrow
671,r06-115-02-02,the
671,r06-115-02-03,stories
671,r06-115-02-04,of
671,r06-115-02-05,Isaac
671,r06-115-02-06,Babel
671,r06-115-03-00,to
671,r06-115-03-01,read
671,r06-115-03-02,on
671,r06-115-03-03,the
671,r06-115-03-04,train
671,r06-115-03-07,is
671,r06-115-04-02,she
671,r06-115-04-03,might
671,r06-115-04-04,find
671,r06-115-04-05,them
671,r06-115-05-00,ficult
671,r06-115-05-02,but
671,r06-115-05-03,she
671,r06-115-05-04,said
671,r06-115-05-07,Philip
671,r06-115-05-08,reads
671,r06-115-05-09,them
671,r06-115-06-01,he
671,r06-115-06-04,During
671,r06-115-06-05,the
671,r06-115-06-06,journey
671,r06-115-06-08,read
671,r06-115-07-01,and
671,r06-115-07-02,watched
671,r06-115-07-03,her
671,r06-115-07-04,pretty
671,r06-115-08-01,face
671,r06-115-08-02,as
671,r06-115-08-03,she
671,r06-115-08-04,turned
671,r06-115-08-05,the
671,r06-115-09-00,pages
671,r06-115-09-01,of
671,r06-115-09-02,Babel
671,r06-115-09-04,for
671,r06-115-09-05,she
671,r06-115-09-06,was
671,r06-115-10-00,to
671,r06-115-10-01,let
671,r06-115-10-02,nothing
671,r06-115-10-03,get
671,r06-115-10-04,between
671,r06-115-10-05,her
671,r06-115-10-06,and
80,a06-095-00-02,said
80,a06-095-00-03,we
80,a06-095-00-04,could
80,a06-095-00-05,be
80,a06-095-00-06,more
80,a06-095-00-07,help
80,a06-095-01-00,to
80,a06-095-01-01,the
80,a06-095-01-03,through
80,a06-095-01-04,the
80,a06-095-02-01,we
80,a06-095-02-02,would
80,a06-095-02-03,gain
80,a06-095-02-04,in
80,a06-095-02-05,the
80,a06-095-02-06,Common
80,a06-095-03-00,Market
80,a06-095-03-01,than
80,a06-095-03-02,by
80,a06-095-03-05,He
80,a06-095-03-06,paid
80,a06-095-04-00,tribute
80,a06-095-04-01,to
80,a06-095-04-02,the
80,a06-095-04-04,of
80,a06-095-04-05,the
80,a06-095-05-00,Common
80,a06-095-05-01,Market
80,a06-095-05-04,The
80,a06-095-06-01,Common
80,a06-095-06-02,Market
80,a06-095-06-04,has
80,a06-095-06-06,an
80,a06-095-07-00,impetus
80,a06-095-07-01,and
80,a06-095-07-02,an
80,a06-095-07-04,growth
80,a06-095-08-00,to
80,a06-095-08-01,The
80,a06-095-08-02,Six
80,a06-095-08-04,Above
80,a06-095-08-05,all
80,a06-095-08-07,it
80,a06-095-08-08,is
80,a06-095-08-09,an
80,a06-095-08-10,idea
80,a06-095-09-00,which
80,a06-095-09-01,has
80,a06-095-09-02,gripped
80,a06-095-09-04,minds
80,a06-095-10-00,he
80,a06-095-10-01,said
0,a01-107u-00-01,We
0,a01-107u-00-02,believe
0,a01-107u-00-03,that
0,a01-107u-00-06,medical
0,a01-107u-01-00,service
0,a01-107u-01-02,free
0,a01-107u-01-03,to
0,a01-107u-01-04,the
0,a01-107u-01-05,patient
0,a01-107u-01-06,at
0,a01-107u-01-07,the
0,a01-107u-01-08,point
0,a01-107u-02-00,of
0,a01-107u-02-01,need
0,a01-107u-02-02,and
0,a01-107u-02-03,with
0,a01-107u-02-04,one
0,a01-107u-02-06,for
0,a01-107u-02-07,all
0,a01-107u-03-00,sick
0,a01-107u-03-01,people
0,a01-107u-03-03,is
0,a01-107u-03-04,good
0,a01-107u-03-05,and
0,a01-107u-04-01,We
0,a01-107u-04-02,remain
0,a01-107u-04-03,for
0,a01-107u-04-04,it
0,a01-107u-04-06,But
0,a01-107u-04-07,the
0,a01-107u-04-08,Tories
0,a01-107u-05-00,never
0,a01-107u-05-01,were
0,a01-107u-05-05,by
0,a01-107u-05-06,angry
0,a01-107u-05-07,Tories
0,a01-107u-06-01,Brown
0,a01-107u-06-05,The
0,a01-107u-06-06,jackals
0,a01-107u-06-07,bay
0,a01-107u-07-00,when
0,a01-107u-07-01,there
0,a01-107u-07-02,is
0,a01-107u-07-03,nothing
0,a01-107u-07-04,better
0,a01-107u-07-05,they
0,a01-107u-07-06,can
0,a01-107u-07-07,do
26,a02-098-00-00,Its
26,a02-098-00-01,terms
26,a02-098-00-02,have
26,a02-098-00-03,set
26,a02-098-00-04,the
26,a02-098-00-05,Prime
26,a02-098-00-07,an
26,a02-098-01-00,problem
26,a02-098-01-03,Sandys
26,a02-098-01-04,has
26,a02-098-01-05,warned
26,a02-098-01-06,of
26,a02-098-01-07,the
26,a02-098-01-08,risk
26,a02-098-01-09,of
26,a02-098-02-00,strong
26,a02-098-02-02,from
26,a02-098-02-03,Sir
26,a02-098-02-04,Roy
26,a02-098-02-06,to
26,a02-098-02-07,any
26,a02-098-03-01,that
26,a02-098-03-02,there
26,a02-098-03-03,may
26,a02-098-03-04,be
26,a02-098-03-05,fresh
26,a02-098-03-07,to
26,a02-098-03-08,the
26,a02-098-04-00,African
26,a02-098-04-04,Macleod
26,a02-098-04-05,has
26,a02-098-04-06,ample
26,a02-098-05-00,from
26,a02-098-05-01,talks
26,a02-098-05-02,with
26,a02-098-05-03,Sir
26,a02-098-05-04,John
26,a02-098-05-05,Moffat
26,a02-098-06-00,Liberal
26,a02-098-06-01,leader
26,a02-098-06-03,and
26,a02-098-06-05,Kaunda
26,a02-098-06-07,that
26,a02-098-06-08,the
26,a02-098-06-09,bulk
26,a02-098-07-00,of
26,a02-098-07-02,and
26,a02-098-07-04,will
26,a02-098-07-05,reject
26,a02-098-07-06,the
26,a02-098-08-01,unless
26,a02-098-08-02,it
26,a02-098-08-03,is
273,g04-011-00-02,had
273,g04-011-00-03,been
273,g04-011-00-04,asked
273,g04-011-00-05,to
273,g04-011-00-06,do
273,g04-011-00-08,bit
273,g04-011-00-09,of
273,g04-011-01-00,work
273,g04-011-01-01,in
273,g04-011-01-03,with
273,g04-011-01-04,Higher
273,g04-011-01-08,and
273,g04-011-02-00,to
273,g04-011-02-01,become
273,g04-011-02-02,the
273,g04-011-02-05,of
273,g04-011-02-06,the
273,g04-011-02-07,Church
273,g04-011-02-08,Reading
273,g04-011-03-00,Union
273,g04-011-03-02,This
273,g04-011-03-03,meant
273,g04-011-03-06,and
273,g04-011-03-07,courses
273,g04-011-03-08,of
273,g04-011-04-02,through
273,g04-011-04-03,the
273,g04-011-04-04,Diocese
273,g04-011-04-06,and
273,g04-011-05-00,also
273,g04-011-05-01,found
273,g04-011-05-02,myself
273,g04-011-05-04,member
273,g04-011-05-05,of
273,g04-011-05-06,the
273,g04-011-06-02,where
273,g04-011-06-06,myself
273,g04-011-06-07,as
273,g04-011-07-00,the
273,g04-011-07-02,of
273,g04-011-07-03,the
273,g04-011-07-04,highest
273,g04-011-07-05,church
273,g04-011-07-06,in
273,g04-011-07-07,the
273,g04-011-08-00,Diocese
230,e04-008-00-00,All
230,e04-008-00-01,the
230,e04-008-00-02,joints
230,e04-008-00-03,are
230,e04-008-00-04,simple
230,e04-008-00-05,halving
230,e04-008-00-06,joints
230,e04-008-00-07,glued
230,e04-008-00-08,and
230,e04-008-00-09,pinned
230,e04-008-01-00,which
230,e04-008-01-01,should
230,e04-008-01-03,be
230,e04-008-01-04,cut
230,e04-008-01-05,with
230,e04-008-01-06,care
230,e04-008-01-07,to
230,e04-008-01-08,ensure
230,e04-008-01-10,neat
230,e04-008-02-02,The
230,e04-008-02-03,side
230,e04-008-02-04,frames
230,e04-008-02-05,are
230,e04-008-02-06,joined
230,e04-008-02-07,by
230,e04-008-02-08,four
230,e04-008-02-09,cross
230,e04-008-02-10,pieces
230,e04-008-03-00,each
230,e04-008-03-04,by
230,e04-008-03-07,by
230,e04-008-03-10,which
230,e04-008-03-11,fit
230,e04-008-03-12,into
230,e04-008-03-13,the
230,e04-008-04-00,cut
230,e04-008-04-01,to
230,e04-008-04-02,fit
230,e04-008-04-03,them
260,f02-020-00-00,The
260,f02-020-00-01,weekend
260,f02-020-00-03,for
260,f02-020-00-04,the
260,f02-020-00-05,men
260,f02-020-00-06,and
260,f02-020-00-07,their
260,f02-020-00-08,wives
260,f02-020-01-00,which
260,f02-020-01-01,takes
260,f02-020-01-02,place
260,f02-020-01-03,at
260,f02-020-01-04,company
260,f02-020-01-05,expense
260,f02-020-01-06,in
260,f02-020-01-08,country
260,f02-020-01-09,or
260,f02-020-02-00,resort
260,f02-020-02-01,hotel
260,f02-020-02-04,an
260,f02-020-02-05,address
260,f02-020-02-06,on
260,f02-020-02-08,The
260,f02-020-02-10,Point
260,f02-020-03-00,of
260,f02-020-03-01,View
260,f02-020-03-03,and
260,f02-020-03-04,one
260,f02-020-03-05,on
260,f02-020-03-07,Making
260,f02-020-03-08,the
260,f02-020-03-09,Most
260,f02-020-03-10,of
260,f02-020-03-11,Health
260,f02-020-04-01,are
260,f02-020-04-03,for
260,f02-020-04-04,the
260,f02-020-04-05,wives
260,f02-020-04-06,in
260,f02-020-04-08,to
260,f02-020-04-09,the
260,f02-020-05-00,plenary
260,f02-020-05-03,Of
260,f02-020-05-04,the
260,f02-020-05-05,men
260,f02-020-05-07,fifty
260,f02-020-05-08,years
260,f02-020-05-09,of
260,f02-020-05-10,age
260,f02-020-06-00,since
260,f02-020-06-01,the
260,f02-020-06-02,scheme
260,f02-020-06-03,started
260,f02-020-06-08,per
260,f02-020-06-09,cent
260,f02-020-06-11,have
260,f02-020-07-00,taken
260,f02-020-07-01,part
93,b01-118-00-01,good
93,b01-118-00-03,to
93,b01-118-00-04,those
93,b01-118-00-06,who
93,b01-118-00-07,will
93,b01-118-01-00,tinue
93,b01-118-01-01,to
93,b01-118-01-02,live
93,b01-118-01-03,as
93,b01-118-01-04,hewers
93,b01-118-01-05,of
93,b01-118-01-06,wood
93,b01-118-01-07,and
93,b01-118-01-08,drawers
93,b01-118-01-09,of
93,b01-118-02-00,water
93,b01-118-02-01,in
93,b01-118-02-02,the
93,b01-118-02-03,white
93,b01-118-02-04,areas
93,b01-118-02-05,of
93,b01-118-02-06,South
93,b01-118-02-07,Africa
93,b01-118-02-09,without
93,b01-118-02-10,rights
93,b01-118-03-00,and
93,b01-118-03-01,without
93,b01-118-03-02,hope
93,b01-118-03-04,THE
93,b01-118-03-05,same
93,b01-118-03-06,sort
93,b01-118-03-07,of
93,b01-118-03-08,good
93,b01-118-04-00,that
93,b01-118-04-01,he
93,b01-118-04-02,proved
93,b01-118-04-03,to
93,b01-118-04-04,be
93,b01-118-04-05,to
93,b01-118-04-06,the
93,b01-118-04-07,Jews
93,b01-118-04-08,fleeing
93,b01-118-04-09,from
93,b01-118-05-00,Hitler
93,b01-118-05-01,in
93,b01-118-05-02,the
93,b01-118-05-05,It
93,b01-118-05-06,was
93,b01-118-05-09,who
93,b01-118-06-00,led
93,b01-118-06-02,protest
93,b01-118-06-03,against
93,b01-118-06-05,any
93,b01-118-06-06,of
93,b01-118-06-07,them
93,b01-118-07-00,because
93,b01-118-07-01,they
93,b01-118-07-02,would
93,b01-118-07-04,defile
93,b01-118-07-06,the
93,b01-118-08-00,white
93,b01-118-08-01,stock
31,a02-062-00-01,third
31,a02-062-00-03,house
31,a02-062-00-04,was
31,a02-062-00-05,watched
31,a02-062-00-06,for
31,a02-062-00-07,four
31,a02-062-00-08,days
31,a02-062-01-00,by
31,a02-062-01-02,men
31,a02-062-01-06,George
31,a02-062-02-00,Clark
31,a02-062-02-02,at
31,a02-062-02-04,Press
31,a02-062-02-08,The
31,a02-062-03-00,most
31,a02-062-03-02,things
31,a02-062-03-03,are
31,a02-062-03-07,Fifty
31,a02-062-04-01,members
31,a02-062-04-02,will
31,a02-062-04-03,appear
31,a02-062-04-04,at
31,a02-062-05-00,today
31,a02-062-05-03,Lord
31,a02-062-05-04,Russell
31,a02-062-05-06,Lady
31,a02-062-05-07,Russell
31,a02-062-06-00,Lord
31,a02-062-06-03,the
31,a02-062-06-05,Michael
31,a02-062-06-06,Scott
31,a02-062-06-08,and
31,a02-062-07-01,Clark
338,g06-045g-00-00,In
338,g06-045g-00-01,April
338,g06-045g-00-02,of
338,g06-045g-00-03,that
338,g06-045g-00-04,year
338,g06-045g-00-05,his
338,g06-045g-00-06,first
338,g06-045g-00-10,the
338,g06-045g-01-01,Lord
338,g06-045g-01-04,had
338,g06-045g-01-05,written
338,g06-045g-01-06,to
338,g06-045g-01-07,advise
338,g06-045g-02-00,to
338,g06-045g-02-01,give
338,g06-045g-02-02,the
338,g06-045g-02-03,system
338,g06-045g-02-05,trial
338,g06-045g-02-07,adding
338,g06-045g-02-08,that
338,g06-045g-02-09,it
338,g06-045g-02-10,was
338,g06-045g-02-11,being
338,g06-045g-03-00,with
338,g06-045g-03-02,success
338,g06-045g-03-03,in
338,g06-045g-03-04,France
338,g06-045g-03-05,and
338,g06-045g-03-06,Italy
338,g06-045g-03-08,and
338,g06-045g-03-09,that
338,g06-045g-03-10,he
338,g06-045g-04-00,himself
338,g06-045g-04-01,was
338,g06-045g-04-02,being
338,g06-045g-04-03,treated
338,g06-045g-04-04,under
338,g06-045g-04-06,doctor
338,g06-045g-04-07,who
338,g06-045g-04-08,had
338,g06-045g-04-09,studied
338,g06-045g-05-00,under
338,g06-045g-05-01,its
338,g06-045g-05-02,founder
338,g06-045g-05-04,the
338,g06-045g-05-05,aged
338,g06-045g-05-07,Samuel
340,g06-045i-00-00,In
340,g06-045i-00-01,April
340,g06-045i-00-02,of
340,g06-045i-00-03,that
340,g06-045i-00-04,year
340,g06-045i-00-05,his
340,g06-045i-00-06,first
340,g06-045i-01-00,the
340,g06-045i-01-02,Lord
340,g06-045i-01-05,had
340,g06-045i-01-06,written
340,g06-045i-01-07,to
340,g06-045i-01-08,advise
340,g06-045i-02-01,to
340,g06-045i-02-02,give
340,g06-045i-02-03,the
340,g06-045i-02-04,system
340,g06-045i-02-06,trial
340,g06-045i-02-08,adding
340,g06-045i-02-09,that
340,g06-045i-02-10,it
340,g06-045i-02-11,was
340,g06-045i-03-00,being
340,g06-045i-03-02,with
340,g06-045i-03-04,success
340,g06-045i-03-05,in
340,g06-045i-03-06,France
340,g06-045i-03-07,and
340,g06-045i-04-00,Italy
340,g06-045i-04-02,and
340,g06-045i-04-03,that
340,g06-045i-04-04,he
340,g06-045i-04-05,himself
340,g06-045i-04-06,was
340,g06-045i-04-07,being
340,g06-045i-04-08,treated
340,g06-045i-04-09,under
340,g06-045i-05-00,doctor
340,g06-045i-05-01,who
340,g06-045i-05-02,had
340,g06-045i-05-03,studied
340,g06-045i-05-04,under
340,g06-045i-05-05,its
340,g06-045i-05-06,founder
340,g06-045i-05-08,the
340,g06-045i-05-09,aged
340,g06-045i-06-01,Samuel
0,a01-102u-00-01,After
0,a01-102u-00-04,of
0,a01-102u-00-05,helping
0,a01-102u-00-06,others
0,a01-102u-00-07,and
0,a01-102u-01-00,healing
0,a01-102u-01-01,the
0,a01-102u-01-02,sick
0,a01-102u-01-04,my
0,a01-102u-01-06,opinion
0,a01-102u-01-07,is
0,a01-102u-01-08,that
0,a01-102u-02-00,anybody
0,a01-102u-02-02,the
0,a01-102u-02-04,charges
0,a01-102u-02-05,is
0,a01-102u-03-00,wicked
0,a01-102u-03-02,old
0,a01-102u-03-07,Brown
0,a01-102u-03-08,went
0,a01-102u-03-09,on
0,a01-102u-03-12,We
0,a01-102u-04-00,are
0,a01-102u-04-01,dealing
0,a01-102u-04-02,with
0,a01-102u-04-04,noble
0,a01-102u-04-05,edifice
0,a01-102u-04-06,which
0,a01-102u-05-00,needs
0,a01-102u-05-01,an
0,a01-102u-05-04,to
0,a01-102u-05-05,improve
0,a01-102u-06-00,it
0,a01-102u-06-02,but
0,a01-102u-06-03,it
0,a01-102u-06-04,has
0,a01-102u-06-05,got
0,a01-102u-06-10,We
0,a01-102u-07-00,have
0,a01-102u-07-02,from
0,a01-102u-07-03,the
0,a01-102u-07-04,real
0,a01-102u-07-06,to
0,a01-102u-08-01,about
0,a01-102u-08-02,with
0,a01-102u-08-03,bills
0,a01-102u-08-04,of
0,a01-102u-08-05,cost
220,e02-018-00-01,glance
220,e02-018-00-02,at
220,e02-018-00-03,the
220,e02-018-00-04,gauge
220,e02-018-00-05,marks
220,e02-018-00-06,at
220,e02-018-00-07,the
220,e02-018-00-08,bottom
220,e02-018-01-00,end
220,e02-018-01-01,reveals
220,e02-018-01-02,when
220,e02-018-01-03,the
220,e02-018-01-05,amount
220,e02-018-02-00,has
220,e02-018-02-01,been
220,e02-018-02-02,removed
220,e02-018-02-04,and
220,e02-018-02-05,if
220,e02-018-02-06,care
220,e02-018-02-07,is
220,e02-018-02-08,taken
220,e02-018-03-00,to
220,e02-018-03-01,stop
220,e02-018-03-02,the
220,e02-018-03-03,plane
220,e02-018-03-04,short
220,e02-018-03-05,of
220,e02-018-03-06,the
220,e02-018-03-07,squared
220,e02-018-04-00,pencil
220,e02-018-04-01,line
220,e02-018-04-02,at
220,e02-018-04-03,the
220,e02-018-04-04,top
220,e02-018-04-06,the
220,e02-018-04-07,work
220,e02-018-04-08,will
220,e02-018-04-09,be
220,e02-018-05-02,The
220,e02-018-05-04,can
220,e02-018-05-05,be
220,e02-018-05-06,used
220,e02-018-06-00,to
220,e02-018-06-01,test
220,e02-018-06-02,the
220,e02-018-06-04,of
220,e02-018-06-05,the
220,e02-018-06-06,sides
0,a05-000-00-00,THE
0,a05-000-00-01,next
0,a05-000-00-02,White
0,a05-000-00-03,Paper
0,a05-000-00-04,on
0,a05-000-00-05,defence
0,a05-000-00-07,to
0,a05-000-01-00,be
0,a05-000-01-02,in
0,a05-000-01-03,March
0,a05-000-01-05,is
0,a05-000-01-06,likely
0,a05-000-01-07,to
0,a05-000-02-00,contain
0,a05-000-02-03,plan
0,a05-000-02-04,for
0,a05-000-02-05,the
0,a05-000-02-06,three
0,a05-000-03-02,Its
0,a05-000-03-03,aim
0,a05-000-03-04,will
0,a05-000-03-05,be
0,a05-000-03-06,to
0,a05-000-03-07,produce
0,a05-000-04-03,forces
0,a05-000-04-04,of
0,a05-000-05-00,about
0,a05-000-05-02,men
0,a05-000-05-04,The
0,a05-000-05-05,three
0,a05-000-06-00,would
0,a05-000-06-01,be
0,a05-000-06-05,to
0,a05-000-06-07,greater
0,a05-000-07-00,extent
0,a05-000-07-01,than
0,a05-000-07-02,ever
0,a05-000-07-03,before
246,e07-072-00-00,DESPITE
246,e07-072-00-01,the
246,e07-072-00-02,steady
246,e07-072-00-03,influx
246,e07-072-00-04,of
246,e07-072-01-00,since
246,e07-072-01-01,the
246,e07-072-01-02,end
246,e07-072-01-03,of
246,e07-072-01-04,the
246,e07-072-01-05,war
246,e07-072-01-07,clay
246,e07-072-01-08,pots
246,e07-072-01-09,are
246,e07-072-02-00,still
246,e07-072-02-01,in
246,e07-072-02-03,demand
246,e07-072-02-05,It
246,e07-072-02-06,is
246,e07-072-02-07,mostly
246,e07-072-03-00,in
246,e07-072-03-01,the
246,e07-072-03-02,smaller
246,e07-072-03-03,sizes
246,e07-072-03-04,that
246,e07-072-03-05,the
246,e07-072-04-00,have
246,e07-072-04-01,made
246,e07-072-04-02,headway
246,e07-072-04-04,and
246,e07-072-05-01,small
246,e07-072-05-02,clay
246,e07-072-05-03,pots
246,e07-072-05-04,are
246,e07-072-05-05,used
246,e07-072-05-06,each
246,e07-072-06-00,year
246,e07-072-06-02,they
246,e07-072-06-03,are
246,e07-072-06-04,fewer
246,e07-072-06-05,than
246,e07-072-06-06,they
246,e07-072-06-07,were
246,e07-072-07-00,years
246,e07-072-07-01,ago
246,e07-072-07-03,In
246,e07-072-07-04,the
246,e07-072-07-05,larger
246,e07-072-07-06,sizes
246,e07-072-07-07,there
246,e07-072-07-08,is
246,e07-072-07-09,still
246,e07-072-08-00,no
246,e07-072-08-01,real
246,e07-072-08-03,for
246,e07-072-08-04,clay
246,e07-072-08-05,that
246,e07-072-08-06,can
246,e07-072-08-07,be
246,e07-072-09-01,at
246,e07-072-09-04,price
246,e07-072-09-06,except
246,e07-072-09-07,the
246,e07-072-10-01,paper
246,e07-072-10-02,pots
246,e07-072-10-03,which
246,e07-072-10-04,are
246,e07-072-10-05,used
246,e07-072-10-06,on
246,e07-072-11-02,for
246,e07-072-11-03,growing
86,a06-152-00-00,Behind
86,a06-152-00-02,slogan
86,a06-152-00-03,of
86,a06-152-00-04,German
86,a06-152-01-01,is
86,a06-152-01-02,the
86,a06-152-01-04,to
86,a06-152-01-05,impose
86,a06-152-02-00,on
86,a06-152-02-01,East
86,a06-152-02-02,Germany
86,a06-152-02-03,the
86,a06-152-02-04,regime
86,a06-152-02-06,in
86,a06-152-03-00,West
86,a06-152-03-01,Germany
86,a06-152-03-04,are
86,a06-152-03-05,pouring
86,a06-152-03-06,out
86,a06-152-04-01,of
86,a06-152-04-02,East
86,a06-152-04-03,Germany
86,a06-152-04-04,into
86,a06-152-04-05,West
86,a06-152-05-00,Berlin
86,a06-152-05-01,faster
86,a06-152-05-02,than
86,a06-152-05-03,ever
86,a06-152-05-07,latest
86,a06-152-06-00,speech
86,a06-152-06-01,scared
86,a06-152-06-03,East
86,a06-152-06-04,Germans
86,a06-152-06-05,to
86,a06-152-07-00,cross
86,a06-152-07-01,into
86,a06-152-07-02,West
86,a06-152-07-05,centre
86,a06-152-08-00,DURING
86,a06-152-08-01,MONDAY
86,a06-152-08-02,NIGHT
86,a06-152-08-04,And
86,a06-152-09-00,expect
86,a06-152-09-01,the
86,a06-152-09-02,total
86,a06-152-09-03,to
86,a06-152-09-04,leap
86,a06-152-09-05,to
86,a06-152-10-02,day
10,a01-020x-00-01,Macleod
10,a01-020x-00-02,went
10,a01-020x-00-03,on
10,a01-020x-00-04,with
10,a01-020x-00-05,the
10,a01-020x-00-07,at
10,a01-020x-01-01,House
10,a01-020x-01-02,despite
10,a01-020x-01-03,the
10,a01-020x-01-04,crisis
10,a01-020x-01-05,which
10,a01-020x-01-06,had
10,a01-020x-02-00,blown
10,a01-020x-02-01,up
10,a01-020x-02-03,He
10,a01-020x-02-04,has
10,a01-020x-02-05,now
10,a01-020x-02-07,his
10,a01-020x-02-08,full
10,a01-020x-02-09,plans
10,a01-020x-03-00,to
10,a01-020x-03-01,the
10,a01-020x-03-03,and
10,a01-020x-03-07,These
10,a01-020x-04-00,plans
10,a01-020x-04-01,do
10,a01-020x-04-02,not
10,a01-020x-04-03,give
10,a01-020x-04-04,the
10,a01-020x-04-06,the
10,a01-020x-04-07,overall
10,a01-020x-05-00,rity
10,a01-020x-05-01,they
10,a01-020x-05-02,are
10,a01-020x-05-03,seeking
10,a01-020x-05-05,African
10,a01-020x-05-07,are
10,a01-020x-06-01,them
10,a01-020x-06-02,today
10,a01-020x-06-04,The
10,a01-020x-06-06,will
10,a01-020x-06-07,meet
10,a01-020x-07-00,to
10,a01-020x-07-01,discuss
10,a01-020x-07-02,the
10,a01-020x-07-04,of
10,a01-020x-07-07,House
10,a01-020x-08-00,of
10,a01-020x-08-01,Chiefs
233,e04-030-00-00,To
233,e04-030-00-02,the
233,e04-030-00-03,job
233,e04-030-00-05,screw
233,e04-030-00-06,two
233,e04-030-00-08,to
233,e04-030-00-09,the
233,e04-030-01-00,inside
233,e04-030-01-01,of
233,e04-030-01-02,the
233,e04-030-01-03,chair
233,e04-030-01-04,arms
233,e04-030-01-05,about
233,e04-030-01-09,from
233,e04-030-01-10,the
233,e04-030-02-00,back
233,e04-030-02-01,to
233,e04-030-02-02,hold
233,e04-030-02-03,the
233,e04-030-02-05,safety
233,e04-030-02-06,harness
233,e04-030-02-08,These
233,e04-030-02-09,can
233,e04-030-02-10,be
233,e04-030-03-00,made
233,e04-030-03-01,by
233,e04-030-03-02,shaping
233,e04-030-03-03,and
233,e04-030-03-05,two
233,e04-030-03-06,pieces
233,e04-030-03-07,of
233,e04-030-03-08,stout
233,e04-030-04-00,wire
233,e04-030-04-01,as
233,e04-030-04-02,shown
233,e04-030-04-03,in
233,e04-030-04-07,Make
233,e04-030-04-08,sure
233,e04-030-04-09,that
233,e04-030-04-10,these
233,e04-030-05-00,are
233,e04-030-05-01,well
233,e04-030-05-02,secured
233,e04-030-05-03,as
233,e04-030-05-04,they
233,e04-030-05-05,will
233,e04-030-05-06,have
233,e04-030-05-07,to
233,e04-030-06-01,pulling
233,e04-030-06-02,as
233,e04-030-06-03,the
233,e04-030-06-04,child
233,e04-030-06-05,becomes
233,e04-030-06-06,older
635,r06-000-00-00,Vence
635,r06-000-00-01,is
635,r06-000-00-03,sober
635,r06-000-00-04,spot
635,r06-000-00-06,half
635,r06-000-00-07,way
635,r06-000-00-08,between
635,r06-000-00-09,small
635,r06-000-01-00,town
635,r06-000-01-01,and
635,r06-000-01-02,village
635,r06-000-01-04,pigeon
635,r06-000-01-05,grey
635,r06-000-01-07,sly
635,r06-000-01-08,with
635,r06-000-01-09,arches
635,r06-000-01-11,and
635,r06-000-02-00,linked
635,r06-000-02-01,by
635,r06-000-02-04,plot
635,r06-000-02-05,of
635,r06-000-02-08,In
635,r06-000-02-09,the
635,r06-000-02-10,main
635,r06-000-03-01,square
635,r06-000-03-02,you
635,r06-000-03-03,can
635,r06-000-03-04,sit
635,r06-000-03-05,in
635,r06-000-03-06,the
635,r06-000-03-07,autumn
635,r06-000-04-02,still
635,r06-000-04-03,burning
635,r06-000-04-04,like
635,r06-000-04-07,iron
635,r06-000-05-00,sip
635,r06-000-05-01,pastis
635,r06-000-05-02,and
635,r06-000-05-03,read
635,r06-000-05-04,the
635,r06-000-05-05,local
153,c03-084d-00-01,Bryan
153,c03-084d-00-04,is
153,c03-084d-00-05,quietly
153,c03-084d-01-02,giving
153,c03-084d-01-03,full
153,c03-084d-01-04,value
153,c03-084d-01-05,to
153,c03-084d-01-06,the
153,c03-084d-01-07,formal
153,c03-084d-02-01,of
153,c03-084d-02-03,writing
153,c03-084d-02-04,without
153,c03-084d-03-01,them
153,c03-084d-03-03,Last
153,c03-084d-03-05,play
153,c03-084d-03-06,in
153,c03-084d-03-07,the
153,c03-084d-04-01,Play
153,c03-084d-04-02,of
153,c03-084d-04-03,the
153,c03-084d-04-04,Week
153,c03-084d-04-06,series
153,c03-084d-04-07,on
153,c03-084d-05-02,Then
153,c03-084d-05-03,We
153,c03-084d-05-04,Fall
153,c03-084d-05-06,by
153,c03-084d-05-08,Paul
153,c03-084d-06-00,ris
153,c03-084d-06-02,was
153,c03-084d-06-05,on
153,c03-084d-06-06,the
153,c03-084d-06-07,not
153,c03-084d-07-00,theme
153,c03-084d-07-01,of
153,c03-084d-07-02,the
153,c03-084d-07-04,power
153,c03-084d-07-05,of
337,g06-031f-00-01,What
337,g06-031f-00-04,event
337,g06-031f-00-07,he
337,g06-031f-00-08,wrote
337,g06-031f-00-12,tremble
337,g06-031f-00-14,What
337,g06-031f-01-02,am
337,g06-031f-01-05,but
337,g06-031f-01-07,really
337,g06-031f-01-08,tremble
337,g06-031f-01-09,for
337,g06-031f-01-10,my
337,g06-031f-01-11,country
337,g06-031f-01-14,may
337,g06-031f-02-00,be
337,g06-031f-02-05,cannot
337,g06-031f-02-06,but
337,g06-031f-02-07,fear
337,g06-031f-02-08,that
337,g06-031f-02-09,the
337,g06-031f-02-11,of
337,g06-031f-02-12,the
337,g06-031f-03-00,People
337,g06-031f-03-01,will
337,g06-031f-03-02,be
337,g06-031f-03-03,so
337,g06-031f-03-04,great
337,g06-031f-03-05,at
337,g06-031f-03-06,the
337,g06-031f-03-07,return
337,g06-031f-03-08,of
337,g06-031f-03-11,that
337,g06-031f-03-12,the
337,g06-031f-04-00,Commons
337,g06-031f-04-01,House
337,g06-031f-04-02,upon
337,g06-031f-04-06,which
337,g06-031f-04-07,must
337,g06-031f-04-08,be
337,g06-031f-04-09,had
337,g06-031f-04-11,will
337,g06-031f-04-12,be
337,g06-031f-05-01,mass
337,g06-031f-05-02,of
337,g06-031f-05-06,then
337,g06-031f-05-07,God
337,g06-031f-05-08,knows
337,g06-031f-05-09,what
337,g06-031f-05-10,may
337,g06-031f-05-11,happen
96,b02-045-00-00,Formula
96,b02-045-00-01,One
96,b02-045-00-03,which
96,b02-045-00-05,in
96,b02-045-00-09,to
96,b02-045-00-10,make
96,b02-045-01-00,this
96,b02-045-01-01,likely
96,b02-045-01-03,Formula
96,b02-045-01-04,Two
96,b02-045-01-06,which
96,b02-045-01-08,in
96,b02-045-01-09,June
96,b02-045-01-11,made
96,b02-045-01-12,it
96,b02-045-02-00,very
96,b02-045-02-03,if
96,b02-045-02-04,Formula
96,b02-045-02-05,Three
96,b02-045-02-07,the
96,b02-045-03-02,that
96,b02-045-03-03,is
96,b02-045-03-04,all
96,b02-045-03-05,that
96,b02-045-03-06,need
96,b02-045-03-07,be
96,b02-045-03-09,of
96,b02-045-03-10,it
96,b02-045-03-12,It
96,b02-045-03-13,is
96,b02-045-03-15,pity
96,b02-045-04-00,that
96,b02-045-04-01,the
96,b02-045-04-03,should
96,b02-045-04-04,ever
96,b02-045-04-05,have
96,b02-045-04-06,been
96,b02-045-04-07,led
96,b02-045-04-08,away
96,b02-045-05-00,from
96,b02-045-05-01,this
96,b02-045-05-04,It
96,b02-045-05-05,is
96,b02-045-05-07,great
96,b02-045-05-08,pity
96,b02-045-05-09,that
96,b02-045-05-10,the
96,b02-045-06-01,should
96,b02-045-06-02,give
96,b02-045-06-03,the
96,b02-045-06-05,of
96,b02-045-06-08,not
96,b02-045-07-00,to
96,b02-045-07-01,Mr
96,b02-045-07-06,but
96,b02-045-07-07,to
96,b02-045-08-00,the
96,b02-045-08-02,which
96,b02-045-08-03,he
96,b02-045-08-04,tried
96,b02-045-08-05,to
96,b02-045-08-06,prevent
330,h04-007-00-01,with
330,h04-007-00-04,the
330,h04-007-00-06,index
330,h04-007-00-07,for
330,h04-007-01-00,showed
330,h04-007-01-02,of
330,h04-007-01-04,to
330,h04-007-01-06,per
330,h04-007-01-07,cent
330,h04-007-01-08,for
330,h04-007-01-09,couples
330,h04-007-01-10,without
330,h04-007-02-01,and
330,h04-007-02-02,those
330,h04-007-02-03,with
330,h04-007-02-04,one
330,h04-007-02-05,child
330,h04-007-02-07,and
330,h04-007-02-08,much
330,h04-007-02-09,smaller
330,h04-007-03-00,changes
330,h04-007-03-01,for
330,h04-007-03-02,couples
330,h04-007-03-03,with
330,h04-007-03-04,several
330,h04-007-03-07,The
330,h04-007-04-00,index
330,h04-007-04-02,which
330,h04-007-04-03,has
330,h04-007-04-04,risen
330,h04-007-04-05,only
330,h04-007-04-06,slowly
330,h04-007-04-07,since
330,h04-007-04-10,was
330,h04-007-05-00,almost
330,h04-007-05-02,in
330,h04-007-05-04,for
330,h04-007-05-05,couples
330,h04-007-05-06,with
330,h04-007-05-07,two
330,h04-007-05-08,or
330,h04-007-05-09,more
330,h04-007-06-02,but
330,h04-007-06-03,rose
330,h04-007-06-04,by
330,h04-007-06-06,per
330,h04-007-06-07,cent
330,h04-007-06-08,in
330,h04-007-06-09,the
330,h04-007-06-10,older
330,h04-007-07-01,and
330,h04-007-07-02,by
330,h04-007-07-04,per
330,h04-007-07-05,cent
330,h04-007-07-06,for
330,h04-007-07-07,younger
330,h04-007-08-00,couples
330,h04-007-08-01,and
330,h04-007-08-02,couples
330,h04-007-08-03,with
330,h04-007-08-04,one
330,h04-007-08-05,child
0,a05-099-00-02,to
0,a05-099-00-03,the
0,a05-099-00-05,of
0,a05-099-00-06,Germany
0,a05-099-01-00,brought
0,a05-099-01-02,bark
0,a05-099-01-03,of
0,a05-099-01-05,Start
0,a05-099-01-06,another
0,a05-099-01-07,war
0,a05-099-02-00,from
0,a05-099-02-02,Ellis
0,a05-099-02-03,Smith
0,a05-099-02-07,Stoke
0,a05-099-02-08,on
0,a05-099-02-09,Trent
0,a05-099-03-00,Then
0,a05-099-03-02,Healey
0,a05-099-03-04,out
0,a05-099-03-05,on
0,a05-099-03-06,his
0,a05-099-03-07,pet
0,a05-099-04-00,theme
0,a05-099-04-01,of
0,a05-099-04-03,of
0,a05-099-04-05,in
0,a05-099-04-06,Europe
0,a05-099-05-00,This
0,a05-099-05-01,could
0,a05-099-05-03,he
0,a05-099-05-06,be
0,a05-099-05-07,linked
0,a05-099-05-08,with
0,a05-099-06-01,of
0,a05-099-06-02,the
0,a05-099-06-04,of
0,a05-099-06-05,atomic
0,a05-099-07-00,weapons
0,a05-099-07-01,in
0,a05-099-07-02,any
0,a05-099-07-03,part
0,a05-099-07-04,of
0,a05-099-07-05,Europe
0,a05-099-08-00,and
0,a05-099-08-01,control
0,a05-099-08-02,would
0,a05-099-08-03,be
0,a05-099-08-04,much
0,a05-099-08-05,easier
0,a05-099-08-06,to
0,a05-099-09-01,in
0,a05-099-09-02,these
159,c04-017-00-00,But
159,c04-017-00-02,miles
159,c04-017-00-03,seems
159,c04-017-00-05,heck
159,c04-017-00-06,of
159,c04-017-00-08,way
159,c04-017-00-09,to
159,c04-017-00-10,go
159,c04-017-01-00,for
159,c04-017-01-02,new
159,c04-017-01-03,hit
159,c04-017-01-04,song
159,c04-017-01-06,He
159,c04-017-01-07,might
159,c04-017-01-08,be
159,c04-017-01-09,well
159,c04-017-01-10,advised
159,c04-017-01-11,to
159,c04-017-02-00,think
159,c04-017-02-01,hard
159,c04-017-02-02,and
159,c04-017-02-03,long
159,c04-017-02-04,before
159,c04-017-02-05,his
159,c04-017-02-06,next
159,c04-017-02-07,jump
159,c04-017-02-08,into
159,c04-017-02-09,the
159,c04-017-03-01,arena
159,c04-017-04-00,VERDICT
159,c04-017-04-02,Vaughan
159,c04-017-04-03,should
159,c04-017-04-04,have
159,c04-017-04-06,this
159,c04-017-05-00,RONALD
159,c04-017-05-01,Lewis
159,c04-017-05-02,has
159,c04-017-05-03,just
159,c04-017-05-04,left
159,c04-017-05-05,for
159,c04-017-05-06,his
159,c04-017-05-07,first
159,c04-017-05-08,taste
159,c04-017-05-09,of
159,c04-017-05-10,the
159,c04-017-06-03,thanks
159,c04-017-06-04,to
159,c04-017-06-06,sound
159,c04-017-06-08,in
159,c04-017-07-01,Taste
159,c04-017-07-02,of
159,c04-017-07-03,Fear
159,c04-017-07-06,Warner
159,c04-017-07-07,Theatre
61,a04-047-00-01,the
61,a04-047-00-02,annual
61,a04-047-00-04,of
61,a04-047-00-05,the
61,a04-047-00-07,Union
61,a04-047-01-00,of
61,a04-047-01-01,General
61,a04-047-01-02,and
61,a04-047-01-04,Workers
61,a04-047-01-06,he
61,a04-047-01-07,said
61,a04-047-01-08,he
61,a04-047-01-09,felt
61,a04-047-02-00,sure
61,a04-047-02-01,the
61,a04-047-02-02,Labour
61,a04-047-02-04,was
61,a04-047-02-05,coming
61,a04-047-02-06,round
61,a04-047-02-07,in
61,a04-047-03-00,support
61,a04-047-03-01,of
61,a04-047-03-02,his
61,a04-047-03-03,views
61,a04-047-03-07,of
61,a04-047-03-08,the
61,a04-047-03-09,fierce
61,a04-047-03-10,and
61,a04-047-04-02,over
61,a04-047-04-03,the
61,a04-047-04-05,Polaris
61,a04-047-04-06,base
61,a04-047-04-07,in
61,a04-047-05-00,Britain
61,a04-047-05-04,said
61,a04-047-05-05,that
61,a04-047-05-06,he
61,a04-047-05-07,even
61,a04-047-05-08,noticed
61,a04-047-05-09,that
61,a04-047-06-01,of
61,a04-047-06-03,nuclear
61,a04-047-06-05,were
61,a04-047-07-00,their
61,a04-047-07-01,tactics
61,a04-047-07-02,by
61,a04-047-07-04,most
61,a04-047-07-05,of
61,a04-047-07-06,their
61,a04-047-07-08,on
61,a04-047-08-00,to
61,a04-047-08-01,the
61,a04-047-08-02,missile
12,a01-043-00-01,talks
12,a01-043-00-02,at
12,a01-043-00-04,House
12,a01-043-00-05,will
12,a01-043-01-00,resume
12,a01-043-01-01,today
12,a01-043-01-04,Kennedy
12,a01-043-01-05,today
12,a01-043-02-01,the
12,a01-043-02-03,of
12,a01-043-02-05,Negro
12,a01-043-02-06,as
12,a01-043-03-00,his
12,a01-043-03-01,Housing
12,a01-043-03-04,It
12,a01-043-03-05,has
12,a01-043-03-06,aroused
12,a01-043-04-00,strong
12,a01-043-04-02,from
12,a01-043-04-03,the
12,a01-043-05-01,of
12,a01-043-05-02,the
12,a01-043-05-03,Deep
12,a01-043-05-04,South
12,a01-043-05-06,The
12,a01-043-05-07,negro
12,a01-043-06-00,is
12,a01-043-06-02,Robert
12,a01-043-06-03,Weaver
12,a01-043-06-04,of
12,a01-043-06-05,New
12,a01-043-06-06,York
12,a01-043-06-08,One
12,a01-043-07-00,of
12,a01-043-07-01,his
12,a01-043-07-02,tasks
12,a01-043-07-03,will
12,a01-043-07-04,be
12,a01-043-07-05,to
12,a01-043-07-06,see
12,a01-043-07-07,there
12,a01-043-07-08,is
12,a01-043-07-09,no
12,a01-043-08-00,racial
12,a01-043-08-02,in
12,a01-043-09-00,and
12,a01-043-09-01,State
12,a01-043-09-02,housing
0,a05-073-00-00,He
0,a05-073-00-01,spent
0,a05-073-00-02,most
0,a05-073-00-03,of
0,a05-073-00-04,his
0,a05-073-00-05,short
0,a05-073-00-07,on
0,a05-073-01-00,Berlin
0,a05-073-01-02,He
0,a05-073-01-04,the
0,a05-073-01-06,of
0,a05-073-02-00,some
0,a05-073-02-02,new
0,a05-073-02-03,myth
0,a05-073-02-05,about
0,a05-073-02-07,of
0,a05-073-02-08,Germany
0,a05-073-03-00,by
0,a05-073-03-01,the
0,a05-073-03-02,Allies
0,a05-073-03-05,We
0,a05-073-03-06,do
0,a05-073-03-07,not
0,a05-073-03-10,he
0,a05-073-03-11,said
0,a05-073-03-14,really
0,a05-073-04-00,know
0,a05-073-04-01,what
0,a05-073-04-02,the
0,a05-073-04-04,want
0,a05-073-04-07,But
0,a05-073-04-08,he
0,a05-073-04-09,was
0,a05-073-05-00,certain
0,a05-073-05-01,that
0,a05-073-05-02,they
0,a05-073-05-03,wanted
0,a05-073-05-04,to
0,a05-073-06-00,final
0,a05-073-06-01,and
0,a05-073-06-04,of
0,a05-073-06-05,Germany
0,a05-073-07-00,Britain
0,a05-073-07-01,could
0,a05-073-07-02,not
0,a05-073-07-03,be
0,a05-073-07-05,party
0,a05-073-07-06,to
0,a05-073-07-07,an
0,a05-073-07-08,imposed
0,a05-073-08-02,But
0,a05-073-08-05,as
0,a05-073-08-06,the
0,a05-073-08-07,debate
0,a05-073-08-08,had
0,a05-073-09-00,shown
0,a05-073-09-02,could
0,a05-073-09-03,be
0,a05-073-09-05,on
0,a05-073-09-07,variety
0,a05-073-10-00,of
0,a05-073-10-01,bases
92,b01-089-00-00,The
92,b01-089-00-01,big
92,b01-089-00-02,Powers
92,b01-089-00-04,in
92,b01-089-00-05,the
92,b01-089-00-06,Cold
92,b01-089-00-07,War
92,b01-089-01-00,must
92,b01-089-01-01,of
92,b01-089-01-02,course
92,b01-089-01-03,keep
92,b01-089-01-04,out
92,b01-089-01-06,The
92,b01-089-01-08,were
92,b01-089-02-01,in
92,b01-089-02-03,naval
92,b01-089-02-04,ships
92,b01-089-02-05,in
92,b01-089-02-06,case
92,b01-089-03-01,help
92,b01-089-03-02,was
92,b01-089-03-03,wanted
92,b01-089-03-05,but
92,b01-089-03-06,they
92,b01-089-04-01,that
92,b01-089-04-02,there
92,b01-089-04-03,was
92,b01-089-04-04,no
92,b01-089-04-06,to
92,b01-089-05-00,in
92,b01-089-05-04,the
92,b01-089-05-05,ships
92,b01-089-05-06,turned
92,b01-089-05-07,away
92,b01-089-06-00,again
92,b01-089-06-03,that
92,b01-089-06-04,they
92,b01-089-06-05,were
92,b01-089-06-06,not
92,b01-089-07-00,It
92,b01-089-07-01,is
92,b01-089-07-02,to
92,b01-089-07-03,be
92,b01-089-07-04,hoped
92,b01-089-07-05,that
92,b01-089-07-06,the
92,b01-089-07-07,UN
92,b01-089-07-08,will
92,b01-089-07-09,be
92,b01-089-08-01,in
92,b01-089-08-02,their
92,b01-089-08-03,port
92,b01-089-08-04,by
92,b01-089-09-00,and
92,b01-089-09-01,that
92,b01-089-09-02,there
92,b01-089-09-03,will
92,b01-089-09-04,be
92,b01-089-09-05,no
92,b01-089-09-06,more
4,a01-007-00-00,Since
4,a01-007-00-04,Labour
4,a01-007-00-05,life
4,a01-007-00-06,Peers
4,a01-007-00-07,and
4,a01-007-01-01,have
4,a01-007-01-02,been
4,a01-007-01-03,created
4,a01-007-01-05,Most
4,a01-007-01-06,Labour
4,a01-007-02-01,would
4,a01-007-02-03,still
4,a01-007-02-04,favour
4,a01-007-02-05,the
4,a01-007-03-00,of
4,a01-007-03-01,the
4,a01-007-03-02,House
4,a01-007-03-03,of
4,a01-007-03-04,Lords
4,a01-007-03-06,but
4,a01-007-03-07,while
4,a01-007-03-08,it
4,a01-007-03-09,remains
4,a01-007-04-00,Labour
4,a01-007-04-01,has
4,a01-007-04-02,to
4,a01-007-04-03,have
4,a01-007-04-04,an
4,a01-007-04-06,number
4,a01-007-04-07,of
4,a01-007-05-00,members
4,a01-007-05-02,THE
4,a01-007-05-03,two
4,a01-007-05-04,rival
4,a01-007-05-05,African
4,a01-007-06-00,Parties
4,a01-007-06-01,of
4,a01-007-06-04,have
4,a01-007-06-05,agreed
4,a01-007-06-06,to
4,a01-007-07-00,get
4,a01-007-07-02,to
4,a01-007-07-03,face
4,a01-007-07-04,the
4,a01-007-07-06,from
4,a01-007-07-07,Sir
4,a01-007-08-00,Roy
4,a01-007-08-03,the
4,a01-007-08-04,Federal
4,a01-007-08-05,Premier
50,a03-037-00-00,Last
50,a03-037-00-01,year
50,a03-037-00-02,saw
50,a03-037-00-03,the
50,a03-037-00-04,defeat
50,a03-037-00-05,of
50,a03-037-00-06,two
50,a03-037-01-03,Quebec
50,a03-037-01-04,and
50,a03-037-01-05,New
50,a03-037-01-08,and
50,a03-037-02-00,in
50,a03-037-02-01,the
50,a03-037-02-02,four
50,a03-037-02-03,federal
50,a03-037-02-05,last
50,a03-037-02-06,October
50,a03-037-02-07,the
50,a03-037-02-08,party
50,a03-037-03-00,fared
50,a03-037-03-01,badly
50,a03-037-03-03,They
50,a03-037-03-04,are
50,a03-037-03-05,now
50,a03-037-03-06,faced
50,a03-037-03-07,with
50,a03-037-03-08,four
50,a03-037-03-09,other
50,a03-037-04-02,one
50,a03-037-04-03,at
50,a03-037-04-05,Saanich
50,a03-037-04-07,British
50,a03-037-05-00,one
50,a03-037-05-01,in
50,a03-037-05-02,Leeds
50,a03-037-05-04,Ontario
50,a03-037-05-06,and
50,a03-037-05-07,the
50,a03-037-05-08,other
50,a03-037-05-09,two
50,a03-037-05-10,in
50,a03-037-05-11,the
50,a03-037-06-05,New
50,a03-037-07-00,and
50,a03-037-07-01,Kings
50,a03-037-07-03,Prince
50,a03-037-07-04,Edward
50,a03-037-07-05,Island
106,b03-114-00-00,In
106,b03-114-00-01,any
106,b03-114-00-02,case
106,b03-114-00-05,need
106,b03-114-00-06,not
106,b03-114-00-07,lose
106,b03-114-00-08,heart
106,b03-114-01-00,Once
106,b03-114-01-01,before
106,b03-114-01-03,and
106,b03-114-01-04,that
106,b03-114-01-05,not
106,b03-114-01-06,so
106,b03-114-01-07,long
106,b03-114-01-08,ago
106,b03-114-01-10,the
106,b03-114-02-01,ganged
106,b03-114-02-02,up
106,b03-114-02-03,to
106,b03-114-02-04,alter
106,b03-114-02-05,the
106,b03-114-02-06,habits
106,b03-114-03-00,of
106,b03-114-03-01,the
106,b03-114-03-02,people
106,b03-114-03-04,That
106,b03-114-03-05,effort
106,b03-114-03-06,was
106,b03-114-03-07,to
106,b03-114-03-08,enforce
106,b03-114-04-00,the
106,b03-114-04-02,of
106,b03-114-04-03,the
106,b03-114-04-05,hour
106,b03-114-05-00,clock
106,b03-114-05-02,Then
106,b03-114-05-04,also
106,b03-114-05-06,the
106,b03-114-05-08,were
106,b03-114-06-00,roped
106,b03-114-06-01,in
106,b03-114-06-03,The
106,b03-114-06-04,only
106,b03-114-06-05,result
106,b03-114-06-06,was
106,b03-114-07-00,that
106,b03-114-07-01,the
106,b03-114-08-00,became
106,b03-114-08-01,very
253,f01-075-00-00,At
253,f01-075-00-01,one
253,f01-075-00-02,time
253,f01-075-00-03,it
253,f01-075-00-04,was
253,f01-075-00-05,thought
253,f01-075-00-06,that
253,f01-075-00-07,mind
253,f01-075-00-08,could
253,f01-075-00-09,indeed
253,f01-075-01-00,be
253,f01-075-01-02,into
253,f01-075-01-04,bits
253,f01-075-01-06,These
253,f01-075-01-07,bits
253,f01-075-01-08,were
253,f01-075-02-01,as
253,f01-075-02-05,These
253,f01-075-02-06,were
253,f01-075-03-00,thought
253,f01-075-03-01,to
253,f01-075-03-02,combine
253,f01-075-03-04,to
253,f01-075-03-05,form
253,f01-075-04-01,by
253,f01-075-04-02,analogy
253,f01-075-04-03,with
253,f01-075-04-04,the
253,f01-075-04-05,way
253,f01-075-04-06,atoms
253,f01-075-04-07,of
253,f01-075-05-00,matter
253,f01-075-05-01,combine
253,f01-075-05-02,to
253,f01-075-05-03,form
253,f01-075-06-00,But
253,f01-075-06-01,this
253,f01-075-06-02,view
253,f01-075-06-03,led
253,f01-075-06-04,to
253,f01-075-06-05,too
253,f01-075-06-06,many
253,f01-075-06-08,and
253,f01-075-07-00,was
253,f01-075-07-01,finally
253,f01-075-07-05,the
253,f01-075-07-06,search
253,f01-075-08-00,for
253,f01-075-08-01,basic
253,f01-075-08-02,units
253,f01-075-08-03,of
253,f01-075-08-04,mind
253,f01-075-08-05,has
253,f01-075-08-06,gone
253,f01-075-08-07,on
253,f01-075-08-08,and
253,f01-075-08-09,will
253,f01-075-09-03,for
253,f01-075-09-04,it
253,f01-075-09-05,is
253,f01-075-09-06,the
253,f01-075-09-07,aim
253,f01-075-09-08,of
253,f01-075-09-09,science
253,f01-075-09-10,to
253,f01-075-10-02,units
143,c02-035-00-00,It
143,c02-035-00-01,is
143,c02-035-00-02,most
143,c02-035-00-03,unfair
143,c02-035-00-04,to
143,c02-035-00-05,call
143,c02-035-01-01,Dolce
143,c02-035-01-02,Vita
143,c02-035-01-05,for
143,c02-035-01-06,it
143,c02-035-01-07,is
143,c02-035-01-08,far
143,c02-035-01-09,more
143,c02-035-01-11,and
143,c02-035-01-12,deeply
143,c02-035-02-00,felt
143,c02-035-02-02,In
143,c02-035-02-04,Herbert
143,c02-035-02-05,Selpin
143,c02-035-02-06,tried
143,c02-035-02-08,similar
143,c02-035-02-09,feat
143,c02-035-03-00,in
143,c02-035-03-02,Titanic
143,c02-035-03-04,by
143,c02-035-03-06,the
143,c02-035-03-07,last
143,c02-035-03-08,days
143,c02-035-03-09,of
143,c02-035-03-10,the
143,c02-035-04-00,Third
143,c02-035-04-01,Reich
143,c02-035-04-02,with
143,c02-035-04-03,the
143,c02-035-04-04,sinking
143,c02-035-04-05,of
143,c02-035-04-06,the
143,c02-035-04-07,great
143,c02-035-04-08,ocean
143,c02-035-04-09,liner
143,c02-035-05-00,and
143,c02-035-05-01,paid
143,c02-035-05-02,for
143,c02-035-05-03,his
143,c02-035-05-05,with
143,c02-035-05-06,his
143,c02-035-05-07,life
84,a06-128-00-00,Banks
84,a06-128-00-01,have
84,a06-128-00-02,paid
84,a06-128-00-03,in
84,a06-128-00-05,first
84,a06-128-01-01,of
84,a06-128-01-02,almost
84,a06-128-02-00,in
84,a06-128-02-02,to
84,a06-128-02-03,the
84,a06-128-02-05,appeal
84,a06-128-03-00,About
84,a06-128-03-01,another
84,a06-128-03-03,is
84,a06-128-03-04,due
84,a06-128-04-00,by
84,a06-128-04-04,For
84,a06-128-04-05,nearly
84,a06-128-04-07,year
84,a06-128-05-00,about
84,a06-128-05-02,has
84,a06-128-05-03,been
84,a06-128-05-04,frozen
84,a06-128-06-02,raises
84,a06-128-06-03,the
84,a06-128-06-04,bogy
84,a06-128-06-05,of
84,a06-128-07-00,German
84,a06-128-07-02,in
84,a06-128-07-03,his
84,a06-128-07-04,replies
84,a06-128-07-05,to
84,a06-128-08-00,the
84,a06-128-08-01,West
84,a06-128-08-02,on
84,a06-128-08-03,Berlin
84,a06-128-08-05,And
84,a06-128-08-06,he
84,a06-128-08-07,repeats
84,a06-128-09-00,that
84,a06-128-09-01,the
84,a06-128-09-02,problem
84,a06-128-09-04,must
84,a06-128-09-05,be
84,a06-128-09-06,solved
84,a06-128-10-00,this
84,a06-128-10-01,year
343,g06-047l-00-00,This
343,g06-047l-00-02,man
343,g06-047l-00-03,of
343,g06-047l-00-06,whom
343,g06-047l-00-07,Sir
343,g06-047l-00-08,Francis
343,g06-047l-01-00,Burdett
343,g06-047l-01-02,to
343,g06-047l-01-05,year
343,g06-047l-01-06,or
343,g06-047l-01-07,two
343,g06-047l-01-08,later
343,g06-047l-01-09,as
343,g06-047l-02-01,more
343,g06-047l-02-02,like
343,g06-047l-02-04,God
343,g06-047l-02-05,upon
343,g06-047l-02-06,earth
343,g06-047l-02-07,than
343,g06-047l-02-09,human
343,g06-047l-02-10,being
343,g06-047l-03-00,had
343,g06-047l-03-01,an
343,g06-047l-03-03,number
343,g06-047l-03-04,of
343,g06-047l-03-06,among
343,g06-047l-04-01,medical
343,g06-047l-04-02,men
343,g06-047l-04-03,in
343,g06-047l-04-04,the
343,g06-047l-04-05,cities
343,g06-047l-04-06,of
343,g06-047l-04-07,Europe
343,g06-047l-05-00,One
343,g06-047l-05-01,of
343,g06-047l-05-02,these
343,g06-047l-05-03,was
343,g06-047l-05-04,the
343,g06-047l-05-07,Dr
343,g06-047l-05-09,Mauro
343,g06-047l-06-00,whom
343,g06-047l-06-03,in
343,g06-047l-06-04,May
332,g06-047a-00-00,This
332,g06-047a-00-02,man
332,g06-047a-00-03,of
332,g06-047a-00-06,whom
332,g06-047a-00-07,Sir
332,g06-047a-00-08,Francis
332,g06-047a-01-00,Burdett
332,g06-047a-01-02,to
332,g06-047a-01-05,year
332,g06-047a-01-06,or
332,g06-047a-01-07,two
332,g06-047a-01-08,later
332,g06-047a-02-00,as
332,g06-047a-02-02,more
332,g06-047a-02-03,like
332,g06-047a-02-05,God
332,g06-047a-02-06,upon
332,g06-047a-02-07,earth
332,g06-047a-02-08,than
332,g06-047a-02-10,human
332,g06-047a-03-00,being
332,g06-047a-03-03,had
332,g06-047a-03-04,an
332,g06-047a-03-06,number
332,g06-047a-03-07,of
332,g06-047a-04-00,among
332,g06-047a-04-02,medical
332,g06-047a-04-03,men
332,g06-047a-04-04,in
332,g06-047a-04-05,the
332,g06-047a-04-06,cities
332,g06-047a-05-00,of
332,g06-047a-05-01,Europe
332,g06-047a-05-03,One
332,g06-047a-05-04,of
332,g06-047a-05-05,these
332,g06-047a-05-06,was
332,g06-047a-05-07,the
332,g06-047a-06-00,Dr
332,g06-047a-06-02,Mauro
332,g06-047a-06-04,whom
332,g06-047a-07-00,in
332,g06-047a-07-02,May
151,c03-081b-00-02,the
151,c03-081b-00-04,has
151,c03-081b-01-01,error
151,c03-081b-01-02,in
151,c03-081b-01-04,Irene
151,c03-081b-01-05,to
151,c03-081b-01-06,speak
151,c03-081b-01-07,for
151,c03-081b-02-00,herself
151,c03-081b-02-02,we
151,c03-081b-02-03,would
151,c03-081b-02-04,be
151,c03-081b-02-06,clearer
151,c03-081b-02-07,in
151,c03-081b-02-08,our
151,c03-081b-03-00,minds
151,c03-081b-03-01,about
151,c03-081b-03-02,her
151,c03-081b-03-03,if
151,c03-081b-03-04,she
151,c03-081b-03-07,flawed
151,c03-081b-03-08,but
151,c03-081b-04-01,enigma
151,c03-081b-04-03,seen
151,c03-081b-04-04,but
151,c03-081b-04-05,not
151,c03-081b-04-06,heard
151,c03-081b-04-08,However
151,c03-081b-05-00,Miss
151,c03-081b-05-01,Pinkie
151,c03-081b-05-03,makes
151,c03-081b-05-04,her
151,c03-081b-05-05,few
151,c03-081b-05-06,brief
151,c03-081b-05-07,scenes
151,c03-081b-06-02,and
151,c03-081b-06-05,Landen
151,c03-081b-06-07,in
151,c03-081b-07-00,the
151,c03-081b-07-01,longest
151,c03-081b-07-02,and
151,c03-081b-07-03,most
151,c03-081b-07-05,role
151,c03-081b-07-07,that
151,c03-081b-07-08,of
151,c03-081b-07-09,the
151,c03-081b-08-02,gives
151,c03-081b-08-05,of
151,c03-081b-08-06,rare
151,c03-081b-09-00,and
151,c03-081b-09-02,power
6,a01-011x-00-01,from
6,a01-011x-00-03,Kenneth
6,a01-011x-00-05,United
6,a01-011x-01-02,Party
6,a01-011x-01-05,members
6,a01-011x-02-00,and
6,a01-011x-02-02,Harry
6,a01-011x-02-04,African
6,a01-011x-03-04,will
6,a01-011x-03-05,meet
6,a01-011x-03-06,in
6,a01-011x-03-07,London
6,a01-011x-03-08,today
6,a01-011x-04-00,to
6,a01-011x-04-01,discuss
6,a01-011x-04-03,common
6,a01-011x-04-04,course
6,a01-011x-04-05,of
6,a01-011x-04-06,action
6,a01-011x-05-00,Sir
6,a01-011x-05-01,Roy
6,a01-011x-05-02,is
6,a01-011x-05-04,opposed
6,a01-011x-05-05,to
6,a01-011x-06-00,getting
6,a01-011x-06-01,an
6,a01-011x-06-02,elected
6,a01-011x-06-04,in
6,a01-011x-07-02,but
6,a01-011x-07-03,the
6,a01-011x-07-08,Iain
6,a01-011x-08-00,Macleod
6,a01-011x-08-02,is
6,a01-011x-08-04,on
6,a01-011x-08-06,policy
6,a01-011x-08-07,of
6,a01-011x-08-08,change
344,g06-042m-00-00,Nor
344,g06-042m-00-01,is
344,g06-042m-00-02,this
344,g06-042m-00-03,to
344,g06-042m-00-04,be
344,g06-042m-00-06,at
344,g06-042m-00-08,for
344,g06-042m-00-09,even
344,g06-042m-00-10,today
344,g06-042m-01-00,in
344,g06-042m-01-01,the
344,g06-042m-01-04,no
344,g06-042m-01-05,cure
344,g06-042m-01-06,has
344,g06-042m-01-07,been
344,g06-042m-01-08,found
344,g06-042m-01-09,for
344,g06-042m-01-10,the
344,g06-042m-02-03,As
344,g06-042m-02-04,early
344,g06-042m-02-05,as
344,g06-042m-02-08,when
344,g06-042m-03-02,himself
344,g06-042m-03-03,to
344,g06-042m-03-04,be
344,g06-042m-03-05,on
344,g06-042m-03-06,the
344,g06-042m-04-00,point
344,g06-042m-04-01,of
344,g06-042m-04-02,death
344,g06-042m-04-04,the
344,g06-042m-04-05,new
344,g06-042m-04-06,German
344,g06-042m-05-00,method
344,g06-042m-05-01,known
344,g06-042m-05-02,as
344,g06-042m-05-04,had
344,g06-042m-06-00,been
344,g06-042m-06-01,brought
344,g06-042m-06-02,to
344,g06-042m-06-03,his
344,g06-042m-06-04,notice
155,c03-094f-00-01,William
155,c03-094f-00-02,Lucas
155,c03-094f-00-04,Morris
155,c03-094f-00-06,is
155,c03-094f-00-07,always
155,c03-094f-01-00,tively
155,c03-094f-01-01,pushing
155,c03-094f-01-03,Miss
155,c03-094f-01-04,Sheila
155,c03-094f-01-05,Allen
155,c03-094f-01-06,his
155,c03-094f-01-07,wife
155,c03-094f-02-00,always
155,c03-094f-02-01,palely
155,c03-094f-02-05,James
155,c03-094f-02-06,Maxwell
155,c03-094f-03-00,the
155,c03-094f-03-01,editor
155,c03-094f-03-03,always
155,c03-094f-03-05,abashed
155,c03-094f-03-06,by
155,c03-094f-04-00,the
155,c03-094f-04-01,events
155,c03-094f-04-03,and
155,c03-094f-04-05,Aubrey
155,c03-094f-04-08,the
155,c03-094f-05-02,always
155,c03-094f-06-00,they
155,c03-094f-06-01,were
155,c03-094f-06-02,not
155,c03-094f-06-03,asked
155,c03-094f-06-04,to
155,c03-094f-06-06,from
155,c03-094f-07-00,their
155,c03-094f-07-01,set
155,c03-094f-07-02,moods
155,c03-094f-07-03,but
155,c03-094f-07-04,played
155,c03-094f-07-05,with
155,c03-094f-07-06,proper
155,c03-094f-08-01,and
155,c03-094f-08-03,in
155,c03-094f-08-04,the
155,c03-094f-08-05,case
155,c03-094f-08-06,of
155,c03-094f-09-00,with
155,c03-094f-09-01,lavish
155,c03-094f-09-02,and
155,c03-094f-09-04,gaudy
155,c03-094f-09-05,colour
166,c04-089-00-00,Now
166,c04-089-00-01,along
166,c04-089-00-02,comes
166,c04-089-00-03,his
166,c04-089-00-04,solo
166,c04-089-00-05,disc
166,c04-089-00-08,two
166,c04-089-00-09,of
166,c04-089-00-10,his
166,c04-089-00-11,own
166,c04-089-01-05,and
166,c04-089-01-07,Almost
166,c04-089-01-08,Grown
166,c04-089-01-09,Up
166,c04-089-01-12,VERDICT
166,c04-089-02-01,Lisbon
166,c04-089-02-02,has
166,c04-089-02-03,it
166,c04-089-02-04,taped
166,c04-089-02-06,And
166,c04-089-02-07,tacked
166,c04-089-02-09,And
166,c04-089-02-10,he
166,c04-089-02-11,says
166,c04-089-02-14,Just
166,c04-089-02-15,as
166,c04-089-02-16,well
166,c04-089-03-01,had
166,c04-089-03-02,only
166,c04-089-03-03,one
166,c04-089-03-04,box
166,c04-089-03-05,of
166,c04-089-03-06,tacks
166,c04-089-03-08,it
166,c04-089-03-09,might
166,c04-089-03-10,have
166,c04-089-03-11,been
166,c04-089-03-12,so
166,c04-089-04-04,More
166,c04-089-04-05,news
166,c04-089-04-06,from
166,c04-089-04-07,the
166,c04-089-05-00,Russ
166,c04-089-05-01,Conway
166,c04-089-05-03,who
166,c04-089-05-04,has
166,c04-089-05-05,tinkled
166,c04-089-05-06,his
166,c04-089-05-07,way
166,c04-089-05-08,to
166,c04-089-05-09,fame
166,c04-089-05-10,on
166,c04-089-05-11,an
166,c04-089-05-12,old
166,c04-089-06-00,comes
166,c04-089-06-01,in
166,c04-089-06-02,with
166,c04-089-06-03,another
166,c04-089-06-04,of
166,c04-089-06-05,his
166,c04-089-06-06,own
166,c04-089-06-07,works
166,c04-089-06-10,Parade
166,c04-089-06-11,of
166,c04-089-06-12,the
166,c04-089-07-00,Poppets
0,a01-096u-00-00,The
0,a01-096u-00-01,Press
0,a01-096u-00-03,many
0,a01-096u-00-04,doctors
0,a01-096u-00-05,and
0,a01-096u-00-06,public
0,a01-096u-00-07,were
0,a01-096u-01-01,the
0,a01-096u-01-04,He
0,a01-096u-01-05,quoted
0,a01-096u-01-06,from
0,a01-096u-02-00,this
0,a01-096u-02-01,letter
0,a01-096u-02-02,which
0,a01-096u-02-05,had
0,a01-096u-03-01,My
0,a01-096u-03-03,is
0,a01-096u-03-05,doctor
0,a01-096u-03-06,of
0,a01-096u-03-09,who
0,a01-096u-04-00,has
0,a01-096u-04-03,for
0,a01-096u-04-05,years
0,a01-096u-04-07,chiefly
0,a01-096u-05-00,as
0,a01-096u-05-02,panel
0,a01-096u-05-03,doctor
0,a01-096u-05-07,am
0,a01-096u-06-03,am
0,a01-096u-06-05,and
0,a01-096u-06-06,amazed
0,a01-096u-07-00,by
0,a01-096u-07-01,my
0,a01-096u-07-04,to
0,a01-096u-07-06,the
0,a01-096u-08-00,whole
0,a01-096u-08-02,of
0,a01-096u-08-03,the
0,a01-096u-08-04,State
0,a01-096u-08-05,service
0,a01-096u-08-06,and
0,a01-096u-09-00,to
0,a01-096u-09-01,render
0,a01-096u-09-02,that
0,a01-096u-09-03,service
0,a01-096u-09-06,to
0,a01-096u-09-07,poor
0,a01-096u-10-00,people
247,e07-076-00-00,The
247,e07-076-00-01,main
247,e07-076-00-03,of
247,e07-076-00-04,the
247,e07-076-00-05,clay
247,e07-076-00-06,pot
247,e07-076-00-07,is
247,e07-076-00-08,its
247,e07-076-01-00,brittle
247,e07-076-01-01,nature
247,e07-076-01-03,even
247,e07-076-01-04,with
247,e07-076-01-06,careful
247,e07-076-02-02,the
247,e07-076-02-03,annual
247,e07-076-02-04,losses
247,e07-076-02-05,are
247,e07-076-02-06,often
247,e07-076-02-07,around
247,e07-076-03-01,per
247,e07-076-03-04,and
247,e07-076-03-05,where
247,e07-076-03-06,the
247,e07-076-03-08,and
247,e07-076-04-00,storage
247,e07-076-04-02,are
247,e07-076-04-03,not
247,e07-076-04-04,too
247,e07-076-04-05,good
247,e07-076-04-07,these
247,e07-076-05-00,losses
247,e07-076-05-01,will
247,e07-076-05-02,be
247,e07-076-05-03,even
247,e07-076-05-04,greater
247,e07-076-05-06,This
247,e07-076-05-07,does
247,e07-076-05-08,not
247,e07-076-06-01,apply
247,e07-076-06-02,to
247,e07-076-06-03,the
247,e07-076-06-04,larger
247,e07-076-06-05,sizes
247,e07-076-06-07,as
247,e07-076-07-00,they
247,e07-076-07-01,are
247,e07-076-07-02,not
247,e07-076-07-03,quite
247,e07-076-07-04,so
247,e07-076-07-05,fragile
247,e07-076-07-06,as
247,e07-076-07-07,the
247,e07-076-08-00,smaller
247,e07-076-08-01,ones
247,e07-076-08-02,and
247,e07-076-08-03,are
247,e07-076-08-04,not
247,e07-076-08-06,thrown
247,e07-076-09-00,about
247,e07-076-09-01,in
247,e07-076-09-02,quite
247,e07-076-09-03,the
247,e07-076-09-04,same
247,e07-076-09-05,way
109,b04-060-00-00,It
109,b04-060-00-01,is
109,b04-060-00-02,equally
109,b04-060-00-03,certain
109,b04-060-00-04,that
109,b04-060-00-05,the
109,b04-060-00-06,British
109,b04-060-01-00,will
109,b04-060-01-01,welcome
109,b04-060-01-02,them
109,b04-060-01-04,How
109,b04-060-01-06,it
109,b04-060-01-07,would
109,b04-060-01-08,be
109,b04-060-01-09,if
109,b04-060-01-11,just
109,b04-060-02-00,for
109,b04-060-02-01,once
109,b04-060-02-03,the
109,b04-060-02-05,were
109,b04-060-02-06,to
109,b04-060-02-07,voice
109,b04-060-02-08,the
109,b04-060-02-09,real
109,b04-060-02-11,of
109,b04-060-03-00,the
109,b04-060-03-01,British
109,b04-060-03-02,people
109,b04-060-03-04,And
109,b04-060-03-05,tell
109,b04-060-03-07,they
109,b04-060-03-08,are
109,b04-060-03-09,not
109,b04-060-04-01,to
109,b04-060-04-02,accept
109,b04-060-04-03,him
109,b04-060-04-04,on
109,b04-060-04-05,such
109,b04-060-04-06,terms
109,b04-060-04-08,GOOD
109,b04-060-04-09,cheer
109,b04-060-05-00,for
109,b04-060-05-01,the
109,b04-060-05-04,Ford
109,b04-060-05-05,Motors
109,b04-060-05-06,are
109,b04-060-05-07,to
109,b04-060-05-08,put
109,b04-060-06-00,men
109,b04-060-06-01,back
109,b04-060-06-02,on
109,b04-060-06-05,week
341,g06-045j-00-00,In
341,g06-045j-00-01,April
341,g06-045j-00-02,of
341,g06-045j-00-03,that
341,g06-045j-00-04,year
341,g06-045j-00-05,his
341,g06-045j-00-06,first
341,g06-045j-01-02,the
341,g06-045j-01-04,Lord
341,g06-045j-01-07,had
341,g06-045j-02-00,written
341,g06-045j-02-01,to
341,g06-045j-02-02,advise
341,g06-045j-02-04,to
341,g06-045j-02-05,give
341,g06-045j-02-06,the
341,g06-045j-02-07,system
341,g06-045j-03-01,trial
341,g06-045j-03-03,adding
341,g06-045j-03-04,that
341,g06-045j-03-05,it
341,g06-045j-03-06,was
341,g06-045j-03-07,being
341,g06-045j-04-00,with
341,g06-045j-04-02,success
341,g06-045j-04-03,in
341,g06-045j-04-04,France
341,g06-045j-04-05,and
341,g06-045j-05-00,Italy
341,g06-045j-05-02,and
341,g06-045j-05-03,that
341,g06-045j-05-04,he
341,g06-045j-05-05,himself
341,g06-045j-05-06,was
341,g06-045j-05-07,being
341,g06-045j-06-00,treated
341,g06-045j-06-01,under
341,g06-045j-06-03,doctor
341,g06-045j-06-04,who
341,g06-045j-06-05,had
341,g06-045j-06-06,studied
341,g06-045j-07-00,under
341,g06-045j-07-01,its
341,g06-045j-07-02,founder
341,g06-045j-07-04,the
341,g06-045j-07-05,aged
341,g06-045j-07-07,Samuel
162,c04-050-00-00,Their
162,c04-050-00-02,last
162,c04-050-00-03,night
162,c04-050-00-05,little
162,c04-050-01-00,from
162,c04-050-01-01,their
162,c04-050-01-02,earlier
162,c04-050-01-03,act
162,c04-050-01-04,on
162,c04-050-01-05,this
162,c04-050-01-06,show
162,c04-050-01-08,week
162,c04-050-02-00,or
162,c04-050-02-01,so
162,c04-050-02-02,ago
162,c04-050-02-04,But
162,c04-050-02-05,the
162,c04-050-02-08,with
162,c04-050-02-09,Jeff
162,c04-050-02-10,Mudd
162,c04-050-03-00,out
162,c04-050-03-01,of
162,c04-050-03-02,the
162,c04-050-03-03,Army
162,c04-050-03-04,and
162,c04-050-03-05,back
162,c04-050-03-06,with
162,c04-050-03-07,sister
162,c04-050-03-08,Mary
162,c04-050-04-00,and
162,c04-050-04-01,brother
162,c04-050-04-02,Fred
162,c04-050-04-04,were
162,c04-050-04-05,in
162,c04-050-04-06,bright
162,c04-050-04-08,zestful
162,c04-050-05-00,form
162,c04-050-05-02,Why
162,c04-050-05-03,only
162,c04-050-05-04,two
162,c04-050-05-05,numbers
162,c04-050-05-07,though
162,c04-050-05-09,It
162,c04-050-06-00,was
162,c04-050-06-01,not
162,c04-050-06-02,enough
162,c04-050-06-06,FAIR
162,c04-050-06-07,COP
162,c04-050-06-10,the
162,c04-050-07-01,farce
162,c04-050-07-02,last
162,c04-050-07-03,night
162,c04-050-07-05,looked
162,c04-050-07-06,like
162,c04-050-08-01,rabbit
162,c04-050-08-02,warren
162,c04-050-08-03,in
162,c04-050-08-05,field
162,c04-050-08-06,of
162,c04-050-08-07,corn
40,a03-006-00-00,Today
40,a03-006-00-02,for
40,a03-006-00-03,example
40,a03-006-00-05,the
40,a03-006-00-06,Foreign
40,a03-006-00-08,of
40,a03-006-01-00,nesia
40,a03-006-01-01,arrived
40,a03-006-01-02,in
40,a03-006-01-04,as
40,a03-006-01-05,the
40,a03-006-01-06,guest
40,a03-006-01-07,of
40,a03-006-01-08,the
40,a03-006-02-00,Foreign
40,a03-006-02-03,In
40,a03-006-02-04,fact
40,a03-006-02-05,such
40,a03-006-02-08,has
40,a03-006-03-00,been
40,a03-006-03-04,in
40,a03-006-03-05,the
40,a03-006-03-06,past
40,a03-006-03-07,year
40,a03-006-04-00,or
40,a03-006-04-01,so
40,a03-006-04-02,and
40,a03-006-04-03,though
40,a03-006-04-04,so
40,a03-006-04-05,far
40,a03-006-04-07,apart
40,a03-006-04-08,from
40,a03-006-04-09,joint
40,a03-006-04-10,action
40,a03-006-05-00,in
40,a03-006-05-01,the
40,a03-006-05-02,United
40,a03-006-05-03,Nations
40,a03-006-05-05,these
40,a03-006-05-07,have
40,a03-006-05-08,not
40,a03-006-06-00,been
40,a03-006-06-01,seen
40,a03-006-06-02,on
40,a03-006-06-03,any
40,a03-006-06-04,wider
40,a03-006-06-05,basis
40,a03-006-06-08,Tito
40,a03-006-07-00,is
40,a03-006-07-01,known
40,a03-006-07-02,for
40,a03-006-07-03,some
40,a03-006-07-04,time
40,a03-006-07-05,to
40,a03-006-07-06,have
40,a03-006-08-01,of
40,a03-006-08-03,leaders
0,a05-089-00-00,The
0,a05-089-00-01,early
0,a05-089-00-03,in
0,a05-089-00-04,the
0,a05-089-00-05,debate
0,a05-089-00-06,each
0,a05-089-01-01,rated
0,a05-089-01-02,the
0,a05-089-01-03,speech
0,a05-089-01-04,of
0,a05-089-01-05,his
0,a05-089-02-00,These
0,a05-089-02-02,were
0,a05-089-02-03,all
0,a05-089-02-04,too
0,a05-089-02-05,well
0,a05-089-03-00,We
0,a05-089-03-01,started
0,a05-089-03-02,with
0,a05-089-03-03,the
0,a05-089-04-00,of
0,a05-089-04-02,Healey
0,a05-089-04-05,Shadow
0,a05-089-04-07,Foreign
0,a05-089-05-01,by
0,a05-089-05-03,Godber
0,a05-089-05-06,of
0,a05-089-06-00,State
0,a05-089-06-02,Foreign
0,a05-089-06-03,Office
0,a05-089-06-05,as
0,a05-089-06-08,and
0,a05-089-07-00,obscure
0,a05-089-07-01,on
0,a05-089-07-02,Berlin
0,a05-089-07-05,and
0,a05-089-07-06,obscure
0,a05-089-08-00,on
0,a05-089-08-01,the
0,a05-089-08-02,Congo
0,a05-089-08-05,In
0,a05-089-08-06,turn
0,a05-089-08-09,Godber
0,a05-089-08-10,was
0,a05-089-09-01,by
0,a05-089-09-05,former
0,a05-089-09-06,Labour
0,a05-089-10-00,Defence
0,a05-089-10-03,for
0,a05-089-10-04,having
0,a05-089-10-05,read
0,a05-089-10-06,the
9,a01-026-00-01,IAIN
9,a01-026-00-02,MACLEOD
9,a01-026-00-04,the
9,a01-026-00-08,denied
9,a01-026-01-00,in
9,a01-026-01-01,the
9,a01-026-01-02,Commons
9,a01-026-01-03,last
9,a01-026-01-04,night
9,a01-026-01-05,that
9,a01-026-01-06,there
9,a01-026-01-07,have
9,a01-026-01-08,been
9,a01-026-02-00,secret
9,a01-026-02-02,on
9,a01-026-02-05,future
9,a01-026-03-00,The
9,a01-026-03-04,in
9,a01-026-03-05,London
9,a01-026-03-06,has
9,a01-026-04-00,been
9,a01-026-04-02,by
9,a01-026-04-03,the
9,a01-026-04-04,two
9,a01-026-04-05,main
9,a01-026-04-07,parties
9,a01-026-05-00,the
9,a01-026-05-01,United
9,a01-026-05-02,Federal
9,a01-026-05-03,Party
9,a01-026-05-04,and
9,a01-026-05-05,the
9,a01-026-05-07,Party
9,a01-026-06-00,But
9,a01-026-06-02,of
9,a01-026-06-03,Sir
9,a01-026-06-04,Roy
9,a01-026-06-07,Prime
9,a01-026-07-01,of
9,a01-026-07-02,the
9,a01-026-07-03,Central
9,a01-026-07-04,African
9,a01-026-07-07,went
9,a01-026-08-00,to
9,a01-026-08-02,at
9,a01-026-08-03,the
9,a01-026-08-05,for
9,a01-026-08-06,talks
9,a01-026-08-07,with
58,a04-010-00-00,An
58,a04-010-00-01,attempt
58,a04-010-00-02,to
58,a04-010-00-03,get
58,a04-010-00-04,more
58,a04-010-00-06,about
58,a04-010-00-07,the
58,a04-010-01-01,House
58,a04-010-01-02,meeting
58,a04-010-01-03,will
58,a04-010-01-04,be
58,a04-010-01-05,made
58,a04-010-01-06,in
58,a04-010-01-07,the
58,a04-010-02-00,House
58,a04-010-02-01,of
58,a04-010-02-02,Commons
58,a04-010-02-03,this
58,a04-010-02-06,Labour
58,a04-010-02-08,already
58,a04-010-03-00,have
58,a04-010-03-01,many
58,a04-010-03-03,to
58,a04-010-03-04,the
58,a04-010-03-05,Prime
58,a04-010-03-07,asking
58,a04-010-04-00,for
58,a04-010-04-05,Kennedy
58,a04-010-04-06,flew
58,a04-010-04-07,from
58,a04-010-04-08,London
58,a04-010-05-00,Airport
58,a04-010-05-01,last
58,a04-010-05-02,night
58,a04-010-05-03,to
58,a04-010-05-04,arrive
58,a04-010-05-05,in
58,a04-010-05-07,this
58,a04-010-06-00,morning
58,a04-010-06-02,He
58,a04-010-06-03,is
58,a04-010-06-04,to
58,a04-010-06-05,make
58,a04-010-07-01,and
58,a04-010-07-03,report
58,a04-010-07-04,on
58,a04-010-07-05,his
58,a04-010-08-00,talks
58,a04-010-08-01,with
58,a04-010-08-04,this
58,a04-010-08-05,evening
97,b02-097-00-00,To
97,b02-097-00-01,be
97,b02-097-00-02,able
97,b02-097-00-03,to
97,b02-097-00-04,say
97,b02-097-00-06,New
97,b02-097-00-07,York
97,b02-097-00-08,next
97,b02-097-00-09,week
97,b02-097-00-11,is
97,b02-097-00-12,an
97,b02-097-01-01,advance
97,b02-097-01-03,We
97,b02-097-01-04,must
97,b02-097-01-05,not
97,b02-097-01-06,be
97,b02-097-02-00,that
97,b02-097-02-01,this
97,b02-097-02-03,meeting
97,b02-097-02-04,will
97,b02-097-02-05,lead
97,b02-097-02-06,on
97,b02-097-02-07,to
97,b02-097-02-08,further
97,b02-097-03-00,and
97,b02-097-03-02,ones
97,b02-097-03-04,but
97,b02-097-03-05,without
97,b02-097-03-06,it
97,b02-097-03-08,we
97,b02-097-03-09,could
97,b02-097-03-10,not
97,b02-097-04-00,look
97,b02-097-04-01,for
97,b02-097-04-02,them
97,b02-097-04-04,Federal
97,b02-097-04-05,Germany
97,b02-097-04-06,votes
97,b02-097-05-00,and
97,b02-097-05-01,not
97,b02-097-05-03,day
97,b02-097-05-04,too
97,b02-097-05-05,soon
97,b02-097-05-07,There
97,b02-097-05-08,can
97,b02-097-05-09,seldom
97,b02-097-05-10,have
97,b02-097-06-00,been
97,b02-097-06-01,an
97,b02-097-06-04,which
97,b02-097-06-05,more
97,b02-097-06-06,people
97,b02-097-07-00,in
97,b02-097-07-01,and
97,b02-097-07-02,out
97,b02-097-07-03,of
97,b02-097-07-04,the
97,b02-097-07-05,country
97,b02-097-07-06,wanted
97,b02-097-07-07,to
97,b02-097-07-08,see
97,b02-097-07-09,over
97,b02-097-08-00,and
97,b02-097-08-01,done
97,b02-097-08-02,with
132,b06-082-00-00,The
132,b06-082-00-02,of
132,b06-082-00-03,Padley
132,b06-082-00-04,and
132,b06-082-00-06,is
132,b06-082-00-07,no
132,b06-082-01-01,in
132,b06-082-01-03,to
132,b06-082-01-04,the
132,b06-082-01-05,new
132,b06-082-01-06,defence
132,b06-082-02-00,They
132,b06-082-02-01,accept
132,b06-082-02-03,nuclear
132,b06-082-02-04,bases
132,b06-082-02-06,and
132,b06-082-02-07,also
132,b06-082-03-00,the
132,b06-082-03-01,use
132,b06-082-03-02,of
132,b06-082-03-03,nuclear
132,b06-082-03-04,weapons
132,b06-082-03-05,and
132,b06-082-03-06,nuclear
132,b06-082-04-00,until
132,b06-082-04-01,some
132,b06-082-04-02,future
132,b06-082-04-03,date
132,b06-082-04-05,They
132,b06-082-04-06,deceive
132,b06-082-04-07,the
132,b06-082-04-08,people
132,b06-082-05-00,by
132,b06-082-05-01,their
132,b06-082-05-02,talk
132,b06-082-05-03,of
132,b06-082-05-05,and
132,b06-082-05-07,control
132,b06-082-06-00,of
132,b06-082-06-01,Nato
132,b06-082-06-03,The
132,b06-082-06-05,has
132,b06-082-06-06,made
132,b06-082-06-07,it
132,b06-082-07-00,clear
132,b06-082-07-01,who
132,b06-082-07-03,the
132,b06-082-07-07,and
132,b06-082-08-00,who
132,b06-082-08-01,will
132,b06-082-08-03,give
132,b06-082-08-04,the
132,b06-082-08-06,to
132,b06-082-08-07,press
132,b06-082-09-00,the
132,b06-082-09-01,button
132,b06-082-09-02,for
132,b06-082-09-03,nuclear
132,b06-082-09-04,warfare
131,b06-068-00-00,All
131,b06-068-00-01,recent
131,b06-068-00-02,events
131,b06-068-00-03,show
131,b06-068-00-04,how
131,b06-068-00-05,correct
131,b06-068-00-06,the
131,b06-068-01-02,were
131,b06-068-01-04,The
131,b06-068-01-05,Kennedy
131,b06-068-02-04,the
131,b06-068-03-01,drive
131,b06-068-03-02,to
131,b06-068-03-03,improve
131,b06-068-03-04,West
131,b06-068-04-03,the
131,b06-068-04-04,new
131,b06-068-04-05,attempt
131,b06-068-05-00,to
131,b06-068-05-01,rush
131,b06-068-05-02,Britain
131,b06-068-05-03,into
131,b06-068-05-04,the
131,b06-068-05-06,Common
131,b06-068-06-00,Market
131,b06-068-06-02,and
131,b06-068-06-03,the
131,b06-068-06-05,on
131,b06-068-06-06,Spain
131,b06-068-07-00,present
131,b06-068-07-02,whole
131,b06-068-07-03,new
131,b06-068-07-04,proof
131,b06-068-07-05,that
131,b06-068-07-06,to
131,b06-068-07-07,abandon
131,b06-068-08-01,is
131,b06-068-08-02,to
131,b06-068-08-03,expose
131,b06-068-08-04,Britain
131,b06-068-08-05,and
131,b06-068-08-06,her
131,b06-068-09-00,working
131,b06-068-09-01,class
131,b06-068-09-02,to
131,b06-068-09-03,sharp
131,b06-068-09-04,new
131,b06-068-09-05,dangers
131,b06-068-09-07,that
131,b06-068-10-01,is
118,b05-071-00-00,He
118,b05-071-00-02,the
118,b05-071-00-03,whole
118,b05-071-00-05,with
118,b05-071-00-06,an
118,b05-071-00-07,exact
118,b05-071-00-08,and
118,b05-071-01-02,that
118,b05-071-01-03,could
118,b05-071-01-04,only
118,b05-071-01-05,have
118,b05-071-01-06,come
118,b05-071-01-07,from
118,b05-071-01-09,man
118,b05-071-02-00,who
118,b05-071-02-01,used
118,b05-071-02-02,the
118,b05-071-02-03,system
118,b05-071-02-05,and
118,b05-071-02-06,used
118,b05-071-02-07,it
118,b05-071-02-08,with
118,b05-071-02-09,power
118,b05-071-02-10,and
118,b05-071-03-00,The
118,b05-071-03-02,thing
118,b05-071-03-03,about
118,b05-071-03-04,the
118,b05-071-03-05,Germans
118,b05-071-03-06,is
118,b05-071-03-07,that
118,b05-071-03-08,they
118,b05-071-03-09,can
118,b05-071-03-10,kid
118,b05-071-04-00,selves
118,b05-071-04-01,and
118,b05-071-04-02,feel
118,b05-071-04-04,sense
118,b05-071-04-05,of
118,b05-071-04-07,when
118,b05-071-04-08,their
118,b05-071-04-09,hands
118,b05-071-04-10,are
118,b05-071-05-00,red
118,b05-071-05-01,with
118,b05-071-05-02,blood
150,c03-096a-00-00,Only
150,c03-096a-00-03,actions
150,c03-096a-00-07,arose
150,c03-096a-01-01,from
150,c03-096a-01-03,motives
150,c03-096a-01-05,The
150,c03-096a-01-06,rest
150,c03-096a-02-00,one
150,c03-096a-02-01,feels
150,c03-096a-02-03,were
150,c03-096a-02-04,driven
150,c03-096a-02-05,to
150,c03-096a-02-07,action
150,c03-096a-02-08,by
150,c03-096a-03-00,the
150,c03-096a-03-01,author
150,c03-096a-03-02,in
150,c03-096a-03-03,spite
150,c03-096a-03-04,of
150,c03-096a-03-05,the
150,c03-096a-04-00,with
150,c03-096a-04-01,which
150,c03-096a-04-02,he
150,c03-096a-04-03,had
150,c03-096a-04-04,endowed
150,c03-096a-04-05,them
150,c03-096a-04-07,One
150,c03-096a-05-00,hopes
150,c03-096a-05-01,that
150,c03-096a-05-02,he
150,c03-096a-05-03,is
150,c03-096a-05-04,not
150,c03-096a-05-05,asking
150,c03-096a-05-06,us
150,c03-096a-05-07,to
150,c03-096a-05-08,believe
150,c03-096a-06-00,that
150,c03-096a-06-02,because
150,c03-096a-06-03,of
150,c03-096a-06-04,their
150,c03-096a-06-05,odd
150,c03-096a-06-06,accents
150,c03-096a-06-08,they
150,c03-096a-07-00,act
150,c03-096a-07-01,oddly
150,c03-096a-07-02,like
150,c03-096a-07-03,the
150,c03-096a-07-04,queer
150,c03-096a-07-06,of
85,e07-000-00-00,WE
85,e07-000-00-01,have
85,e07-000-00-02,not
85,e07-000-00-03,yet
85,e07-000-00-04,reached
85,e07-000-00-05,the
85,e07-000-00-06,stage
85,e07-000-00-07,in
85,e07-000-00-08,Britain
85,e07-000-01-00,when
85,e07-000-01-02,planes
85,e07-000-01-03,are
85,e07-000-01-04,engaged
85,e07-000-01-05,in
85,e07-000-01-08,tons
85,e07-000-02-00,of
85,e07-000-02-01,DDT
85,e07-000-02-02,and
85,e07-000-02-03,fuel
85,e07-000-02-04,oil
85,e07-000-02-05,over
85,e07-000-02-07,million
85,e07-000-02-08,acres
85,e07-000-02-09,or
85,e07-000-02-10,when
85,e07-000-03-01,million
85,e07-000-03-02,acres
85,e07-000-03-03,are
85,e07-000-03-04,sprayed
85,e07-000-03-05,with
85,e07-000-03-08,An
85,e07-000-04-00,witness
85,e07-000-04-02,one
85,e07-000-04-03,sprayed
85,e07-000-04-04,area
85,e07-000-04-05,as
85,e07-000-04-07,rank
85,e07-000-04-08,with
85,e07-000-05-00,the
85,e07-000-05-01,stench
85,e07-000-05-02,of
85,e07-000-05-03,small
85,e07-000-05-04,game
85,e07-000-05-05,and
85,e07-000-05-06,birds
85,e07-000-05-07,dead
85,e07-000-05-08,from
85,e07-000-06-00,cide
56,a03-066-00-02,main
56,a03-066-00-03,purpose
56,a03-066-00-04,will
56,a03-066-00-05,be
56,a03-066-00-06,to
56,a03-066-01-00,remove
56,a03-066-01-01,these
56,a03-066-01-02,doubts
56,a03-066-01-04,and
56,a03-066-01-05,to
56,a03-066-01-07,the
56,a03-066-02-00,Federal
56,a03-066-02-02,that
56,a03-066-02-03,the
56,a03-066-02-05,burden
56,a03-066-03-01,is
56,a03-066-03-02,really
56,a03-066-03-03,worth
56,a03-066-03-04,while
56,a03-066-03-06,at
56,a03-066-03-08,time
56,a03-066-03-09,when
56,a03-066-04-00,any
56,a03-066-04-02,in
56,a03-066-05-00,would
56,a03-066-05-01,almost
56,a03-066-05-03,involve
56,a03-066-06-00,rise
56,a03-066-06-01,in
56,a03-066-06-05,no
56,a03-066-06-06,one
56,a03-066-06-07,is
56,a03-066-07-00,to
56,a03-066-07-02,in
56,a03-066-07-03,an
56,a03-066-07-05,year
87,b01-009-00-00,The
87,b01-009-00-02,has
87,b01-009-00-03,long
87,b01-009-00-04,been
87,b01-009-01-00,fighter
87,b01-009-01-01,against
87,b01-009-01-04,He
87,b01-009-01-05,must
87,b01-009-01-06,be
87,b01-009-01-07,heard
87,b01-009-02-00,with
87,b01-009-02-03,On
87,b01-009-02-04,purely
87,b01-009-02-06,grounds
87,b01-009-02-07,he
87,b01-009-03-00,holds
87,b01-009-03-01,that
87,b01-009-03-02,it
87,b01-009-03-03,would
87,b01-009-03-04,be
87,b01-009-03-06,mistake
87,b01-009-03-07,to
87,b01-009-03-08,expel
87,b01-009-04-00,South
87,b01-009-04-01,Africa
87,b01-009-04-04,the
87,b01-009-04-05,whites
87,b01-009-04-06,who
87,b01-009-04-07,are
87,b01-009-05-00,working
87,b01-009-05-01,for
87,b01-009-05-03,change
87,b01-009-05-04,of
87,b01-009-05-05,policy
87,b01-009-05-07,In
87,b01-009-05-08,his
87,b01-009-05-09,view
87,b01-009-06-00,it
87,b01-009-06-01,would
87,b01-009-06-02,also
87,b01-009-06-03,be
87,b01-009-06-04,against
87,b01-009-06-05,the
87,b01-009-06-07,of
87,b01-009-06-08,the
218,e02-000-00-01,great
218,e02-000-00-02,deal
218,e02-000-00-03,of
218,e02-000-00-04,modern
218,e02-000-00-06,has
218,e02-000-00-07,tapered
218,e02-000-01-00,legs
218,e02-000-01-02,and
218,e02-000-01-03,in
218,e02-000-01-05,period
218,e02-000-01-06,pieces
218,e02-000-01-07,they
218,e02-000-02-00,are
218,e02-000-02-02,used
218,e02-000-02-04,The
218,e02-000-02-05,simpler
218,e02-000-02-07,are
218,e02-000-03-01,easy
218,e02-000-03-02,to
218,e02-000-03-03,work
218,e02-000-03-05,the
218,e02-000-03-06,four
218,e02-000-03-07,sides
218,e02-000-03-08,being
218,e02-000-04-00,simply
218,e02-000-04-01,planed
218,e02-000-04-02,to
218,e02-000-04-03,give
218,e02-000-04-04,the
218,e02-000-04-06,taper
218,e02-000-04-08,In
218,e02-000-05-00,the
218,e02-000-05-01,more
218,e02-000-05-05,however
218,e02-000-05-08,toe
218,e02-000-05-09,is
218,e02-000-06-00,worked
218,e02-000-06-01,in
218,e02-000-06-02,the
218,e02-000-06-03,solid
218,e02-000-06-05,and
218,e02-000-06-06,this
218,e02-000-07-01,the
660,r03-030-00-00,The
660,r03-030-00-01,next
660,r03-030-00-02,thing
660,r03-030-00-03,that
660,r03-030-00-04,Serena
660,r03-030-00-06,was
660,r03-030-00-07,that
660,r03-030-01-00,she
660,r03-030-01-01,could
660,r03-030-01-02,not
660,r03-030-01-03,afford
660,r03-030-01-04,to
660,r03-030-01-05,buy
660,r03-030-01-07,house
660,r03-030-01-08,at
660,r03-030-01-09,all
660,r03-030-02-00,And
660,r03-030-02-01,this
660,r03-030-02-02,in
660,r03-030-02-03,spite
660,r03-030-02-04,of
660,r03-030-02-05,having
660,r03-030-02-06,at
660,r03-030-02-07,last
660,r03-030-02-08,managed
660,r03-030-03-00,to
660,r03-030-03-01,save
660,r03-030-03-02,the
660,r03-030-03-03,ten
660,r03-030-03-04,percent
660,r03-030-03-05,needed
660,r03-030-03-07,Or
660,r03-030-03-08,so
660,r03-030-03-09,she
660,r03-030-04-00,thought
660,r03-030-04-02,being
660,r03-030-04-03,then
660,r03-030-04-04,in
660,r03-030-04-06,of
660,r03-030-04-07,what
660,r03-030-05-00,seemed
660,r03-030-05-01,to
660,r03-030-05-02,her
660,r03-030-05-03,the
660,r03-030-05-05,sum
660,r03-030-05-06,of
660,r03-030-05-07,six
660,r03-030-06-00,red
660,r03-030-06-01,pounds
660,r03-030-06-03,The
660,r03-030-06-04,lawyer
660,r03-030-06-05,said
670,r06-057-00-00,We
670,r06-057-00-02,down
670,r06-057-00-03,to
670,r06-057-00-04,Nice
670,r06-057-00-05,on
670,r06-057-00-06,the
670,r06-057-01-00,You
670,r06-057-01-01,can
670,r06-057-01-03,down
670,r06-057-01-05,quarter
670,r06-057-01-06,of
670,r06-057-01-07,the
670,r06-057-02-00,way
670,r06-057-02-02,In
670,r06-057-02-03,the
670,r06-057-02-04,middle
670,r06-057-02-05,of
670,r06-057-02-06,the
670,r06-057-02-07,journey
670,r06-057-02-08,is
670,r06-057-03-00,valley
670,r06-057-03-01,with
670,r06-057-03-03,sea
670,r06-057-03-04,of
670,r06-057-03-05,vines
670,r06-057-03-06,and
670,r06-057-03-07,olives
670,r06-057-04-00,and
670,r06-057-04-01,beaches
670,r06-057-04-02,of
670,r06-057-04-03,earth
670,r06-057-04-04,pricked
670,r06-057-04-05,to
670,r06-057-04-06,blood
670,r06-057-04-07,by
670,r06-057-05-00,the
670,r06-057-05-01,hoe
670,r06-057-05-03,Rising
670,r06-057-05-04,from
670,r06-057-05-05,the
670,r06-057-05-06,flecked
670,r06-057-05-07,sea
670,r06-057-05-08,are
670,r06-057-06-00,islands
670,r06-057-06-02,to
670,r06-057-06-04,castles
670,r06-057-06-05,and
670,r06-057-07-00,towns
670,r06-057-07-02,grey
670,r06-057-08-00,like
670,r06-057-08-01,limpets
670,r06-057-08-02,to
670,r06-057-08-03,the
670,r06-057-08-04,rock
0,a01-068u-00-00,And
0,a01-068u-00-01,they
0,a01-068u-00-02,are
0,a01-068u-00-04,by
0,a01-068u-00-05,the
0,a01-068u-00-07,claim
0,a01-068u-01-00,that
0,a01-068u-01-01,they
0,a01-068u-01-02,cannot
0,a01-068u-01-03,pay
0,a01-068u-01-04,more
0,a01-068u-01-05,than
0,a01-068u-02-00,without
0,a01-068u-02-02,their
0,a01-068u-02-03,own
0,a01-068u-02-04,economy
0,a01-068u-02-06,The
0,a01-068u-03-01,say
0,a01-068u-03-02,Germany
0,a01-068u-03-03,is
0,a01-068u-03-04,having
0,a01-068u-03-05,it
0,a01-068u-03-06,too
0,a01-068u-04-00,good
0,a01-068u-04-01,and
0,a01-068u-04-02,is
0,a01-068u-04-03,not
0,a01-068u-04-04,paying
0,a01-068u-04-05,for
0,a01-068u-04-06,the
0,a01-068u-04-07,past
0,a01-068u-05-00,or
0,a01-068u-05-01,for
0,a01-068u-05-02,the
0,a01-068u-05-03,present
0,a01-068u-05-05,The
0,a01-068u-06-00,flatly
0,a01-068u-06-03,by
0,a01-068u-06-04,the
0,a01-068u-07-01,to
0,a01-068u-07-02,get
0,a01-068u-07-03,them
0,a01-068u-07-04,to
0,a01-068u-07-05,pay
0,a01-068u-07-07,regular
0,a01-068u-08-00,sum
0,a01-068u-08-01,towards
0,a01-068u-08-02,the
0,a01-068u-08-03,cost
0,a01-068u-08-04,of
0,a01-068u-08-05,keeping
0,a01-068u-09-00,troops
0,a01-068u-09-01,in
0,a01-068u-09-02,Germany
37,a03-047-00-00,It
37,a03-047-00-01,is
37,a03-047-00-03,for
37,a03-047-00-04,many
37,a03-047-00-05,to
37,a03-047-00-06,see
37,a03-047-00-08,Pearson
37,a03-047-01-00,in
37,a03-047-01-01,the
37,a03-047-01-02,role
37,a03-047-01-03,of
37,a03-047-01-05,popular
37,a03-047-01-06,orator
37,a03-047-01-07,at
37,a03-047-01-08,the
37,a03-047-02-02,the
37,a03-047-02-04,that
37,a03-047-03-00,baker
37,a03-047-03-01,was
37,a03-047-03-02,in
37,a03-047-03-03,the
37,a03-047-03-04,last
37,a03-047-03-05,two
37,a03-047-03-08,The
37,a03-047-04-01,remains
37,a03-047-04-02,that
37,a03-047-04-03,the
37,a03-047-04-04,Liberal
37,a03-047-04-05,leader
37,a03-047-05-00,is
37,a03-047-05-01,still
37,a03-047-05-02,the
37,a03-047-05-05,more
37,a03-047-05-06,at
37,a03-047-05-07,home
37,a03-047-06-00,in
37,a03-047-06-01,the
37,a03-047-06-04,or
37,a03-047-06-05,the
37,a03-047-06-07,of
37,a03-047-06-08,the
37,a03-047-06-09,United
37,a03-047-07-00,Nations
37,a03-047-07-02,not
37,a03-047-07-03,the
37,a03-047-07-04,father
37,a03-047-07-05,figure
37,a03-047-07-07,so
37,a03-047-08-00,in
37,a03-047-08-04,or
37,a03-047-08-05,the
37,a03-047-09-02,able
37,a03-047-09-03,to
37,a03-047-09-04,talk
37,a03-047-09-05,about
37,a03-047-09-06,sewage
37,a03-047-10-00,in
37,a03-047-10-01,Algoma
37,a03-047-10-02,East
335,g06-037d-00-00,God
335,g06-037d-00-01,grant
335,g06-037d-00-03,however
335,g06-037d-00-05,that
335,g06-037d-00-07,may
335,g06-037d-00-08,be
335,g06-037d-00-10,false
335,g06-037d-00-11,prophet
335,g06-037d-01-00,that
335,g06-037d-01-01,all
335,g06-037d-01-02,may
335,g06-037d-01-03,go
335,g06-037d-01-04,well
335,g06-037d-01-06,Sir
335,g06-037d-01-08,Peel
335,g06-037d-01-09,was
335,g06-037d-01-10,here
335,g06-037d-02-00,stand
335,g06-037d-02-02,but
335,g06-037d-02-03,an
335,g06-037d-02-04,express
335,g06-037d-02-05,took
335,g06-037d-02-06,him
335,g06-037d-02-07,off
335,g06-037d-03-00,While
335,g06-037d-03-01,he
335,g06-037d-03-02,was
335,g06-037d-03-03,in
335,g06-037d-03-04,Naples
335,g06-037d-03-05,there
335,g06-037d-03-06,had
335,g06-037d-03-07,opened
335,g06-037d-04-00,new
335,g06-037d-04-01,chapter
335,g06-037d-04-02,in
335,g06-037d-04-03,the
335,g06-037d-04-04,history
335,g06-037d-04-05,of
335,g06-037d-05-00,search
335,g06-037d-05-01,for
335,g06-037d-05-02,an
335,g06-037d-05-05,of
335,g06-037d-05-06,his
335,g06-037d-05-07,painful
335,g06-037d-06-00,malady
335,g06-037d-06-02,
335,g06-037d-06-03,of
335,g06-037d-06-04,the
335,g06-037d-07-00,to
335,g06-037d-07-01,which
335,g06-037d-07-02,he
335,g06-037d-07-03,had
335,g06-037d-07-04,been
335,g06-037d-07-06,ever
335,g06-037d-07-07,since
335,g06-037d-07-08,the
335,g06-037d-08-00,toms
335,g06-037d-08-01,had
335,g06-037d-08-02,first
335,g06-037d-08-03,shown
335,g06-037d-08-06,years
335,g06-037d-08-07,before
335,g06-037d-09-00,had
335,g06-037d-09-01,had
335,g06-037d-09-02,the
335,g06-037d-09-04,effect
95,b02-035-00-00,On
95,b02-035-00-01,this
95,b02-035-00-02,reading
95,b02-035-00-03,what
95,b02-035-00-06,calls
95,b02-035-01-02,and
95,b02-035-01-03,what
95,b02-035-01-04,we
95,b02-035-01-05,should
95,b02-035-01-06,call
95,b02-035-02-01,and
95,b02-035-02-05,is
95,b02-035-03-01,means
95,b02-035-03-02,not
95,b02-035-03-03,to
95,b02-035-03-05,but
95,b02-035-03-06,to
95,b02-035-03-07,safety
95,b02-035-04-00,The
95,b02-035-04-02,pompous
95,b02-035-04-03,little
95,b02-035-05-00,on
95,b02-035-05-03,does
95,b02-035-05-04,not
95,b02-035-05-05,say
95,b02-035-05-06,much
95,b02-035-06-00,but
95,b02-035-06-01,it
95,b02-035-06-02,says
95,b02-035-06-03,what
95,b02-035-06-04,is
95,b02-035-06-07,that
95,b02-035-07-00,the
95,b02-035-07-04,is
95,b02-035-08-00,open
95,b02-035-08-01,to
95,b02-035-08-04,This
95,b02-035-08-05,is
95,b02-035-08-06,news
95,b02-035-08-08,however
95,b02-035-09-00,much
95,b02-035-09-01,the
95,b02-035-09-03,tries
95,b02-035-09-04,to
95,b02-035-10-00,it
95,b02-035-10-01,by
95,b02-035-10-02,saying
95,b02-035-10-03,that
95,b02-035-10-04,the
95,b02-035-10-06,would
95,b02-035-10-07,be
252,f01-070-00-00,Can
252,f01-070-00-01,we
252,f01-070-00-02,now
252,f01-070-00-03,put
252,f01-070-00-04,forward
252,f01-070-00-05,any
252,f01-070-00-07,clear
252,f01-070-01-00,picture
252,f01-070-01-01,of
252,f01-070-01-02,this
252,f01-070-01-04,basis
252,f01-070-01-06,of
252,f01-070-01-07,mental
252,f01-070-02-00,The
252,f01-070-02-02,have
252,f01-070-02-05,well
252,f01-070-03-00,with
252,f01-070-03-01,the
252,f01-070-03-02,atomic
252,f01-070-03-03,theory
252,f01-070-03-05,in
252,f01-070-03-06,giving
252,f01-070-03-08,clear
252,f01-070-03-09,and
252,f01-070-04-00,picture
252,f01-070-04-01,of
252,f01-070-04-02,the
252,f01-070-04-03,basis
252,f01-070-04-04,of
252,f01-070-04-05,such
252,f01-070-05-00,as
252,f01-070-05-02,action
252,f01-070-05-06,the
252,f01-070-05-08,of
252,f01-070-06-00,gases
252,f01-070-06-01,and
252,f01-070-06-02,so
252,f01-070-06-03,on
252,f01-070-06-05,Where
252,f01-070-06-06,has
252,f01-070-06-08,got
252,f01-070-06-09,to
252,f01-070-06-10,in
252,f01-070-06-11,its
252,f01-070-07-01,of
252,f01-070-07-03,mind
252,f01-070-07-06,Are
252,f01-070-07-07,there
252,f01-070-07-08,any
252,f01-070-07-10,units
252,f01-070-08-00,of
252,f01-070-08-01,mind
252,f01-070-08-02,akin
252,f01-070-08-03,to
252,f01-070-08-04,the
252,f01-070-08-05,atoms
252,f01-070-08-06,of
252,f01-070-08-07,matter
261,f02-030-00-00,The
261,f02-030-00-02,scheme
261,f02-030-00-03,was
261,f02-030-00-04,planned
261,f02-030-00-05,to
261,f02-030-00-06,provide
261,f02-030-00-07,short
261,f02-030-01-00,fresher
261,f02-030-01-01,courses
261,f02-030-01-02,at
261,f02-030-01-03,the
261,f02-030-01-04,ages
261,f02-030-01-05,of
261,f02-030-01-07,and
261,f02-030-01-08,sixty
261,f02-030-02-00,the
261,f02-030-02-01,first
261,f02-030-02-02,of
261,f02-030-02-03,these
261,f02-030-02-04,is
261,f02-030-02-05,due
261,f02-030-02-06,in
261,f02-030-02-11,each
261,f02-030-03-03,is
261,f02-030-03-05,to
261,f02-030-03-06,seek
261,f02-030-03-07,help
261,f02-030-03-08,and
261,f02-030-03-09,advice
261,f02-030-03-10,in
261,f02-030-04-00,working
261,f02-030-04-01,out
261,f02-030-04-02,his
261,f02-030-04-03,ideas
261,f02-030-04-05,either
261,f02-030-04-06,through
261,f02-030-04-07,the
261,f02-030-05-02,or
261,f02-030-05-03,by
261,f02-030-05-04,an
261,f02-030-05-06,to
261,f02-030-06-00,members
261,f02-030-06-01,of
261,f02-030-06-02,the
261,f02-030-06-03,panel
261,f02-030-06-05,for
261,f02-030-06-06,the
261,f02-030-06-07,scheme
125,b06-008-00-01,West
125,b06-008-00-02,German
125,b06-008-00-03,Defence
125,b06-008-01-00,Herr
125,b06-008-01-01,Strauss
125,b06-008-01-03,started
125,b06-008-01-04,talks
125,b06-008-01-05,with
125,b06-008-01-06,the
125,b06-008-01-07,British
125,b06-008-02-00,Defence
125,b06-008-02-06,Their
125,b06-008-02-07,talks
125,b06-008-03-00,are
125,b06-008-03-01,another
125,b06-008-03-02,stage
125,b06-008-03-03,in
125,b06-008-03-04,the
125,b06-008-03-05,cloak
125,b06-008-04-01,variety
125,b06-008-04-03,by
125,b06-008-04-04,which
125,b06-008-04-05,the
125,b06-008-04-06,West
125,b06-008-04-07,German
125,b06-008-05-01,are
125,b06-008-05-03,their
125,b06-008-06-00,Herr
125,b06-008-06-01,Strauss
125,b06-008-06-02,told
125,b06-008-06-03,the
125,b06-008-06-04,Daily
125,b06-008-06-05,Mail
125,b06-008-06-06,last
125,b06-008-06-07,October
125,b06-008-07-00,that
125,b06-008-07-01,his
125,b06-008-07-02,policy
125,b06-008-07-03,was
125,b06-008-07-04,to
125,b06-008-07-05,make
125,b06-008-07-06,his
125,b06-008-07-07,country
125,b06-008-08-00,the
125,b06-008-08-04,in
125,b06-008-08-05,Europe
125,b06-008-08-06,and
125,b06-008-08-07,the
125,b06-008-09-00,United
125,b06-008-09-03,Nato
125,b06-008-09-04,ally
246,e07-061-00-03,had
246,e07-061-00-04,sent
246,e07-061-00-05,me
246,e07-061-00-06,an
246,e07-061-01-01,of
246,e07-061-01-02,the
246,e07-061-01-03,Chinese
246,e07-061-01-04,mantis
246,e07-061-01-06,The
246,e07-061-02-00,first
246,e07-061-02-01,mantis
246,e07-061-02-02,had
246,e07-061-02-03,hatched
246,e07-061-02-04,from
246,e07-061-02-05,the
246,e07-061-02-06,very
246,e07-061-02-07,large
246,e07-061-03-01,on
246,e07-061-03-02,June
246,e07-061-03-05,Both
246,e07-061-03-06,the
246,e07-061-03-07,Chinese
246,e07-061-04-00,and
246,e07-061-04-01,Spanish
246,e07-061-04-02,mantis
246,e07-061-04-04,in
246,e07-061-04-05,the
246,e07-061-04-06,young
246,e07-061-04-07,stage
246,e07-061-05-00,at
246,e07-061-05-01,any
246,e07-061-05-02,rate
246,e07-061-05-04,are
246,e07-061-05-05,light
246,e07-061-05-06,brown
246,e07-061-05-07,in
246,e07-061-05-08,colour
246,e07-061-06-00,Because
246,e07-061-06-01,of
246,e07-061-06-02,the
246,e07-061-06-03,cool
246,e07-061-06-05,wet
246,e07-061-06-06,weather
246,e07-061-06-09,had
246,e07-061-06-10,great
246,e07-061-07-01,in
246,e07-061-07-03,fruit
246,e07-061-07-04,flies
246,e07-061-07-05,and
246,e07-061-07-07,after
246,e07-061-08-00,many
246,e07-061-08-01,of
246,e07-061-08-02,the
246,e07-061-08-03,mantis
246,e07-061-08-04,of
246,e07-061-08-05,both
246,e07-061-08-06,types
246,e07-061-08-07,had
246,e07-061-08-08,died
246,e07-061-09-00,in
246,e07-061-09-01,my
246,e07-061-09-02,Kilner
246,e07-061-09-03,jars
246,e07-061-09-06,poured
246,e07-061-09-07,living
246,e07-061-09-08,mantis
246,e07-061-10-00,over
246,e07-061-10-01,vines
246,e07-061-10-02,and
92,b01-094-00-00,But
92,b01-094-00-01,back
92,b01-094-00-05,is
92,b01-094-01-00,they
92,b01-094-01-01,must
92,b01-094-01-02,go
92,b01-094-01-04,The
92,b01-094-01-05,best
92,b01-094-01-06,news
92,b01-094-01-07,for
92,b01-094-01-08,the
92,b01-094-01-09,Congo
92,b01-094-02-00,would
92,b01-094-02-01,be
92,b01-094-02-03,between
92,b01-094-02-04,its
92,b01-094-02-05,rival
92,b01-094-03-01,leaders
92,b01-094-03-03,Through
92,b01-094-03-04,the
92,b01-094-03-05,patient
92,b01-094-03-06,efforts
92,b01-094-04-00,of
92,b01-094-04-01,UN
92,b01-094-04-03,they
92,b01-094-04-04,are
92,b01-094-04-05,meeting
92,b01-094-04-06,for
92,b01-094-05-00,the
92,b01-094-05-01,first
92,b01-094-05-02,time
92,b01-094-05-04,in
92,b01-094-06-03,THE
92,b01-094-06-04,world
92,b01-094-06-05,will
92,b01-094-06-06,sigh
92,b01-094-06-07,with
92,b01-094-07-00,relief
92,b01-094-07-01,when
92,b01-094-07-02,this
92,b01-094-07-04,land
92,b01-094-07-05,gets
92,b01-094-08-00,itself
92,b01-094-08-03,which
92,b01-094-08-04,all
92,b01-094-09-00,can
671,r06-106-00-00,The
671,r06-106-00-01,day
671,r06-106-00-04,to
671,r06-106-00-05,take
671,r06-106-01-00,down
671,r06-106-01-01,to
671,r06-106-01-02,visit
671,r06-106-01-03,my
671,r06-106-01-04,young
671,r06-106-01-05,friend
671,r06-106-01-06,Philip
671,r06-106-02-00,at
671,r06-106-02-01,his
671,r06-106-02-02,school
671,r06-106-02-03,in
671,r06-106-02-04,the
671,r06-106-02-05,country
671,r06-106-02-07,we
671,r06-106-02-08,were
671,r06-106-03-00,to
671,r06-106-03-01,leave
671,r06-106-03-02,at
671,r06-106-03-03,eleven
671,r06-106-03-05,but
671,r06-106-03-06,she
671,r06-106-03-07,arrived
671,r06-106-04-00,at
671,r06-106-04-01,nine
671,r06-106-04-03,Her
671,r06-106-04-04,blue
671,r06-106-04-05,dress
671,r06-106-04-06,was
671,r06-106-04-07,new
671,r06-106-05-00,and
671,r06-106-05-01,so
671,r06-106-05-02,were
671,r06-106-05-03,her
671,r06-106-05-05,shoes
671,r06-106-05-07,Her
671,r06-106-06-00,hair
671,r06-106-06-01,had
671,r06-106-06-02,just
671,r06-106-06-03,been
671,r06-106-06-04,done
671,r06-106-06-06,She
671,r06-106-06-07,looked
671,r06-106-07-00,more
671,r06-106-07-01,than
671,r06-106-07-02,ever
671,r06-106-07-03,like
671,r06-106-07-05,pink
671,r06-106-07-06,and
671,r06-106-07-07,gold
671,r06-106-08-00,Renoir
671,r06-106-08-01,girl
671,r06-106-08-02,who
671,r06-106-08-03,expects
671,r06-106-08-05,from
671,r06-106-09-00,life
0,a01-020u-00-01,Macleod
0,a01-020u-00-02,went
0,a01-020u-00-03,on
0,a01-020u-00-04,with
0,a01-020u-00-05,the
0,a01-020u-01-00,at
0,a01-020u-01-02,House
0,a01-020u-01-03,despite
0,a01-020u-01-04,the
0,a01-020u-01-05,crisis
0,a01-020u-02-00,which
0,a01-020u-02-01,had
0,a01-020u-02-02,blown
0,a01-020u-02-03,up
0,a01-020u-02-05,He
0,a01-020u-02-06,has
0,a01-020u-02-07,now
0,a01-020u-03-00,his
0,a01-020u-03-01,full
0,a01-020u-03-02,plans
0,a01-020u-03-03,to
0,a01-020u-03-04,the
0,a01-020u-03-06,and
0,a01-020u-04-02,These
0,a01-020u-04-03,plans
0,a01-020u-04-04,do
0,a01-020u-04-05,not
0,a01-020u-04-06,give
0,a01-020u-04-07,the
0,a01-020u-05-01,the
0,a01-020u-05-02,overall
0,a01-020u-05-04,they
0,a01-020u-05-05,are
0,a01-020u-06-00,seeking
0,a01-020u-06-02,African
0,a01-020u-06-04,are
0,a01-020u-07-00,them
0,a01-020u-07-01,today
0,a01-020u-07-03,The
0,a01-020u-07-05,will
0,a01-020u-07-06,meet
0,a01-020u-08-00,to
0,a01-020u-08-01,discuss
0,a01-020u-08-02,the
0,a01-020u-08-04,of
0,a01-020u-09-00,House
0,a01-020u-09-01,of
0,a01-020u-09-02,Chiefs
635,r06-011-00-00,We
635,r06-011-00-01,went
635,r06-011-00-02,in
635,r06-011-00-04,There
635,r06-011-00-05,were
635,r06-011-00-07,few
635,r06-011-00-08,people
635,r06-011-00-09,in
635,r06-011-00-10,the
635,r06-011-00-11,bar
635,r06-011-01-00,elderly
635,r06-011-01-06,who
635,r06-011-01-08,you
635,r06-011-01-09,felt
635,r06-011-01-11,had
635,r06-011-01-12,made
635,r06-011-01-14,hard
635,r06-011-02-00,bargain
635,r06-011-02-01,for
635,r06-011-02-02,giving
635,r06-011-02-03,up
635,r06-011-02-07,have
635,r06-011-02-09,rooms
635,r06-011-02-12,said
635,r06-011-03-00,Pierre
635,r06-011-03-03,and
635,r06-011-03-04,all
635,r06-011-03-05,mod
635,r06-011-03-06,cons
635,r06-011-03-09,The
635,r06-011-03-10,price
635,r06-011-03-11,was
635,r06-011-03-13,francs
635,r06-011-04-00,month
635,r06-011-04-03,Yes
635,r06-011-04-06,we
635,r06-011-04-07,said
635,r06-011-04-10,even
635,r06-011-04-11,before
635,r06-011-04-12,viewing
635,r06-011-05-00,We
635,r06-011-05-01,were
635,r06-011-05-02,shown
635,r06-011-05-03,around
635,r06-011-05-04,by
635,r06-011-05-05,Pierre
113,b04-175-00-02,earn
113,b04-175-00-03,more
113,b04-175-00-04,than
113,b04-175-00-05,ever
113,b04-175-00-06,before
113,b04-175-01-01,they
113,b04-175-01-02,spend
113,b04-175-01-03,more
113,b04-175-01-05,But
113,b04-175-01-06,how
113,b04-175-02-00,that
113,b04-175-02-01,in
113,b04-175-02-02,the
113,b04-175-02-03,most
113,b04-175-02-05,days
113,b04-175-02-06,in
113,b04-175-02-07,this
113,b04-175-03-01,history
113,b04-175-03-02,the
113,b04-175-03-04,virtue
113,b04-175-03-05,of
113,b04-175-03-06,thrift
113,b04-175-04-00,should
113,b04-175-04-01,still
113,b04-175-04-02,have
113,b04-175-04-05,appeal
113,b04-175-04-06,for
113,b04-175-04-07,young
113,b04-175-05-00,people
113,b04-175-05-02,THE
113,b04-175-05-03,Danes
113,b04-175-05-04,are
113,b04-175-05-05,annoyed
113,b04-175-05-06,with
113,b04-175-05-07,British
113,b04-175-06-00,farmers
113,b04-175-06-01,for
113,b04-175-06-03,against
113,b04-175-06-04,Danish
113,b04-175-07-00,They
113,b04-175-07-01,say
113,b04-175-07-02,that
113,b04-175-07-03,our
113,b04-175-07-04,farmers
113,b04-175-07-05,do
113,b04-175-07-06,not
113,b04-175-07-07,seem
113,b04-175-07-08,to
113,b04-175-08-01,the
113,b04-175-08-02,meaning
113,b04-175-08-03,of
113,b04-175-08-04,free
113,b04-175-08-05,trade
643,r02-060-00-00,Cecil
643,r02-060-00-02,in
643,r02-060-00-03,his
643,r02-060-00-04,pockets
643,r02-060-00-05,once
643,r02-060-01-00,more
643,r02-060-01-01,and
643,r02-060-01-02,came
643,r02-060-01-03,up
643,r02-060-01-04,with
643,r02-060-01-05,two
643,r02-060-02-02,After
643,r02-060-02-04,few
643,r02-060-02-05,seconds
643,r02-060-03-00,of
643,r02-060-03-03,he
643,r02-060-03-04,roughly
643,r02-060-03-05,thrust
643,r02-060-04-00,bent
643,r02-060-04-01,wire
643,r02-060-04-02,loop
643,r02-060-04-03,into
643,r02-060-04-04,the
643,r02-060-04-05,lock
643,r02-060-04-06,and
643,r02-060-05-00,waggled
643,r02-060-05-01,it
643,r02-060-05-02,around
643,r02-060-06-00,There
643,r02-060-06-01,was
643,r02-060-06-03,click
643,r02-060-06-04,and
643,r02-060-06-05,the
643,r02-060-07-01,opened
643,r02-060-07-03,Cecil
643,r02-060-07-04,thrust
643,r02-060-07-05,an
643,r02-060-08-00,eager
643,r02-060-08-01,hand
643,r02-060-08-02,inside
643,r02-060-08-04,his
643,r02-060-08-05,fingers
643,r02-060-09-00,groping
643,r02-060-09-01,after
643,r02-060-09-02,wads
643,r02-060-09-03,of
643,r02-060-09-04,five
643,r02-060-10-00,pound
643,r02-060-10-01,notes
334,g06-045c-00-00,In
334,g06-045c-00-01,April
334,g06-045c-00-02,of
334,g06-045c-00-03,that
334,g06-045c-00-04,year
334,g06-045c-00-05,his
334,g06-045c-00-06,first
334,g06-045c-01-00,the
334,g06-045c-01-02,Lord
334,g06-045c-01-05,had
334,g06-045c-01-06,written
334,g06-045c-01-07,to
334,g06-045c-01-08,advise
334,g06-045c-02-01,to
334,g06-045c-02-02,give
334,g06-045c-02-03,the
334,g06-045c-02-04,system
334,g06-045c-02-06,trial
334,g06-045c-02-08,adding
334,g06-045c-02-09,that
334,g06-045c-03-00,it
334,g06-045c-03-01,was
334,g06-045c-03-02,being
334,g06-045c-03-04,with
334,g06-045c-03-06,success
334,g06-045c-03-07,in
334,g06-045c-04-00,France
334,g06-045c-04-01,and
334,g06-045c-04-02,Italy
334,g06-045c-04-04,and
334,g06-045c-04-05,that
334,g06-045c-04-06,he
334,g06-045c-04-07,himself
334,g06-045c-04-08,was
334,g06-045c-04-09,being
334,g06-045c-05-00,treated
334,g06-045c-05-01,under
334,g06-045c-05-03,doctor
334,g06-045c-05-04,who
334,g06-045c-05-05,had
334,g06-045c-05-06,studied
334,g06-045c-05-07,under
334,g06-045c-06-00,its
334,g06-045c-06-01,founder
334,g06-045c-06-03,the
334,g06-045c-06-04,aged
334,g06-045c-06-06,Samuel
224,e02-082-00-00,This
224,e02-082-00-01,last
224,e02-082-00-02,point
224,e02-082-00-03,is
224,e02-082-00-06,because
224,e02-082-00-07,almost
224,e02-082-01-01,has
224,e02-082-01-02,come
224,e02-082-01-03,to
224,e02-082-01-05,that
224,e02-082-02-00,are
224,e02-082-02-01,not
224,e02-082-02-02,only
224,e02-082-02-03,an
224,e02-082-02-07,but
224,e02-082-02-08,that
224,e02-082-03-00,great
224,e02-082-03-01,deal
224,e02-082-03-02,of
224,e02-082-03-04,can
224,e02-082-03-05,be
224,e02-082-03-06,avoided
224,e02-082-03-07,by
224,e02-082-03-08,the
224,e02-082-04-01,of
224,e02-082-04-03,power
224,e02-082-04-04,tool
224,e02-082-04-06,As
224,e02-082-04-07,an
224,e02-082-05-00,example
224,e02-082-05-02,surely
224,e02-082-05-03,no
224,e02-082-05-04,one
224,e02-082-05-05,can
224,e02-082-05-06,pretend
224,e02-082-05-07,to
224,e02-082-05-08,enjoy
224,e02-082-06-00,ripping
224,e02-082-06-01,out
224,e02-082-06-02,parts
224,e02-082-06-03,from
224,e02-082-06-06,Most
224,e02-082-06-07,men
224,e02-082-07-00,would
224,e02-082-07-02,use
224,e02-082-07-04,machine
224,e02-082-07-05,if
224,e02-082-07-06,it
224,e02-082-08-00,were
336,g06-031e-00-01,What
336,g06-031e-00-04,event
336,g06-031e-00-07,he
336,g06-031e-00-08,wrote
336,g06-031e-00-12,tremble
336,g06-031e-00-14,What
336,g06-031e-01-00,tuation
336,g06-031e-01-04,am
336,g06-031e-01-07,but
336,g06-031e-01-09,really
336,g06-031e-01-10,tremble
336,g06-031e-02-00,for
336,g06-031e-02-01,my
336,g06-031e-02-02,country
336,g06-031e-02-05,may
336,g06-031e-02-06,be
336,g06-031e-02-11,cannot
336,g06-031e-03-00,but
336,g06-031e-03-01,fear
336,g06-031e-03-02,that
336,g06-031e-03-03,the
336,g06-031e-03-05,of
336,g06-031e-03-06,the
336,g06-031e-03-07,People
336,g06-031e-03-08,will
336,g06-031e-03-09,be
336,g06-031e-03-10,so
336,g06-031e-04-00,great
336,g06-031e-04-01,at
336,g06-031e-04-02,the
336,g06-031e-04-03,return
336,g06-031e-04-04,of
336,g06-031e-04-07,that
336,g06-031e-04-08,the
336,g06-031e-04-09,Commons
336,g06-031e-05-00,House
336,g06-031e-05-01,upon
336,g06-031e-05-05,which
336,g06-031e-05-06,must
336,g06-031e-05-07,be
336,g06-031e-05-08,had
336,g06-031e-05-10,will
336,g06-031e-05-11,be
336,g06-031e-06-00,mass
336,g06-031e-06-01,of
336,g06-031e-06-05,then
336,g06-031e-06-06,God
336,g06-031e-06-07,knows
336,g06-031e-06-08,what
336,g06-031e-06-09,may
336,g06-031e-06-10,happen
115,b05-017-00-00,Nobody
115,b05-017-00-02,going
115,b05-017-00-03,to
115,b05-017-00-04,shove
115,b05-017-00-06,Uncle
115,b05-017-00-07,Sam
115,b05-017-00-08,around
115,b05-017-00-11,He
115,b05-017-00-12,then
115,b05-017-01-00,took
115,b05-017-01-01,out
115,b05-017-01-03,piece
115,b05-017-01-04,of
115,b05-017-01-05,paper
115,b05-017-01-07,wrote
115,b05-017-01-08,his
115,b05-017-01-09,address
115,b05-017-01-10,on
115,b05-017-01-11,it
115,b05-017-01-12,and
115,b05-017-01-13,added
115,b05-017-02-01,Anybody
115,b05-017-02-02,mucking
115,b05-017-02-03,the
115,b05-017-02-04,Yanks
115,b05-017-02-05,about
115,b05-017-02-06,had
115,b05-017-02-07,better
115,b05-017-02-08,call
115,b05-017-02-09,on
115,b05-017-02-10,me
115,b05-017-03-00,first
115,b05-017-03-04,stand
115,b05-017-03-05,for
115,b05-017-03-06,it
115,b05-017-03-09,Exit
115,b05-017-03-11,puzzled
115,b05-017-04-00,The
115,b05-017-04-01,other
115,b05-017-04-04,in
115,b05-017-04-05,the
115,b05-017-04-07,from
115,b05-017-05-00,to
115,b05-017-05-01,Paris
0,a01-113u-00-00,He
0,a01-113u-00-01,told
0,a01-113u-00-02,them
0,a01-113u-00-03,that
0,a01-113u-00-04,their
0,a01-113u-00-06,of
0,a01-113u-00-07,social
0,a01-113u-01-01,was
0,a01-113u-01-02,wholly
0,a01-113u-02-01,from
0,a01-113u-02-02,that
0,a01-113u-02-03,of
0,a01-113u-02-04,Labour
0,a01-113u-02-06,They
0,a01-113u-02-07,would
0,a01-113u-03-00,provide
0,a01-113u-03-01,an
0,a01-113u-03-03,service
0,a01-113u-03-04,for
0,a01-113u-03-05,the
0,a01-113u-04-02,but
0,a01-113u-04-03,it
0,a01-113u-04-04,would
0,a01-113u-04-05,not
0,a01-113u-04-06,be
0,a01-113u-04-07,too
0,a01-113u-05-00,nor
0,a01-113u-05-01,too
0,a01-113u-05-02,easy
0,a01-113u-05-03,to
0,a01-113u-05-04,get
0,a01-113u-05-07,jeers
0,a01-113u-05-08,that
0,a01-113u-06-00,it
0,a01-113u-06-01,was
0,a01-113u-06-02,Labour
0,a01-113u-06-03,which
0,a01-113u-06-04,first
0,a01-113u-06-05,put
0,a01-113u-06-07,ceiling
0,a01-113u-07-00,on
0,a01-113u-07-01,health
0,a01-113u-07-03,and
0,a01-113u-07-04,started
0,a01-113u-07-05,charges
0,a01-113u-08-00,Brown
0,a01-113u-08-02,the
0,a01-113u-08-03,hostile
0,a01-113u-08-05,benches
0,a01-113u-09-00,that
0,a01-113u-09-01,was
0,a01-113u-09-02,done
0,a01-113u-09-03,in
0,a01-113u-09-05,because
0,a01-113u-09-06,of
0,a01-113u-09-07,the
0,a01-113u-10-00,strain
0,a01-113u-10-01,of
0,a01-113u-10-02,the
0,a01-113u-10-03,Korean
0,a01-113u-10-04,war
336,g06-018e-00-00,When
336,g06-018e-00-01,the
336,g06-018e-00-02,sailing
336,g06-018e-00-03,season
336,g06-018e-00-04,was
336,g06-018e-00-05,past
336,g06-018e-00-07,he
336,g06-018e-00-08,sent
336,g06-018e-00-09,Pearl
336,g06-018e-00-10,back
336,g06-018e-00-11,to
336,g06-018e-01-00,England
336,g06-018e-01-02,and
336,g06-018e-01-04,to
336,g06-018e-01-05,Rome
336,g06-018e-01-06,for
336,g06-018e-01-07,the
336,g06-018e-01-08,winter
336,g06-018e-01-10,In
336,g06-018e-01-11,late
336,g06-018e-02-02,he
336,g06-018e-02-03,was
336,g06-018e-02-06,as
336,g06-018e-02-07,usual
336,g06-018e-02-10,but
336,g06-018e-02-11,hoped
336,g06-018e-02-13,he
336,g06-018e-03-00,told
336,g06-018e-03-01,Arthur
336,g06-018e-03-04,to
336,g06-018e-03-05,find
336,g06-018e-03-06,this
336,g06-018e-03-07,place
336,g06-018e-03-08,agree
336,g06-018e-03-09,with
336,g06-018e-03-10,me
336,g06-018e-03-11,better
336,g06-018e-03-12,than
336,g06-018e-04-00,Naples
336,g06-018e-04-02,The
336,g06-018e-04-03,journey
336,g06-018e-04-04,has
336,g06-018e-04-05,been
336,g06-018e-04-06,against
336,g06-018e-04-07,me
336,g06-018e-04-09,as
336,g06-018e-04-10,there
336,g06-018e-04-11,has
336,g06-018e-05-00,been
336,g06-018e-05-01,much
336,g06-018e-05-02,rain
336,g06-018e-05-03,and
336,g06-018e-05-04,damp
336,g06-018e-05-06,but
336,g06-018e-05-07,the
336,g06-018e-05-09,is
336,g06-018e-06-00,high
336,g06-018e-06-03,have
336,g06-018e-06-04,not
336,g06-018e-06-05,yet
336,g06-018e-06-06,thought
336,g06-018e-06-07,of
336,g06-018e-06-09,fire
670,r06-066-00-00,Then
670,r06-066-00-01,here
670,r06-066-00-02,was
670,r06-066-00-03,Nice
670,r06-066-00-05,and
670,r06-066-00-06,the
670,r06-066-00-07,old
670,r06-066-00-08,holiday
670,r06-066-01-00,sea
670,r06-066-01-02,blue
670,r06-066-01-03,as
670,r06-066-01-05,new
670,r06-066-01-06,school
670,r06-066-02-00,book
670,r06-066-02-02,The
670,r06-066-02-03,same
670,r06-066-02-04,old
670,r06-066-02-05,Nice
670,r06-066-02-07,creamy
670,r06-066-03-00,vulgar
670,r06-066-03-02,out
670,r06-066-03-03,of
670,r06-066-03-04,time
670,r06-066-03-07,with
670,r06-066-04-00,the
670,r06-066-04-01,ghosts
670,r06-066-04-02,of
670,r06-066-04-03,dead
670,r06-066-04-05,and
670,r06-066-05-02,edging
670,r06-066-05-03,past
670,r06-066-05-04,grubby
670,r06-066-06-00,to
670,r06-066-06-01,the
670,r06-066-06-02,old
670,r06-066-06-04,port
670,r06-066-06-06,This
670,r06-066-06-08,and
670,r06-066-07-00,Paris
670,r06-066-07-02,were
670,r06-066-07-03,my
670,r06-066-07-04,ruined
670,r06-066-07-07,and
670,r06-066-08-00,could
670,r06-066-08-01,catch
670,r06-066-08-02,the
670,r06-066-08-03,taste
670,r06-066-08-04,of
670,r06-066-08-05,dead
670,r06-066-08-06,dreams
670,r06-066-08-07,on
670,r06-066-09-00,my
670,r06-066-09-01,tongue
670,r06-066-09-02,like
670,r06-066-09-03,spray
333,g06-026b-00-02,life
333,g06-026b-00-03,truly
333,g06-026b-00-06,It
333,g06-026b-00-07,so
333,g06-026b-00-08,happens
333,g06-026b-01-00,that
333,g06-026b-01-02,have
333,g06-026b-01-03,an
333,g06-026b-01-04,Italian
333,g06-026b-01-05,who
333,g06-026b-01-06,is
333,g06-026b-01-07,perhaps
333,g06-026b-02-00,the
333,g06-026b-02-01,best
333,g06-026b-02-02,Valet
333,g06-026b-02-03,de
333,g06-026b-02-04,Chambre
333,g06-026b-02-05,that
333,g06-026b-03-00,ever
333,g06-026b-03-01,was
333,g06-026b-03-03,But
333,g06-026b-03-04,he
333,g06-026b-03-05,has
333,g06-026b-03-06,not
333,g06-026b-03-07,one
333,g06-026b-03-08,word
333,g06-026b-04-00,of
333,g06-026b-04-01,English
333,g06-026b-04-04,While
333,g06-026b-04-05,he
333,g06-026b-04-06,was
333,g06-026b-04-07,writing
333,g06-026b-05-00,this
333,g06-026b-05-01,letter
333,g06-026b-05-02,he
333,g06-026b-05-03,heard
333,g06-026b-05-04,of
333,g06-026b-05-05,the
333,g06-026b-05-06,fall
333,g06-026b-05-07,of
333,g06-026b-06-00,the
333,g06-026b-06-01,Whigs
333,g06-026b-06-03,and
333,g06-026b-06-04,the
333,g06-026b-07-01,of
333,g06-026b-07-02,the
333,g06-026b-07-04,by
333,g06-026b-08-00,the
333,g06-026b-08-01,Duke
333,g06-026b-08-02,of
671,r06-130-00-00,At
671,r06-130-00-01,the
671,r06-130-00-03,of
671,r06-130-00-04,the
671,r06-130-00-05,cinema
671,r06-130-00-06,the
671,r06-130-01-00,doorman
671,r06-130-01-01,was
671,r06-130-01-02,lying
671,r06-130-01-03,in
671,r06-130-01-04,wait
671,r06-130-01-05,for
671,r06-130-01-06,anyone
671,r06-130-02-00,who
671,r06-130-02-01,had
671,r06-130-02-02,red
671,r06-130-02-03,eyes
671,r06-130-03-00,by
671,r06-130-03-01,her
671,r06-130-03-03,arm
671,r06-130-03-05,he
671,r06-130-03-06,said
671,r06-130-04-01,Yes
671,r06-130-04-03,why
671,r06-130-04-04,are
671,r06-130-04-05,you
671,r06-130-04-06,crying
671,r06-130-04-08,he
671,r06-130-04-09,had
671,r06-130-04-10,to
671,r06-130-04-11,be
671,r06-130-05-01,for
671,r06-130-05-02,his
671,r06-130-05-03,crime
671,r06-130-05-06,he
671,r06-130-06-00,rine
671,r06-130-06-01,stared
671,r06-130-06-02,at
671,r06-130-06-03,him
671,r06-130-06-07,Philip
671,r06-130-07-00,rescued
671,r06-130-07-01,her
671,r06-130-07-02,by
671,r06-130-07-03,saying
671,r06-130-07-04,with
671,r06-130-07-05,disdain
671,r06-130-08-01,Some
671,r06-130-08-02,people
671,r06-130-08-04,know
671,r06-130-08-05,right
671,r06-130-08-06,from
671,r06-130-08-07,wrong
671,r06-130-09-00,even
671,r06-130-09-01,when
671,r06-130-09-02,its
671,r06-130-09-04,to
671,r06-130-09-05,them
132,b06-045-00-00,For
132,b06-045-00-01,many
132,b06-045-00-02,years
132,b06-045-00-03,my
132,b06-045-00-04,union
132,b06-045-00-05,had
132,b06-045-00-06,to
132,b06-045-00-07,present
132,b06-045-00-08,its
132,b06-045-00-09,views
132,b06-045-01-00,to
132,b06-045-01-01,the
132,b06-045-01-02,two
132,b06-045-01-03,major
132,b06-045-01-05,of
132,b06-045-01-06,the
132,b06-045-01-08,and
132,b06-045-02-00,take
132,b06-045-02-02,licking
132,b06-045-02-04,For
132,b06-045-02-05,us
132,b06-045-02-07,unity
132,b06-045-02-08,meant
132,b06-045-03-03,as
132,b06-045-03-04,binding
132,b06-045-03-05,on
132,b06-045-03-06,the
132,b06-045-04-01,and
132,b06-045-04-02,having
132,b06-045-04-04,go
132,b06-045-04-05,next
132,b06-045-04-06,time
132,b06-045-05-00,many
132,b06-045-05-01,others
132,b06-045-05-03,we
132,b06-045-05-05,our
132,b06-045-05-06,fight
132,b06-045-05-07,by
132,b06-045-05-08,putting
132,b06-045-06-00,down
132,b06-045-06-04,to
132,b06-045-07-01,policy
132,b06-045-07-02,and
132,b06-045-07-03,seeking
132,b06-045-07-04,to
132,b06-045-07-05,win
132,b06-045-08-00,for
132,b06-045-08-01,them
166,c04-098-00-00,But
166,c04-098-00-01,not
166,c04-098-00-02,one
166,c04-098-00-03,of
166,c04-098-00-04,his
166,c04-098-00-06,best
166,c04-098-00-09,Russ
166,c04-098-01-00,Conway
166,c04-098-01-01,is
166,c04-098-01-03,pianist
166,c04-098-01-04,who
166,c04-098-01-05,calls
166,c04-098-01-06,himself
166,c04-098-01-07,CRAZY
166,c04-098-01-08,OTTO
166,c04-098-01-10,But
166,c04-098-02-00,nothing
166,c04-098-02-01,crazy
166,c04-098-02-02,about
166,c04-098-02-03,his
166,c04-098-02-06,He
166,c04-098-02-07,pounds
166,c04-098-02-08,merrily
166,c04-098-02-09,away
166,c04-098-03-00,at
166,c04-098-03-02,piece
166,c04-098-03-03,called
166,c04-098-03-08,Polydor
166,c04-098-03-12,find
166,c04-098-03-13,it
166,c04-098-03-14,cute
166,c04-098-04-01,pianist
166,c04-098-04-02,Floyd
166,c04-098-04-03,Cramer
166,c04-098-04-05,who
166,c04-098-04-06,played
166,c04-098-04-07,for
166,c04-098-04-08,Elvis
166,c04-098-04-09,on
166,c04-098-04-11,It
166,c04-098-05-00,Now
166,c04-098-05-01,or
166,c04-098-05-02,Never
166,c04-098-05-05,looks
166,c04-098-05-06,like
166,c04-098-05-07,having
166,c04-098-05-09,success
166,c04-098-05-10,on
166,c04-098-05-11,his
166,c04-098-05-12,own
166,c04-098-05-13,with
166,c04-098-06-01,On
166,c04-098-06-02,the
166,c04-098-06-03,Rebound
166,c04-098-06-06,RCA
108,b04-034-00-00,The
108,b04-034-00-02,should
108,b04-034-00-03,settle
108,b04-034-00-04,this
108,b04-034-00-06,with
108,b04-034-00-07,two
108,b04-034-00-08,words
108,b04-034-00-09,to
108,b04-034-01-00,the
108,b04-034-01-04,Go
108,b04-034-01-05,ahead
108,b04-034-01-07,ONE
108,b04-034-01-08,man
108,b04-034-01-09,beyond
108,b04-034-01-10,all
108,b04-034-01-11,others
108,b04-034-01-12,is
108,b04-034-02-00,by
108,b04-034-02-01,the
108,b04-034-02-02,deaths
108,b04-034-02-03,of
108,b04-034-02-04,two
108,b04-034-02-05,elderly
108,b04-034-02-06,sisters
108,b04-034-02-07,who
108,b04-034-02-08,killed
108,b04-034-02-10,because
108,b04-034-03-00,they
108,b04-034-03-01,had
108,b04-034-03-02,to
108,b04-034-03-03,leave
108,b04-034-03-04,their
108,b04-034-03-05,cottage
108,b04-034-03-08,John
108,b04-034-03-09,Crabb
108,b04-034-03-11,clerk
108,b04-034-03-12,to
108,b04-034-04-01,urban
108,b04-034-04-02,council
108,b04-034-04-04,says
108,b04-034-04-08,shall
108,b04-034-04-09,always
108,b04-034-04-10,feel
108,b04-034-04-11,this
108,b04-034-04-12,as
108,b04-034-05-01,failure
124,b06-004-00-01,Without
124,b06-004-00-04,German
124,b06-004-01-00,ment
124,b06-004-01-01,in
124,b06-004-01-02,the
124,b06-004-01-03,air
124,b06-004-01-04,would
124,b06-004-01-05,be
124,b06-004-01-09,When
124,b06-004-02-01,reports
124,b06-004-02-03,along
124,b06-004-02-04,with
124,b06-004-02-05,other
124,b06-004-02-06,nazi
124,b06-004-03-00,were
124,b06-004-03-02,and
124,b06-004-03-04,after
124,b06-004-03-05,the
124,b06-004-03-06,war
124,b06-004-03-07,the
124,b06-004-04-00,pattern
124,b06-004-04-01,of
124,b06-004-04-02,British
124,b06-004-04-05,became
124,b06-004-05-00,clear
124,b06-004-05-02,At
124,b06-004-05-03,nazi
124,b06-004-05-05,request
124,b06-004-05-07,Britain
124,b06-004-05-08,was
124,b06-004-06-01,the
124,b06-004-06-02,cloak
124,b06-004-06-03,for
124,b06-004-06-04,Germany
124,b06-004-06-05,to
124,b06-004-06-06,build
124,b06-004-06-07,an
124,b06-004-07-00,air
124,b06-004-07-01,force
124,b06-004-07-02,bigger
124,b06-004-07-03,than
124,b06-004-07-04,that
124,b06-004-07-05,of
124,b06-004-07-06,France
61,a04-059-00-00,The
61,a04-059-00-01,party
61,a04-059-00-02,agreed
61,a04-059-00-03,that
61,a04-059-00-04,it
61,a04-059-00-05,was
61,a04-059-00-06,unwise
61,a04-059-00-07,to
61,a04-059-00-08,locate
61,a04-059-00-09,the
61,a04-059-00-10,base
61,a04-059-01-00,in
61,a04-059-01-01,the
61,a04-059-01-02,Holy
61,a04-059-01-03,Loch
61,a04-059-01-05,only
61,a04-059-01-07,miles
61,a04-059-01-08,from
61,a04-059-01-09,Glasgow
61,a04-059-02-00,city
61,a04-059-02-01,with
61,a04-059-02-02,two
61,a04-059-02-03,million
61,a04-059-02-04,people
61,a04-059-02-06,It
61,a04-059-02-07,should
61,a04-059-02-08,be
61,a04-059-02-09,sited
61,a04-059-03-00,in
61,a04-059-03-02,more
61,a04-059-03-03,remote
61,a04-059-03-04,area
61,a04-059-03-08,added
61,a04-059-03-09,that
61,a04-059-04-00,the
61,a04-059-04-04,did
61,a04-059-04-05,not
61,a04-059-04-07,in
61,a04-059-04-08,his
61,a04-059-05-00,view
61,a04-059-05-02,truly
61,a04-059-05-03,reflect
61,a04-059-05-04,the
61,a04-059-05-06,of
61,a04-059-05-07,the
61,a04-059-06-00,of
61,a04-059-06-01,party
61,a04-059-06-02,members
61,a04-059-06-03,and
61,a04-059-06-04,still
61,a04-059-06-05,less
61,a04-059-06-06,the
61,a04-059-07-01,in
61,a04-059-07-02,the
61,a04-059-07-03,country
340,g06-042i-00-00,Nor
340,g06-042i-00-01,is
340,g06-042i-00-02,this
340,g06-042i-00-03,to
340,g06-042i-00-04,be
340,g06-042i-00-06,at
340,g06-042i-00-08,for
340,g06-042i-00-09,even
340,g06-042i-00-10,today
340,g06-042i-00-12,in
340,g06-042i-00-13,the
340,g06-042i-01-02,no
340,g06-042i-01-03,cure
340,g06-042i-01-04,has
340,g06-042i-01-05,been
340,g06-042i-01-06,found
340,g06-042i-01-07,for
340,g06-042i-01-08,the
340,g06-042i-01-12,As
340,g06-042i-02-00,early
340,g06-042i-02-01,as
340,g06-042i-02-04,when
340,g06-042i-02-07,himself
340,g06-042i-02-08,to
340,g06-042i-02-09,be
340,g06-042i-02-10,on
340,g06-042i-03-00,the
340,g06-042i-03-01,point
340,g06-042i-03-02,of
340,g06-042i-03-03,death
340,g06-042i-03-05,the
340,g06-042i-03-06,new
340,g06-042i-03-07,German
340,g06-042i-03-09,method
340,g06-042i-03-10,known
340,g06-042i-04-00,as
340,g06-042i-04-02,had
340,g06-042i-04-03,been
340,g06-042i-04-04,brought
340,g06-042i-04-05,to
340,g06-042i-04-06,his
340,g06-042i-04-07,notice
274,g04-017-00-00,It
274,g04-017-00-01,was
274,g04-017-00-02,while
274,g04-017-00-04,was
274,g04-017-00-05,at
274,g04-017-00-07,that
274,g04-017-00-09,first
274,g04-017-00-10,visited
274,g04-017-01-00,in
274,g04-017-01-01,Bavaria
274,g04-017-01-02,to
274,g04-017-01-03,witness
274,g04-017-01-04,the
274,g04-017-01-05,Passion
274,g04-017-01-06,Play
274,g04-017-01-08,The
274,g04-017-01-09,place
274,g04-017-01-10,and
274,g04-017-01-11,its
274,g04-017-01-12,people
274,g04-017-01-13,were
274,g04-017-02-00,to
274,g04-017-02-01,play
274,g04-017-02-02,an
274,g04-017-02-04,part
274,g04-017-02-05,in
274,g04-017-02-06,my
274,g04-017-02-07,life
274,g04-017-02-09,For
274,g04-017-02-10,five
274,g04-017-02-11,years
274,g04-017-02-12,in
274,g04-017-02-14,till
274,g04-017-03-00,war
274,g04-017-03-01,broke
274,g04-017-03-02,out
274,g04-017-03-03,in
274,g04-017-03-07,spent
274,g04-017-03-08,my
274,g04-017-03-09,summer
274,g04-017-03-11,there
274,g04-017-03-12,and
274,g04-017-03-13,became
274,g04-017-04-00,very
274,g04-017-04-02,with
274,g04-017-04-03,the
274,g04-017-04-04,people
274,g04-017-04-05,and
274,g04-017-04-06,the
274,g04-017-04-09,Every
274,g04-017-04-10,year
274,g04-017-04-11,between
274,g04-017-04-12,the
274,g04-017-05-00,Passion
274,g04-017-05-01,Plays
274,g04-017-05-03,an
274,g04-017-05-05,of
274,g04-017-05-06,ten
274,g04-017-05-07,years
274,g04-017-05-09,another
274,g04-017-05-10,play
274,g04-017-05-11,would
274,g04-017-05-12,be
274,g04-017-06-01,at
274,g04-017-06-02,the
274,g04-017-06-03,small
274,g04-017-06-04,theatre
274,g04-017-06-05,in
274,g04-017-06-06,the
274,g04-017-06-07,village
274,g04-017-06-09,when
274,g04-017-06-10,new
274,g04-017-06-11,talent
274,g04-017-06-12,would
274,g04-017-07-00,be
274,g04-017-07-02,and
274,g04-017-07-03,trained
0,a05-116-00-00,This
0,a05-116-00-01,was
0,a05-116-00-02,too
0,a05-116-00-04,of
0,a05-116-00-05,the
0,a05-116-01-00,and
0,a05-116-01-01,her
0,a05-116-01-03,baby
0,a05-116-01-05,For
0,a05-116-01-06,the
0,a05-116-01-07,most
0,a05-116-02-00,part
0,a05-116-02-03,Godber
0,a05-116-02-05,his
0,a05-116-02-06,way
0,a05-116-03-00,through
0,a05-116-03-03,Foreign
0,a05-116-03-04,Office
0,a05-116-04-00,brief
0,a05-116-04-02,He
0,a05-116-04-04,the
0,a05-116-04-06,seal
0,a05-116-04-08,an
0,a05-116-05-04,whose
0,a05-116-06-01,is
0,a05-116-06-02,limited
0,a05-116-06-04,we
0,a05-116-06-05,are
0,a05-116-06-06,told
0,a05-116-06-08,to
0,a05-116-07-00,series
0,a05-116-07-01,of
0,a05-116-07-02,heavy
0,a05-116-07-03,sighs
0,a05-116-07-05,Sir
0,a05-116-07-06,Lynn
0,a05-116-08-00,Thomas
0,a05-116-08-03,for
0,a05-116-08-08,former
0,a05-116-09-00,Labour
0,a05-116-09-03,and
0,a05-116-09-05,Barbara
274,f04-020-00-00,But
274,f04-020-00-01,both
274,f04-020-00-02,purse
274,f04-020-00-03,and
274,f04-020-00-04,ticket
274,f04-020-00-06,and
274,f04-020-00-07,the
274,f04-020-00-10,were
274,f04-020-00-11,gone
274,f04-020-00-12,when
274,f04-020-00-13,the
274,f04-020-00-14,body
274,f04-020-01-00,was
274,f04-020-01-01,found
274,f04-020-01-02,at
274,f04-020-01-05,Neither
274,f04-020-01-06,the
274,f04-020-01-07,sisters
274,f04-020-01-08,nor
274,f04-020-01-09,Mr
274,f04-020-01-10,Berry
274,f04-020-01-11,thought
274,f04-020-01-12,it
274,f04-020-02-00,likely
274,f04-020-02-01,that
274,f04-020-02-02,she
274,f04-020-02-03,had
274,f04-020-02-04,been
274,f04-020-02-06,much
274,f04-020-02-07,money
274,f04-020-02-10,porter
274,f04-020-02-11,at
274,f04-020-03-01,the
274,f04-020-03-04,that
274,f04-020-03-06,Camp
274,f04-020-03-07,had
274,f04-020-03-08,been
274,f04-020-03-09,alone
274,f04-020-03-10,in
274,f04-020-03-11,her
274,f04-020-04-01,when
274,f04-020-04-02,the
274,f04-020-04-03,train
274,f04-020-04-04,left
274,f04-020-04-06,but
274,f04-020-04-07,this
274,f04-020-04-08,did
274,f04-020-04-09,not
274,f04-020-04-10,help
274,f04-020-04-11,much
274,f04-020-04-13,since
274,f04-020-04-14,it
274,f04-020-05-00,had
274,f04-020-05-01,made
274,f04-020-05-02,stops
274,f04-020-05-03,at
274,f04-020-05-04,nine
274,f04-020-05-06,before
239,e04-083-00-00,The
239,e04-083-00-01,edges
239,e04-083-00-02,of
239,e04-083-00-03,the
239,e04-083-00-05,should
239,e04-083-00-06,be
239,e04-083-00-08,to
239,e04-083-01-01,to
239,e04-083-01-02,the
239,e04-083-01-03,sides
239,e04-083-01-04,and
239,e04-083-01-05,bottom
239,e04-083-01-06,of
239,e04-083-01-07,the
239,e04-083-01-08,boat
239,e04-083-02-01,forget
239,e04-083-02-02,to
239,e04-083-02-03,cut
239,e04-083-02-04,out
239,e04-083-02-05,on
239,e04-083-02-06,each
239,e04-083-02-07,side
239,e04-083-02-08,of
239,e04-083-02-09,each
239,e04-083-02-10,mould
239,e04-083-03-00,to
239,e04-083-03-01,allow
239,e04-083-03-02,for
239,e04-083-03-03,the
239,e04-083-03-04,chines
239,e04-083-03-05,to
239,e04-083-03-06,rest
239,e04-083-03-07,in
239,e04-083-03-08,these
239,e04-083-04-00,notches
239,e04-083-04-02,as
239,e04-083-04-03,they
239,e04-083-04-04,are
239,e04-083-04-05,not
239,e04-083-04-07,to
239,e04-083-04-08,the
239,e04-083-05-00,moulds
239,e04-083-05-02,which
239,e04-083-05-03,will
239,e04-083-05-04,only
239,e04-083-05-05,be
239,e04-083-05-06,used
239,e04-083-05-07,whilst
239,e04-083-06-00,the
239,e04-083-06-01,hull
239,e04-083-06-02,is
239,e04-083-06-03,under
234,e04-038-00-00,Avoid
234,e04-038-00-01,using
234,e04-038-00-03,paint
234,e04-038-00-04,as
234,e04-038-00-05,this
234,e04-038-00-06,could
234,e04-038-00-07,prove
234,e04-038-01-00,if
234,e04-038-01-01,junior
234,e04-038-01-02,decides
234,e04-038-01-03,to
234,e04-038-01-04,bite
234,e04-038-01-05,the
234,e04-038-01-06,chair
234,e04-038-01-08,Finally
234,e04-038-01-10,it
234,e04-038-01-11,is
234,e04-038-01-12,as
234,e04-038-01-13,well
234,e04-038-02-00,to
234,e04-038-02-01,cover
234,e04-038-02-02,the
234,e04-038-02-04,with
234,e04-038-02-05,rubber
234,e04-038-02-06,or
234,e04-038-02-07,any
234,e04-038-02-08,such
234,e04-038-03-01,that
234,e04-038-03-02,might
234,e04-038-03-03,be
234,e04-038-03-05,as
234,e04-038-03-07,the
234,e04-038-04-00,paint
234,e04-038-04-01,would
234,e04-038-04-02,soon
234,e04-038-04-03,be
234,e04-038-04-05,off
234,e04-038-05-04,your
234,e04-038-05-05,own
234,e04-038-05-06,boat
234,e04-038-05-07,is
234,e04-038-05-09,most
234,e04-038-06-01,and
234,e04-038-06-03,project
219,e02-014-00-00,For
219,e02-014-00-01,short
219,e02-014-00-02,ones
219,e02-014-00-05,plane
219,e02-014-00-06,can
219,e02-014-00-07,be
219,e02-014-00-08,used
219,e02-014-01-00,The
219,e02-014-01-01,gauge
219,e02-014-01-02,can
219,e02-014-01-03,now
219,e02-014-01-04,be
219,e02-014-01-05,used
219,e02-014-01-06,to
219,e02-014-01-07,nick
219,e02-014-01-08,in
219,e02-014-01-09,the
219,e02-014-01-10,tapers
219,e02-014-02-00,on
219,e02-014-02-01,the
219,e02-014-02-02,newly
219,e02-014-02-03,planed
219,e02-014-02-06,and
219,e02-014-02-07,these
219,e02-014-02-08,treated
219,e02-014-03-00,as
219,e02-014-03-01,before
219,e02-014-03-03,It
219,e02-014-03-04,is
219,e02-014-03-06,to
219,e02-014-03-07,mark
219,e02-014-03-08,the
219,e02-014-03-09,taper
219,e02-014-03-10,with
219,e02-014-04-00,the
219,e02-014-04-02,as
219,e02-014-04-03,one
219,e02-014-04-04,relies
219,e02-014-04-05,upon
219,e02-014-04-06,the
219,e02-014-04-07,truth
219,e02-014-05-00,of
219,e02-014-05-01,the
219,e02-014-05-02,plane
219,e02-014-05-03,sole
219,e02-014-05-04,to
219,e02-014-05-05,make
219,e02-014-05-06,the
219,e02-014-05-07,tapered
45,a03-020-00-00,Prince
45,a03-020-00-02,former
45,a03-020-00-04,of
45,a03-020-01-03,Quinim
45,a03-020-01-06,who
45,a03-020-02-00,claims
45,a03-020-02-01,to
45,a03-020-02-02,be
45,a03-020-02-03,his
45,a03-020-02-05,in
45,a03-020-03-00,Laos
45,a03-020-03-04,all
45,a03-020-04-00,of
45,a03-020-04-01,the
45,a03-020-04-03,forces
45,a03-020-05-01,the
45,a03-020-05-03,of
45,a03-020-05-04,Xieng
45,a03-020-06-00,Khouang
45,a03-020-06-01,and
45,a03-020-06-03,that
45,a03-020-07-00,Prince
45,a03-020-07-03,leader
45,a03-020-08-00,of
45,a03-020-08-01,the
45,a03-020-08-03,Neo
45,a03-020-08-04,Lao
45,a03-020-09-00,Haksat
45,a03-020-09-01,Party
45,a03-020-09-03,also
45,a03-020-09-04,to
45,a03-020-09-05,the
45,a03-020-10-00,in
45,a03-020-10-01,the
45,a03-020-10-02,same
45,a03-020-10-03,terms
339,g06-018h-00-00,When
339,g06-018h-00-01,the
339,g06-018h-00-02,sailing
339,g06-018h-00-03,season
339,g06-018h-00-04,was
339,g06-018h-00-05,past
339,g06-018h-00-07,he
339,g06-018h-00-08,sent
339,g06-018h-00-09,Pearl
339,g06-018h-00-10,back
339,g06-018h-00-11,to
339,g06-018h-01-00,England
339,g06-018h-01-02,and
339,g06-018h-01-04,to
339,g06-018h-01-05,Rome
339,g06-018h-01-06,for
339,g06-018h-01-07,the
339,g06-018h-01-08,winter
339,g06-018h-01-10,In
339,g06-018h-01-11,late
339,g06-018h-02-02,he
339,g06-018h-02-03,was
339,g06-018h-02-06,as
339,g06-018h-02-07,usual
339,g06-018h-02-10,but
339,g06-018h-02-11,hoped
339,g06-018h-02-13,he
339,g06-018h-03-00,told
339,g06-018h-03-01,Arthur
339,g06-018h-03-04,to
339,g06-018h-03-05,find
339,g06-018h-03-06,this
339,g06-018h-03-07,place
339,g06-018h-03-08,agree
339,g06-018h-03-09,with
339,g06-018h-03-10,me
339,g06-018h-03-11,better
339,g06-018h-04-00,than
339,g06-018h-04-01,Naples
339,g06-018h-04-03,The
339,g06-018h-04-04,journey
339,g06-018h-04-05,has
339,g06-018h-04-06,been
339,g06-018h-04-07,against
339,g06-018h-04-08,me
339,g06-018h-04-10,as
339,g06-018h-05-00,there
339,g06-018h-05-01,has
339,g06-018h-05-02,been
339,g06-018h-05-03,much
339,g06-018h-05-04,rain
339,g06-018h-05-05,and
339,g06-018h-05-06,damp
339,g06-018h-05-08,but
339,g06-018h-05-09,the
339,g06-018h-06-01,is
339,g06-018h-06-02,high
339,g06-018h-06-05,have
339,g06-018h-06-06,not
339,g06-018h-06-07,yet
339,g06-018h-06-08,thought
339,g06-018h-06-09,of
339,g06-018h-07-01,fire
37,a02-102-00-01,ROYAL
37,a02-102-00-02,welcome
37,a02-102-00-03,for
37,a02-102-00-04,the
37,a02-102-00-05,Kabaka
37,a02-102-00-06,of
37,a02-102-01-00,Buganda
37,a02-102-01-02,King
37,a02-102-01-03,Freddie
37,a02-102-01-05,from
37,a02-102-02-01,Bagaya
37,a02-102-02-02,of
37,a02-102-02-03,Toro
37,a02-102-02-06,at
37,a02-102-02-07,the
37,a02-102-03-00,foot
37,a02-102-03-01,of
37,a02-102-03-02,his
37,a02-102-03-04,steps
37,a02-102-03-05,at
37,a02-102-03-06,London
37,a02-102-03-07,Airport
37,a02-102-04-02,Forty
37,a02-102-04-03,other
37,a02-102-04-05,greeted
37,a02-102-04-06,him
37,a02-102-05-01,with
37,a02-102-05-02,heads
37,a02-102-05-03,bowed
37,a02-102-05-05,The
37,a02-102-06-00,aged
37,a02-102-06-03,is
37,a02-102-06-04,now
37,a02-102-06-06,history
37,a02-102-06-07,at
37,a02-102-07-00,dge
37,a02-102-07-02,where
37,a02-102-07-03,she
37,a02-102-07-04,is
37,a02-102-07-06,friend
37,a02-102-07-07,of
37,a02-102-07-08,Prince
37,a02-102-07-09,William
37,a02-102-08-00,of
133,c06-116-00-00,Susan
133,c06-116-00-01,Hayward
133,c06-116-00-02,plays
133,c06-116-00-03,the
133,c06-116-00-04,wife
133,c06-116-00-05,sharply
133,c06-116-01-00,and
133,c06-116-01-01,sweetly
133,c06-116-01-03,Mason
133,c06-116-01-04,is
133,c06-116-01-05,always
133,c06-116-01-06,good
133,c06-116-01-07,for
133,c06-116-02-01,glower
133,c06-116-02-03,And
133,c06-116-02-04,Miss
133,c06-116-02-05,Newmar
133,c06-116-02-06,is
133,c06-116-03-00,stunner
133,c06-116-03-01,in
133,c06-116-03-02,every
133,c06-116-03-03,sense
133,c06-116-03-04,of
133,c06-116-03-05,the
133,c06-116-03-06,word
133,c06-116-04-01,to
133,c06-116-04-02,the
133,c06-116-04-03,script
133,c06-116-04-04,she
133,c06-116-04-05,was
133,c06-116-04-06,once
133,c06-116-05-00,captain
133,c06-116-05-01,of
133,c06-116-05-02,the
133,c06-116-05-03,junior
133,c06-116-05-04,hockey
133,c06-116-05-05,team
133,c06-116-05-06,at
133,c06-116-06-00,her
133,c06-116-06-01,school
133,c06-116-06-03,So
133,c06-116-06-04,help
133,c06-116-06-05,me
133,c06-116-06-06,so
133,c06-116-06-07,was
133,c06-116-07-00,IL
133,c06-116-07-01,GRIDO
133,c06-116-07-03,The
133,c06-116-07-04,Cry
133,c06-116-07-07,Paris
133,c06-116-07-08,Pullman
133,c06-116-08-00,is
133,c06-116-08-01,an
133,c06-116-08-02,earlier
133,c06-116-08-03,essay
133,c06-116-08-04,in
133,c06-116-09-01,by
133,c06-116-09-02,the
133,c06-116-09-04,man
334,g06-018c-00-00,When
334,g06-018c-00-01,the
334,g06-018c-00-02,sailing
334,g06-018c-00-03,season
334,g06-018c-00-04,was
334,g06-018c-00-05,past
334,g06-018c-00-07,he
334,g06-018c-00-08,sent
334,g06-018c-00-09,Pearl
334,g06-018c-00-10,back
334,g06-018c-01-00,to
334,g06-018c-01-01,England
334,g06-018c-01-03,and
334,g06-018c-01-05,to
334,g06-018c-01-06,Rome
334,g06-018c-01-07,for
334,g06-018c-01-08,the
334,g06-018c-01-09,winter
334,g06-018c-01-11,In
334,g06-018c-02-00,late
334,g06-018c-02-03,he
334,g06-018c-02-04,was
334,g06-018c-02-07,as
334,g06-018c-02-08,usual
334,g06-018c-02-11,but
334,g06-018c-02-12,hoped
334,g06-018c-03-00,he
334,g06-018c-03-01,told
334,g06-018c-03-02,Arthur
334,g06-018c-03-05,to
334,g06-018c-03-06,find
334,g06-018c-03-07,this
334,g06-018c-03-08,place
334,g06-018c-03-09,agree
334,g06-018c-03-10,with
334,g06-018c-04-00,me
334,g06-018c-04-01,better
334,g06-018c-04-02,than
334,g06-018c-04-03,Naples
334,g06-018c-04-05,The
334,g06-018c-04-06,journey
334,g06-018c-04-07,has
334,g06-018c-04-08,been
334,g06-018c-05-00,against
334,g06-018c-05-01,me
334,g06-018c-05-03,as
334,g06-018c-05-04,there
334,g06-018c-05-05,has
334,g06-018c-05-06,been
334,g06-018c-05-07,much
334,g06-018c-05-08,rain
334,g06-018c-05-09,and
334,g06-018c-05-10,damp
334,g06-018c-06-00,but
334,g06-018c-06-01,the
334,g06-018c-06-03,is
334,g06-018c-06-04,high
334,g06-018c-06-07,have
334,g06-018c-06-08,not
334,g06-018c-07-00,yet
334,g06-018c-07-01,thought
334,g06-018c-07-02,of
334,g06-018c-07-04,fire
153,c03-007d-00-00,In
153,c03-007d-00-02,Taste
153,c03-007d-00-03,of
153,c03-007d-00-04,Honey
153,c03-007d-00-07,has
153,c03-007d-01-00,taken
153,c03-007d-01-02,town
153,c03-007d-01-03,in
153,c03-007d-01-04,the
153,c03-007d-01-06,North
153,c03-007d-01-07,of
153,c03-007d-02-00,England
153,c03-007d-02-01,and
153,c03-007d-02-02,has
153,c03-007d-02-03,made
153,c03-007d-02-04,it
153,c03-007d-02-05,live
153,c03-007d-02-07,The
153,c03-007d-02-08,shabby
153,c03-007d-03-00,streets
153,c03-007d-03-01,and
153,c03-007d-03-02,wet
153,c03-007d-03-05,the
153,c03-007d-03-06,school
153,c03-007d-04-02,the
153,c03-007d-04-03,public
153,c03-007d-04-05,and
153,c03-007d-05-00,the
153,c03-007d-05-01,rubbish
153,c03-007d-05-02,strewn
153,c03-007d-05-03,canals
153,c03-007d-05-05,even
153,c03-007d-05-06,the
153,c03-007d-06-00,worn
153,c03-007d-06-02,in
153,c03-007d-06-03,the
153,c03-007d-06-07,sacred
153,c03-007d-07-00,to
153,c03-007d-07-01,the
153,c03-007d-07-02,memory
153,c03-007d-07-03,of
153,c03-007d-07-06,are
153,c03-007d-07-07,seen
153,c03-007d-07-08,as
153,c03-007d-07-09,an
153,c03-007d-08-01,part
153,c03-007d-08-02,of
153,c03-007d-08-03,the
153,c03-007d-08-04,story
150,c03-084a-00-01,Bryan
150,c03-084a-00-04,is
150,c03-084a-00-05,quietly
150,c03-084a-01-02,giving
150,c03-084a-01-03,full
150,c03-084a-01-04,value
150,c03-084a-01-05,to
150,c03-084a-01-06,the
150,c03-084a-01-07,formal
150,c03-084a-02-00,of
150,c03-084a-02-02,writing
150,c03-084a-02-03,without
150,c03-084a-03-00,them
150,c03-084a-03-02,Last
150,c03-084a-03-04,play
150,c03-084a-03-05,in
150,c03-084a-03-06,the
150,c03-084a-03-08,Play
150,c03-084a-03-09,of
150,c03-084a-03-10,the
150,c03-084a-04-00,Week
150,c03-084a-04-02,series
150,c03-084a-04-03,on
150,c03-084a-04-07,Then
150,c03-084a-05-00,We
150,c03-084a-05-01,Fall
150,c03-084a-05-03,by
150,c03-084a-05-05,Paul
150,c03-084a-05-06,Ferris
150,c03-084a-05-08,was
150,c03-084a-06-00,on
150,c03-084a-06-01,the
150,c03-084a-06-02,not
150,c03-084a-06-04,theme
150,c03-084a-06-05,of
150,c03-084a-06-06,the
150,c03-084a-07-00,power
150,c03-084a-07-01,of
659,r03-026-00-02,however
659,r03-026-00-04,the
659,r03-026-00-05,fashion
659,r03-026-00-06,for
659,r03-026-01-01,which
659,r03-026-01-03,John
659,r03-026-01-05,had
659,r03-026-02-00,started
659,r03-026-02-01,several
659,r03-026-02-02,decades
659,r03-026-02-03,before
659,r03-026-02-04,had
659,r03-026-02-05,caught
659,r03-026-02-06,on
659,r03-026-03-00,at
659,r03-026-03-01,last
659,r03-026-03-02,and
659,r03-026-03-04,saved
659,r03-026-03-05,the
659,r03-026-03-07,for
659,r03-026-04-00,the
659,r03-026-04-04,who
659,r03-026-04-05,now
659,r03-026-04-06,had
659,r03-026-04-07,plenty
659,r03-026-05-00,of
659,r03-026-05-02,to
659,r03-026-05-03,be
659,r03-026-05-04,coldly
659,r03-026-05-05,elegant
659,r03-026-05-06,in
659,r03-026-05-08,All
659,r03-026-05-09,this
659,r03-026-06-00,Serena
659,r03-026-06-03,and
659,r03-026-06-04,more
659,r03-026-06-06,but
659,r03-026-06-07,in
659,r03-026-06-08,stages
659,r03-026-06-10,For
659,r03-026-06-11,the
659,r03-026-07-00,first
659,r03-026-07-01,thing
659,r03-026-07-02,she
659,r03-026-07-03,did
659,r03-026-07-04,was
659,r03-026-07-05,to
659,r03-026-07-06,make
659,r03-026-07-07,an
659,r03-026-07-08,offer
659,r03-026-08-00,on
659,r03-026-08-02,small
659,r03-026-08-03,pink
659,r03-026-08-05,cottage
659,r03-026-08-07,two
659,r03-026-08-08,beds
659,r03-026-09-00,two
659,r03-026-09-06,and
659,r03-026-10-00,small
659,r03-026-10-01,back
659,r03-026-10-02,yard
659,r03-026-10-04,newly
659,r03-026-10-07,near
659,r03-026-10-08,shops
659,r03-026-10-09,and
659,r03-026-10-10,tube
333,g06-037b-00-00,God
333,g06-037b-00-01,grant
333,g06-037b-00-03,however
333,g06-037b-00-05,that
333,g06-037b-00-07,may
333,g06-037b-00-08,be
333,g06-037b-01-00,false
333,g06-037b-01-01,prophet
333,g06-037b-01-03,that
333,g06-037b-01-04,all
333,g06-037b-01-05,may
333,g06-037b-01-06,go
333,g06-037b-01-07,well
333,g06-037b-02-00,Sir
333,g06-037b-02-02,Peel
333,g06-037b-02-03,was
333,g06-037b-02-04,here
333,g06-037b-02-09,but
333,g06-037b-03-00,an
333,g06-037b-03-01,express
333,g06-037b-03-02,took
333,g06-037b-03-03,him
333,g06-037b-03-04,off
333,g06-037b-04-00,While
333,g06-037b-04-01,he
333,g06-037b-04-02,was
333,g06-037b-04-03,in
333,g06-037b-04-04,Naples
333,g06-037b-04-05,there
333,g06-037b-04-06,had
333,g06-037b-04-07,opened
333,g06-037b-05-01,new
333,g06-037b-05-02,chapter
333,g06-037b-05-03,in
333,g06-037b-05-04,the
333,g06-037b-05-05,history
333,g06-037b-05-06,of
333,g06-037b-06-02,search
333,g06-037b-06-03,for
333,g06-037b-06-04,an
333,g06-037b-07-01,of
333,g06-037b-07-02,his
333,g06-037b-07-03,painful
333,g06-037b-07-04,malady
333,g06-037b-07-06,
333,g06-037b-08-00,of
333,g06-037b-08-01,the
333,g06-037b-09-00,to
333,g06-037b-09-01,which
333,g06-037b-09-02,he
333,g06-037b-09-03,had
333,g06-037b-09-04,been
333,g06-037b-09-06,ever
248,e07-105-00-00,Many
248,e07-105-00-01,amateur
248,e07-105-00-03,might
248,e07-105-00-04,improve
248,e07-105-00-05,their
248,e07-105-01-00,results
248,e07-105-01-01,by
248,e07-105-01-02,buying
248,e07-105-01-04,small
248,e07-105-01-06,soil
248,e07-105-02-00,block
248,e07-105-02-01,maker
248,e07-105-02-02,and
248,e07-105-02-03,use
248,e07-105-02-04,the
248,e07-105-02-05,money
248,e07-105-02-06,saved
248,e07-105-02-07,on
248,e07-105-03-00,buying
248,e07-105-03-01,small
248,e07-105-03-02,pots
248,e07-105-03-03,to
248,e07-105-03-04,improve
248,e07-105-03-05,their
248,e07-105-04-00,The
248,e07-105-04-01,various
248,e07-105-04-02,types
248,e07-105-04-03,of
248,e07-105-04-04,small
248,e07-105-04-05,paper
248,e07-105-04-06,pots
248,e07-105-04-07,are
248,e07-105-04-08,very
248,e07-105-05-00,useful
248,e07-105-05-01,for
248,e07-105-05-05,but
248,e07-105-05-06,are
248,e07-105-06-01,to
248,e07-105-06-03,if
248,e07-105-06-04,the
248,e07-105-06-05,plants
248,e07-105-06-06,are
248,e07-105-06-07,in
248,e07-105-06-08,them
248,e07-105-07-00,too
248,e07-105-07-01,long
344,g06-047m-00-00,This
344,g06-047m-00-02,man
344,g06-047m-00-03,of
344,g06-047m-00-06,whom
344,g06-047m-00-07,Sir
344,g06-047m-01-00,Francis
344,g06-047m-01-01,Burdett
344,g06-047m-01-03,to
344,g06-047m-02-00,year
344,g06-047m-02-01,or
344,g06-047m-02-02,two
344,g06-047m-02-03,later
344,g06-047m-02-04,as
344,g06-047m-02-06,more
344,g06-047m-02-07,like
344,g06-047m-02-09,God
344,g06-047m-03-00,upon
344,g06-047m-03-01,earth
344,g06-047m-03-02,than
344,g06-047m-03-04,human
344,g06-047m-03-05,being
344,g06-047m-03-08,had
344,g06-047m-03-09,an
344,g06-047m-04-01,number
344,g06-047m-04-02,of
344,g06-047m-04-04,among
344,g06-047m-05-01,medical
344,g06-047m-05-02,men
344,g06-047m-05-03,in
344,g06-047m-05-04,the
344,g06-047m-05-05,cities
344,g06-047m-05-06,of
344,g06-047m-06-00,Europe
344,g06-047m-06-02,One
344,g06-047m-06-03,of
344,g06-047m-06-04,these
344,g06-047m-06-05,was
344,g06-047m-06-06,the
344,g06-047m-07-00,Dr
344,g06-047m-07-02,Mauro
344,g06-047m-07-04,whom
344,g06-047m-08-01,in
344,g06-047m-08-02,May
150,c03-016a-00-00,But
150,c03-016a-00-01,there
150,c03-016a-00-02,is
150,c03-016a-00-03,heart
150,c03-016a-00-04,in
150,c03-016a-00-05,the
150,c03-016a-00-06,telling
150,c03-016a-00-08,and
150,c03-016a-00-09,an
150,c03-016a-01-00,intense
150,c03-016a-01-01,realism
150,c03-016a-01-02,in
150,c03-016a-01-03,the
150,c03-016a-01-07,young
150,c03-016a-02-00,girl
150,c03-016a-02-01,lives
150,c03-016a-02-02,in
150,c03-016a-02-04,single
150,c03-016a-02-05,dingy
150,c03-016a-02-06,room
150,c03-016a-02-07,with
150,c03-016a-03-00,her
150,c03-016a-03-04,mother
150,c03-016a-03-06,In
150,c03-016a-03-07,such
150,c03-016a-04-01,she
150,c03-016a-04-02,learns
150,c03-016a-04-03,sex
150,c03-016a-04-04,is
150,c03-016a-05-00,sordid
150,c03-016a-05-02,and
150,c03-016a-05-03,when
150,c03-016a-05-04,she
150,c03-016a-05-06,it
150,c03-016a-05-07,for
150,c03-016a-05-08,the
150,c03-016a-06-00,first
150,c03-016a-06-01,time
150,c03-016a-06-02,herself
150,c03-016a-06-03,it
150,c03-016a-06-04,is
150,c03-016a-07-00,but
150,c03-016a-07-01,half
150,c03-016a-07-04,As
150,c03-016a-07-05,is
150,c03-016a-07-06,the
150,c03-016a-07-07,case
150,c03-016a-07-08,in
150,c03-016a-07-09,Fanny
150,c03-016a-08-00,her
150,c03-016a-08-01,first
150,c03-016a-08-02,lover
150,c03-016a-08-03,is
150,c03-016a-08-05,sailor
150,c03-016a-08-06,who
150,c03-016a-08-07,leaves
150,c03-016a-08-08,her
150,c03-016a-09-00,to
150,c03-016a-09-01,bear
150,c03-016a-09-02,his
150,c03-016a-09-03,child
150,c03-016a-09-04,and
150,c03-016a-09-05,sails
150,c03-016a-09-06,away
234,e04-034-00-00,Punch
234,e04-034-00-01,in
234,e04-034-00-02,all
234,e04-034-00-03,nail
234,e04-034-00-04,and
234,e04-034-00-05,panel
234,e04-034-00-06,pin
234,e04-034-00-07,heads
234,e04-034-00-08,and
234,e04-034-00-09,fill
234,e04-034-00-10,the
234,e04-034-00-11,holes
234,e04-034-01-00,with
234,e04-034-01-01,plastic
234,e04-034-01-02,wood
234,e04-034-01-04,Then
234,e04-034-01-07,the
234,e04-034-01-08,whole
234,e04-034-02-01,and
234,e04-034-02-02,round
234,e04-034-02-03,off
234,e04-034-02-04,any
234,e04-034-02-05,sharp
234,e04-034-02-06,edges
234,e04-034-02-08,such
234,e04-034-02-09,as
234,e04-034-02-10,the
234,e04-034-03-00,edge
234,e04-034-03-01,of
234,e04-034-03-02,the
234,e04-034-03-03,seat
234,e04-034-03-05,feeding
234,e04-034-03-06,tray
234,e04-034-03-08,etc
234,e04-034-03-11,Fill
234,e04-034-03-12,the
234,e04-034-03-13,grain
234,e04-034-03-14,with
234,e04-034-04-01,in
234,e04-034-04-02,the
234,e04-034-04-03,usual
234,e04-034-04-04,way
234,e04-034-04-05,and
234,e04-034-04-06,paint
234,e04-034-04-07,the
234,e04-034-04-08,frame
234,e04-034-04-09,in
234,e04-034-05-02,pastel
234,e04-034-05-03,shade
234,e04-034-05-05,using
234,e04-034-05-08,colour
234,e04-034-06-00,for
234,e04-034-06-01,the
234,e04-034-06-02,seat
234,e04-034-06-03,and
234,e04-034-06-04,the
234,e04-034-06-05,back
234,e04-034-06-06,which
234,e04-034-06-07,can
234,e04-034-06-08,be
234,e04-034-06-10,with
234,e04-034-07-02,nursery
125,c06-020-00-00,That
125,c06-020-00-02,as
125,c06-020-00-03,bloody
125,c06-020-00-04,silly
125,c06-020-00-05,as
125,c06-020-00-06,calling
125,c06-020-01-00,Royce
125,c06-020-01-02,type
125,c06-020-01-03,of
125,c06-020-01-06,She
125,c06-020-01-08,the
125,c06-020-02-00,flower
125,c06-020-02-01,in
125,c06-020-02-04,desert
125,c06-020-02-07,Now
125,c06-020-02-09,me
125,c06-020-03-04,write
125,c06-020-03-05,to
125,c06-020-03-07,rather
125,c06-020-04-00,than
125,c06-020-04-01,educate
125,c06-020-04-03,And
125,c06-020-04-06,write
125,c06-020-04-07,at
125,c06-020-04-08,all
125,c06-020-05-00,unless
125,c06-020-05-07,But
125,c06-020-06-00,say
125,c06-020-06-01,this
125,c06-020-06-05,like
125,c06-020-06-06,to
125,c06-020-06-07,live
125,c06-020-06-08,in
125,c06-020-06-09,America
125,c06-020-07-00,and
125,c06-020-07-01,do
125,c06-020-07-02,some
125,c06-020-07-03,writing
125,c06-020-07-04,there
9,a01-020-00-01,Macleod
9,a01-020-00-02,went
9,a01-020-00-03,on
9,a01-020-00-04,with
9,a01-020-00-05,the
9,a01-020-00-07,at
9,a01-020-01-01,House
9,a01-020-01-02,despite
9,a01-020-01-03,the
9,a01-020-01-04,crisis
9,a01-020-01-05,which
9,a01-020-01-06,had
9,a01-020-02-00,blown
9,a01-020-02-01,up
9,a01-020-02-03,He
9,a01-020-02-04,has
9,a01-020-02-05,now
9,a01-020-02-07,his
9,a01-020-02-08,full
9,a01-020-02-09,plans
9,a01-020-03-00,to
9,a01-020-03-01,the
9,a01-020-03-03,and
9,a01-020-03-07,These
9,a01-020-04-00,plans
9,a01-020-04-01,do
9,a01-020-04-02,not
9,a01-020-04-03,give
9,a01-020-04-04,the
9,a01-020-04-06,the
9,a01-020-04-07,overall
9,a01-020-05-01,they
9,a01-020-05-02,are
9,a01-020-05-03,seeking
9,a01-020-05-05,African
9,a01-020-06-00,are
9,a01-020-06-02,them
9,a01-020-06-03,today
9,a01-020-06-05,The
9,a01-020-07-00,will
9,a01-020-07-01,meet
9,a01-020-07-02,to
9,a01-020-07-03,discuss
9,a01-020-07-04,the
9,a01-020-07-06,of
9,a01-020-08-01,House
9,a01-020-08-02,of
9,a01-020-08-03,Chiefs
25,a02-020-00-00,Some
25,a02-020-00-01,of
25,a02-020-00-02,the
25,a02-020-00-04,were
25,a02-020-00-07,at
25,a02-020-01-00,meeting
25,a02-020-01-01,in
25,a02-020-01-02,Paris
25,a02-020-01-03,between
25,a02-020-01-05,Couve
25,a02-020-01-06,de
25,a02-020-01-09,French
25,a02-020-02-00,Foreign
25,a02-020-02-03,and
25,a02-020-02-05,Heath
25,a02-020-02-08,Selwyn
25,a02-020-02-09,Lloyd
25,a02-020-03-01,man
25,a02-020-03-02,with
25,a02-020-03-04,enough
25,a02-020-03-05,back
25,a02-020-03-06,home
25,a02-020-03-08,seems
25,a02-020-04-00,fated
25,a02-020-04-01,to
25,a02-020-04-02,fly
25,a02-020-04-03,into
25,a02-020-04-04,trouble
25,a02-020-04-05,abroad
25,a02-020-04-07,Last
25,a02-020-04-08,year
25,a02-020-04-09,it
25,a02-020-04-10,was
25,a02-020-05-00,the
25,a02-020-05-01,riots
25,a02-020-05-02,in
25,a02-020-05-05,which
25,a02-020-05-07,the
25,a02-020-05-08,NATO
25,a02-020-06-00,Council
25,a02-020-06-01,meeting
0,a01-117u-00-00,In
0,a01-117u-00-01,fact
0,a01-117u-00-03,the
0,a01-117u-00-04,Tories
0,a01-117u-00-05,made
0,a01-117u-00-06,it
0,a01-117u-00-07,worse
0,a01-117u-00-08,now
0,a01-117u-01-00,for
0,a01-117u-01-01,the
0,a01-117u-01-02,sick
0,a01-117u-01-03,and
0,a01-117u-01-04,needy
0,a01-117u-01-05,than
0,a01-117u-01-06,Labour
0,a01-117u-01-07,had
0,a01-117u-02-00,to
0,a01-117u-02-01,make
0,a01-117u-02-02,it
0,a01-117u-02-03,in
0,a01-117u-02-06,And
0,a01-117u-02-07,as
0,a01-117u-03-00,of
0,a01-117u-03-01,social
0,a01-117u-03-02,service
0,a01-117u-03-05,health
0,a01-117u-03-06,had
0,a01-117u-04-00,fallen
0,a01-117u-04-01,from
0,a01-117u-04-03,to
0,a01-117u-04-05,per
0,a01-117u-04-07,Then
0,a01-117u-05-01,Brown
0,a01-117u-05-02,swung
0,a01-117u-05-03,his
0,a01-117u-05-04,attack
0,a01-117u-05-06,to
0,a01-117u-06-00,the
0,a01-117u-06-03,Powell
0,a01-117u-06-05,He
0,a01-117u-07-00,that
0,a01-117u-07-01,instead
0,a01-117u-07-02,of
0,a01-117u-07-03,taking
0,a01-117u-07-04,it
0,a01-117u-07-05,out
0,a01-117u-07-06,of
0,a01-117u-07-07,the
0,a01-117u-08-02,Powell
0,a01-117u-08-03,should
0,a01-117u-08-04,take
0,a01-117u-09-00,action
0,a01-117u-09-01,against
0,a01-117u-09-02,the
0,a01-117u-09-03,drug
0,a01-117u-09-04,making
0,a01-117u-10-00,whose
0,a01-117u-10-01,profits
0,a01-117u-10-02,had
0,a01-117u-10-03,risen
0,a01-117u-10-04,by
0,a01-117u-10-05,up
0,a01-117u-10-06,to
0,a01-117u-10-08,per
0,a05-121-00-00,It
0,a05-121-00-01,was
0,a05-121-00-02,signed
0,a05-121-00-03,by
0,a05-121-00-05,Labour
0,a05-121-00-08,many
0,a05-121-01-00,of
0,a05-121-01-01,them
0,a05-121-02-00,It
0,a05-121-02-03,the
0,a05-121-02-05,of
0,a05-121-02-06,the
0,a05-121-03-01,as
0,a05-121-03-03,crime
0,a05-121-03-04,against
0,a05-121-04-02,letter
0,a05-121-04-03,of
0,a05-121-04-04,protest
0,a05-121-04-05,against
0,a05-121-04-06,the
0,a05-121-05-00,tests
0,a05-121-05-01,from
0,a05-121-05-02,Canon
0,a05-121-05-03,Collins
0,a05-121-06-00,of
0,a05-121-06-01,the
0,a05-121-06-03,for
0,a05-121-06-04,Nuclear
0,a05-121-07-03,to
0,a05-121-08-03,was
0,a05-121-08-04,also
0,a05-121-08-05,taken
0,a05-121-08-06,to
0,a05-121-08-07,the
0,a05-121-09-00,Russian
0,a05-121-09-01,Embassy
231,e04-011-00-00,See
231,e04-011-00-04,These
231,e04-011-00-05,are
231,e04-011-00-06,then
231,e04-011-00-07,glued
231,e04-011-00-08,and
231,e04-011-01-00,pinned
231,e04-011-01-01,into
231,e04-011-01-02,place
231,e04-011-01-05,similar
231,e04-011-01-06,piece
231,e04-011-01-07,of
231,e04-011-02-00,by
231,e04-011-02-04,by
231,e04-011-02-07,timber
231,e04-011-02-08,is
231,e04-011-02-09,fixed
231,e04-011-02-10,across
231,e04-011-03-00,the
231,e04-011-03-01,end
231,e04-011-03-02,of
231,e04-011-03-03,the
231,e04-011-03-04,feeding
231,e04-011-03-05,tray
231,e04-011-03-06,as
231,e04-011-03-07,seen
231,e04-011-03-08,in
231,e04-011-04-02,which
231,e04-011-04-03,also
231,e04-011-04-04,shows
231,e04-011-04-05,how
231,e04-011-04-07,piece
231,e04-011-04-08,of
231,e04-011-05-01,is
231,e04-011-05-02,covered
231,e04-011-05-03,with
231,e04-011-05-04,plastic
231,e04-011-06-00,for
231,e04-011-06-01,easy
231,e04-011-06-03,and
231,e04-011-06-04,then
231,e04-011-06-05,fixed
231,e04-011-07-00,the
231,e04-011-07-01,frame
231,e04-011-07-02,with
231,e04-011-07-03,panel
231,e04-011-07-04,pins
231,e04-011-07-05,to
231,e04-011-08-00,the
231,e04-011-08-01,feeding
231,e04-011-08-02,tray
37,a02-106-00-00,King
37,a02-106-00-01,Freddie
37,a02-106-00-02,and
37,a02-106-00-03,three
37,a02-106-00-04,other
37,a02-106-00-06,rulers
37,a02-106-00-07,of
37,a02-106-01-00,native
37,a02-106-01-02,in
37,a02-106-01-03,Uganda
37,a02-106-01-04,arrived
37,a02-106-01-05,for
37,a02-106-01-06,talks
37,a02-106-01-07,with
37,a02-106-02-03,Iain
37,a02-106-02-04,Macleod
37,a02-106-02-06,before
37,a02-106-02-07,the
37,a02-106-03-00,Uganda
37,a02-106-03-03,opens
37,a02-106-03-04,next
37,a02-106-03-05,Monday
37,a02-106-04-00,The
37,a02-106-04-03,Their
37,a02-106-04-04,status
37,a02-106-04-05,in
37,a02-106-04-06,an
37,a02-106-04-08,Uganda
37,a02-106-05-00,The
37,a02-106-05-02,problem
37,a02-106-05-03,for
37,a02-106-05-04,next
37,a02-106-05-07,is
37,a02-106-06-00,to
37,a02-106-06-01,settle
37,a02-106-06-02,the
37,a02-106-06-04,between
37,a02-106-06-05,them
37,a02-106-06-06,and
37,a02-106-06-07,the
37,a02-106-07-00,rest
37,a02-106-07-01,of
37,a02-106-07-02,the
37,a02-106-07-03,country
37,a02-106-07-07,report
37,a02-106-07-08,has
37,a02-106-08-01,their
37,a02-106-08-02,rights
37,a02-106-08-03,and
37,a02-106-08-06,form
37,a02-106-08-07,of
37,a02-106-09-00,federal
37,a02-106-09-03,but
37,a02-106-09-04,the
37,a02-106-09-05,four
37,a02-106-09-06,kings
37,a02-106-09-07,are
37,a02-106-09-08,not
154,c03-081e-00-02,the
154,c03-081e-00-04,has
154,c03-081e-01-01,error
154,c03-081e-01-02,in
154,c03-081e-01-04,Irene
154,c03-081e-01-05,to
154,c03-081e-01-06,speak
154,c03-081e-02-00,for
154,c03-081e-02-01,herself
154,c03-081e-02-03,we
154,c03-081e-02-04,would
154,c03-081e-02-05,be
154,c03-081e-02-07,clearer
154,c03-081e-03-00,in
154,c03-081e-03-01,our
154,c03-081e-03-02,minds
154,c03-081e-03-03,about
154,c03-081e-03-04,her
154,c03-081e-03-05,if
154,c03-081e-03-06,she
154,c03-081e-04-01,flawed
154,c03-081e-04-02,but
154,c03-081e-04-04,enigma
154,c03-081e-04-06,seen
154,c03-081e-04-07,but
154,c03-081e-05-00,not
154,c03-081e-05-01,heard
154,c03-081e-05-03,However
154,c03-081e-05-05,Miss
154,c03-081e-05-06,Pinkie
154,c03-081e-06-00,makes
154,c03-081e-06-01,her
154,c03-081e-06-02,few
154,c03-081e-06-03,brief
154,c03-081e-06-04,scenes
154,c03-081e-06-07,and
154,c03-081e-07-02,Landen
154,c03-081e-07-04,in
154,c03-081e-07-05,the
154,c03-081e-07-06,longest
154,c03-081e-07-07,and
154,c03-081e-07-08,most
154,c03-081e-08-01,role
154,c03-081e-08-03,that
154,c03-081e-08-04,of
154,c03-081e-08-05,the
154,c03-081e-08-08,gives
154,c03-081e-09-00,mance
154,c03-081e-09-01,of
154,c03-081e-09-02,rare
154,c03-081e-09-04,and
154,c03-081e-10-00,power
39,a02-120-00-00,The
39,a02-120-00-02,that
39,a02-120-00-03,the
39,a02-120-00-05,might
39,a02-120-01-00,invoke
39,a02-120-01-01,the
39,a02-120-01-02,Public
39,a02-120-01-03,Order
39,a02-120-01-04,Act
39,a02-120-01-08,and
39,a02-120-02-00,declare
39,a02-120-02-01,the
39,a02-120-02-02,whole
39,a02-120-02-03,rally
39,a02-120-02-04,illegal
39,a02-120-02-06,whether
39,a02-120-03-00,the
39,a02-120-03-02,sit
39,a02-120-03-03,down
39,a02-120-03-04,or
39,a02-120-03-05,not
39,a02-120-03-07,was
39,a02-120-04-00,being
39,a02-120-04-02,in
39,a02-120-04-04,last
39,a02-120-04-05,night
39,a02-120-05-00,It
39,a02-120-05-01,was
39,a02-120-05-02,last
39,a02-120-05-03,used
39,a02-120-05-05,year
39,a02-120-05-06,ago
39,a02-120-05-08,to
39,a02-120-05-09,deal
39,a02-120-06-00,with
39,a02-120-06-01,the
39,a02-120-06-03,Pancras
39,a02-120-06-04,rent
39,a02-120-06-05,riots
39,a02-120-06-07,Today
39,a02-120-07-01,Butler
39,a02-120-07-02,will
39,a02-120-07-03,have
39,a02-120-07-04,talks
39,a02-120-07-05,with
39,a02-120-07-06,Police
39,a02-120-08-01,Sir
39,a02-120-08-02,Joseph
39,a02-120-08-03,Simpson
39,a02-120-08-04,to
39,a02-120-09-00,draw
39,a02-120-09-01,up
39,a02-120-09-02,final
39,a02-120-09-03,plans
39,a02-120-09-04,for
39,a02-120-09-05,the
39,a02-120-09-07,Battle
39,a02-120-10-00,of
39,a02-120-10-02,Square
341,g06-031j-00-01,What
341,g06-031j-00-04,event
341,g06-031j-00-07,he
341,g06-031j-00-08,wrote
341,g06-031j-00-12,tremble
341,g06-031j-00-14,What
341,g06-031j-01-04,am
341,g06-031j-02-00,but
341,g06-031j-02-02,really
341,g06-031j-02-03,tremble
341,g06-031j-02-04,for
341,g06-031j-02-05,my
341,g06-031j-02-06,country
341,g06-031j-02-09,may
341,g06-031j-03-00,be
341,g06-031j-03-05,cannot
341,g06-031j-03-06,but
341,g06-031j-03-07,fear
341,g06-031j-03-08,that
341,g06-031j-04-00,the
341,g06-031j-04-02,of
341,g06-031j-04-03,the
341,g06-031j-04-04,People
341,g06-031j-04-05,will
341,g06-031j-04-06,be
341,g06-031j-05-00,so
341,g06-031j-05-01,great
341,g06-031j-05-02,at
341,g06-031j-05-03,the
341,g06-031j-05-04,return
341,g06-031j-05-05,of
341,g06-031j-06-00,that
341,g06-031j-06-01,the
341,g06-031j-06-02,Commons
341,g06-031j-06-03,House
341,g06-031j-06-04,upon
341,g06-031j-07-00,which
341,g06-031j-07-01,must
341,g06-031j-07-02,be
341,g06-031j-07-03,had
341,g06-031j-07-05,will
341,g06-031j-07-06,be
341,g06-031j-07-08,mass
341,g06-031j-07-09,of
341,g06-031j-08-03,then
341,g06-031j-08-04,God
341,g06-031j-08-05,knows
341,g06-031j-08-06,what
341,g06-031j-09-00,may
341,g06-031j-09-01,happen
154,c03-084e-00-01,Bryan
154,c03-084e-00-04,is
154,c03-084e-00-05,quietly
154,c03-084e-01-02,giving
154,c03-084e-01-03,full
154,c03-084e-01-04,value
154,c03-084e-01-05,to
154,c03-084e-01-06,the
154,c03-084e-01-07,formal
154,c03-084e-02-00,of
154,c03-084e-02-02,writing
154,c03-084e-02-03,without
154,c03-084e-03-00,them
154,c03-084e-03-02,Last
154,c03-084e-03-04,play
154,c03-084e-03-05,in
154,c03-084e-03-06,the
154,c03-084e-03-08,Play
154,c03-084e-03-09,of
154,c03-084e-03-10,the
154,c03-084e-04-00,Week
154,c03-084e-04-02,series
154,c03-084e-04-03,on
154,c03-084e-04-07,Then
154,c03-084e-04-08,We
154,c03-084e-05-00,Fall
154,c03-084e-05-02,by
154,c03-084e-05-04,Paul
154,c03-084e-05-05,Ferris
154,c03-084e-05-07,was
154,c03-084e-05-10,on
154,c03-084e-06-00,the
154,c03-084e-06-01,not
154,c03-084e-06-03,theme
154,c03-084e-06-04,of
154,c03-084e-06-05,the
154,c03-084e-07-00,power
154,c03-084e-07-01,of
275,f04-024-00-00,The
275,f04-024-00-01,police
275,f04-024-00-02,began
275,f04-024-00-05,search
275,f04-024-00-06,of
275,f04-024-00-07,the
275,f04-024-00-08,line
275,f04-024-01-00,no
275,f04-024-01-01,easy
275,f04-024-01-02,task
275,f04-024-01-04,but
275,f04-024-01-05,one
275,f04-024-01-06,in
275,f04-024-01-07,which
275,f04-024-01-09,and
275,f04-024-01-10,method
275,f04-024-02-00,paid
275,f04-024-02-01,off
275,f04-024-02-03,At
275,f04-024-02-05,spot
275,f04-024-02-06,on
275,f04-024-02-07,the
275,f04-024-02-09,between
275,f04-024-03-00,Putney
275,f04-024-03-01,and
275,f04-024-03-03,they
275,f04-024-03-04,found
275,f04-024-04-00,pestle
275,f04-024-04-01,such
275,f04-024-04-02,as
275,f04-024-04-04,use
275,f04-024-04-06,with
275,f04-024-04-07,some
275,f04-024-04-08,hairs
275,f04-024-05-01,to
275,f04-024-05-02,it
275,f04-024-05-04,The
275,f04-024-05-05,murder
275,f04-024-05-06,weapon
275,f04-024-05-08,more
275,f04-024-05-09,than
275,f04-024-05-10,likely
275,f04-024-06-00,and
275,f04-024-06-01,perhaps
275,f04-024-06-03,enough
275,f04-024-06-04,to
275,f04-024-06-05,have
275,f04-024-06-06,brought
275,f04-024-07-00,killer
275,f04-024-07-01,to
275,f04-024-07-02,book
275,f04-024-07-03,in
275,f04-024-07-04,modern
275,f04-024-07-05,times
104,b03-104-00-00,It
104,b03-104-00-01,is
104,b03-104-00-02,true
104,b03-104-00-03,that
104,b03-104-00-04,SIR
104,b03-104-00-05,GRAHAM
104,b03-104-00-06,said
104,b03-104-00-07,there
104,b03-104-00-08,is
104,b03-104-01-00,at
104,b03-104-01-01,the
104,b03-104-01-02,moment
104,b03-104-01-04,an
104,b03-104-01-05,awful
104,b03-104-01-06,mess
104,b03-104-01-07,up
104,b03-104-01-09,in
104,b03-104-02-00,the
104,b03-104-02-02,of
104,b03-104-02-05,This
104,b03-104-03-00,however
104,b03-104-03-02,seems
104,b03-104-03-04,matter
104,b03-104-03-05,of
104,b03-104-03-06,the
104,b03-104-04-00,of
104,b03-104-04-03,The
104,b03-104-04-05,British
104,b03-104-04-06,man
104,b03-104-05-00,and
104,b03-104-05-01,woman
104,b03-104-05-02,is
104,b03-104-05-04,of
104,b03-104-05-05,no
104,b03-104-06-00,Rather
104,b03-104-06-01,than
104,b03-104-06-02,fifty
104,b03-104-06-03,million
104,b03-104-06-04,people
104,b03-104-06-05,having
104,b03-104-07-00,to
104,b03-104-07-01,be
104,b03-104-07-02,put
104,b03-104-07-03,out
104,b03-104-07-04,for
104,b03-104-07-05,the
104,b03-104-07-06,sake
104,b03-104-07-07,of
104,b03-104-07-09,is
104,b03-104-07-10,there
104,b03-104-08-00,any
104,b03-104-08-01,reason
104,b03-104-08-02,why
104,b03-104-08-03,the
104,b03-104-09-00,should
104,b03-104-09-01,not
104,b03-104-09-02,change
104,b03-104-09-03,to
248,e07-108-00-00,They
248,e07-108-00-01,are
248,e07-108-00-03,quite
248,e07-108-00-04,useful
248,e07-108-00-05,for
248,e07-108-00-06,plants
248,e07-108-00-07,that
248,e07-108-00-08,are
248,e07-108-01-01,to
248,e07-108-01-02,market
248,e07-108-01-03,or
248,e07-108-01-04,direct
248,e07-108-01-05,to
248,e07-108-02-00,their
248,e07-108-02-02,making
248,e07-108-02-03,them
248,e07-108-02-05,to
248,e07-108-02-06,the
248,e07-108-03-02,there
248,e07-108-03-03,is
248,e07-108-03-04,also
248,e07-108-03-06,saving
248,e07-108-04-00,in
248,e07-108-04-02,costs
248,e07-108-04-03,because
248,e07-108-04-04,of
248,e07-108-04-05,their
248,e07-108-05-00,There
248,e07-108-05-01,are
248,e07-108-05-02,many
248,e07-108-05-03,types
248,e07-108-05-04,of
248,e07-108-05-05,plastic
248,e07-108-05-06,pots
248,e07-108-06-00,some
248,e07-108-06-03,some
248,e07-108-06-04,quite
248,e07-108-06-05,cheap
248,e07-108-06-07,some
248,e07-108-06-08,good
248,e07-108-07-00,and
248,e07-108-07-01,others
248,e07-108-07-02,not
248,e07-108-07-03,so
248,e07-108-07-04,good
248,e07-108-07-07,wide
248,e07-108-07-08,range
248,e07-108-07-09,of
248,e07-108-08-00,plants
248,e07-108-08-01,grow
248,e07-108-08-02,quite
248,e07-108-08-03,well
248,e07-108-08-04,in
248,e07-108-08-05,plastic
248,e07-108-08-06,pots
248,e07-108-08-07,and
248,e07-108-09-00,usually
248,e07-108-09-01,need
248,e07-108-09-02,less
248,e07-108-09-03,water
248,e07-108-09-04,than
248,e07-108-09-05,those
248,e07-108-09-06,in
248,e07-108-09-07,clay
248,e07-108-10-00,pots
342,g06-018k-00-00,When
342,g06-018k-00-01,the
342,g06-018k-00-02,sailing
342,g06-018k-00-03,season
342,g06-018k-00-04,was
342,g06-018k-00-05,past
342,g06-018k-00-07,he
342,g06-018k-00-08,sent
342,g06-018k-00-09,Pearl
342,g06-018k-01-00,back
342,g06-018k-01-01,to
342,g06-018k-01-02,England
342,g06-018k-01-04,and
342,g06-018k-01-06,to
342,g06-018k-01-07,Rome
342,g06-018k-01-08,for
342,g06-018k-01-09,the
342,g06-018k-02-01,winter
342,g06-018k-02-03,In
342,g06-018k-02-04,late
342,g06-018k-02-07,he
342,g06-018k-02-08,was
342,g06-018k-02-11,as
342,g06-018k-03-00,usual
342,g06-018k-03-03,but
342,g06-018k-03-04,hoped
342,g06-018k-03-06,he
342,g06-018k-03-07,told
342,g06-018k-03-08,Arthur
342,g06-018k-03-11,to
342,g06-018k-03-12,find
342,g06-018k-03-13,this
342,g06-018k-04-00,place
342,g06-018k-04-01,agree
342,g06-018k-04-02,with
342,g06-018k-04-03,me
342,g06-018k-04-04,better
342,g06-018k-04-05,than
342,g06-018k-04-06,Naples
342,g06-018k-04-08,The
342,g06-018k-05-00,journey
342,g06-018k-05-01,has
342,g06-018k-05-02,been
342,g06-018k-05-03,against
342,g06-018k-05-04,me
342,g06-018k-05-06,as
342,g06-018k-05-07,there
342,g06-018k-05-08,has
342,g06-018k-05-09,been
342,g06-018k-06-00,much
342,g06-018k-06-01,rain
342,g06-018k-06-02,and
342,g06-018k-06-03,damp
342,g06-018k-06-05,but
342,g06-018k-06-06,the
342,g06-018k-06-08,is
342,g06-018k-06-09,high
342,g06-018k-07-02,have
342,g06-018k-07-03,not
342,g06-018k-07-04,yet
342,g06-018k-07-05,thought
342,g06-018k-07-06,of
342,g06-018k-07-08,fire
344,g06-031m-00-01,What
344,g06-031m-00-04,event
344,g06-031m-00-07,he
344,g06-031m-00-08,wrote
344,g06-031m-00-12,tremble
344,g06-031m-00-14,What
344,g06-031m-01-04,am
344,g06-031m-01-07,but
344,g06-031m-02-00,really
344,g06-031m-02-01,tremble
344,g06-031m-02-02,for
344,g06-031m-02-03,my
344,g06-031m-02-04,country
344,g06-031m-02-07,may
344,g06-031m-02-08,be
344,g06-031m-03-02,cannot
344,g06-031m-03-03,but
344,g06-031m-03-04,fear
344,g06-031m-03-05,that
344,g06-031m-03-06,the
344,g06-031m-03-08,of
344,g06-031m-04-00,the
344,g06-031m-04-01,People
344,g06-031m-04-02,will
344,g06-031m-04-03,be
344,g06-031m-04-04,so
344,g06-031m-04-05,great
344,g06-031m-04-06,at
344,g06-031m-04-07,the
344,g06-031m-04-08,return
344,g06-031m-04-09,of
344,g06-031m-05-02,that
344,g06-031m-05-03,the
344,g06-031m-05-04,Commons
344,g06-031m-05-05,House
344,g06-031m-05-06,upon
344,g06-031m-06-02,which
344,g06-031m-06-03,must
344,g06-031m-06-04,be
344,g06-031m-06-05,had
344,g06-031m-06-07,will
344,g06-031m-06-08,be
344,g06-031m-07-00,mass
344,g06-031m-07-01,of
344,g06-031m-07-05,then
344,g06-031m-07-06,God
344,g06-031m-07-07,knows
344,g06-031m-08-00,what
344,g06-031m-08-01,may
344,g06-031m-08-02,happen
59,a04-027-00-00,From
59,a04-027-00-01,Nato
59,a04-027-00-04,Rusk
59,a04-027-00-05,went
59,a04-027-00-06,to
59,a04-027-00-07,see
59,a04-027-00-09,de
59,a04-027-00-10,Gaulle
59,a04-027-01-00,and
59,a04-027-01-02,him
59,a04-027-01-03,of
59,a04-027-01-04,the
59,a04-027-01-05,Vienna
59,a04-027-01-06,outcome
59,a04-027-01-08,Last
59,a04-027-01-09,night
59,a04-027-01-11,Rusk
59,a04-027-01-12,arrived
59,a04-027-02-00,in
59,a04-027-02-01,London
59,a04-027-02-02,in
59,a04-027-02-03,time
59,a04-027-02-04,to
59,a04-027-02-05,join
59,a04-027-02-06,the
59,a04-027-02-08,Palace
59,a04-027-02-09,dinner
59,a04-027-02-10,and
59,a04-027-02-11,to
59,a04-027-03-00,fly
59,a04-027-03-01,home
59,a04-027-03-02,with
59,a04-027-03-03,the
59,a04-027-03-06,In
59,a04-027-04-00,said
59,a04-027-04-01,the
59,a04-027-04-02,Vienna
59,a04-027-04-03,talks
59,a04-027-04-05,might
59,a04-027-04-06,be
59,a04-027-04-07,the
59,a04-027-04-09,of
59,a04-027-04-11,slight
59,a04-027-05-00,but
59,a04-027-05-01,no
59,a04-027-05-02,big
59,a04-027-05-03,changes
59,a04-027-05-04,should
59,a04-027-05-05,be
59,a04-027-05-07,in
59,a04-027-05-08,the
82,a06-110-00-02,when
82,a06-110-01-02,said
82,a06-110-01-03,he
82,a06-110-01-04,had
82,a06-110-01-05,been
82,a06-110-02-00,told
82,a06-110-02-01,this
82,a06-110-02-03,by
82,a06-110-02-04,some
82,a06-110-02-06,people
82,a06-110-03-00,of
82,a06-110-03-05,he
82,a06-110-04-04,agree
82,a06-110-04-05,with
82,a06-110-04-06,the
82,a06-110-04-07,Prime
82,a06-110-05-01,that
82,a06-110-05-03,do
82,a06-110-05-04,not
82,a06-110-05-05,think
82,a06-110-06-00,we
82,a06-110-06-01,are
82,a06-110-06-03,bound
82,a06-110-06-04,for
82,a06-110-07-01,in
82,a06-110-07-02,Europe
82,a06-110-07-05,he
82,a06-110-07-06,went
82,a06-110-08-00,on
235,e04-052-00-00,For
235,e04-052-00-03,in
235,e04-052-00-04,Canada
235,e04-052-00-05,we
235,e04-052-00-06,use
235,e04-052-00-08,nails
235,e04-052-01-00,in
235,e04-052-01-01,place
235,e04-052-01-02,of
235,e04-052-01-03,screws
235,e04-052-01-05,We
235,e04-052-01-06,just
235,e04-052-01-07,bend
235,e04-052-01-08,them
235,e04-052-01-09,over
235,e04-052-01-10,and
235,e04-052-01-11,clamp
235,e04-052-02-00,firmly
235,e04-052-02-01,by
235,e04-052-02-02,using
235,e04-052-02-04,hammer
235,e04-052-02-05,on
235,e04-052-02-06,each
235,e04-052-02-07,side
235,e04-052-02-09,Over
235,e04-052-02-10,here
235,e04-052-03-00,always
235,e04-052-03-01,used
235,e04-052-03-02,brass
235,e04-052-03-03,screws
235,e04-052-03-05,which
235,e04-052-03-06,are
235,e04-052-03-07,more
235,e04-052-03-10,The
235,e04-052-03-11,first
235,e04-052-04-00,job
235,e04-052-04-01,is
235,e04-052-04-02,to
235,e04-052-04-03,make
235,e04-052-04-04,your
235,e04-052-04-05,moulds
235,e04-052-04-07,In
235,e04-052-04-10,it
235,e04-052-04-11,quotes
235,e04-052-05-00,but
235,e04-052-05-01,to
235,e04-052-05-02,save
235,e04-052-05-03,money
235,e04-052-05-04,any
235,e04-052-05-05,scrap
235,e04-052-05-06,may
235,e04-052-05-07,be
235,e04-052-05-08,used
235,e04-052-05-10,and
235,e04-052-05-11,if
235,e04-052-05-12,this
235,e04-052-06-00,is
235,e04-052-06-01,nailed
235,e04-052-06-02,and
235,e04-052-06-03,glued
235,e04-052-06-07,it
235,e04-052-06-08,may
235,e04-052-06-09,be
235,e04-052-06-10,marked
235,e04-052-07-00,and
235,e04-052-07-01,cut
235,e04-052-07-02,to
235,e04-052-07-03,shape
235,e04-052-07-04,later
133,b06-100-00-00,The
133,b06-100-00-02,Duke
133,b06-100-00-03,of
133,b06-100-01-00,opening
133,b06-100-01-02,few
133,b06-100-01-04,college
133,b06-100-02-00,will
133,b06-100-02-01,not
133,b06-100-02-02,keep
133,b06-100-02-03,us
133,b06-100-02-04,abreast
133,b06-100-02-05,of
133,b06-100-02-06,the
133,b06-100-03-03,Out
133,b06-100-03-04,of
133,b06-100-03-05,the
133,b06-100-04-00,young
133,b06-100-04-01,people
133,b06-100-04-02,aged
133,b06-100-05-00,work
133,b06-100-05-01,in
133,b06-100-05-06,per
133,b06-100-05-07,cent
133,b06-100-06-00,went
133,b06-100-06-01,into
133,b06-100-06-03,work
133,b06-100-06-05,The
133,b06-100-07-00,centage
133,b06-100-07-01,is
133,b06-100-07-03,to
133,b06-100-07-04,swell
133,b06-100-07-05,to
133,b06-100-08-00,next
133,b06-100-08-01,year
133,b06-100-08-03,The
133,b06-100-08-04,Duke
133,b06-100-09-01,from
133,b06-100-09-04,stated
118,g05-098-00-00,So
118,g05-098-00-01,far
118,g05-098-00-02,had
118,g05-098-00-03,our
118,g05-098-00-05,led
118,g05-098-00-06,us
118,g05-098-00-07,in
118,g05-098-00-08,this
118,g05-098-00-09,matter
118,g05-098-00-10,of
118,g05-098-00-11,the
118,g05-098-01-03,that
118,g05-098-01-04,we
118,g05-098-01-05,had
118,g05-098-01-07,the
118,g05-098-01-09,of
118,g05-098-01-10,very
118,g05-098-02-00,special
118,g05-098-02-02,to
118,g05-098-02-03,guard
118,g05-098-02-04,the
118,g05-098-02-05,lives
118,g05-098-02-06,of
118,g05-098-02-07,our
118,g05-098-02-08,airmen
118,g05-098-03-00,hatred
118,g05-098-03-02,we
118,g05-098-03-03,felt
118,g05-098-03-05,was
118,g05-098-03-06,bound
118,g05-098-03-07,to
118,g05-098-03-08,be
118,g05-098-03-09,aimed
118,g05-098-03-10,at
118,g05-098-03-11,the
118,g05-098-03-13,of
118,g05-098-04-00,those
118,g05-098-04-01,who
118,g05-098-04-02,had
118,g05-098-04-04,over
118,g05-098-04-05,the
118,g05-098-04-06,years
118,g05-098-04-08,spread
118,g05-098-04-09,such
118,g05-098-04-10,ghastly
118,g05-098-04-11,havoc
118,g05-098-05-00,and
118,g05-098-05-01,death
118,g05-098-05-02,over
118,g05-098-05-03,Germany
118,g05-098-05-05,causing
118,g05-098-05-06,such
118,g05-098-05-09,among
118,g05-098-06-00,men
118,g05-098-06-02,women
118,g05-098-06-03,and
118,g05-098-06-06,old
118,g05-098-06-07,and
118,g05-098-06-08,young
118,g05-098-06-09,alike
153,c03-087d-00-00,It
153,c03-087d-00-01,went
153,c03-087d-00-03,perhaps
153,c03-087d-00-05,some
153,c03-087d-00-07,beyond
153,c03-087d-01-00,most
153,c03-087d-01-02,of
153,c03-087d-01-03,its
153,c03-087d-01-04,subject
153,c03-087d-01-05,by
153,c03-087d-02-01,to
153,c03-087d-03-01,which
153,c03-087d-03-02,left
153,c03-087d-03-03,its
153,c03-087d-03-04,central
153,c03-087d-04-00,and
153,c03-087d-04-01,the
153,c03-087d-04-02,world
153,c03-087d-04-03,around
153,c03-087d-04-04,him
153,c03-087d-04-05,in
153,c03-087d-05-03,We
153,c03-087d-05-04,could
153,c03-087d-05-06,perhaps
153,c03-087d-06-00,say
153,c03-087d-06-01,whether
153,c03-087d-06-02,or
153,c03-087d-06-03,not
153,c03-087d-06-04,the
153,c03-087d-06-05,attempt
153,c03-087d-07-00,of
153,c03-087d-07-01,we
153,c03-087d-07-02,had
153,c03-087d-07-04,little
153,c03-087d-07-05,more
153,c03-087d-07-06,faith
153,c03-087d-07-07,in
153,c03-087d-07-08,the
153,c03-087d-08-00,way
153,c03-087d-08-01,in
153,c03-087d-08-02,which
153,c03-087d-08-04,Ferris
153,c03-087d-09-00,his
248,e07-094-00-00,Soil
248,e07-094-00-01,blocks
248,e07-094-00-02,are
248,e07-094-00-04,the
248,e07-094-00-05,oldest
248,e07-094-00-07,to
248,e07-094-00-08,clay
248,e07-094-01-00,pots
248,e07-094-01-01,for
248,e07-094-01-02,plant
248,e07-094-01-03,raising
248,e07-094-01-05,These
248,e07-094-01-06,are
248,e07-094-01-08,blocks
248,e07-094-01-09,of
248,e07-094-02-00,compost
248,e07-094-02-02,made
248,e07-094-02-03,in
248,e07-094-02-06,devised
248,e07-094-02-07,press
248,e07-094-02-08,to
248,e07-094-03-01,roughly
248,e07-094-03-02,the
248,e07-094-03-03,shape
248,e07-094-03-04,and
248,e07-094-03-05,size
248,e07-094-03-06,of
248,e07-094-03-08,pot
248,e07-094-04-00,Usually
248,e07-094-04-02,or
248,e07-094-04-04,in
248,e07-094-04-05,shape
248,e07-094-04-07,they
248,e07-094-05-00,are
248,e07-094-05-01,made
248,e07-094-05-02,of
248,e07-094-05-03,the
248,e07-094-05-04,same
248,e07-094-05-05,compost
248,e07-094-05-06,as
248,e07-094-05-07,would
248,e07-094-05-08,have
248,e07-094-06-00,been
248,e07-094-06-01,used
248,e07-094-06-02,in
248,e07-094-06-04,pot
248,e07-094-06-06,the
248,e07-094-06-08,only
248,e07-094-06-10,being
248,e07-094-07-00,that
248,e07-094-07-01,it
248,e07-094-07-02,is
248,e07-094-07-03,used
248,e07-094-07-04,in
248,e07-094-07-07,moister
670,r06-053-00-00,Some
670,r06-053-00-01,grim
670,r06-053-00-02,comic
670,r06-053-00-03,relief
670,r06-053-00-04,was
670,r06-053-00-06,by
670,r06-053-01-00,an
670,r06-053-01-01,elderly
670,r06-053-01-02,farm
670,r06-053-01-04,out
670,r06-053-01-05,for
670,r06-053-01-07,shoot
670,r06-053-02-00,who
670,r06-053-02-01,hid
670,r06-053-02-02,himself
670,r06-053-02-03,in
670,r06-053-02-05,bush
670,r06-053-02-06,and
670,r06-053-04-00,was
670,r06-053-04-01,after
670,r06-053-04-02,this
670,r06-053-04-03,very
670,r06-053-04-04,bird
670,r06-053-04-05,and
670,r06-053-04-06,shot
670,r06-053-04-07,the
670,r06-053-05-01,in
670,r06-053-05-02,the
670,r06-053-05-03,face
670,r06-053-05-05,All
670,r06-053-05-07,however
670,r06-053-06-00,ended
670,r06-053-06-01,well
670,r06-053-06-04,the
670,r06-053-06-05,paper
670,r06-053-06-07,since
670,r06-053-06-08,the
670,r06-053-07-00,pellets
670,r06-053-07-01,were
670,r06-053-07-02,easily
670,r06-053-07-03,removed
670,r06-053-07-04,and
670,r06-053-07-05,the
670,r06-053-08-01,was
670,r06-053-08-02,able
670,r06-053-08-03,to
670,r06-053-08-04,return
670,r06-053-08-05,to
670,r06-053-08-06,work
670,r06-053-08-07,the
670,r06-053-09-00,same
0,a05-125-00-03,writes
0,a05-125-01-00,bomb
0,a05-125-01-03,the
0,a05-125-01-04,Central
0,a05-125-02-00,Lobby
0,a05-125-02-01,of
0,a05-125-02-02,the
0,a05-125-02-03,House
0,a05-125-02-04,of
0,a05-125-02-05,Commons
0,a05-125-02-06,last
0,a05-125-03-00,night
0,a05-125-03-01,and
0,a05-125-03-02,formed
0,a05-125-03-04,queue
0,a05-125-04-00,for
0,a05-125-04-01,more
0,a05-125-04-02,than
0,a05-125-04-04,yards
0,a05-125-04-05,outside
0,a05-125-05-00,in
0,a05-125-05-01,Old
0,a05-125-05-02,Palace
0,a05-125-05-03,Yard
0,a05-125-05-05,About
0,a05-125-06-00,lobbied
0,a05-125-06-02,and
0,a05-125-06-04,them
0,a05-125-07-00,on
62,a04-069-00-00,To
62,a04-069-00-04,Mr
62,a04-069-00-06,said
62,a04-069-00-07,the
62,a04-069-01-00,Prime
62,a04-069-01-02,should
62,a04-069-01-03,begin
62,a04-069-01-04,to
62,a04-069-01-05,take
62,a04-069-02-01,the
62,a04-069-02-02,danger
62,a04-069-02-03,of
62,a04-069-02-04,the
62,a04-069-02-05,spread
62,a04-069-02-06,of
62,a04-069-02-07,nuclear
62,a04-069-03-00,weapons
62,a04-069-03-01,within
62,a04-069-03-02,the
62,a04-069-03-03,Nato
62,a04-069-03-07,Let
62,a04-069-03-08,us
62,a04-069-03-09,say
62,a04-069-04-00,to
62,a04-069-04-02,that
62,a04-069-04-03,he
62,a04-069-04-04,should
62,a04-069-04-05,press
62,a04-069-04-08,hope
62,a04-069-05-00,with
62,a04-069-05-01,the
62,a04-069-05-03,of
62,a04-069-05-04,Kennedy
62,a04-069-05-06,in
62,a04-069-06-00,talks
62,a04-069-06-01,with
62,a04-069-06-02,the
62,a04-069-06-03,Soviet
62,a04-069-06-04,Union
62,a04-069-06-06,for
62,a04-069-06-07,the
62,a04-069-07-00,in
62,a04-069-07-01,central
62,a04-069-07-02,Europe
62,a04-069-07-03,of
62,a04-069-07-05,zone
62,a04-069-07-06,of
343,g06-050l-00-01,first
343,g06-050l-00-02,action
343,g06-050l-00-03,was
343,g06-050l-00-04,to
343,g06-050l-00-05,write
343,g06-050l-00-06,to
343,g06-050l-00-07,his
343,g06-050l-00-08,revered
343,g06-050l-01-00,master
343,g06-050l-01-01,at
343,g06-050l-01-04,near
343,g06-050l-01-05,Leipzig
343,g06-050l-01-07,asking
343,g06-050l-01-08,for
343,g06-050l-01-09,advice
343,g06-050l-02-00,In
343,g06-050l-02-01,doing
343,g06-050l-02-02,so
343,g06-050l-02-03,he
343,g06-050l-02-05,his
343,g06-050l-02-07,patient
343,g06-050l-02-08,and
343,g06-050l-03-00,his
343,g06-050l-03-03,He
343,g06-050l-03-04,told
343,g06-050l-03-06,that
343,g06-050l-03-07,he
343,g06-050l-03-08,found
343,g06-050l-04-02,strong
343,g06-050l-04-05,man
343,g06-050l-04-06,with
343,g06-050l-04-08,gentle
343,g06-050l-04-09,and
343,g06-050l-05-04,and
343,g06-050l-05-05,sedate
343,g06-050l-06-00,not
343,g06-050l-06-01,easily
343,g06-050l-06-04,patient
343,g06-050l-06-05,and
343,g06-050l-07-01,but
343,g06-050l-07-02,he
343,g06-050l-07-03,appears
343,g06-050l-07-04,to
343,g06-050l-07-05,despair
343,g06-050l-07-06,of
343,g06-050l-07-07,ever
343,g06-050l-07-08,being
343,g06-050l-07-09,cured
0,a03-089-00-00,This
0,a03-089-00-01,is
0,a03-089-00-04,to
0,a03-089-00-05,replace
0,a03-089-00-06,the
0,a03-089-01-00,Fiat
0,a03-089-01-03,and
0,a03-089-01-04,the
0,a03-089-02-00,the
0,a03-089-02-02,of
0,a03-089-02-03,the
0,a03-089-02-04,German
0,a03-089-02-05,Air
0,a03-089-03-00,Force
150,c03-007a-00-00,In
150,c03-007a-00-02,Taste
150,c03-007a-00-03,of
150,c03-007a-00-04,Honey
150,c03-007a-00-07,has
150,c03-007a-01-00,taken
150,c03-007a-01-02,town
150,c03-007a-01-03,in
150,c03-007a-01-04,the
150,c03-007a-01-06,North
150,c03-007a-01-07,of
150,c03-007a-01-08,England
150,c03-007a-02-00,and
150,c03-007a-02-01,has
150,c03-007a-02-02,made
150,c03-007a-02-03,it
150,c03-007a-02-04,live
150,c03-007a-02-06,The
150,c03-007a-02-07,shabby
150,c03-007a-02-08,streets
150,c03-007a-02-09,and
150,c03-007a-03-00,wet
150,c03-007a-03-03,the
150,c03-007a-03-04,school
150,c03-007a-03-07,the
150,c03-007a-04-00,public
150,c03-007a-04-02,and
150,c03-007a-04-03,the
150,c03-007a-04-04,rubbish
150,c03-007a-04-05,strewn
150,c03-007a-04-06,canals
150,c03-007a-05-00,even
150,c03-007a-05-01,the
150,c03-007a-05-02,worn
150,c03-007a-05-04,in
150,c03-007a-05-05,the
150,c03-007a-06-01,sacred
150,c03-007a-06-02,to
150,c03-007a-06-03,the
150,c03-007a-06-04,memory
150,c03-007a-06-05,of
150,c03-007a-06-08,are
150,c03-007a-06-09,seen
150,c03-007a-06-10,as
150,c03-007a-06-11,an
150,c03-007a-07-01,part
150,c03-007a-07-02,of
150,c03-007a-07-03,the
150,c03-007a-07-04,story
230,e04-004-00-00,Start
230,e04-004-00-01,by
230,e04-004-00-02,making
230,e04-004-00-03,the
230,e04-004-00-04,two
230,e04-004-00-05,side
230,e04-004-00-06,frames
230,e04-004-00-07,from
230,e04-004-00-10,by
230,e04-004-00-14,planed
230,e04-004-01-00,timber
230,e04-004-01-01,as
230,e04-004-01-02,shown
230,e04-004-01-03,in
230,e04-004-01-08,the
230,e04-004-01-09,timber
230,e04-004-01-10,will
230,e04-004-01-11,have
230,e04-004-01-12,already
230,e04-004-02-00,been
230,e04-004-02-01,machine
230,e04-004-02-02,planed
230,e04-004-02-05,to
230,e04-004-02-06,go
230,e04-004-02-07,over
230,e04-004-02-08,each
230,e04-004-02-09,piece
230,e04-004-02-10,with
230,e04-004-03-02,plane
230,e04-004-03-05,the
230,e04-004-03-06,marks
230,e04-004-03-07,left
230,e04-004-03-08,by
230,e04-004-03-09,the
230,e04-004-03-10,cutters
230,e04-004-04-00,will
230,e04-004-04-01,show
230,e04-004-04-02,up
230,e04-004-04-03,after
230,e04-004-04-06,The
230,e04-004-04-08,given
230,e04-004-04-09,enable
230,e04-004-04-10,the
230,e04-004-05-00,feeding
230,e04-004-05-01,tray
230,e04-004-05-02,to
230,e04-004-05-03,slide
230,e04-004-05-04,over
230,e04-004-05-08,table
230,e04-004-05-10,but
230,e04-004-05-11,the
230,e04-004-05-12,height
230,e04-004-06-00,can
230,e04-004-06-01,be
230,e04-004-06-02,altered
230,e04-004-06-03,if
343,g06-042l-00-00,Nor
343,g06-042l-00-01,is
343,g06-042l-00-02,this
343,g06-042l-00-03,to
343,g06-042l-00-04,be
343,g06-042l-00-06,at
343,g06-042l-00-08,for
343,g06-042l-00-09,even
343,g06-042l-00-10,today
343,g06-042l-00-12,in
343,g06-042l-00-13,the
343,g06-042l-01-02,no
343,g06-042l-01-03,cure
343,g06-042l-01-04,has
343,g06-042l-01-05,been
343,g06-042l-01-06,found
343,g06-042l-01-07,for
343,g06-042l-01-08,the
343,g06-042l-02-00,As
343,g06-042l-02-01,early
343,g06-042l-02-02,as
343,g06-042l-02-05,when
343,g06-042l-02-08,himself
343,g06-042l-02-09,to
343,g06-042l-02-10,be
343,g06-042l-03-00,on
343,g06-042l-03-01,the
343,g06-042l-03-02,point
343,g06-042l-03-03,of
343,g06-042l-03-04,death
343,g06-042l-03-06,the
343,g06-042l-03-07,new
343,g06-042l-03-08,German
343,g06-042l-03-10,method
343,g06-042l-04-00,known
343,g06-042l-04-01,as
343,g06-042l-04-03,had
343,g06-042l-04-04,been
343,g06-042l-04-05,brought
343,g06-042l-04-06,to
343,g06-042l-04-07,his
343,g06-042l-04-08,notice
0,a05-017-00-00,The
0,a05-017-00-02,regards
0,a05-017-00-03,the
0,a05-017-00-04,recent
0,a05-017-00-05,trend
0,a05-017-01-00,of
0,a05-017-01-02,figures
0,a05-017-01-03,as
0,a05-017-02-00,He
0,a05-017-02-01,is
0,a05-017-02-03,the
0,a05-017-02-04,aim
0,a05-017-02-05,can
0,a05-017-02-06,be
0,a05-017-03-00,While
0,a05-017-03-01,the
0,a05-017-03-03,of
0,a05-017-03-04,an
0,a05-017-03-06,return
0,a05-017-04-00,to
0,a05-017-04-02,Service
0,a05-017-04-03,in
0,a05-017-04-04,some
0,a05-017-04-05,form
0,a05-017-05-00,cannot
0,a05-017-05-01,be
0,a05-017-05-05,he
0,a05-017-05-06,does
0,a05-017-06-00,not
0,a05-017-06-01,agree
0,a05-017-06-02,that
0,a05-017-06-03,the
0,a05-017-06-04,point
0,a05-017-06-05,has
0,a05-017-06-06,been
0,a05-017-06-07,reached
0,a05-017-07-00,where
0,a05-017-07-01,this
0,a05-017-07-02,need
0,a05-017-07-03,even
0,a05-017-07-04,be
0,a05-017-07-07,If
0,a05-017-08-01,Service
0,a05-017-08-02,is
0,a05-017-08-03,ever
0,a05-017-08-05,to
0,a05-017-09-01,would
0,a05-017-09-03,have
0,a05-017-09-04,to
0,a05-017-09-05,be
0,a05-017-09-06,for
0,a05-017-10-00,three
0,a05-017-10-01,years
34,a02-078-00-00,Sir
34,a02-078-00-01,Roy
34,a02-078-00-03,said
34,a02-078-00-04,today
34,a02-078-00-05,that
34,a02-078-00-06,he
34,a02-078-00-07,no
34,a02-078-01-00,longer
34,a02-078-01-02,the
34,a02-078-01-03,good
34,a02-078-01-04,faith
34,a02-078-01-05,of
34,a02-078-01-07,Kenneth
34,a02-078-02-00,Kaunda
34,a02-078-02-02,Sir
34,a02-078-02-03,Roy
34,a02-078-02-05,Federal
34,a02-078-02-07,Prime
34,a02-078-03-00,said
34,a02-078-03-01,that
34,a02-078-03-04,United
34,a02-078-04-00,Party
34,a02-078-04-01,was
34,a02-078-04-03,monster
34,a02-078-04-04,as
34,a02-078-04-05,vicious
34,a02-078-04-06,as
34,a02-078-04-07,the
34,a02-078-04-08,Zambia
34,a02-078-05-03,which
34,a02-078-05-04,was
34,a02-078-05-05,led
34,a02-078-05-06,by
34,a02-078-05-08,Kaunda
34,a02-078-06-00,until
34,a02-078-06-01,he
34,a02-078-06-02,was
34,a02-078-06-04,in
34,a02-078-06-07,The
34,a02-078-06-08,record
34,a02-078-07-00,of
34,a02-078-07-02,among
34,a02-078-07-03,UNIP
34,a02-078-07-05,went
34,a02-078-08-00,back
34,a02-078-08-02,long
34,a02-078-08-03,way
34,a02-078-08-05,Sir
34,a02-078-08-06,Roy
34,a02-078-08-07,told
34,a02-078-08-08,the
34,a02-078-09-00,Federal
34,a02-078-09-02,in
17,b01-062-00-00,Should
17,b01-062-00-01,the
17,b01-062-00-02,Herald
17,b01-062-00-03,publish
17,b01-062-00-04,such
17,b01-062-01-00,This
17,b01-062-01-01,is
17,b01-062-01-06,It
17,b01-062-01-07,would
17,b01-062-02-00,be
17,b01-062-02-01,wrong
17,b01-062-02-02,to
17,b01-062-02-03,refuse
17,b01-062-02-04,all
17,b01-062-02-07,with
17,b01-062-03-00,which
17,b01-062-03-01,we
17,b01-062-03-04,When
17,b01-062-03-05,an
17,b01-062-04-02,whose
17,b01-062-04-03,factual
17,b01-062-04-04,truth
17,b01-062-04-05,is
17,b01-062-05-02,or
17,b01-062-05-03,where
17,b01-062-05-04,the
17,b01-062-05-05,total
17,b01-062-05-06,content
17,b01-062-05-07,would
17,b01-062-05-08,be
17,b01-062-06-00,deeply
17,b01-062-06-02,to
17,b01-062-06-03,our
17,b01-062-06-04,readers
17,b01-062-06-06,it
17,b01-062-06-07,is
17,b01-062-06-08,right
17,b01-062-06-09,to
17,b01-062-07-04,The
17,b01-062-07-05,MRA
17,b01-062-08-01,falls
17,b01-062-08-02,into
17,b01-062-08-03,neither
17,b01-062-08-06,though
17,b01-062-09-00,many
17,b01-062-09-01,readers
17,b01-062-09-02,will
17,b01-062-09-03,dislike
17,b01-062-09-04,it
217,f01-139-00-00,This
217,f01-139-00-01,is
217,f01-139-00-02,what
217,f01-139-00-04,mean
217,f01-139-00-05,by
217,f01-139-00-07,getting
217,f01-139-00-08,things
217,f01-139-00-09,the
217,f01-139-00-10,wrong
217,f01-139-00-11,way
217,f01-139-01-00,round
217,f01-139-01-03,He
217,f01-139-01-04,is
217,f01-139-01-05,far
217,f01-139-01-06,more
217,f01-139-01-07,likely
217,f01-139-01-08,to
217,f01-139-01-09,find
217,f01-139-01-10,out
217,f01-139-01-11,about
217,f01-139-01-12,how
217,f01-139-02-00,his
217,f01-139-02-01,own
217,f01-139-02-02,mind
217,f01-139-02-03,works
217,f01-139-02-04,by
217,f01-139-02-05,looking
217,f01-139-02-06,at
217,f01-139-02-07,other
217,f01-139-03-00,For
217,f01-139-03-02,looking
217,f01-139-03-03,inwards
217,f01-139-03-05,or
217,f01-139-04-00,as
217,f01-139-04-01,it
217,f01-139-04-02,is
217,f01-139-04-03,called
217,f01-139-04-06,is
217,f01-139-04-07,not
217,f01-139-04-09,ruled
217,f01-139-04-10,out
217,f01-139-05-01,most
217,f01-139-05-03,would
217,f01-139-05-04,agree
217,f01-139-05-05,that
217,f01-139-05-06,it
217,f01-139-05-07,is
217,f01-139-06-00,one
217,f01-139-06-01,of
217,f01-139-06-02,the
217,f01-139-06-03,most
217,f01-139-06-05,methods
217,f01-139-06-06,of
217,f01-139-06-07,getting
217,f01-139-07-00,any
217,f01-139-07-01,precise
335,g06-018d-00-00,When
335,g06-018d-00-01,the
335,g06-018d-00-02,sailing
335,g06-018d-00-03,season
335,g06-018d-00-04,was
335,g06-018d-00-05,past
335,g06-018d-00-07,he
335,g06-018d-00-08,sent
335,g06-018d-00-09,Pearl
335,g06-018d-01-00,back
335,g06-018d-01-01,to
335,g06-018d-01-02,England
335,g06-018d-01-04,and
335,g06-018d-01-06,to
335,g06-018d-01-07,Rome
335,g06-018d-01-08,for
335,g06-018d-02-00,the
335,g06-018d-02-01,winter
335,g06-018d-02-03,In
335,g06-018d-02-04,late
335,g06-018d-02-07,he
335,g06-018d-02-08,was
335,g06-018d-02-11,as
335,g06-018d-03-00,usual
335,g06-018d-03-03,but
335,g06-018d-03-04,hoped
335,g06-018d-03-06,he
335,g06-018d-03-07,told
335,g06-018d-03-08,Arthur
335,g06-018d-03-11,to
335,g06-018d-03-12,find
335,g06-018d-03-13,this
335,g06-018d-04-00,place
335,g06-018d-04-01,agree
335,g06-018d-04-02,with
335,g06-018d-04-03,me
335,g06-018d-04-04,better
335,g06-018d-04-05,than
335,g06-018d-04-06,Naples
335,g06-018d-04-08,The
335,g06-018d-04-09,journey
335,g06-018d-05-00,has
335,g06-018d-05-01,been
335,g06-018d-05-02,against
335,g06-018d-05-03,me
335,g06-018d-05-05,as
335,g06-018d-05-06,there
335,g06-018d-05-07,has
335,g06-018d-05-08,been
335,g06-018d-05-09,much
335,g06-018d-05-10,rain
335,g06-018d-05-11,and
335,g06-018d-06-00,damp
335,g06-018d-06-02,but
335,g06-018d-06-03,the
335,g06-018d-06-05,is
335,g06-018d-06-06,high
335,g06-018d-06-09,have
335,g06-018d-06-10,not
335,g06-018d-06-11,yet
335,g06-018d-07-00,thought
335,g06-018d-07-01,of
335,g06-018d-07-03,fire
326,g04-077-00-00,Very
326,g04-077-00-01,soon
326,g04-077-00-02,we
326,g04-077-00-03,managed
326,g04-077-00-04,to
326,g04-077-00-05,get
326,g04-077-00-07,hut
326,g04-077-00-08,in
326,g04-077-00-09,Purley
326,g04-077-00-10,where
326,g04-077-01-00,were
326,g04-077-01-01,very
326,g04-077-01-02,welcome
326,g04-077-01-03,and
326,g04-077-01-04,the
326,g04-077-01-05,ladies
326,g04-077-01-08,canteen
326,g04-077-01-10,Life
326,g04-077-01-11,was
326,g04-077-02-00,in
326,g04-077-02-01,those
326,g04-077-02-02,years
326,g04-077-02-03,more
326,g04-077-02-04,than
326,g04-077-02-05,busy
326,g04-077-02-07,We
326,g04-077-02-08,now
326,g04-077-02-09,had
326,g04-077-02-12,next
326,g04-077-03-00,to
326,g04-077-03-01,the
326,g04-077-03-02,church
326,g04-077-03-04,and
326,g04-077-03-06,was
326,g04-077-03-07,most
326,g04-077-03-09,in
326,g04-077-03-10,having
326,g04-077-03-11,for
326,g04-077-03-12,eight
326,g04-077-04-00,years
326,g04-077-04-02,most
326,g04-077-04-03,able
326,g04-077-04-04,and
326,g04-077-04-05,devoted
326,g04-077-04-07,whom
326,g04-077-04-09,had
326,g04-077-04-10,known
326,g04-077-05-00,well
326,g04-077-05-01,in
326,g04-077-05-03,where
326,g04-077-05-04,she
326,g04-077-05-05,had
326,g04-077-05-07,house
326,g04-077-05-08,next
326,g04-077-05-09,to
326,g04-077-05-10,the
326,g04-077-06-00,church
221,e02-021-00-02,it
221,e02-021-00-03,is
221,e02-021-00-04,better
221,e02-021-00-05,to
221,e02-021-01-01,any
221,e02-021-01-03,that
221,e02-021-01-04,may
221,e02-021-01-05,be
221,e02-021-02-00,needed
221,e02-021-02-01,at
221,e02-021-02-02,the
221,e02-021-02-03,top
221,e02-021-02-04,before
221,e02-021-02-05,the
221,e02-021-02-07,is
221,e02-021-03-00,begun
221,e02-021-03-02,Some
221,e02-021-03-03,plain
221,e02-021-03-04,tapered
221,e02-021-03-05,legs
221,e02-021-03-06,have
221,e02-021-04-00,the
221,e02-021-04-01,taper
221,e02-021-04-02,on
221,e02-021-04-03,the
221,e02-021-04-04,two
221,e02-021-04-05,inner
221,e02-021-04-06,faces
221,e02-021-04-07,only
221,e02-021-05-00,the
221,e02-021-05-01,outer
221,e02-021-05-03,being
221,e02-021-05-05,as
221,e02-021-06-00,at
221,e02-021-06-08,To
221,e02-021-06-09,make
221,e02-021-06-11,leg
221,e02-021-06-12,such
221,e02-021-06-13,as
221,e02-021-07-00,that
221,e02-021-07-01,at
221,e02-021-07-09,the
221,e02-021-07-10,square
221,e02-021-07-11,is
221,e02-021-07-12,first
221,e02-021-08-00,marked
221,e02-021-08-01,out
221,e02-021-08-02,as
221,e02-021-08-03,at
341,g06-018j-00-00,When
341,g06-018j-00-01,the
341,g06-018j-00-02,sailing
341,g06-018j-00-03,season
341,g06-018j-00-04,was
341,g06-018j-00-05,past
341,g06-018j-00-07,he
341,g06-018j-00-08,sent
341,g06-018j-00-09,Pearl
341,g06-018j-01-00,back
341,g06-018j-01-01,to
341,g06-018j-01-02,England
341,g06-018j-01-04,and
341,g06-018j-01-06,to
341,g06-018j-01-07,Rome
341,g06-018j-01-08,for
341,g06-018j-02-00,the
341,g06-018j-02-01,winter
341,g06-018j-02-03,In
341,g06-018j-02-04,late
341,g06-018j-02-07,he
341,g06-018j-02-08,was
341,g06-018j-03-00,as
341,g06-018j-03-01,usual
341,g06-018j-03-04,but
341,g06-018j-03-05,hoped
341,g06-018j-03-07,he
341,g06-018j-03-08,told
341,g06-018j-03-09,Arthur
341,g06-018j-03-12,to
341,g06-018j-03-13,find
341,g06-018j-04-00,this
341,g06-018j-04-01,place
341,g06-018j-04-02,agree
341,g06-018j-04-03,with
341,g06-018j-04-04,me
341,g06-018j-04-05,better
341,g06-018j-04-06,than
341,g06-018j-04-07,Naples
341,g06-018j-05-00,The
341,g06-018j-05-01,journey
341,g06-018j-05-02,has
341,g06-018j-05-03,been
341,g06-018j-05-04,against
341,g06-018j-05-05,me
341,g06-018j-05-07,as
341,g06-018j-05-08,there
341,g06-018j-06-00,has
341,g06-018j-06-01,been
341,g06-018j-06-02,much
341,g06-018j-06-03,rain
341,g06-018j-06-04,and
341,g06-018j-06-05,damp
341,g06-018j-06-07,but
341,g06-018j-06-08,the
341,g06-018j-07-01,is
341,g06-018j-07-02,high
341,g06-018j-07-05,have
341,g06-018j-07-06,not
341,g06-018j-07-07,yet
341,g06-018j-08-00,thought
341,g06-018j-08-01,of
341,g06-018j-08-03,fire
162,c04-056-00-02,recall
162,c04-056-00-05,where
162,c04-056-00-06,so
162,c04-056-00-07,many
162,c04-056-01-00,comics
162,c04-056-01-01,bolted
162,c04-056-01-02,in
162,c04-056-01-03,and
162,c04-056-01-04,out
162,c04-056-01-05,of
162,c04-056-01-06,holes
162,c04-056-01-07,so
162,c04-056-01-08,often
162,c04-056-02-00,The
162,c04-056-02-01,jokes
162,c04-056-02-02,were
162,c04-056-02-05,of
162,c04-056-02-06,the
162,c04-056-02-07,same
162,c04-056-02-08,old
162,c04-056-03-00,lot
162,c04-056-03-02,this
162,c04-056-03-03,time
162,c04-056-03-04,Brian
162,c04-056-03-05,Rix
162,c04-056-03-06,lost
162,c04-056-03-07,his
162,c04-056-03-08,skirt
162,c04-056-03-09,instead
162,c04-056-04-00,of
162,c04-056-04-01,his
162,c04-056-04-04,The
162,c04-056-04-05,action
162,c04-056-04-06,moved
162,c04-056-04-07,at
162,c04-056-05-00,speed
162,c04-056-05-02,backed
162,c04-056-05-03,by
162,c04-056-05-04,some
162,c04-056-05-06,timing
162,c04-056-05-07,by
162,c04-056-06-00,the
162,c04-056-06-01,cast
162,c04-056-06-05,liked
162,c04-056-06-06,the
162,c04-056-07-00,scene
162,c04-056-07-01,where
162,c04-056-07-02,six
162,c04-056-07-03,of
162,c04-056-07-04,the
162,c04-056-07-05,cast
162,c04-056-07-06,changed
162,c04-056-08-00,cups
162,c04-056-08-01,with
162,c04-056-08-02,the
162,c04-056-08-04,of
162,c04-056-08-05,Chinese
666,r03-090-00-00,Our
666,r03-090-00-01,lawyers
666,r03-090-00-05,Who
666,r03-090-00-06,are
666,r03-090-00-07,your
666,r03-090-00-08,lawyers
666,r03-090-01-05,Well
666,r03-090-01-09,damned
666,r03-090-01-13,Now
666,r03-090-01-15,let
666,r03-090-01-16,me
666,r03-090-01-17,see
666,r03-090-02-00,you
666,r03-090-02-01,say
666,r03-090-02-02,your
666,r03-090-02-03,husband
666,r03-090-02-04,earns
666,r03-090-02-05,about
666,r03-090-02-07,yes
666,r03-090-03-00,that
666,r03-090-03-01,would
666,r03-090-03-02,come
666,r03-090-03-03,to
666,r03-090-03-05,three
666,r03-090-03-07,carry
666,r03-090-03-08,seven
666,r03-090-03-10,six
666,r03-090-04-00,nines
666,r03-090-04-01,are
666,r03-090-04-02,fifty
666,r03-090-04-03,four
666,r03-090-04-05,of
666,r03-090-04-06,course
666,r03-090-04-07,we
666,r03-090-04-09,have
666,r03-090-04-10,to
666,r03-090-05-00,have
666,r03-090-05-01,some
666,r03-090-05-02,sort
666,r03-090-05-03,of
666,r03-090-05-04,proof
666,r03-090-05-06,you
666,r03-090-05-07,know
666,r03-090-05-09,it
666,r03-090-05-11,very
666,r03-090-06-01,with
666,r03-090-06-03,persons
666,r03-090-06-05,carry
666,r03-090-06-06,two
0,a01-091u-00-00,The
0,a01-091u-00-01,result
0,a01-091u-00-02,of
0,a01-091u-00-03,the
0,a01-091u-00-04,vote
0,a01-091u-00-05,was
0,a01-091u-00-06,not
0,a01-091u-00-07,in
0,a01-091u-00-08,doubt
0,a01-091u-01-00,For
0,a01-091u-01-01,the
0,a01-091u-01-02,Tories
0,a01-091u-01-03,were
0,a01-091u-01-04,massed
0,a01-091u-01-05,in
0,a01-091u-01-06,answer
0,a01-091u-01-07,to
0,a01-091u-02-00,their
0,a01-091u-02-01,whips
0,a01-091u-02-02,to
0,a01-091u-02-03,defeat
0,a01-091u-02-05,censure
0,a01-091u-02-06,motion
0,a01-091u-03-00,on
0,a01-091u-03-01,the
0,a01-091u-03-03,for
0,a01-091u-03-06,the
0,a01-091u-04-00,Health
0,a01-091u-04-01,Service
0,a01-091u-04-03,and
0,a01-091u-04-04,placing
0,a01-091u-04-05,heavy
0,a01-091u-04-06,burdens
0,a01-091u-05-00,on
0,a01-091u-05-01,those
0,a01-091u-05-02,least
0,a01-091u-05-03,able
0,a01-091u-05-04,to
0,a01-091u-05-05,bear
0,a01-091u-05-06,them
0,a01-091u-06-00,Brown
0,a01-091u-06-02,that
0,a01-091u-06-03,the
0,a01-091u-06-04,policy
0,a01-091u-06-05,under
0,a01-091u-07-00,censure
0,a01-091u-07-01,was
0,a01-091u-07-04,It
0,a01-091u-07-05,had
0,a01-091u-08-00,many
0,a01-091u-08-01,people
0,a01-091u-08-02,far
0,a01-091u-08-03,beyond
0,a01-091u-08-04,the
0,a01-091u-08-05,ranks
0,a01-091u-08-06,of
0,a01-091u-09-00,Labour
248,e07-101-00-00,One
248,e07-101-00-01,big
248,e07-101-00-03,of
248,e07-101-00-04,soil
248,e07-101-00-05,blocks
248,e07-101-00-06,is
248,e07-101-00-07,an
248,e07-101-00-08,obvious
248,e07-101-01-00,one
248,e07-101-01-02,the
248,e07-101-01-03,cost
248,e07-101-01-04,of
248,e07-101-01-06,pot
248,e07-101-01-07,of
248,e07-101-01-08,any
248,e07-101-01-10,is
248,e07-101-01-11,saved
248,e07-101-02-03,the
248,e07-101-02-04,block
248,e07-101-02-05,and
248,e07-101-03-00,it
248,e07-101-03-01,is
248,e07-101-03-02,very
248,e07-101-03-03,little
248,e07-101-03-04,more
248,e07-101-03-05,trouble
248,e07-101-03-06,than
248,e07-101-03-07,normal
248,e07-101-03-08,potting
248,e07-101-04-00,and
248,e07-101-04-03,plant
248,e07-101-04-05,which
248,e07-101-04-07,more
248,e07-101-05-00,easily
248,e07-101-05-02,is
248,e07-101-05-05,The
248,e07-101-05-06,obvious
248,e07-101-06-00,is
248,e07-101-06-01,that
248,e07-101-06-02,soil
248,e07-101-06-03,blocks
248,e07-101-06-04,can
248,e07-101-06-05,only
248,e07-101-06-06,be
248,e07-101-06-07,used
248,e07-101-06-08,for
248,e07-101-07-02,there
248,e07-101-07-03,can
248,e07-101-07-04,be
248,e07-101-07-05,no
248,e07-101-07-07,to
248,e07-101-08-00,larger
248,e07-101-08-01,block
248,e07-101-08-02,when
248,e07-101-08-03,the
248,e07-101-08-04,plant
248,e07-101-08-05,or
248,e07-101-08-07,is
248,e07-101-08-08,ready
248,e07-101-09-00,to
248,e07-101-09-01,be
248,e07-101-09-02,moved
248,e07-101-09-04,it
248,e07-101-09-05,must
248,e07-101-09-06,be
248,e07-101-09-07,planted
248,e07-101-09-08,out
248,e07-101-09-09,or
248,e07-101-10-00,potted
242,e04-103-00-00,Having
242,e04-103-00-01,trimmed
242,e04-103-00-02,up
242,e04-103-00-03,the
242,e04-103-00-04,chines
242,e04-103-00-06,we
242,e04-103-00-07,are
242,e04-103-00-08,now
242,e04-103-00-09,ready
242,e04-103-01-00,to
242,e04-103-01-01,plank
242,e04-103-01-02,the
242,e04-103-01-03,sides
242,e04-103-01-05,Start
242,e04-103-01-06,again
242,e04-103-01-07,at
242,e04-103-01-08,the
242,e04-103-01-09,bows
242,e04-103-02-01,into
242,e04-103-02-03,with
242,e04-103-02-08,clamp
242,e04-103-02-10,Bend
242,e04-103-03-00,round
242,e04-103-03-01,the
242,e04-103-03-02,frame
242,e04-103-03-03,to
242,e04-103-03-04,the
242,e04-103-03-05,stern
242,e04-103-03-06,and
242,e04-103-03-07,clamp
242,e04-103-03-08,there
242,e04-103-03-10,If
242,e04-103-04-00,you
242,e04-103-04-01,have
242,e04-103-04-03,third
242,e04-103-04-04,clamp
242,e04-103-04-05,use
242,e04-103-04-06,it
242,e04-103-04-07,in
242,e04-103-04-08,the
242,e04-103-04-09,centre
242,e04-103-04-10,as
242,e04-103-05-00,well
242,e04-103-05-02,After
242,e04-103-05-05,with
242,e04-103-05-06,glue
242,e04-103-05-08,screw
242,e04-103-06-00,the
242,e04-103-06-01,sides
242,e04-103-06-02,to
242,e04-103-06-03,the
242,e04-103-06-04,transom
242,e04-103-06-05,framing
242,e04-103-06-06,and
242,e04-103-06-07,the
242,e04-103-06-08,chine
332,g06-026a-00-02,life
332,g06-026a-00-03,truly
332,g06-026a-00-06,It
332,g06-026a-00-07,so
332,g06-026a-00-08,happens
332,g06-026a-00-09,that
332,g06-026a-01-00,have
332,g06-026a-01-01,an
332,g06-026a-01-02,Italian
332,g06-026a-01-03,who
332,g06-026a-01-04,is
332,g06-026a-01-05,perhaps
332,g06-026a-01-06,the
332,g06-026a-01-07,best
332,g06-026a-01-08,Valet
332,g06-026a-02-00,de
332,g06-026a-02-01,Chambre
332,g06-026a-02-02,that
332,g06-026a-02-03,ever
332,g06-026a-02-04,was
332,g06-026a-02-06,But
332,g06-026a-02-07,he
332,g06-026a-02-08,has
332,g06-026a-02-09,not
332,g06-026a-03-00,one
332,g06-026a-03-01,word
332,g06-026a-03-02,of
332,g06-026a-03-03,English
332,g06-026a-03-06,While
332,g06-026a-03-07,he
332,g06-026a-03-08,was
332,g06-026a-03-09,writing
332,g06-026a-04-00,this
332,g06-026a-04-01,letter
332,g06-026a-04-02,he
332,g06-026a-04-03,heard
332,g06-026a-04-04,of
332,g06-026a-04-05,the
332,g06-026a-04-06,fall
332,g06-026a-04-07,of
332,g06-026a-04-08,the
332,g06-026a-04-09,Whigs
332,g06-026a-04-11,and
332,g06-026a-04-12,the
332,g06-026a-05-02,of
332,g06-026a-05-03,the
332,g06-026a-05-05,by
332,g06-026a-06-00,the
332,g06-026a-06-01,Duke
332,g06-026a-06-02,of
0,a01-000u-00-01,MOVE
0,a01-000u-00-02,to
0,a01-000u-00-03,stop
0,a01-000u-00-06,from
0,a01-000u-01-01,any
0,a01-000u-01-02,more
0,a01-000u-01-03,Labour
0,a01-000u-01-04,life
0,a01-000u-01-05,Peers
0,a01-000u-02-00,is
0,a01-000u-02-01,to
0,a01-000u-02-02,be
0,a01-000u-02-03,made
0,a01-000u-02-04,at
0,a01-000u-02-06,meeting
0,a01-000u-02-07,of
0,a01-000u-02-08,Labour
0,a01-000u-03-04,Michael
0,a01-000u-03-05,Foot
0,a01-000u-03-06,has
0,a01-000u-04-00,put
0,a01-000u-04-01,down
0,a01-000u-04-04,on
0,a01-000u-04-05,the
0,a01-000u-04-06,subject
0,a01-000u-05-00,and
0,a01-000u-05-01,he
0,a01-000u-05-02,is
0,a01-000u-05-03,to
0,a01-000u-05-04,be
0,a01-000u-05-05,backed
0,a01-000u-05-06,by
0,a01-000u-05-08,Will
0,a01-000u-06-03,for
48,a03-030-00-00,In
48,a03-030-00-01,some
48,a03-030-00-02,ways
48,a03-030-00-03,it
48,a03-030-00-04,will
48,a03-030-00-05,be
48,a03-030-00-07,testing
48,a03-030-01-00,for
48,a03-030-01-01,him
48,a03-030-01-04,some
48,a03-030-01-05,think
48,a03-030-01-06,his
48,a03-030-02-01,simply
48,a03-030-02-02,because
48,a03-030-02-03,there
48,a03-030-02-04,is
48,a03-030-02-05,no
48,a03-030-02-06,one
48,a03-030-03-00,else
48,a03-030-03-01,in
48,a03-030-03-02,sight
48,a03-030-03-03,to
48,a03-030-03-05,him
48,a03-030-03-07,So
48,a03-030-03-08,the
48,a03-030-04-00,ference
48,a03-030-04-01,will
48,a03-030-04-03,on
48,a03-030-04-04,laying
48,a03-030-04-05,the
48,a03-030-05-01,on
48,a03-030-05-02,which
48,a03-030-05-03,to
48,a03-030-05-04,win
48,a03-030-05-05,the
48,a03-030-05-06,next
48,a03-030-06-02,The
48,a03-030-06-03,rally
48,a03-030-06-04,comes
48,a03-030-06-05,at
48,a03-030-06-07,time
48,a03-030-07-00,when
48,a03-030-07-01,in
48,a03-030-07-02,spite
48,a03-030-07-03,of
48,a03-030-07-05,worded
48,a03-030-08-00,ments
48,a03-030-08-01,by
48,a03-030-08-02,the
48,a03-030-08-03,Prime
48,a03-030-08-05,there
48,a03-030-08-06,is
48,a03-030-08-07,an
48,a03-030-09-00,air
48,a03-030-09-01,of
335,g06-050d-00-01,first
335,g06-050d-00-02,action
335,g06-050d-00-03,was
335,g06-050d-00-04,to
335,g06-050d-00-05,write
335,g06-050d-00-06,to
335,g06-050d-00-07,his
335,g06-050d-00-08,revered
335,g06-050d-01-00,master
335,g06-050d-01-01,at
335,g06-050d-01-04,near
335,g06-050d-01-05,Leipzig
335,g06-050d-01-07,asking
335,g06-050d-01-08,for
335,g06-050d-01-09,advice
335,g06-050d-02-00,In
335,g06-050d-02-01,doing
335,g06-050d-02-02,so
335,g06-050d-02-03,he
335,g06-050d-02-05,his
335,g06-050d-02-07,patient
335,g06-050d-03-00,and
335,g06-050d-03-01,his
335,g06-050d-03-04,He
335,g06-050d-03-05,told
335,g06-050d-03-07,that
335,g06-050d-03-08,he
335,g06-050d-03-09,found
335,g06-050d-04-02,strong
335,g06-050d-04-05,man
335,g06-050d-04-06,with
335,g06-050d-04-08,gentle
335,g06-050d-04-09,and
335,g06-050d-05-04,and
335,g06-050d-05-05,sedate
335,g06-050d-05-07,not
335,g06-050d-06-00,easily
335,g06-050d-06-03,patient
335,g06-050d-06-04,and
335,g06-050d-07-01,but
335,g06-050d-07-02,he
335,g06-050d-07-03,appears
335,g06-050d-07-04,to
335,g06-050d-07-05,despair
335,g06-050d-07-06,of
335,g06-050d-07-07,ever
335,g06-050d-07-08,being
335,g06-050d-07-09,cured
635,r06-018-00-00,The
635,r06-018-00-01,flat
635,r06-018-00-02,was
635,r06-018-00-03,on
635,r06-018-00-04,the
635,r06-018-00-05,third
635,r06-018-00-06,floor
635,r06-018-00-08,two
635,r06-018-00-09,rooms
635,r06-018-00-11,soft
635,r06-018-01-01,view
635,r06-018-01-03,good
635,r06-018-01-06,and
635,r06-018-01-07,colour
635,r06-018-01-09,running
635,r06-018-02-00,hot
635,r06-018-02-01,water
635,r06-018-02-02,from
635,r06-018-02-03,Butagas
635,r06-018-02-05,for
635,r06-018-03-00,basin
635,r06-018-03-01,and
635,r06-018-03-02,bidet
635,r06-018-03-04,own
635,r06-018-03-05,private
635,r06-018-03-07,modern
635,r06-018-03-10,The
635,r06-018-04-00,first
635,r06-018-04-03,was
635,r06-018-04-04,like
635,r06-018-04-06,long
635,r06-018-05-00,We
635,r06-018-05-01,were
635,r06-018-05-02,woken
635,r06-018-05-03,up
635,r06-018-05-04,twice
635,r06-018-05-05,about
635,r06-018-05-06,dawn
635,r06-018-05-07,by
635,r06-018-05-09,soft
635,r06-018-06-01,of
337,g06-018f-00-00,When
337,g06-018f-00-01,the
337,g06-018f-00-02,sailing
337,g06-018f-00-03,season
337,g06-018f-00-04,was
337,g06-018f-00-05,past
337,g06-018f-00-07,he
337,g06-018f-00-08,sent
337,g06-018f-00-09,Pearl
337,g06-018f-00-10,back
337,g06-018f-00-11,to
337,g06-018f-01-00,England
337,g06-018f-01-02,and
337,g06-018f-01-04,to
337,g06-018f-01-05,Rome
337,g06-018f-01-06,for
337,g06-018f-01-07,the
337,g06-018f-01-08,winter
337,g06-018f-01-10,In
337,g06-018f-01-11,late
337,g06-018f-01-14,he
337,g06-018f-02-00,was
337,g06-018f-02-03,as
337,g06-018f-02-04,usual
337,g06-018f-02-07,but
337,g06-018f-02-08,hoped
337,g06-018f-02-10,he
337,g06-018f-02-11,told
337,g06-018f-02-12,Arthur
337,g06-018f-02-15,to
337,g06-018f-02-16,find
337,g06-018f-02-17,this
337,g06-018f-03-00,place
337,g06-018f-03-01,agree
337,g06-018f-03-02,with
337,g06-018f-03-03,me
337,g06-018f-03-04,better
337,g06-018f-03-05,than
337,g06-018f-03-06,Naples
337,g06-018f-03-08,The
337,g06-018f-03-09,journey
337,g06-018f-03-10,has
337,g06-018f-03-11,been
337,g06-018f-03-12,against
337,g06-018f-04-00,me
337,g06-018f-04-02,as
337,g06-018f-04-03,there
337,g06-018f-04-04,has
337,g06-018f-04-05,been
337,g06-018f-04-06,much
337,g06-018f-04-07,rain
337,g06-018f-04-08,and
337,g06-018f-04-09,damp
337,g06-018f-04-11,but
337,g06-018f-04-12,the
337,g06-018f-05-00,is
337,g06-018f-05-01,high
337,g06-018f-05-04,have
337,g06-018f-05-05,not
337,g06-018f-05-06,yet
337,g06-018f-05-07,thought
337,g06-018f-05-08,of
337,g06-018f-05-10,fire
95,b02-013-00-00,What
95,b02-013-00-01,seems
95,b02-013-00-02,certain
95,b02-013-00-03,is
95,b02-013-00-04,that
95,b02-013-00-05,those
95,b02-013-00-06,who
95,b02-013-01-01,putting
95,b02-013-01-02,off
95,b02-013-01-03,any
95,b02-013-01-05,until
95,b02-013-02-00,Mr
95,b02-013-02-02,gives
95,b02-013-02-04,of
95,b02-013-02-06,change
95,b02-013-03-00,of
95,b02-013-03-01,heart
95,b02-013-03-04,that
95,b02-013-03-05,may
95,b02-013-03-06,mean
95,b02-013-03-08,would
95,b02-013-04-00,have
95,b02-013-04-01,us
95,b02-013-04-02,run
95,b02-013-04-03,risks
95,b02-013-04-04,greater
95,b02-013-04-05,than
95,b02-013-04-06,the
95,b02-013-04-07,West
95,b02-013-05-00,ought
95,b02-013-05-01,to
95,b02-013-05-02,run
95,b02-013-05-04,and
95,b02-013-05-05,greater
95,b02-013-05-06,than
95,b02-013-06-01,most
95,b02-013-06-04,seem
95,b02-013-07-01,to
95,b02-013-07-02,face
95,b02-013-07-04,The
95,b02-013-07-05,real
95,b02-013-07-07,is
95,b02-013-08-00,what
95,b02-013-08-01,we
95,b02-013-08-02,should
95,b02-013-08-03,put
95,b02-013-08-04,to
95,b02-013-08-05,the
95,b02-013-08-06,Soviet
95,b02-013-09-01,as
95,b02-013-09-03,basis
95,b02-013-09-04,for
95,b02-013-09-05,talks
95,b02-013-09-07,and
91,b01-073-00-00,The
91,b01-073-00-01,first
91,b01-073-00-03,of
91,b01-073-00-04,the
91,b01-073-01-01,was
91,b01-073-01-02,to
91,b01-073-01-04,the
91,b01-073-01-05,United
91,b01-073-02-00,Nations
91,b01-073-02-01,for
91,b01-073-02-04,and
91,b01-073-02-08,and
91,b01-073-03-00,to
91,b01-073-03-01,say
91,b01-073-03-02,that
91,b01-073-03-03,its
91,b01-073-03-05,troops
91,b01-073-03-06,in
91,b01-073-03-07,the
91,b01-073-03-08,Congo
91,b01-073-04-00,would
91,b01-073-04-01,be
91,b01-073-04-02,taken
91,b01-073-04-03,home
91,b01-073-04-05,The
91,b01-073-04-07,can
91,b01-073-04-08,be
91,b01-073-05-02,The
91,b01-073-05-04,concern
91,b01-073-05-05,for
91,b01-073-05-06,its
91,b01-073-06-00,men
91,b01-073-06-01,is
91,b01-073-06-02,natural
91,b01-073-06-04,But
91,b01-073-06-05,this
91,b01-073-06-06,could
91,b01-073-06-07,hardly
91,b01-073-06-08,be
91,b01-073-07-03,exit
91,b01-073-07-05,IF
91,b01-073-07-06,the
91,b01-073-07-07,UN
91,b01-073-07-08,is
91,b01-073-08-00,blamed
91,b01-073-08-01,for
91,b01-073-08-02,being
91,b01-073-08-03,weak
91,b01-073-08-05,it
91,b01-073-08-06,would
91,b01-073-08-07,be
91,b01-073-09-00,more
91,b01-073-09-01,logical
91,b01-073-09-02,to
91,b01-073-09-03,send
91,b01-073-09-04,in
91,b01-073-09-05,more
91,b01-073-09-06,men
91,b01-073-10-00,not
91,b01-073-10-01,weaken
91,b01-073-10-02,it
91,b01-073-10-03,further
91,b01-073-10-04,by
155,c03-084f-00-01,Bryan
155,c03-084f-00-04,is
155,c03-084f-01-00,quietly
155,c03-084f-01-03,giving
155,c03-084f-01-04,full
155,c03-084f-01-05,value
155,c03-084f-01-06,to
155,c03-084f-01-07,the
155,c03-084f-02-00,formal
155,c03-084f-02-02,of
155,c03-084f-02-04,writing
155,c03-084f-02-05,without
155,c03-084f-03-01,them
155,c03-084f-03-03,Last
155,c03-084f-03-05,play
155,c03-084f-04-00,in
155,c03-084f-04-01,the
155,c03-084f-04-03,Play
155,c03-084f-04-04,of
155,c03-084f-04-05,the
155,c03-084f-04-06,Week
155,c03-084f-04-08,series
155,c03-084f-04-09,on
155,c03-084f-05-03,Then
155,c03-084f-05-04,We
155,c03-084f-05-05,Fall
155,c03-084f-05-07,by
155,c03-084f-06-01,Paul
155,c03-084f-06-02,Ferris
155,c03-084f-06-04,was
155,c03-084f-06-07,on
155,c03-084f-06-08,the
155,c03-084f-06-09,not
155,c03-084f-07-01,theme
155,c03-084f-07-02,of
155,c03-084f-07-03,the
155,c03-084f-07-05,power
155,c03-084f-08-00,of
85,a06-147-00-00,With
85,a06-147-00-01,fire
85,a06-147-00-02,and
85,a06-147-00-03,sword
85,a06-147-00-04,France
85,a06-147-00-05,denies
85,a06-147-00-06,Algeria
85,a06-147-00-07,the
85,a06-147-00-08,right
85,a06-147-00-09,to
85,a06-147-01-01,and
85,a06-147-01-03,on
85,a06-147-01-05,right
85,a06-147-01-06,to
85,a06-147-02-00,WEST
85,a06-147-02-01,GERMANY
85,a06-147-02-03,Russia
85,a06-147-02-04,would
85,a06-147-02-05,like
85,a06-147-02-06,to
85,a06-147-02-07,see
85,a06-147-02-09,clear
85,a06-147-03-01,that
85,a06-147-03-02,West
85,a06-147-03-03,Germany
85,a06-147-03-04,would
85,a06-147-03-05,not
85,a06-147-03-06,survive
85,a06-147-03-07,even
85,a06-147-03-09,few
85,a06-147-03-10,hours
85,a06-147-04-00,of
85,a06-147-04-02,third
85,a06-147-04-03,world
85,a06-147-04-04,war
85,a06-147-04-06,The
85,a06-147-04-07,best
85,a06-147-04-08,way
85,a06-147-04-09,to
85,a06-147-04-10,rule
85,a06-147-04-11,out
85,a06-147-04-12,such
85,a06-147-04-14,tragic
85,a06-147-05-01,would
85,a06-147-05-02,be
85,a06-147-05-03,to
85,a06-147-05-04,sign
85,a06-147-05-06,peace
85,a06-147-05-07,treaty
85,a06-147-05-08,to
85,a06-147-05-09,remove
85,a06-147-05-10,the
85,a06-147-06-00,growth
85,a06-147-06-01,of
85,a06-147-06-02,West
85,a06-147-06-05,status
248,e07-098-00-00,Seed
248,e07-098-00-01,is
248,e07-098-00-02,sown
248,e07-098-00-04,or
248,e07-098-00-06,are
248,e07-098-00-07,pricked
248,e07-098-00-08,out
248,e07-098-00-09,into
248,e07-098-00-10,them
248,e07-098-01-00,in
248,e07-098-01-01,the
248,e07-098-01-02,normal
248,e07-098-01-03,way
248,e07-098-01-05,the
248,e07-098-01-06,only
248,e07-098-01-07,real
248,e07-098-02-00,being
248,e07-098-02-01,that
248,e07-098-02-02,more
248,e07-098-02-03,of
248,e07-098-02-04,the
248,e07-098-02-06,is
248,e07-098-02-07,done
248,e07-098-02-08,through
248,e07-098-03-00,rose
248,e07-098-03-01,to
248,e07-098-03-02,avoid
248,e07-098-03-04,the
248,e07-098-03-05,blocks
248,e07-098-03-06,with
248,e07-098-03-08,spout
248,e07-098-04-00,of
248,e07-098-04-01,water
248,e07-098-04-04,plants
248,e07-098-04-05,of
248,e07-098-05-02,marrows
248,e07-098-05-04,melons
248,e07-098-06-00,celery
248,e07-098-06-01,and
248,e07-098-06-02,onions
248,e07-098-06-04,may
248,e07-098-06-05,all
248,e07-098-06-06,be
248,e07-098-06-07,raised
248,e07-098-06-08,in
248,e07-098-06-09,soil
248,e07-098-07-00,blocks
248,e07-098-07-02,so
248,e07-098-07-03,can
248,e07-098-07-04,such
248,e07-098-07-06,plants
248,e07-098-07-07,as
248,e07-098-08-00,dahlias
248,e07-098-08-04,salvias
248,e07-098-08-06,sweet
248,e07-098-08-07,peas
248,e07-098-09-00,lupins
248,e07-098-09-01,and
248,e07-098-09-03,others
24,a02-012-00-00,The
24,a02-012-00-01,team
24,a02-012-00-02,is
24,a02-012-00-04,of
24,a02-012-01-01,in
24,a02-012-01-02,several
24,a02-012-01-03,fields
24,a02-012-01-05,Sir
24,a02-012-02-00,son
24,a02-012-02-01,Dixon
24,a02-012-02-02,has
24,a02-012-02-04,wide
24,a02-012-02-06,as
24,a02-012-03-01,skilful
24,a02-012-03-04,since
24,a02-012-04-00,his
24,a02-012-04-01,days
24,a02-012-04-02,as
24,a02-012-04-04,chief
24,a02-012-04-05,UN
24,a02-012-05-00,gate
24,a02-012-05-02,Second
24,a02-012-05-03,in
24,a02-012-05-04,command
24,a02-012-05-05,is
24,a02-012-06-00,Eric
24,a02-012-06-01,Roll
24,a02-012-06-04,Deputy
24,a02-012-07-00,tary
24,a02-012-07-01,at
24,a02-012-07-02,the
24,a02-012-07-04,of
24,a02-012-08-00,Food
24,a02-012-08-02,and
24,a02-012-08-05,The
24,a02-012-08-06,Foreign
24,a02-012-08-07,Office
24,a02-012-09-00,is
24,a02-012-09-02,by
24,a02-012-09-03,Sir
24,a02-012-09-05,Barclay
94,b01-136-00-00,Unless
94,b01-136-00-01,they
94,b01-136-00-02,do
94,b01-136-00-03,at
94,b01-136-00-04,least
94,b01-136-00-05,that
94,b01-136-00-09,will
94,b01-136-01-00,be
94,b01-136-01-01,able
94,b01-136-01-02,to
94,b01-136-01-03,return
94,b01-136-01-04,home
94,b01-136-01-07,triumph
94,b01-136-02-00,His
94,b01-136-02-01,smile
94,b01-136-02-02,will
94,b01-136-02-03,be
94,b01-136-02-04,blander
94,b01-136-02-05,than
94,b01-136-02-06,ever
94,b01-136-02-08,WE
94,b01-136-02-09,are
94,b01-136-02-10,in
94,b01-136-03-00,for
94,b01-136-03-01,it
94,b01-136-03-02,again
94,b01-136-03-04,another
94,b01-136-03-05,Royal
94,b01-136-03-06,Wedding
94,b01-136-03-08,Between
94,b01-136-04-00,now
94,b01-136-04-01,and
94,b01-136-04-02,June
94,b01-136-04-04,when
94,b01-136-04-05,the
94,b01-136-04-06,Duke
94,b01-136-04-07,of
94,b01-136-04-08,Kent
94,b01-136-04-09,will
94,b01-136-05-00,marry
94,b01-136-05-01,Miss
94,b01-136-05-02,Worsley
94,b01-136-05-04,hardly
94,b01-136-05-06,day
94,b01-136-05-07,will
94,b01-136-05-08,pass
94,b01-136-06-00,without
94,b01-136-06-02,story
94,b01-136-06-03,or
94,b01-136-06-05,picture
94,b01-136-06-06,or
94,b01-136-06-08,both
94,b01-136-07-00,about
94,b01-136-07-01,the
94,b01-136-07-02,nuptial
0,a01-053u-00-00,He
0,a01-053u-00-01,said
0,a01-053u-00-02,these
0,a01-053u-01-00,alleged
0,a01-053u-01-02,with
0,a01-053u-02-00,listed
0,a01-053u-02-01,by
0,a01-053u-02-02,the
0,a01-053u-03-00,Kennedy
0,a01-053u-03-01,rushed
0,a01-053u-03-03,letter
0,a01-053u-03-04,to
0,a01-053u-03-05,Senator
0,a01-053u-04-00,saying
0,a01-053u-04-01,the
0,a01-053u-04-02,Federal
0,a01-053u-04-03,Bureau
0,a01-053u-04-04,of
0,a01-053u-04-06,had
0,a01-053u-05-01,on
0,a01-053u-05-03,Weaver
0,a01-053u-05-05,He
0,a01-053u-06-00,he
0,a01-053u-06-01,would
0,a01-053u-06-02,perform
0,a01-053u-06-05,service
0,a01-053u-07-00,in
0,a01-053u-07-01,his
0,a01-053u-07-02,post
0,a01-053u-07-04,Senator
0,a01-053u-08-00,has
0,a01-053u-08-01,to
0,a01-053u-08-02,pass
0,a01-053u-08-06,before
0,a01-053u-08-07,it
0,a01-053u-09-00,can
0,a01-053u-09-01,be
0,a01-053u-09-03,by
0,a01-053u-09-04,the
0,a01-053u-09-05,full
0,a01-053u-09-06,Senate
0,a01-043u-00-01,talks
0,a01-043u-00-02,at
0,a01-043u-00-04,House
0,a01-043u-00-05,will
0,a01-043u-01-00,resume
0,a01-043u-01-01,today
0,a01-043u-01-04,KENNEDY
0,a01-043u-01-05,today
0,a01-043u-02-01,the
0,a01-043u-02-03,of
0,a01-043u-02-05,Negro
0,a01-043u-02-06,as
0,a01-043u-03-00,his
0,a01-043u-03-01,Housing
0,a01-043u-03-04,It
0,a01-043u-03-05,has
0,a01-043u-03-06,aroused
0,a01-043u-03-07,strong
0,a01-043u-04-01,from
0,a01-043u-04-02,the
0,a01-043u-04-05,of
0,a01-043u-04-06,the
0,a01-043u-05-00,Deep
0,a01-043u-05-01,South
0,a01-043u-05-03,The
0,a01-043u-05-04,negro
0,a01-043u-05-05,is
0,a01-043u-05-07,Robert
0,a01-043u-06-00,Weaver
0,a01-043u-06-01,of
0,a01-043u-06-02,New
0,a01-043u-06-03,York
0,a01-043u-06-05,One
0,a01-043u-06-06,of
0,a01-043u-06-07,his
0,a01-043u-06-08,tasks
0,a01-043u-06-09,will
0,a01-043u-07-00,be
0,a01-043u-07-01,to
0,a01-043u-07-02,see
0,a01-043u-07-03,there
0,a01-043u-07-04,is
0,a01-043u-07-05,no
0,a01-043u-07-06,racial
0,a01-043u-08-00,in
0,a01-043u-08-02,and
0,a01-043u-08-03,State
0,a01-043u-08-04,housing
111,b04-107-00-00,HOW
111,b04-107-00-01,the
111,b04-107-00-03,must
111,b04-107-00-04,repent
111,b04-107-00-05,its
111,b04-107-00-06,haste
111,b04-107-00-07,and
111,b04-107-00-08,folly
111,b04-107-01-00,in
111,b04-107-01-04,months
111,b04-107-01-05,ago
111,b04-107-01-06,this
111,b04-107-02-00,was
111,b04-107-02-03,orderly
111,b04-107-02-05,and
111,b04-107-02-09,within
111,b04-107-02-10,the
111,b04-107-03-00,Federal
111,b04-107-03-02,were
111,b04-107-03-03,getting
111,b04-107-03-06,in
111,b04-107-04-02,Then
111,b04-107-04-04,Iain
111,b04-107-04-05,Macleod
111,b04-107-04-06,became
111,b04-107-05-04,changed
111,b04-107-05-07,were
111,b04-107-06-02,The
111,b04-107-06-06,was
111,b04-107-07-00,rushed
111,b04-107-07-01,out
111,b04-107-07-02,to
111,b04-107-07-07,minor
111,b04-107-07-08,African
111,b04-107-08-01,were
111,b04-107-08-03,into
111,b04-107-08-05,figures
113,b04-181-00-00,There
113,b04-181-00-01,is
113,b04-181-00-02,no
113,b04-181-00-03,doubt
113,b04-181-00-04,what
113,b04-181-00-05,the
113,b04-181-00-06,Danes
113,b04-181-01-00,by
113,b04-181-01-01,free
113,b04-181-01-02,trade
113,b04-181-01-04,It
113,b04-181-01-05,is
113,b04-181-01-06,that
113,b04-181-01-07,they
113,b04-181-01-08,should
113,b04-181-01-09,be
113,b04-181-01-10,free
113,b04-181-02-00,to
113,b04-181-02-01,sell
113,b04-181-02-02,as
113,b04-181-02-03,much
113,b04-181-02-04,as
113,b04-181-02-05,they
113,b04-181-02-06,like
113,b04-181-02-08,while
113,b04-181-02-09,buying
113,b04-181-03-00,more
113,b04-181-03-01,and
113,b04-181-03-02,more
113,b04-181-03-03,from
113,b04-181-03-04,our
113,b04-181-03-05,rivals
113,b04-181-03-07,Germany
113,b04-181-03-08,has
113,b04-181-04-00,now
113,b04-181-04-02,Britain
113,b04-181-04-03,as
113,b04-181-05-03,The
113,b04-181-05-04,farmers
113,b04-181-05-05,of
113,b04-181-05-06,Britain
113,b04-181-06-01,free
113,b04-181-06-02,trade
113,b04-181-06-04,That
113,b04-181-06-05,is
113,b04-181-06-06,why
113,b04-181-06-07,they
113,b04-181-06-08,fight
113,b04-181-07-00,it
118,h05-012-00-02,Other
118,h05-012-00-03,forms
118,h05-012-00-04,of
118,h05-012-00-05,war
118,h05-012-00-06,damage
118,h05-012-00-07,payment
118,h05-012-00-08,made
118,h05-012-00-09,by
118,h05-012-00-10,the
118,h05-012-01-00,are
118,h05-012-01-01,highway
118,h05-012-01-07,for
118,h05-012-01-09,remains
118,h05-012-01-10,of
118,h05-012-02-01,from
118,h05-012-02-03,total
118,h05-012-02-04,loss
118,h05-012-02-06,sites
118,h05-012-02-08,and
118,h05-012-02-09,church
118,h05-012-03-01,in
118,h05-012-03-02,certain
118,h05-012-03-04,ways
118,h05-012-03-05,from
118,h05-012-03-06,the
118,h05-012-03-08,cost
118,h05-012-03-09,of
118,h05-012-04-00,works
118,h05-012-04-03,the
118,h05-012-04-04,sums
118,h05-012-04-05,paid
118,h05-012-04-06,under
118,h05-012-04-07,these
118,h05-012-04-08,heads
118,h05-012-04-09,have
118,h05-012-04-10,the
118,h05-012-05-00,common
118,h05-012-05-01,feature
118,h05-012-05-02,that
118,h05-012-05-03,they
118,h05-012-05-04,are
118,h05-012-05-05,all
118,h05-012-05-07,in
118,h05-012-05-08,respect
118,h05-012-05-09,of
118,h05-012-05-10,works
118,h05-012-06-00,which
118,h05-012-06-01,have
118,h05-012-06-02,been
118,h05-012-06-03,carried
118,h05-012-06-04,out
0,a05-048-00-00,Long
0,a05-048-00-01,before
0,a05-048-00-02,polling
0,a05-048-00-03,closed
0,a05-048-00-04,at
0,a05-048-00-07,it
0,a05-048-00-08,was
0,a05-048-01-00,evident
0,a05-048-01-01,that
0,a05-048-01-02,voters
0,a05-048-01-03,were
0,a05-048-01-04,bored
0,a05-048-01-05,by
0,a05-048-01-06,the
0,a05-048-02-02,appeals
0,a05-048-02-03,to
0,a05-048-02-04,the
0,a05-048-03-00,The
0,a05-048-03-02,was
0,a05-048-03-03,the
0,a05-048-03-04,fourth
0,a05-048-03-05,in
0,a05-048-03-06,four
0,a05-048-03-07,years
0,a05-048-04-00,In
0,a05-048-04-01,most
0,a05-048-04-03,it
0,a05-048-04-04,may
0,a05-048-04-05,go
0,a05-048-04-06,down
0,a05-048-04-07,as
0,a05-048-05-00,the
0,a05-048-05-01,most
0,a05-048-05-03,in
0,a05-048-05-04,the
0,a05-048-05-06,history
0,a05-048-06-00,THE
0,a05-048-06-01,Prime
0,a05-048-06-04,in
0,a05-048-06-05,the
0,a05-048-06-06,Commons
0,a05-048-07-00,last
0,a05-048-07-01,night
0,a05-048-07-02,that
0,a05-048-07-03,he
0,a05-048-07-04,had
0,a05-048-07-06,early
0,a05-048-08-00,in
0,a05-048-08-01,the
0,a05-048-08-03,recess
0,a05-048-08-04,whether
0,a05-048-08-05,to
0,a05-048-09-03,to
0,a05-048-09-04,bring
0,a05-048-09-05,the
0,a05-048-10-00,British
0,a05-048-10-01,Army
0,a05-048-10-02,of
0,a05-048-10-03,the
0,a05-048-10-04,Rhine
0,a05-048-10-05,on
0,a05-048-10-06,to
0,a05-048-10-08,war
0,a05-048-10-09,footing
102,b03-087-00-00,The
102,b03-087-00-02,he
102,b03-087-00-04,must
102,b03-087-00-05,be
102,b03-087-00-06,given
102,b03-087-00-07,at
102,b03-087-00-08,least
102,b03-087-00-09,two
102,b03-087-00-10,days
102,b03-087-00-11,before
102,b03-087-00-12,the
102,b03-087-01-01,is
102,b03-087-01-02,signed
102,b03-087-01-04,To
102,b03-087-01-05,this
102,b03-087-01-06,there
102,b03-087-01-07,will
102,b03-087-01-08,be
102,b03-087-01-09,some
102,b03-087-01-12,The
102,b03-087-01-13,Bill
102,b03-087-01-14,is
102,b03-087-02-00,short
102,b03-087-02-01,and
102,b03-087-02-02,modest
102,b03-087-02-03,in
102,b03-087-02-04,scope
102,b03-087-02-06,and
102,b03-087-02-07,it
102,b03-087-02-08,is
102,b03-087-02-10,whether
102,b03-087-02-11,the
102,b03-087-02-12,other
102,b03-087-02-13,Private
102,b03-087-03-01,Bills
102,b03-087-03-02,in
102,b03-087-03-03,the
102,b03-087-03-04,offing
102,b03-087-03-05,will
102,b03-087-03-06,fill
102,b03-087-03-07,all
102,b03-087-03-08,the
102,b03-087-03-09,gaps
102,b03-087-03-11,This
102,b03-087-03-12,fact
102,b03-087-03-13,may
102,b03-087-03-14,give
102,b03-087-04-00,the
102,b03-087-04-02,an
102,b03-087-04-03,extra
102,b03-087-04-04,excuse
102,b03-087-04-05,for
102,b03-087-04-08,until
102,b03-087-04-09,the
102,b03-087-05-00,next
102,b03-087-05-01,report
102,b03-087-05-02,from
102,b03-087-05-03,the
102,b03-087-05-04,Molony
153,c03-021d-00-00,In
153,c03-021d-00-01,Fanny
153,c03-021d-00-02,the
153,c03-021d-00-04,girl
153,c03-021d-00-05,is
153,c03-021d-00-07,by
153,c03-021d-01-00,an
153,c03-021d-01-01,old
153,c03-021d-01-02,man
153,c03-021d-01-04,Here
153,c03-021d-01-05,it
153,c03-021d-01-06,is
153,c03-021d-01-08,young
153,c03-021d-02-01,from
153,c03-021d-02-02,women
153,c03-021d-02-03,but
153,c03-021d-02-04,yet
153,c03-021d-02-05,moved
153,c03-021d-02-06,by
153,c03-021d-03-00,strong
153,c03-021d-03-03,to
153,c03-021d-03-04,the
153,c03-021d-03-05,unborn
153,c03-021d-03-06,child
153,c03-021d-04-00,as
153,c03-021d-04-01,much
153,c03-021d-04-02,as
153,c03-021d-04-03,to
153,c03-021d-04-04,the
153,c03-021d-04-06,mother
153,c03-021d-04-08,who
153,c03-021d-05-00,acts
153,c03-021d-05-01,as
153,c03-021d-05-04,and
153,c03-021d-05-06,to
153,c03-021d-05-07,her
153,c03-021d-05-08,in
153,c03-021d-06-00,her
153,c03-021d-06-01,hour
153,c03-021d-06-02,of
153,c03-021d-06-03,need
153,c03-021d-06-05,He
153,c03-021d-06-06,shares
153,c03-021d-06-07,her
153,c03-021d-06-08,room
153,c03-021d-06-09,and
153,c03-021d-06-10,gives
153,c03-021d-07-00,her
153,c03-021d-07-01,his
153,c03-021d-07-02,forlorn
153,c03-021d-07-03,gift
153,c03-021d-07-04,of
153,c03-021d-07-06,and
153,c03-021d-08-03,you
153,c03-021d-08-04,need
153,c03-021d-08-05,someone
153,c03-021d-08-06,to
153,c03-021d-08-07,love
153,c03-021d-08-08,you
153,c03-021d-08-09,while
153,c03-021d-09-00,you
153,c03-021d-09-01,are
153,c03-021d-09-02,looking
153,c03-021d-09-03,for
153,c03-021d-09-04,someone
153,c03-021d-09-05,to
153,c03-021d-09-06,love
36,a02-086-00-01,Against
36,a02-086-00-02,this
36,a02-086-00-04,must
36,a02-086-00-05,be
36,a02-086-00-06,taken
36,a02-086-01-03,that
36,a02-086-01-04,all
36,a02-086-01-05,he
36,a02-086-01-06,is
36,a02-086-02-00,doing
36,a02-086-02-01,is
36,a02-086-02-02,in
36,a02-086-02-03,the
36,a02-086-02-04,name
36,a02-086-02-05,of
36,a02-086-02-09,said
36,a02-086-03-00,Sir
36,a02-086-03-01,Roy
36,a02-086-03-05,am
36,a02-086-03-06,now
36,a02-086-03-08,to
36,a02-086-03-09,say
36,a02-086-03-10,that
36,a02-086-04-02,accept
36,a02-086-04-03,his
36,a02-086-04-04,good
36,a02-086-04-05,faith
36,a02-086-04-08,He
36,a02-086-04-09,said
36,a02-086-05-01,Kaunda
36,a02-086-05-02,must
36,a02-086-05-03,know
36,a02-086-05-04,that
36,a02-086-05-05,his
36,a02-086-06-00,had
36,a02-086-06-04,but
36,a02-086-06-05,he
36,a02-086-06-06,had
36,a02-086-06-07,done
36,a02-086-07-00,nothing
36,a02-086-07-01,to
36,a02-086-07-02,stop
36,a02-086-07-03,it
337,g06-042f-00-00,Nor
337,g06-042f-00-01,is
337,g06-042f-00-02,this
337,g06-042f-00-03,to
337,g06-042f-00-04,be
337,g06-042f-00-06,at
337,g06-042f-00-08,for
337,g06-042f-00-09,even
337,g06-042f-00-10,today
337,g06-042f-00-12,in
337,g06-042f-00-13,the
337,g06-042f-01-00,no
337,g06-042f-01-01,cure
337,g06-042f-01-02,has
337,g06-042f-01-03,been
337,g06-042f-01-04,found
337,g06-042f-01-05,for
337,g06-042f-01-06,the
337,g06-042f-01-10,As
337,g06-042f-01-11,early
337,g06-042f-01-12,as
337,g06-042f-02-02,when
337,g06-042f-02-05,himself
337,g06-042f-02-06,to
337,g06-042f-02-07,be
337,g06-042f-02-08,on
337,g06-042f-02-09,the
337,g06-042f-02-10,point
337,g06-042f-02-11,of
337,g06-042f-02-12,death
337,g06-042f-03-00,the
337,g06-042f-03-01,new
337,g06-042f-03-02,German
337,g06-042f-03-04,method
337,g06-042f-03-05,known
337,g06-042f-03-06,as
337,g06-042f-03-08,had
337,g06-042f-03-09,been
337,g06-042f-04-00,brought
337,g06-042f-04-01,to
337,g06-042f-04-02,his
337,g06-042f-04-03,notice
237,e04-068-00-01,have
237,e04-068-00-02,also
237,e04-068-00-05,sketch
237,e04-068-00-06,of
237,e04-068-00-07,paddles
237,e04-068-00-09,make
237,e04-068-00-10,for
237,e04-068-01-00,rowing
237,e04-068-01-01,this
237,e04-068-01-02,dinghy
237,e04-068-01-08,They
237,e04-068-01-09,are
237,e04-068-01-10,very
237,e04-068-01-11,simple
237,e04-068-01-13,cheap
237,e04-068-02-00,and
237,e04-068-02-01,easy
237,e04-068-02-02,to
237,e04-068-02-03,make
237,e04-068-02-05,As
237,e04-068-02-06,will
237,e04-068-02-07,be
237,e04-068-02-08,seen
237,e04-068-02-09,from
237,e04-068-02-10,the
237,e04-068-02-11,plan
237,e04-068-03-00,there
237,e04-068-03-01,is
237,e04-068-03-02,only
237,e04-068-03-04,single
237,e04-068-03-05,gunwale
237,e04-068-03-06,on
237,e04-068-03-07,the
237,e04-068-03-08,outside
237,e04-068-04-01,find
237,e04-068-04-02,that
237,e04-068-04-03,the
237,e04-068-04-04,type
237,e04-068-04-05,of
237,e04-068-04-06,rowlock
237,e04-068-04-07,we
237,e04-068-04-08,use
237,e04-068-04-09,in
237,e04-068-04-10,Canada
237,e04-068-05-00,is
237,e04-068-05-02,to
237,e04-068-05-03,obtain
237,e04-068-05-04,here
237,e04-068-05-05,and
237,e04-068-06-00,this
237,e04-068-06-01,in
237,e04-068-06-02,another
237,e04-068-06-03,way
237,e04-068-06-04,as
237,e04-068-06-05,shown
237,e04-068-06-06,in
13,a01-053-00-00,He
13,a01-053-00-01,said
13,a01-053-00-02,these
13,a01-053-01-00,alleged
13,a01-053-01-02,with
13,a01-053-02-00,listed
13,a01-053-02-01,by
13,a01-053-02-02,the
13,a01-053-03-01,Kennedy
13,a01-053-03-02,rushed
13,a01-053-03-04,letter
13,a01-053-03-05,to
13,a01-053-03-06,Senator
13,a01-053-04-01,saying
13,a01-053-04-02,the
13,a01-053-04-03,Federal
13,a01-053-04-04,Bureau
13,a01-053-04-05,of
13,a01-053-05-01,had
13,a01-053-05-03,on
13,a01-053-05-05,Weaver
13,a01-053-06-00,He
13,a01-053-06-02,he
13,a01-053-06-03,would
13,a01-053-06-04,perform
13,a01-053-07-00,service
13,a01-053-07-02,in
13,a01-053-07-03,his
13,a01-053-07-04,post
13,a01-053-07-06,Senator
13,a01-053-08-01,has
13,a01-053-08-03,to
13,a01-053-09-01,before
13,a01-053-09-02,it
13,a01-053-09-03,can
13,a01-053-09-04,be
13,a01-053-10-01,sidered
13,a01-053-10-02,by
13,a01-053-10-03,the
13,a01-053-10-04,full
13,a01-053-10-05,Senate
152,c03-021c-00-00,In
152,c03-021c-00-01,Fanny
152,c03-021c-00-02,the
152,c03-021c-00-04,girl
152,c03-021c-00-05,is
152,c03-021c-00-07,by
152,c03-021c-00-08,an
152,c03-021c-01-00,old
152,c03-021c-01-01,man
152,c03-021c-01-03,Here
152,c03-021c-01-04,it
152,c03-021c-01-05,is
152,c03-021c-01-07,young
152,c03-021c-02-00,from
152,c03-021c-02-01,women
152,c03-021c-02-02,but
152,c03-021c-02-03,yet
152,c03-021c-02-04,moved
152,c03-021c-02-05,by
152,c03-021c-02-07,strong
152,c03-021c-03-01,to
152,c03-021c-03-02,the
152,c03-021c-03-03,unborn
152,c03-021c-03-04,child
152,c03-021c-03-05,as
152,c03-021c-03-06,much
152,c03-021c-03-07,as
152,c03-021c-03-08,to
152,c03-021c-03-09,the
152,c03-021c-04-01,mother
152,c03-021c-04-03,who
152,c03-021c-04-04,acts
152,c03-021c-04-05,as
152,c03-021c-04-08,and
152,c03-021c-05-01,to
152,c03-021c-05-02,her
152,c03-021c-05-03,in
152,c03-021c-05-04,her
152,c03-021c-05-05,hour
152,c03-021c-05-06,of
152,c03-021c-05-07,need
152,c03-021c-05-09,He
152,c03-021c-06-00,shares
152,c03-021c-06-01,her
152,c03-021c-06-02,room
152,c03-021c-06-03,and
152,c03-021c-06-04,gives
152,c03-021c-06-05,her
152,c03-021c-06-06,his
152,c03-021c-06-07,forlorn
152,c03-021c-06-08,gift
152,c03-021c-07-00,of
152,c03-021c-07-02,and
152,c03-021c-07-06,you
152,c03-021c-07-07,need
152,c03-021c-07-08,someone
152,c03-021c-08-00,to
152,c03-021c-08-01,love
152,c03-021c-08-02,you
152,c03-021c-08-03,while
152,c03-021c-08-04,you
152,c03-021c-08-05,are
152,c03-021c-08-06,looking
152,c03-021c-08-07,for
152,c03-021c-09-00,someone
152,c03-021c-09-01,to
152,c03-021c-09-02,love
247,e07-090-00-01,pots
247,e07-090-00-02,are
247,e07-090-00-03,better
247,e07-090-00-06,do
247,e07-090-01-00,not
247,e07-090-01-01,get
247,e07-090-01-02,dirty
247,e07-090-01-03,so
247,e07-090-01-04,readily
247,e07-090-01-05,and
247,e07-090-01-06,are
247,e07-090-01-07,easier
247,e07-090-01-08,to
247,e07-090-02-00,wash
247,e07-090-02-02,The
247,e07-090-02-03,deep
247,e07-090-02-04,rims
247,e07-090-02-05,make
247,e07-090-02-06,for
247,e07-090-02-07,neater
247,e07-090-02-08,and
247,e07-090-03-00,safer
247,e07-090-03-03,though
247,e07-090-03-04,they
247,e07-090-03-05,are
247,e07-090-03-06,still
247,e07-090-04-01,and
247,e07-090-04-02,still
247,e07-090-04-03,get
247,e07-090-04-04,broken
247,e07-090-04-06,On
247,e07-090-04-07,the
247,e07-090-05-00,other
247,e07-090-05-01,hand
247,e07-090-05-03,there
247,e07-090-05-04,is
247,e07-090-05-05,really
247,e07-090-05-06,no
247,e07-090-06-00,for
247,e07-090-06-01,the
247,e07-090-06-02,larger
247,e07-090-06-03,sizes
247,e07-090-06-05,so
247,e07-090-06-06,they
247,e07-090-06-07,have
247,e07-090-06-08,the
247,e07-090-07-00,decided
247,e07-090-07-02,of
247,e07-090-07-03,being
247,e07-090-07-04,the
247,e07-090-07-05,only
247,e07-090-08-03,in
247,e07-090-09-00,for
247,e07-090-09-01,fairly
247,e07-090-09-02,large
247,e07-090-09-03,plants
340,g06-018i-00-00,When
340,g06-018i-00-01,the
340,g06-018i-00-02,sailing
340,g06-018i-00-03,season
340,g06-018i-00-04,was
340,g06-018i-00-05,past
340,g06-018i-00-07,he
340,g06-018i-00-08,sent
340,g06-018i-00-09,Pearl
340,g06-018i-00-10,back
340,g06-018i-00-11,to
340,g06-018i-01-00,England
340,g06-018i-01-02,and
340,g06-018i-01-04,to
340,g06-018i-01-05,Rome
340,g06-018i-01-06,for
340,g06-018i-01-07,the
340,g06-018i-01-08,winter
340,g06-018i-01-10,In
340,g06-018i-01-11,late
340,g06-018i-02-02,he
340,g06-018i-02-03,was
340,g06-018i-02-06,as
340,g06-018i-02-07,usual
340,g06-018i-02-10,but
340,g06-018i-02-11,hoped
340,g06-018i-02-13,he
340,g06-018i-03-00,told
340,g06-018i-03-01,Arthur
340,g06-018i-03-04,to
340,g06-018i-03-05,find
340,g06-018i-03-06,this
340,g06-018i-03-07,place
340,g06-018i-03-08,agree
340,g06-018i-03-09,with
340,g06-018i-03-10,me
340,g06-018i-03-11,better
340,g06-018i-03-12,than
340,g06-018i-04-00,Naples
340,g06-018i-04-02,The
340,g06-018i-04-03,journey
340,g06-018i-04-04,has
340,g06-018i-04-05,been
340,g06-018i-04-06,against
340,g06-018i-04-07,me
340,g06-018i-04-09,as
340,g06-018i-04-10,there
340,g06-018i-04-11,has
340,g06-018i-05-00,been
340,g06-018i-05-01,much
340,g06-018i-05-02,rain
340,g06-018i-05-03,and
340,g06-018i-05-04,damp
340,g06-018i-05-06,but
340,g06-018i-05-07,the
340,g06-018i-05-09,is
340,g06-018i-05-10,high
340,g06-018i-06-02,have
340,g06-018i-06-03,not
340,g06-018i-06-04,yet
340,g06-018i-06-05,thought
340,g06-018i-06-06,of
340,g06-018i-06-08,fire
334,g06-050c-00-01,first
334,g06-050c-00-02,action
334,g06-050c-00-03,was
334,g06-050c-00-04,to
334,g06-050c-00-05,write
334,g06-050c-00-06,to
334,g06-050c-00-07,his
334,g06-050c-00-08,revered
334,g06-050c-01-00,master
334,g06-050c-01-01,at
334,g06-050c-01-04,near
334,g06-050c-01-05,Leipzig
334,g06-050c-01-07,asking
334,g06-050c-01-08,for
334,g06-050c-02-00,advice
334,g06-050c-02-02,In
334,g06-050c-02-03,doing
334,g06-050c-02-04,so
334,g06-050c-02-05,he
334,g06-050c-02-07,his
334,g06-050c-03-00,patient
334,g06-050c-03-01,and
334,g06-050c-03-02,his
334,g06-050c-03-05,He
334,g06-050c-03-06,told
334,g06-050c-04-00,that
334,g06-050c-04-01,he
334,g06-050c-04-02,found
334,g06-050c-04-05,strong
334,g06-050c-04-08,man
334,g06-050c-05-00,with
334,g06-050c-05-02,gentle
334,g06-050c-05-03,and
334,g06-050c-06-00,and
334,g06-050c-06-01,sedate
334,g06-050c-06-03,not
334,g06-050c-06-04,easily
334,g06-050c-06-07,patient
334,g06-050c-06-08,and
334,g06-050c-07-04,but
334,g06-050c-07-05,he
334,g06-050c-07-06,appears
334,g06-050c-07-07,to
334,g06-050c-07-08,despair
334,g06-050c-07-09,of
334,g06-050c-08-00,ever
334,g06-050c-08-01,being
334,g06-050c-08-02,cured
23,a02-008-00-00,Seven
23,a02-008-00-03,have
23,a02-008-00-04,told
23,a02-008-00-06,Sandys
23,a02-008-01-04,that
23,a02-008-01-05,they
23,a02-008-01-06,wish
23,a02-008-01-07,to
23,a02-008-01-08,be
23,a02-008-01-09,kept
23,a02-008-02-00,in
23,a02-008-02-01,touch
23,a02-008-02-02,in
23,a02-008-02-03,London
23,a02-008-02-05,Three
23,a02-008-02-06,of
23,a02-008-02-07,them
23,a02-008-02-09,Canada
23,a02-008-03-00,New
23,a02-008-03-01,Zealand
23,a02-008-03-03,will
23,a02-008-03-04,have
23,a02-008-03-05,strong
23,a02-008-03-07,at
23,a02-008-03-08,an
23,a02-008-03-09,opening
23,a02-008-04-00,meeting
23,a02-008-04-01,in
23,a02-008-04-02,London
23,a02-008-04-03,on
23,a02-008-04-04,Monday
23,a02-008-04-06,Once
23,a02-008-04-07,the
23,a02-008-04-08,Common
23,a02-008-05-01,Council
23,a02-008-05-02,of
23,a02-008-05-04,draws
23,a02-008-05-05,up
23,a02-008-05-06,the
23,a02-008-06-00,for
23,a02-008-06-02,in
23,a02-008-06-05,time
23,a02-008-06-07,these
23,a02-008-07-01,can
23,a02-008-07-02,arrange
23,a02-008-07-03,for
23,a02-008-07-05,to
23,a02-008-07-06,advise
23,a02-008-07-07,the
23,a02-008-07-08,British
23,a02-008-08-01,team
155,c03-087f-00-00,It
155,c03-087f-00-01,went
155,c03-087f-00-03,perhaps
155,c03-087f-00-05,some
155,c03-087f-00-07,beyond
155,c03-087f-01-00,most
155,c03-087f-01-02,of
155,c03-087f-01-03,its
155,c03-087f-01-04,subject
155,c03-087f-01-05,by
155,c03-087f-02-00,to
155,c03-087f-03-00,which
155,c03-087f-03-01,left
155,c03-087f-03-02,its
155,c03-087f-03-03,central
155,c03-087f-03-05,and
155,c03-087f-03-06,the
155,c03-087f-04-00,world
155,c03-087f-04-01,around
155,c03-087f-04-02,him
155,c03-087f-04-03,in
155,c03-087f-05-02,We
155,c03-087f-05-03,could
155,c03-087f-05-05,perhaps
155,c03-087f-05-07,say
155,c03-087f-05-08,whether
155,c03-087f-06-00,or
155,c03-087f-06-01,not
155,c03-087f-06-02,the
155,c03-087f-06-03,attempt
155,c03-087f-06-05,if
155,c03-087f-06-06,we
155,c03-087f-06-07,had
155,c03-087f-07-00,little
155,c03-087f-07-01,more
155,c03-087f-07-02,faith
155,c03-087f-07-03,in
155,c03-087f-07-04,the
155,c03-087f-07-05,way
155,c03-087f-07-06,in
155,c03-087f-07-07,which
155,c03-087f-08-00,Ferris
155,c03-087f-08-02,his
111,b04-121-00-00,But
111,b04-121-00-01,if
111,b04-121-00-02,it
111,b04-121-00-03,fails
111,b04-121-00-04,to
111,b04-121-00-05,modify
111,b04-121-00-06,that
111,b04-121-00-07,plan
111,b04-121-00-09,may
111,b04-121-00-10,well
111,b04-121-01-00,be
111,b04-121-01-01,plunged
111,b04-121-01-02,into
111,b04-121-01-03,chaos
111,b04-121-01-05,like
111,b04-121-01-06,the
111,b04-121-01-07,Congo
111,b04-121-01-09,For
111,b04-121-02-01,and
111,b04-121-02-02,his
111,b04-121-02-04,there
111,b04-121-02-05,is
111,b04-121-02-06,no
111,b04-121-02-07,choice
111,b04-121-02-09,They
111,b04-121-03-00,must
111,b04-121-03-03,against
111,b04-121-03-04,chaos
111,b04-121-03-06,And
111,b04-121-03-07,try
111,b04-121-03-08,to
111,b04-121-04-00,repair
111,b04-121-04-01,the
111,b04-121-04-02,damage
111,b04-121-04-03,they
111,b04-121-04-04,have
111,b04-121-04-05,done
111,b04-121-04-07,WHO
111,b04-121-04-08,can
111,b04-121-04-09,grow
111,b04-121-04-10,the
111,b04-121-05-00,fastest
111,b04-121-05-02,That
111,b04-121-05-03,is
111,b04-121-05-04,the
111,b04-121-05-07,going
111,b04-121-05-08,on
111,b04-121-06-00,among
111,b04-121-06-02,major
35,a02-082-00-00,He
35,a02-082-00-01,cited
35,a02-082-00-02,cases
35,a02-082-00-03,in
35,a02-082-00-04,which
35,a02-082-00-06,of
35,a02-082-00-07,UNIP
35,a02-082-01-00,had
35,a02-082-01-01,been
35,a02-082-01-03,or
35,a02-082-01-05,since
35,a02-082-01-06,last
35,a02-082-01-07,year
35,a02-082-01-08,on
35,a02-082-02-00,charges
35,a02-082-02-01,of
35,a02-082-02-05,During
35,a02-082-02-06,the
35,a02-082-02-07,first
35,a02-082-03-00,three
35,a02-082-03-01,weeks
35,a02-082-03-02,of
35,a02-082-03-03,the
35,a02-082-03-04,present
35,a02-082-03-05,trouble
35,a02-082-04-00,had
35,a02-082-04-01,been
35,a02-082-04-03,in
35,a02-082-04-07,More
35,a02-082-05-00,than
35,a02-082-05-02,people
35,a02-082-05-05,of
35,a02-082-05-06,them
35,a02-082-05-07,members
35,a02-082-05-08,of
35,a02-082-06-00,the
35,a02-082-06-01,UNIP
35,a02-082-06-03,were
35,a02-082-06-05,last
35,a02-082-06-06,month
35,a02-082-06-07,in
35,a02-082-06-08,the
35,a02-082-07-02,alone
113,b04-169-00-00,They
113,b04-169-00-01,have
113,b04-169-00-02,earned
113,b04-169-00-03,his
113,b04-169-00-06,And
113,b04-169-00-07,his
113,b04-169-01-02,SOME
113,b04-169-01-03,people
113,b04-169-01-04,are
113,b04-169-01-05,for
113,b04-169-01-06,ever
113,b04-169-02-00,that
113,b04-169-02-02,earn
113,b04-169-02-03,too
113,b04-169-02-04,much
113,b04-169-02-05,and
113,b04-169-02-06,spend
113,b04-169-02-07,it
113,b04-169-02-08,all
113,b04-169-03-00,when
113,b04-169-03-01,they
113,b04-169-03-02,get
113,b04-169-03-03,it
113,b04-169-03-05,Now
113,b04-169-03-07,survey
113,b04-169-03-08,of
113,b04-169-03-09,the
113,b04-169-03-10,Post
113,b04-169-04-00,Office
113,b04-169-04-01,Savings
113,b04-169-04-02,Bank
113,b04-169-04-03,shows
113,b04-169-04-04,how
113,b04-169-04-05,wrong
113,b04-169-04-06,that
113,b04-169-05-00,idea
113,b04-169-05-01,is
113,b04-169-05-03,The
113,b04-169-05-04,biggest
113,b04-169-05-05,group
113,b04-169-05-06,of
113,b04-169-05-08,in
113,b04-169-06-00,the
113,b04-169-06-01,bank
113,b04-169-06-02,is
113,b04-169-06-03,made
113,b04-169-06-04,of
113,b04-169-06-05,boys
113,b04-169-06-06,and
113,b04-169-06-07,girls
113,b04-169-06-08,aged
113,b04-169-07-00,to
154,c03-003e-00-00,This
154,c03-003e-00-01,is
154,c03-003e-00-02,not
154,c03-003e-00-04,filmed
154,c03-003e-00-05,play
154,c03-003e-00-07,It
154,c03-003e-00-08,has
154,c03-003e-00-09,been
154,c03-003e-01-00,ceived
154,c03-003e-01-02,in
154,c03-003e-01-03,terms
154,c03-003e-01-04,of
154,c03-003e-01-05,the
154,c03-003e-01-06,cinema
154,c03-003e-02-00,and
154,c03-003e-02-01,again
154,c03-003e-02-02,and
154,c03-003e-02-03,again
154,c03-003e-02-04,it
154,c03-003e-02-05,is
154,c03-003e-02-06,the
154,c03-003e-02-07,visual
154,c03-003e-03-00,of
154,c03-003e-03-01,the
154,c03-003e-03-02,story
154,c03-003e-03-04,and
154,c03-003e-03-05,the
154,c03-003e-03-07,of
154,c03-003e-03-08,the
154,c03-003e-03-09,central
154,c03-003e-04-01,to
154,c03-003e-04-02,their
154,c03-003e-04-05,which
154,c03-003e-04-06,bring
154,c03-003e-05-00,the
154,c03-003e-05-01,film
154,c03-003e-05-02,so
154,c03-003e-05-03,vividly
154,c03-003e-05-04,to
154,c03-003e-05-05,life
154,c03-003e-05-07,In
154,c03-003e-05-08,Fanny
154,c03-003e-05-10,which
154,c03-003e-06-00,also
154,c03-003e-06-01,has
154,c03-003e-06-02,its
154,c03-003e-06-06,the
154,c03-003e-07-01,Joshua
154,c03-003e-07-02,Logan
154,c03-003e-07-05,but
154,c03-003e-07-06,failed
154,c03-003e-07-07,to
154,c03-003e-08-00,create
154,c03-003e-08-01,the
154,c03-003e-08-03,of
154,c03-003e-08-05,city
638,r02-006-00-00,At
638,r02-006-00-01,one
638,r02-006-00-02,point
638,r02-006-00-03,the
638,r02-006-00-04,astute
638,r02-006-00-05,Miss
638,r02-006-01-00,had
638,r02-006-01-01,claimed
638,r02-006-01-02,tax
638,r02-006-01-03,relief
638,r02-006-01-04,on
638,r02-006-01-05,the
638,r02-006-02-00,chase
638,r02-006-02-01,of
638,r02-006-02-02,several
638,r02-006-02-03,mink
638,r02-006-02-04,coats
638,r02-006-02-05,which
638,r02-006-03-00,it
638,r02-006-03-01,seemed
638,r02-006-03-03,were
638,r02-006-03-05,to
638,r02-006-04-00,ther
638,r02-006-04-01,her
638,r02-006-04-02,career
638,r02-006-04-06,it
638,r02-006-05-00,was
638,r02-006-05-03,she
638,r02-006-05-05,claimed
638,r02-006-06-00,that
638,r02-006-06-01,the
638,r02-006-06-02,warm
638,r02-006-06-03,coats
638,r02-006-06-04,were
638,r02-006-06-05,heating
638,r02-006-07-01,and
638,r02-006-08-00,to
638,r02-006-08-03,tax
638,r02-006-09-00,as
638,r02-006-09-01,plant
638,r02-006-09-02,and
638,r02-006-09-05,The
329,g04-101-00-00,Their
329,g04-101-00-01,homes
329,g04-101-00-03,for
329,g04-101-00-04,since
329,g04-101-00-05,those
329,g04-101-00-06,years
329,g04-101-00-07,they
329,g04-101-00-08,have
329,g04-101-01-00,lived
329,g04-101-01-01,on
329,g04-101-01-02,in
329,g04-101-01-03,Purley
329,g04-101-01-05,have
329,g04-101-01-06,always
329,g04-101-01-07,been
329,g04-101-02-00,havens
329,g04-101-02-01,of
329,g04-101-02-02,rest
329,g04-101-02-04,and
329,g04-101-02-05,the
329,g04-101-02-06,welcome
329,g04-101-02-07,has
329,g04-101-02-08,never
329,g04-101-03-00,failed
329,g04-101-03-02,Their
329,g04-101-03-03,three
329,g04-101-03-04,boys
329,g04-101-03-06,now
329,g04-101-03-08,men
329,g04-101-04-00,were
329,g04-101-04-01,in
329,g04-101-04-02,our
329,g04-101-04-04,Church
329,g04-101-04-05,from
329,g04-101-04-06,the
329,g04-101-05-00,outset
329,g04-101-05-02,and
329,g04-101-05-03,when
329,g04-101-05-04,we
329,g04-101-05-06,see
329,g04-101-05-07,one
329,g04-101-06-00,another
329,g04-101-06-01,we
329,g04-101-06-02,do
329,g04-101-06-03,not
329,g04-101-06-04,forget
152,c03-094c-00-01,William
152,c03-094c-00-02,Lucas
152,c03-094c-00-04,Morris
152,c03-094c-00-06,is
152,c03-094c-00-07,always
152,c03-094c-01-00,pushing
152,c03-094c-01-02,Miss
152,c03-094c-01-03,Sheila
152,c03-094c-01-04,Allen
152,c03-094c-01-05,his
152,c03-094c-01-06,wife
152,c03-094c-01-08,always
152,c03-094c-01-09,palely
152,c03-094c-02-03,James
152,c03-094c-02-04,Maxwell
152,c03-094c-02-06,the
152,c03-094c-02-07,editor
152,c03-094c-02-09,always
152,c03-094c-03-01,abashed
152,c03-094c-03-02,by
152,c03-094c-03-03,the
152,c03-094c-03-04,events
152,c03-094c-03-06,and
152,c03-094c-03-08,Aubrey
152,c03-094c-04-02,the
152,c03-094c-04-05,always
152,c03-094c-05-02,they
152,c03-094c-05-03,were
152,c03-094c-05-04,not
152,c03-094c-05-05,asked
152,c03-094c-05-06,to
152,c03-094c-05-08,from
152,c03-094c-06-00,their
152,c03-094c-06-01,set
152,c03-094c-06-02,moods
152,c03-094c-06-03,but
152,c03-094c-06-04,played
152,c03-094c-06-05,with
152,c03-094c-06-06,proper
152,c03-094c-07-00,ciency
152,c03-094c-07-01,and
152,c03-094c-07-03,in
152,c03-094c-07-04,the
152,c03-094c-07-05,case
152,c03-094c-07-06,of
152,c03-094c-07-10,with
152,c03-094c-08-00,lavish
152,c03-094c-08-01,and
152,c03-094c-08-03,gaudy
152,c03-094c-08-04,colour
102,b03-092-00-02,is
102,b03-092-00-06,They
102,b03-092-00-07,should
102,b03-092-00-08,not
102,b03-092-01-00,however
102,b03-092-01-02,disdain
102,b03-092-01-03,this
102,b03-092-01-05,of
102,b03-092-01-08,useful
102,b03-092-01-09,sample
102,b03-092-01-10,of
102,b03-092-02-01,opinion
102,b03-092-02-02,by
102,b03-092-02-03,at
102,b03-092-02-04,least
102,b03-092-02-06,these
102,b03-092-02-07,Bills
102,b03-092-02-09,fair
102,b03-092-02-10,run
102,b03-092-03-04,The
102,b03-092-03-05,fight
102,b03-092-03-06,is
102,b03-092-03-07,on
102,b03-092-03-09,The
102,b03-092-03-11,has
102,b03-092-03-12,behind
102,b03-092-04-00,it
102,b03-092-04-01,not
102,b03-092-04-02,only
102,b03-092-04-03,the
102,b03-092-04-05,of
102,b03-092-04-06,the
102,b03-092-04-08,of
102,b03-092-04-09,STATE
102,b03-092-04-10,for
102,b03-092-04-11,AIR
102,b03-092-05-00,but
102,b03-092-05-01,also
102,b03-092-05-02,the
102,b03-092-05-03,backing
102,b03-092-05-04,of
102,b03-092-05-05,the
102,b03-092-05-07,GENERAL
102,b03-092-05-08,of
102,b03-092-05-09,the
102,b03-092-06-00,logical
102,b03-092-06-01,Office
214,e01-081-00-00,First
214,e01-081-00-01,launder
214,e01-081-00-02,crochet
214,e01-081-00-03,and
214,e01-081-00-04,then
214,e01-081-00-05,pin
214,e01-081-00-06,to
214,e01-081-00-07,the
214,e01-081-01-00,shape
214,e01-081-01-03,that
214,e01-081-01-04,all
214,e01-081-01-05,lines
214,e01-081-01-06,of
214,e01-081-01-07,the
214,e01-081-01-08,crochet
214,e01-081-01-09,are
214,e01-081-02-02,Place
214,e01-081-02-03,crochet
214,e01-081-02-04,in
214,e01-081-02-05,correct
214,e01-081-02-07,on
214,e01-081-02-08,linen
214,e01-081-02-09,and
214,e01-081-03-00,secure
214,e01-081-03-01,with
214,e01-081-03-02,pins
214,e01-081-03-04,Run
214,e01-081-03-06,line
214,e01-081-03-07,of
214,e01-081-03-08,basting
214,e01-081-04-00,on
214,e01-081-04-01,the
214,e01-081-04-02,linen
214,e01-081-04-04,the
214,e01-081-04-05,outline
214,e01-081-04-06,of
214,e01-081-04-07,the
214,e01-081-04-08,crochet
214,e01-081-04-09,edges
214,e01-081-05-00,which
214,e01-081-05-01,are
214,e01-081-05-02,to
214,e01-081-05-03,be
214,e01-081-05-05,to
214,e01-081-05-06,the
214,e01-081-05-07,linen
214,e01-081-05-09,Remove
214,e01-081-05-10,crochet
212,e01-032-00-00,The
212,e01-032-00-01,more
212,e01-032-00-04,and
212,e01-032-00-05,finer
212,e01-032-01-00,threads
212,e01-032-01-01,may
212,e01-032-01-02,be
212,e01-032-01-04,to
212,e01-032-01-05,bring
212,e01-032-01-07,light
212,e01-032-02-00,and
212,e01-032-02-01,lovely
212,e01-032-02-02,touch
212,e01-032-02-03,to
212,e01-032-03-01,lace
212,e01-032-03-02,border
212,e01-032-03-03,to
212,e01-032-04-01,on
212,e01-032-04-04,or
212,e01-032-04-05,blouse
212,e01-032-04-08,tatted
212,e01-032-04-09,edge
212,e01-032-05-00,to
212,e01-032-05-02,collar
212,e01-032-05-04,these
212,e01-032-05-05,add
212,e01-032-06-01,that
212,e01-032-06-02,nothing
212,e01-032-06-03,else
212,e01-032-06-04,can
212,e01-032-06-05,give
212,e01-032-07-01,we
212,e01-032-07-02,assess
212,e01-032-07-04,as
212,e01-032-07-05,one
212,e01-032-07-06,of
212,e01-032-08-00,the
212,e01-032-08-02,skills
212,e01-032-08-05,number
212,e01-032-08-06,of
212,e01-032-08-07,the
212,e01-032-09-02,that
212,e01-032-09-03,we
212,e01-032-09-04,follow
212,e01-032-09-05,today
212,e01-032-09-06,were
212,e01-032-10-00,in
212,e01-032-10-01,fact
212,e01-032-10-03,the
212,e01-032-10-05,of
212,e01-032-10-07,men
152,c03-000c-00-00,The
152,c03-000c-00-01,film
152,c03-000c-00-02,version
152,c03-000c-00-03,of
152,c03-000c-00-04,Miss
152,c03-000c-00-05,Shelagh
152,c03-000c-00-07,play
152,c03-000c-01-01,Taste
152,c03-000c-01-02,of
152,c03-000c-01-03,Honey
152,c03-000c-01-04,opens
152,c03-000c-01-05,at
152,c03-000c-01-06,the
152,c03-000c-01-08,Square
152,c03-000c-02-00,Theatre
152,c03-000c-02-03,It
152,c03-000c-02-04,has
152,c03-000c-02-05,been
152,c03-000c-02-07,and
152,c03-000c-03-01,by
152,c03-000c-03-03,Tony
152,c03-000c-03-06,who
152,c03-000c-03-07,is
152,c03-000c-03-08,also
152,c03-000c-04-00,author
152,c03-000c-04-01,with
152,c03-000c-04-02,Miss
152,c03-000c-04-03,Delaney
152,c03-000c-04-04,of
152,c03-000c-04-05,the
152,c03-000c-04-06,script
152,c03-000c-04-08,and
152,c03-000c-05-00,the
152,c03-000c-05-01,great
152,c03-000c-05-03,to
152,c03-000c-05-04,be
152,c03-000c-05-05,derived
152,c03-000c-05-06,from
152,c03-000c-05-07,this
152,c03-000c-06-00,unity
152,c03-000c-06-01,of
152,c03-000c-06-03,and
152,c03-000c-06-04,control
152,c03-000c-06-05,are
133,c06-043-00-00,And
133,c06-043-00-01,he
133,c06-043-00-03,an
133,c06-043-01-00,seizure
133,c06-043-01-01,and
133,c06-043-01-02,was
133,c06-043-01-03,gravely
133,c06-043-01-04,ill
133,c06-043-01-05,in
133,c06-043-02-01,with
133,c06-043-02-04,and
133,c06-043-02-05,heart
133,c06-043-03-02,His
133,c06-043-03-03,return
133,c06-043-03-04,to
133,c06-043-03-05,Dublin
133,c06-043-03-06,was
133,c06-043-04-01,by
133,c06-043-04-02,the
133,c06-043-04-04,that
133,c06-043-05-00,he
133,c06-043-05-01,was
133,c06-043-05-03,off
133,c06-043-05-04,the
133,c06-043-05-05,gargle
133,c06-043-05-08,retired
133,c06-043-06-03,Since
133,c06-043-06-04,then
133,c06-043-06-05,he
133,c06-043-06-06,has
133,c06-043-06-07,been
133,c06-043-07-00,heard
133,c06-043-07-01,of
133,c06-043-07-02,often
133,c06-043-07-03,in
133,c06-043-07-04,the
133,c06-043-08-00,three
133,c06-043-08-01,times
133,c06-043-08-02,up
133,c06-043-08-03,before
133,c06-043-08-04,the
133,c06-043-08-05,beaks
133,c06-043-08-06,for
133,c06-043-09-00,drunk
133,c06-043-09-01,and
133,c06-043-09-03,conduct
120,b05-079-00-00,This
120,b05-079-00-01,concept
120,b05-079-00-02,of
120,b05-079-00-03,slavery
120,b05-079-00-05,Britain
120,b05-079-01-00,General
120,b05-079-01-02,signed
120,b05-079-02-01,that
120,b05-079-02-02,after
120,b05-079-02-03,the
120,b05-079-03-01,of
120,b05-079-03-02,our
120,b05-079-03-03,islands
120,b05-079-03-04,all
120,b05-079-03-05,the
120,b05-079-04-00,male
120,b05-079-04-02,between
120,b05-079-04-03,the
120,b05-079-04-04,ages
120,b05-079-04-05,of
120,b05-079-05-01,and
120,b05-079-05-03,will
120,b05-079-05-05,unless
120,b05-079-05-06,the
120,b05-079-06-00,local
120,b05-079-06-02,calls
120,b05-079-06-03,for
120,b05-079-06-04,an
120,b05-079-07-00,ruling
120,b05-079-07-02,be
120,b05-079-07-04,and
120,b05-079-07-06,to
120,b05-079-07-07,the
120,b05-079-08-03,The
120,b05-079-08-04,Baltic
120,b05-079-08-05,States
120,b05-079-08-06,were
120,b05-079-09-00,to
120,b05-079-09-01,have
120,b05-079-09-02,been
120,b05-079-09-03,our
62,a04-072-00-00,He
62,a04-072-00-01,thought
62,a04-072-00-03,he
62,a04-072-00-04,said
62,a04-072-00-06,that
62,a04-072-00-07,the
62,a04-072-00-08,Soviet
62,a04-072-01-00,Union
62,a04-072-01-01,would
62,a04-072-01-02,be
62,a04-072-01-04,to
62,a04-072-01-05,reach
62,a04-072-02-00,an
62,a04-072-02-02,on
62,a04-072-02-04,zone
62,a04-072-02-05,of
62,a04-072-03-01,in
62,a04-072-03-02,Europe
62,a04-072-03-04,Mr
62,a04-072-04-03,that
62,a04-072-04-04,the
62,a04-072-04-05,present
62,a04-072-05-00,was
62,a04-072-05-01,the
62,a04-072-05-03,of
62,a04-072-05-05,great
62,a04-072-05-06,period
62,a04-072-05-07,of
62,a04-072-06-01,for
62,a04-072-06-02,the
62,a04-072-06-03,party
62,a04-072-06-05,It
62,a04-072-06-06,was
62,a04-072-07-00,great
62,a04-072-07-01,chance
62,a04-072-07-02,that
62,a04-072-07-03,should
62,a04-072-07-04,be
62,a04-072-07-05,grasped
62,a04-072-08-02,prevent
62,a04-072-08-03,the
62,a04-072-09-01,of
62,a04-072-09-03,common
62,a04-072-09-04,policy
62,a04-072-09-05,for
62,a04-072-09-06,wages
62,a04-072-10-00,and
62,a04-072-10-01,other
62,a04-072-10-02,major
62,a04-072-10-06,Jack
62,a04-072-10-07,Cooper
150,c03-087a-00-00,It
150,c03-087a-00-01,went
150,c03-087a-00-03,perhaps
150,c03-087a-00-05,some
150,c03-087a-00-07,beyond
150,c03-087a-00-08,most
150,c03-087a-01-01,of
150,c03-087a-01-02,its
150,c03-087a-01-03,subject
150,c03-087a-01-04,by
150,c03-087a-01-06,to
150,c03-087a-02-04,which
150,c03-087a-03-00,left
150,c03-087a-03-01,its
150,c03-087a-03-02,central
150,c03-087a-03-04,and
150,c03-087a-03-05,the
150,c03-087a-03-06,world
150,c03-087a-04-00,around
150,c03-087a-04-01,him
150,c03-087a-04-02,in
150,c03-087a-05-00,We
150,c03-087a-05-01,could
150,c03-087a-05-03,perhaps
150,c03-087a-05-05,say
150,c03-087a-05-06,whether
150,c03-087a-05-07,or
150,c03-087a-05-08,not
150,c03-087a-05-09,the
150,c03-087a-05-10,attempt
150,c03-087a-06-01,if
150,c03-087a-06-02,we
150,c03-087a-06-03,had
150,c03-087a-06-05,little
150,c03-087a-06-06,more
150,c03-087a-06-07,faith
150,c03-087a-06-08,in
150,c03-087a-06-09,the
150,c03-087a-07-00,way
150,c03-087a-07-01,in
150,c03-087a-07-02,which
150,c03-087a-07-04,Ferris
150,c03-087a-07-06,his
0,a01-003u-00-00,Though
0,a01-003u-00-01,they
0,a01-003u-00-02,may
0,a01-003u-00-03,gather
0,a01-003u-00-04,some
0,a01-003u-01-00,support
0,a01-003u-01-03,large
0,a01-003u-01-05,of
0,a01-003u-01-06,Labour
0,a01-003u-02-01,are
0,a01-003u-02-02,likely
0,a01-003u-02-03,to
0,a01-003u-02-04,turn
0,a01-003u-02-05,down
0,a01-003u-02-06,the
0,a01-003u-03-06,will
0,a01-003u-04-00,be
0,a01-003u-04-01,that
0,a01-003u-04-02,as
0,a01-003u-04-03,Labour
0,a01-003u-04-05,opposed
0,a01-003u-04-06,the
0,a01-003u-05-01,Bill
0,a01-003u-05-02,which
0,a01-003u-05-03,brought
0,a01-003u-05-04,life
0,a01-003u-05-05,peers
0,a01-003u-06-00,into
0,a01-003u-06-03,they
0,a01-003u-06-04,should
0,a01-003u-06-05,not
0,a01-003u-06-06,now
0,a01-003u-06-07,put
0,a01-003u-07-00,forward
0,a01-003u-07-03,He
0,a01-003u-07-05,that
0,a01-003u-07-06,the
0,a01-003u-08-00,House
0,a01-003u-08-01,of
0,a01-003u-08-02,Lords
0,a01-003u-08-03,should
0,a01-003u-08-04,be
0,a01-003u-08-06,and
0,a01-003u-09-00,that
0,a01-003u-09-01,Labour
0,a01-003u-09-02,should
0,a01-003u-09-03,not
0,a01-003u-09-04,take
0,a01-003u-09-05,any
0,a01-003u-09-06,steps
0,a01-003u-10-00,which
0,a01-003u-10-01,would
0,a01-003u-10-02,appear
0,a01-003u-10-03,to
0,a01-003u-10-05,prop
0,a01-003u-10-06,up
0,a01-003u-10-08,an
151,c03-087b-00-00,It
151,c03-087b-00-01,went
151,c03-087b-00-03,perhaps
151,c03-087b-00-05,some
151,c03-087b-00-07,beyond
151,c03-087b-00-08,most
151,c03-087b-01-01,of
151,c03-087b-01-02,its
151,c03-087b-01-03,subject
151,c03-087b-01-04,by
151,c03-087b-01-06,to
151,c03-087b-02-04,which
151,c03-087b-03-00,left
151,c03-087b-03-01,its
151,c03-087b-03-02,central
151,c03-087b-03-04,and
151,c03-087b-03-05,the
151,c03-087b-03-06,world
151,c03-087b-04-00,around
151,c03-087b-04-01,him
151,c03-087b-04-02,in
151,c03-087b-05-00,We
151,c03-087b-05-01,could
151,c03-087b-05-03,perhaps
151,c03-087b-05-05,say
151,c03-087b-05-06,whether
151,c03-087b-05-07,or
151,c03-087b-05-08,not
151,c03-087b-05-09,the
151,c03-087b-05-10,attempt
151,c03-087b-06-01,if
151,c03-087b-06-02,we
151,c03-087b-06-03,had
151,c03-087b-06-05,little
151,c03-087b-06-06,more
151,c03-087b-06-07,faith
151,c03-087b-06-08,in
151,c03-087b-06-09,the
151,c03-087b-07-00,way
151,c03-087b-07-01,in
151,c03-087b-07-02,which
151,c03-087b-07-04,Ferris
151,c03-087b-08-00,his
263,f02-038-00-00,The
263,f02-038-00-01,large
263,f02-038-00-03,and
263,f02-038-00-05,of
263,f02-038-01-00,this
263,f02-038-01-03,held
263,f02-038-01-04,in
263,f02-038-01-05,October
263,f02-038-02-01,not
263,f02-038-02-02,only
263,f02-038-02-03,an
263,f02-038-03-00,of
263,f02-038-03-01,the
263,f02-038-03-03,of
263,f02-038-03-04,men
263,f02-038-03-05,and
263,f02-038-03-06,women
263,f02-038-03-07,nearing
263,f02-038-04-00,or
263,f02-038-04-01,already
263,f02-038-04-02,in
263,f02-038-04-04,but
263,f02-038-04-05,also
263,f02-038-04-07,strong
263,f02-038-05-00,desire
263,f02-038-05-01,on
263,f02-038-05-02,the
263,f02-038-05-03,part
263,f02-038-05-04,of
263,f02-038-05-05,all
263,f02-038-05-07,for
263,f02-038-06-01,action
263,f02-038-06-02,towards
263,f02-038-06-04,men
263,f02-038-07-00,and
263,f02-038-07-01,women
263,f02-038-07-02,for
263,f02-038-07-03,life
263,f02-038-07-04,in
263,f02-038-07-06,and
263,f02-038-07-07,more
263,f02-038-08-02,of
263,f02-038-08-04,for
263,f02-038-09-00,crafts
263,f02-038-09-02,hobbies
263,f02-038-09-03,and
263,f02-038-10-00,for
263,f02-038-10-01,those
263,f02-038-10-02,who
263,f02-038-10-03,are
263,f02-038-10-04,retired
339,g06-011h-00-00,By
339,g06-011h-00-01,the
339,g06-011h-00-02,end
339,g06-011h-00-03,of
339,g06-011h-00-04,the
339,g06-011h-00-05,month
339,g06-011h-00-06,he
339,g06-011h-00-07,still
339,g06-011h-00-09,in
339,g06-011h-00-10,Naples
339,g06-011h-01-00,He
339,g06-011h-01-01,told
339,g06-011h-01-03,that
339,g06-011h-01-04,he
339,g06-011h-01-05,enjoyed
339,g06-011h-01-06,it
339,g06-011h-01-07,as
339,g06-011h-01-08,much
339,g06-011h-01-09,as
339,g06-011h-02-00,his
339,g06-011h-02-01,health
339,g06-011h-02-03,him
339,g06-011h-02-04,to
339,g06-011h-02-05,enjoy
339,g06-011h-02-09,The
339,g06-011h-03-00,Pearl
339,g06-011h-03-03,he
339,g06-011h-03-04,wrote
339,g06-011h-03-07,is
339,g06-011h-03-08,arrived
339,g06-011h-03-10,which
339,g06-011h-03-11,is
339,g06-011h-03-13,great
339,g06-011h-04-03,seems
339,g06-011h-04-04,to
339,g06-011h-04-05,be
339,g06-011h-04-06,tired
339,g06-011h-04-08,he
339,g06-011h-04-09,is
339,g06-011h-05-00,going
339,g06-011h-05-01,out
339,g06-011h-05-02,fast
339,g06-011h-05-05,What
339,g06-011h-05-07,gay
339,g06-011h-05-09,lively
339,g06-011h-05-10,people
339,g06-011h-05-12,and
339,g06-011h-06-00,what
339,g06-011h-06-02,busy
339,g06-011h-06-03,town
339,g06-011h-06-05,At
339,g06-011h-06-06,Rome
339,g06-011h-06-08,every
339,g06-011h-06-09,other
339,g06-011h-06-10,man
339,g06-011h-07-00,was
339,g06-011h-07-02,priest
339,g06-011h-07-04,here
339,g06-011h-07-05,the
339,g06-011h-07-06,priest
339,g06-011h-07-07,is
339,g06-011h-07-09,by
339,g06-011h-08-00,the
339,g06-011h-08-01,soldier
339,g06-011h-08-05,change
339,g06-011h-08-06,in
339,g06-011h-08-07,my
339,g06-011h-08-08,eye
339,g06-011h-09-01,as
339,g06-011h-09-02,the
339,g06-011h-09-03,troops
339,g06-011h-09-04,are
339,g06-011h-09-05,very
339,g06-011h-09-06,fine
0,a01-026u-00-01,IAIN
0,a01-026u-00-02,MACLEOD
0,a01-026u-00-04,the
0,a01-026u-01-00,denied
0,a01-026u-01-01,in
0,a01-026u-01-02,the
0,a01-026u-01-03,Commons
0,a01-026u-01-04,last
0,a01-026u-01-05,night
0,a01-026u-01-06,that
0,a01-026u-02-00,there
0,a01-026u-02-01,have
0,a01-026u-02-02,been
0,a01-026u-02-03,secret
0,a01-026u-02-05,on
0,a01-026u-03-02,future
0,a01-026u-03-04,The
0,a01-026u-04-02,in
0,a01-026u-04-03,London
0,a01-026u-04-04,has
0,a01-026u-04-05,been
0,a01-026u-05-01,by
0,a01-026u-05-02,the
0,a01-026u-05-03,two
0,a01-026u-05-04,main
0,a01-026u-05-06,parties
0,a01-026u-06-00,the
0,a01-026u-06-01,United
0,a01-026u-06-02,Federal
0,a01-026u-06-03,Party
0,a01-026u-06-04,and
0,a01-026u-06-05,the
0,a01-026u-07-00,Party
0,a01-026u-07-02,But
0,a01-026u-07-04,of
0,a01-026u-07-05,Sir
0,a01-026u-07-06,Roy
0,a01-026u-08-02,Prime
0,a01-026u-08-04,of
0,a01-026u-08-05,the
0,a01-026u-08-06,Central
0,a01-026u-09-00,African
0,a01-026u-09-03,went
0,a01-026u-09-04,to
0,a01-026u-09-06,at
0,a01-026u-10-00,the
0,a01-026u-10-02,for
0,a01-026u-10-03,talks
0,a01-026u-10-04,with
93,b01-122-00-00,It
93,b01-122-00-01,is
93,b01-122-00-03,to
93,b01-122-00-04,make
93,b01-122-00-05,contact
93,b01-122-00-06,with
93,b01-122-01-00,woerd
93,b01-122-01-01,in
93,b01-122-01-02,his
93,b01-122-01-04,world
93,b01-122-01-06,It
93,b01-122-01-07,is
93,b01-122-01-08,this
93,b01-122-01-09,that
93,b01-122-02-00,makes
93,b01-122-02-02,any
93,b01-122-02-03,hopes
93,b01-122-02-04,that
93,b01-122-02-05,he
93,b01-122-02-06,may
93,b01-122-02-07,be
93,b01-122-03-01,to
93,b01-122-03-02,change
93,b01-122-03-03,course
93,b01-122-03-05,The
93,b01-122-03-07,of
93,b01-122-04-03,Joost
93,b01-122-04-04,de
93,b01-122-04-05,Blank
93,b01-122-04-07,has
93,b01-122-04-08,pleaded
93,b01-122-04-09,that
93,b01-122-05-00,South
93,b01-122-05-01,Africa
93,b01-122-05-02,should
93,b01-122-05-03,be
93,b01-122-05-04,allowed
93,b01-122-05-05,to
93,b01-122-05-06,stay
93,b01-122-05-07,in
93,b01-122-05-08,the
93,b01-122-06-04,he
93,b01-122-06-05,says
93,b01-122-06-07,those
93,b01-122-06-08,inside
93,b01-122-06-09,the
93,b01-122-07-00,country
93,b01-122-07-01,who
93,b01-122-07-02,still
93,b01-122-07-03,oppose
93,b01-122-07-05,will
93,b01-122-07-06,be
93,b01-122-08-00,left
93,b01-122-08-01,even
93,b01-122-08-02,more
93,b01-122-08-04,and
93,b01-122-08-05,alone
153,c03-081d-00-02,the
153,c03-081d-00-04,has
153,c03-081d-01-01,error
153,c03-081d-01-02,in
153,c03-081d-01-04,Irene
153,c03-081d-01-05,to
153,c03-081d-01-06,speak
153,c03-081d-02-00,for
153,c03-081d-02-01,herself
153,c03-081d-02-03,we
153,c03-081d-02-04,would
153,c03-081d-02-05,be
153,c03-081d-02-07,clearer
153,c03-081d-03-00,in
153,c03-081d-03-01,our
153,c03-081d-03-02,minds
153,c03-081d-03-03,about
153,c03-081d-03-04,her
153,c03-081d-03-05,if
153,c03-081d-03-06,she
153,c03-081d-04-01,flawed
153,c03-081d-04-02,but
153,c03-081d-04-04,enigma
153,c03-081d-04-06,seen
153,c03-081d-04-07,but
153,c03-081d-05-00,not
153,c03-081d-05-01,heard
153,c03-081d-05-03,However
153,c03-081d-05-05,Miss
153,c03-081d-05-06,Pinkie
153,c03-081d-06-00,makes
153,c03-081d-06-01,her
153,c03-081d-06-02,few
153,c03-081d-06-03,brief
153,c03-081d-06-04,scenes
153,c03-081d-06-07,and
153,c03-081d-07-01,Landen
153,c03-081d-07-03,in
153,c03-081d-07-04,the
153,c03-081d-07-05,longest
153,c03-081d-07-06,and
153,c03-081d-07-07,most
153,c03-081d-08-01,role
153,c03-081d-08-03,that
153,c03-081d-08-04,of
153,c03-081d-08-05,the
153,c03-081d-08-08,gives
153,c03-081d-09-02,of
153,c03-081d-09-03,rare
153,c03-081d-09-05,and
153,c03-081d-10-01,power
273,f04-007-00-00,She
273,f04-007-00-01,had
273,f04-007-00-02,been
273,f04-007-00-03,struck
273,f04-007-00-04,several
273,f04-007-00-05,times
273,f04-007-00-06,with
273,f04-007-00-08,blunt
273,f04-007-01-02,and
273,f04-007-01-03,her
273,f04-007-01-04,head
273,f04-007-01-05,was
273,f04-007-01-06,smashed
273,f04-007-01-07,in
273,f04-007-02-00,There
273,f04-007-02-01,were
273,f04-007-02-02,signs
273,f04-007-02-03,of
273,f04-007-02-05,violent
273,f04-007-02-08,blood
273,f04-007-03-00,on
273,f04-007-03-01,the
273,f04-007-03-03,and
273,f04-007-03-04,floor
273,f04-007-03-06,and
273,f04-007-03-07,the
273,f04-007-03-08,remains
273,f04-007-04-00,of
273,f04-007-04-01,her
273,f04-007-04-02,broken
273,f04-007-04-05,But
273,f04-007-04-07,pair
273,f04-007-04-08,of
273,f04-007-04-09,bone
273,f04-007-05-01,found
273,f04-007-05-02,in
273,f04-007-05-03,the
273,f04-007-05-05,seemed
273,f04-007-06-00,to
273,f04-007-06-01,provide
273,f04-007-06-02,the
273,f04-007-06-03,only
273,f04-007-06-05,clue
273,f04-007-06-06,to
273,f04-007-06-07,the
273,f04-007-06-08,killer
154,c03-007e-00-00,In
154,c03-007e-00-02,Taste
154,c03-007e-00-03,of
154,c03-007e-00-04,Honey
154,c03-007e-00-07,has
154,c03-007e-01-00,taken
154,c03-007e-01-02,town
154,c03-007e-01-03,in
154,c03-007e-01-04,the
154,c03-007e-01-06,North
154,c03-007e-01-07,of
154,c03-007e-02-00,England
154,c03-007e-02-01,and
154,c03-007e-02-02,has
154,c03-007e-02-03,made
154,c03-007e-02-04,it
154,c03-007e-02-05,live
154,c03-007e-02-07,The
154,c03-007e-02-08,shabby
154,c03-007e-03-00,streets
154,c03-007e-03-01,and
154,c03-007e-03-02,wet
154,c03-007e-03-05,the
154,c03-007e-03-06,school
154,c03-007e-04-00,grounds
154,c03-007e-04-02,the
154,c03-007e-04-03,public
154,c03-007e-04-05,and
154,c03-007e-04-06,the
154,c03-007e-05-00,rubbish
154,c03-007e-05-01,strewn
154,c03-007e-05-02,canals
154,c03-007e-05-04,even
154,c03-007e-05-05,the
154,c03-007e-05-06,worn
154,c03-007e-06-01,in
154,c03-007e-06-02,the
154,c03-007e-06-06,sacred
154,c03-007e-06-07,to
154,c03-007e-07-00,the
154,c03-007e-07-01,memory
154,c03-007e-07-02,of
154,c03-007e-07-05,are
154,c03-007e-07-06,seen
154,c03-007e-07-07,as
154,c03-007e-07-08,an
154,c03-007e-08-00,part
154,c03-007e-08-01,of
154,c03-007e-08-02,the
154,c03-007e-08-03,story
11,a01-038x-00-01,Macleod
11,a01-038x-00-02,thought
11,a01-038x-00-03,the
11,a01-038x-00-04,two
11,a01-038x-00-06,parties
11,a01-038x-01-00,had
11,a01-038x-01-01,refused
11,a01-038x-01-02,to
11,a01-038x-01-03,attend
11,a01-038x-01-04,the
11,a01-038x-01-05,talks
11,a01-038x-01-06,because
11,a01-038x-01-07,Sir
11,a01-038x-01-08,Roy
11,a01-038x-02-00,had
11,a01-038x-02-01,found
11,a01-038x-02-03,sent
11,a01-038x-02-04,from
11,a01-038x-02-05,the
11,a01-038x-02-07,were
11,a01-038x-03-04,African
11,a01-038x-03-06,to
11,a01-038x-03-07,the
11,a01-038x-03-08,talks
11,a01-038x-04-00,called
11,a01-038x-04-01,on
11,a01-038x-04-04,to
11,a01-038x-04-05,cease
11,a01-038x-04-06,his
11,a01-038x-04-08,with
11,a01-038x-05-00,Sir
11,a01-038x-05-05,Julius
11,a01-038x-05-08,He
11,a01-038x-05-09,was
11,a01-038x-06-00,at
11,a01-038x-06-02,last
11,a01-038x-06-05,They
11,a01-038x-06-06,said
11,a01-038x-06-07,they
11,a01-038x-07-00,with
11,a01-038x-07-02,growing
11,a01-038x-07-03,anger
11,a01-038x-07-05,the
11,a01-038x-07-06,gross
11,a01-038x-07-07,and
11,a01-038x-08-01,by
11,a01-038x-08-02,Sir
11,a01-038x-08-04,Federal
11,a01-038x-08-06,in
11,a01-038x-08-07,the
11,a01-038x-08-08,talks
108,b04-047-00-00,He
108,b04-047-00-01,says
108,b04-047-00-02,that
108,b04-047-00-03,the
108,b04-047-00-04,Scots
108,b04-047-00-05,are
108,b04-047-00-07,who
108,b04-047-00-08,have
108,b04-047-00-09,no
108,b04-047-00-11,to
108,b04-047-01-00,be
108,b04-047-01-01,in
108,b04-047-01-02,England
108,b04-047-01-04,The
108,b04-047-01-05,first
108,b04-047-01-06,ruler
108,b04-047-01-07,of
108,b04-047-01-08,the
108,b04-047-01-09,United
108,b04-047-01-10,Kingdom
108,b04-047-01-11,was
108,b04-047-02-00,Scot
108,b04-047-02-02,The
108,b04-047-02-03,Lord
108,b04-047-02-05,is
108,b04-047-02-07,Scot
108,b04-047-02-09,The
108,b04-047-02-10,Prime
108,b04-047-02-12,is
108,b04-047-03-00,Scot
108,b04-047-03-02,and
108,b04-047-03-03,so
108,b04-047-03-04,were
108,b04-047-03-05,four
108,b04-047-03-06,of
108,b04-047-03-07,his
108,b04-047-03-09,this
108,b04-047-03-11,century
108,b04-047-04-00,Let
108,b04-047-04-02,Newton
108,b04-047-04-03,beware
108,b04-047-04-05,By
108,b04-047-04-07,against
108,b04-047-04-09,he
108,b04-047-05-00,may
108,b04-047-05-01,be
108,b04-047-05-02,guilty
108,b04-047-05-03,of
0,a05-108-00-00,This
0,a05-108-00-01,puzzled
0,a05-108-00-02,such
0,a05-108-00-04,of
0,a05-108-01-01,as
0,a05-108-01-02,had
0,a05-108-01-03,failed
0,a05-108-01-04,to
0,a05-108-01-05,detect
0,a05-108-01-06,this
0,a05-108-01-07,cult
0,a05-108-02-00,But
0,a05-108-02-02,Healey
0,a05-108-02-03,had
0,a05-108-02-05,partial
0,a05-108-02-06,and
0,a05-108-03-00,limited
0,a05-108-03-01,success
0,a05-108-03-03,He
0,a05-108-03-04,rallied
0,a05-108-03-05,behind
0,a05-108-03-06,him
0,a05-108-04-00,the
0,a05-108-04-02,opinion
0,a05-108-04-03,so
0,a05-108-04-04,coolly
0,a05-108-04-05,snubbed
0,a05-108-04-06,last
0,a05-108-05-00,night
0,a05-108-05-01,by
0,a05-108-05-02,his
0,a05-108-05-03,leader
0,a05-108-06-02,merited
0,a05-108-06-03,all
0,a05-108-06-04,the
0,a05-108-06-05,mild
0,a05-108-07-00,scorn
0,a05-108-07-01,heaped
0,a05-108-07-02,on
0,a05-108-07-03,it
0,a05-108-07-04,by
151,c03-094b-00-01,William
151,c03-094b-00-02,Lucas
151,c03-094b-00-04,Morris
151,c03-094b-00-06,is
151,c03-094b-00-07,always
151,c03-094b-01-01,pushing
151,c03-094b-01-03,Miss
151,c03-094b-01-04,Sheila
151,c03-094b-01-05,Allen
151,c03-094b-01-06,his
151,c03-094b-02-00,wife
151,c03-094b-02-02,always
151,c03-094b-02-03,palely
151,c03-094b-02-07,James
151,c03-094b-02-08,Maxwell
151,c03-094b-03-00,the
151,c03-094b-03-01,editor
151,c03-094b-03-03,always
151,c03-094b-03-05,abashed
151,c03-094b-03-06,by
151,c03-094b-03-07,the
151,c03-094b-04-00,events
151,c03-094b-04-02,and
151,c03-094b-04-04,Aubrey
151,c03-094b-04-07,the
151,c03-094b-05-00,always
151,c03-094b-05-04,they
151,c03-094b-05-05,were
151,c03-094b-05-06,not
151,c03-094b-05-07,asked
151,c03-094b-06-00,to
151,c03-094b-06-02,from
151,c03-094b-06-03,their
151,c03-094b-06-04,set
151,c03-094b-06-05,moods
151,c03-094b-06-06,but
151,c03-094b-06-07,played
151,c03-094b-07-00,with
151,c03-094b-07-01,proper
151,c03-094b-07-03,and
151,c03-094b-07-05,in
151,c03-094b-07-06,the
151,c03-094b-07-07,case
151,c03-094b-07-08,of
151,c03-094b-08-02,with
151,c03-094b-08-03,lavish
151,c03-094b-08-04,and
151,c03-094b-08-06,gaudy
151,c03-094b-09-00,colour
123,c06-039-00-00,Among
123,c06-039-00-01,other
123,c06-039-00-03,he
123,c06-039-00-04,was
123,c06-039-00-05,banned
123,c06-039-00-06,from
123,c06-039-00-07,New
123,c06-039-01-03,Day
123,c06-039-01-04,parade
123,c06-039-01-05,as
123,c06-039-02-00,person
123,c06-039-02-03,He
123,c06-039-02-04,was
123,c06-039-02-05,in
123,c06-039-02-07,fight
123,c06-039-02-08,after
123,c06-039-02-09,telling
123,c06-039-03-02,during
123,c06-039-03-04,chat
123,c06-039-03-05,about
123,c06-039-04-01,Ireland
123,c06-039-04-02,will
123,c06-039-04-03,put
123,c06-039-04-06,into
123,c06-039-04-07,orbit
123,c06-039-04-09,Israel
123,c06-039-05-00,will
123,c06-039-05-01,put
123,c06-039-05-03,matzo
123,c06-039-05-04,ball
123,c06-039-05-05,into
123,c06-039-05-06,orbit
123,c06-039-05-08,and
123,c06-039-06-00,will
123,c06-039-06-01,put
123,c06-039-06-03,postage
123,c06-039-06-04,stamp
123,c06-039-06-05,into
123,c06-039-06-06,orbit
123,c06-039-06-07,before
123,c06-039-06-08,you
123,c06-039-07-01,put
123,c06-039-07-02,up
123,c06-039-07-04,mouse
213,e01-062-00-00,In
213,e01-062-00-01,the
213,e01-062-00-02,home
213,e01-062-00-04,crochet
213,e01-062-00-05,lace
213,e01-062-00-06,can
213,e01-062-00-07,be
213,e01-062-00-08,used
213,e01-062-00-09,to
213,e01-062-00-10,make
213,e01-062-01-03,and
213,e01-062-01-04,runners
213,e01-062-01-06,and
213,e01-062-01-07,edgings
213,e01-062-02-00,from
213,e01-062-02-01,heavy
213,e01-062-02-02,to
213,e01-062-02-03,fine
213,e01-062-02-04,can
213,e01-062-02-05,fulfil
213,e01-062-02-07,variety
213,e01-062-02-08,of
213,e01-062-03-02,The
213,e01-062-03-03,art
213,e01-062-03-04,of
213,e01-062-03-05,crochet
213,e01-062-03-06,is
213,e01-062-03-07,not
213,e01-062-03-09,and
213,e01-062-04-00,it
213,e01-062-04-01,is
213,e01-062-04-03,quick
213,e01-062-04-04,to
213,e01-062-04-05,work
213,e01-062-04-07,In
213,e01-062-04-08,the
213,e01-062-05-00,pages
213,e01-062-05-01,simple
213,e01-062-05-03,and
213,e01-062-05-05,are
213,e01-062-05-06,given
213,e01-062-06-00,to
213,e01-062-06-01,enable
213,e01-062-06-02,the
213,e01-062-06-04,to
213,e01-062-06-05,master
213,e01-062-06-06,all
213,e01-062-06-07,the
213,e01-062-07-00,crochet
0,a01-014u-00-00,Sir
0,a01-014u-00-02,United
0,a01-014u-00-03,Federal
0,a01-014u-00-04,Party
0,a01-014u-00-05,is
0,a01-014u-01-01,the
0,a01-014u-01-02,London
0,a01-014u-01-03,talks
0,a01-014u-01-04,on
0,a01-014u-01-05,the
0,a01-014u-02-01,future
0,a01-014u-02-03,Said
0,a01-014u-03-00,last
0,a01-014u-03-01,night
0,a01-014u-03-04,We
0,a01-014u-03-05,want
0,a01-014u-03-06,to
0,a01-014u-03-07,discuss
0,a01-014u-03-08,what
0,a01-014u-03-09,to
0,a01-014u-04-00,do
0,a01-014u-04-01,if
0,a01-014u-04-02,the
0,a01-014u-04-03,British
0,a01-014u-05-01,Sir
0,a01-014u-05-03,chief
0,a01-014u-05-04,aide
0,a01-014u-06-00,Julius
0,a01-014u-06-04,his
0,a01-014u-06-05,chief
0,a01-014u-07-01,report
0,a01-014u-07-02,on
0,a01-014u-07-03,his
0,a01-014u-07-04,talks
0,a01-014u-07-05,with
0,a01-014u-08-00,at
213,e01-050-00-00,During
213,e01-050-00-01,the
213,e01-050-00-03,century
213,e01-050-01-00,amount
213,e01-050-01-01,of
213,e01-050-01-02,crochet
213,e01-050-01-03,was
213,e01-050-01-05,in
213,e01-050-01-06,the
213,e01-050-02-01,of
213,e01-050-02-02,Europe
213,e01-050-02-04,Without
213,e01-050-02-05,doubt
213,e01-050-02-06,it
213,e01-050-02-07,was
213,e01-050-02-08,the
213,e01-050-03-00,nuns
213,e01-050-03-01,who
213,e01-050-03-02,carried
213,e01-050-03-03,the
213,e01-050-03-04,craft
213,e01-050-03-05,to
213,e01-050-03-06,Ireland
213,e01-050-03-08,There
213,e01-050-03-09,it
213,e01-050-04-00,was
213,e01-050-04-02,into
213,e01-050-04-03,quite
213,e01-050-04-04,an
213,e01-050-04-06,and
213,e01-050-05-00,form
213,e01-050-05-01,with
213,e01-050-05-04,leaves
213,e01-050-05-05,and
213,e01-050-05-06,lace
213,e01-050-05-09,During
213,e01-050-06-00,the
213,e01-050-06-01,time
213,e01-050-06-02,of
213,e01-050-06-04,this
213,e01-050-06-05,gentle
213,e01-050-06-06,craft
213,e01-050-06-07,was
213,e01-050-07-00,greatly
213,e01-050-07-01,abused
114,b04-208-00-00,At
114,b04-208-00-01,the
114,b04-208-00-03,of
114,b04-208-00-04,this
114,b04-208-00-06,century
114,b04-208-00-07,many
114,b04-208-01-00,people
114,b04-208-01-02,that
114,b04-208-01-03,there
114,b04-208-01-04,were
114,b04-208-01-05,no
114,b04-208-01-06,more
114,b04-208-01-07,worlds
114,b04-208-01-08,to
114,b04-208-02-00,conquer
273,g04-014-00-00,There
273,g04-014-00-01,was
273,g04-014-00-04,shocked
273,g04-014-00-06,in
273,g04-014-01-00,some
273,g04-014-01-03,until
273,g04-014-01-06,that
273,g04-014-01-07,my
273,g04-014-01-08,church
273,g04-014-02-00,was
273,g04-014-02-02,feet
273,g04-014-02-03,high
273,g04-014-02-04,above
273,g04-014-02-05,the
273,g04-014-02-06,sea
273,g04-014-02-07,level
273,g04-014-02-09,The
273,g04-014-03-00,work
273,g04-014-03-01,was
273,g04-014-03-02,growing
273,g04-014-03-03,pretty
273,g04-014-03-04,heavy
273,g04-014-03-06,and
273,g04-014-03-07,we
273,g04-014-03-08,managed
273,g04-014-04-00,to
273,g04-014-04-01,get
273,g04-014-04-04,layman
273,g04-014-04-05,who
273,g04-014-04-06,could
273,g04-014-04-07,help
273,g04-014-05-00,among
273,g04-014-05-01,the
273,g04-014-05-03,and
273,g04-014-05-04,young
273,g04-014-05-05,people
239,h04-000-00-02,average
239,h04-000-00-03,net
239,h04-000-00-04,family
239,h04-000-00-05,income
239,h04-000-01-00,was
239,h04-000-01-02,higher
239,h04-000-01-03,in
239,h04-000-01-05,with
239,h04-000-02-00,several
239,h04-000-02-02,than
239,h04-000-02-03,in
239,h04-000-02-04,those
239,h04-000-02-05,with
239,h04-000-02-06,only
239,h04-000-03-00,many
239,h04-000-03-01,of
239,h04-000-03-02,which
239,h04-000-03-03,were
239,h04-000-04-00,of
239,h04-000-04-01,younger
239,h04-000-04-02,parents
239,h04-000-04-03,with
239,h04-000-04-04,lower
239,h04-000-05-00,and
239,h04-000-05-01,of
239,h04-000-05-02,course
239,h04-000-05-03,with
239,h04-000-05-04,lower
239,h04-000-05-05,tax
239,h04-000-05-06,reliefs
239,h04-000-05-07,and
239,h04-000-06-00,no
239,h04-000-06-01,family
239,h04-000-06-04,The
239,h04-000-06-05,rise
239,h04-000-06-06,in
239,h04-000-06-07,net
239,h04-000-06-08,family
239,h04-000-07-00,incomes
239,h04-000-07-01,between
239,h04-000-07-03,and
239,h04-000-07-05,was
239,h04-000-08-00,est
239,h04-000-08-01,for
239,h04-000-08-03,couples
239,h04-000-08-06,older
239,h04-000-09-00,couples
239,h04-000-09-03,because
239,h04-000-09-04,of
239,h04-000-09-05,the
635,p06-242-00-00,Philip
635,p06-242-00-04,It
635,p06-242-00-05,was
635,p06-242-00-06,never
635,p06-242-00-07,our
635,p06-242-01-00,to
635,p06-242-01-01,have
635,p06-242-01-02,one
635,p06-242-01-03,of
635,p06-242-01-04,those
635,p06-242-01-06,affairs
635,p06-242-01-09,he
635,p06-242-02-01,and
635,p06-242-02-02,in
635,p06-242-02-03,that
635,p06-242-02-04,second
635,p06-242-02-06,he
635,p06-242-02-07,became
635,p06-242-02-08,the
635,p06-242-02-09,man
635,p06-242-02-10,of
635,p06-242-03-00,success
635,p06-242-03-04,Sandra
635,p06-242-03-05,watched
635,p06-242-03-06,her
635,p06-242-04-00,face
635,p06-242-04-01,pale
635,p06-242-04-03,Philip
635,p06-242-04-05,she
635,p06-242-04-06,knew
635,p06-242-04-08,got
635,p06-242-04-09,on
635,p06-242-04-10,his
635,p06-242-04-11,nerves
635,p06-242-04-13,but
635,p06-242-05-01,had
635,p06-242-05-02,gone
635,p06-242-05-03,over
635,p06-242-05-04,her
635,p06-242-05-05,head
635,p06-242-05-07,It
635,p06-242-05-09,really
635,p06-242-06-00,matter
635,p06-242-06-01,what
635,p06-242-06-02,was
635,p06-242-06-03,being
635,p06-242-06-04,said
635,p06-242-06-05,because
635,p06-242-06-06,she
635,p06-242-06-07,was
635,p06-242-07-00,no
635,p06-242-07-01,longer
635,p06-242-07-03,part
635,p06-242-07-04,of
635,p06-242-07-05,it
641,r02-038-00-01,It
641,r02-038-00-03,not
641,r02-038-00-04,mine
641,r02-038-00-08,sitting
641,r02-038-00-09,there
641,r02-038-00-12,She
641,r02-038-00-13,blinked
641,r02-038-01-01,at
641,r02-038-01-02,him
641,r02-038-01-03,and
641,r02-038-01-04,stepped
641,r02-038-01-05,out
641,r02-038-02-00,It
641,r02-038-02-01,was
641,r02-038-02-03,new
641,r02-038-02-06,and
641,r02-038-02-07,as
641,r02-038-02-08,the
641,r02-038-02-09,train
641,r02-038-02-10,jogged
641,r02-038-02-11,along
641,r02-038-03-00,the
641,r02-038-03-01,shiny
641,r02-038-03-02,clasp
641,r02-038-03-05,at
641,r02-038-03-06,Cecil
641,r02-038-04-00,He
641,r02-038-04-02,what
641,r02-038-04-03,it
641,r02-038-04-07,the
641,r02-038-04-08,remains
641,r02-038-05-00,of
641,r02-038-05-02,lunch
641,r02-038-05-03,or
641,r02-038-05-05,few
641,r02-038-05-06,secret
641,r02-038-05-07,files
641,r02-038-06-00,He
641,r02-038-06-01,smiled
641,r02-038-06-02,at
641,r02-038-06-03,his
641,r02-038-06-04,own
641,r02-038-06-05,joke
0,a05-104-00-01,Healey
0,a05-104-00-03,the
0,a05-104-00-05,for
0,a05-104-01-00,using
0,a05-104-01-01,double
0,a05-104-01-05,had
0,a05-104-02-00,rebuked
0,a05-104-02-01,the
0,a05-104-02-03,nations
0,a05-104-02-04,for
0,a05-104-02-05,not
0,a05-104-03-01,the
0,a05-104-03-02,new
0,a05-104-03-03,Russian
0,a05-104-03-04,tests
0,a05-104-03-06,but
0,a05-104-04-00,they
0,a05-104-04-02,had
0,a05-104-04-03,no
0,a05-104-04-05,for
0,a05-104-05-00,events
0,a05-104-05-01,in
0,a05-104-05-02,Angola
0,a05-104-05-03,or
0,a05-104-05-04,Algeria
0,a05-104-05-06,It
0,a05-104-05-07,was
0,a05-104-05-08,not
0,a05-104-05-09,for
0,a05-104-06-00,the
0,a05-104-06-03,said
0,a05-104-06-05,Healey
0,a05-104-06-07,to
0,a05-104-07-00,take
0,a05-104-07-01,up
0,a05-104-07-02,moral
0,a05-104-07-07,when
0,a05-104-08-00,the
0,a05-104-08-01,temple
0,a05-104-08-02,of
0,a05-104-08-03,their
0,a05-104-08-05,is
0,a05-104-08-06,the
332,g06-018a-00-00,When
332,g06-018a-00-01,the
332,g06-018a-00-02,sailing
332,g06-018a-00-03,season
332,g06-018a-00-04,was
332,g06-018a-00-05,past
332,g06-018a-00-07,he
332,g06-018a-00-08,sent
332,g06-018a-00-09,Pearl
332,g06-018a-01-00,back
332,g06-018a-01-01,to
332,g06-018a-01-02,England
332,g06-018a-01-04,and
332,g06-018a-01-06,to
332,g06-018a-01-07,Rome
332,g06-018a-01-08,for
332,g06-018a-01-09,the
332,g06-018a-02-00,winter
332,g06-018a-02-02,In
332,g06-018a-02-03,late
332,g06-018a-02-06,he
332,g06-018a-02-07,was
332,g06-018a-02-10,as
332,g06-018a-03-00,usual
332,g06-018a-03-03,but
332,g06-018a-03-04,hoped
332,g06-018a-03-06,he
332,g06-018a-03-07,told
332,g06-018a-03-08,Arthur
332,g06-018a-03-11,to
332,g06-018a-03-12,find
332,g06-018a-04-00,this
332,g06-018a-04-01,place
332,g06-018a-04-02,agree
332,g06-018a-04-03,with
332,g06-018a-04-04,me
332,g06-018a-04-05,better
332,g06-018a-04-06,than
332,g06-018a-04-07,Naples
332,g06-018a-05-00,The
332,g06-018a-05-01,journey
332,g06-018a-05-02,has
332,g06-018a-05-03,been
332,g06-018a-05-04,against
332,g06-018a-05-05,me
332,g06-018a-05-07,as
332,g06-018a-05-08,there
332,g06-018a-05-09,has
332,g06-018a-06-00,been
332,g06-018a-06-01,much
332,g06-018a-06-02,rain
332,g06-018a-06-03,and
332,g06-018a-06-04,damp
332,g06-018a-06-06,but
332,g06-018a-06-07,the
332,g06-018a-07-00,is
332,g06-018a-07-01,high
332,g06-018a-07-04,have
332,g06-018a-07-05,not
332,g06-018a-07-06,yet
332,g06-018a-07-07,thought
332,g06-018a-07-08,of
332,g06-018a-07-10,fire
343,g06-026l-00-02,life
343,g06-026l-00-03,truly
343,g06-026l-00-06,It
343,g06-026l-00-07,so
343,g06-026l-00-08,happens
343,g06-026l-00-09,that
343,g06-026l-00-11,have
343,g06-026l-00-12,an
343,g06-026l-01-00,Italian
343,g06-026l-01-01,who
343,g06-026l-01-02,is
343,g06-026l-01-03,perhaps
343,g06-026l-01-04,the
343,g06-026l-01-05,best
343,g06-026l-01-06,Valet
343,g06-026l-01-07,de
343,g06-026l-01-08,Chambre
343,g06-026l-01-09,that
343,g06-026l-02-00,ever
343,g06-026l-02-01,was
343,g06-026l-02-03,But
343,g06-026l-02-04,he
343,g06-026l-02-05,has
343,g06-026l-02-06,not
343,g06-026l-02-07,one
343,g06-026l-02-08,word
343,g06-026l-02-09,of
343,g06-026l-02-10,English
343,g06-026l-03-00,While
343,g06-026l-03-01,he
343,g06-026l-03-02,was
343,g06-026l-03-03,writing
343,g06-026l-03-04,this
343,g06-026l-03-05,letter
343,g06-026l-03-06,he
343,g06-026l-03-07,heard
343,g06-026l-03-08,of
343,g06-026l-03-09,the
343,g06-026l-03-10,fall
343,g06-026l-03-11,of
343,g06-026l-03-12,the
343,g06-026l-04-00,Whigs
343,g06-026l-04-02,and
343,g06-026l-04-03,the
343,g06-026l-04-06,of
343,g06-026l-04-07,the
343,g06-026l-05-00,by
343,g06-026l-05-01,the
343,g06-026l-05-02,Duke
343,g06-026l-05-03,of
107,b04-020-00-01,of
107,b04-020-00-02,meat
107,b04-020-00-03,and
107,b04-020-00-04,dairy
107,b04-020-00-05,produce
107,b04-020-00-06,were
107,b04-020-01-01,higher
107,b04-020-01-02,last
107,b04-020-01-03,year
107,b04-020-01-04,than
107,b04-020-01-05,in
107,b04-020-02-00,Lucky
107,b04-020-02-02,lucky
107,b04-020-02-05,To
107,b04-020-02-06,have
107,b04-020-02-07,such
107,b04-020-03-01,variety
107,b04-020-03-02,of
107,b04-020-03-03,goods
107,b04-020-03-04,to
107,b04-020-03-05,choose
107,b04-020-03-06,from
107,b04-020-04-00,Not
107,b04-020-04-01,so
107,b04-020-04-02,long
107,b04-020-04-03,ago
107,b04-020-04-04,older
107,b04-020-04-05,folk
107,b04-020-04-06,were
107,b04-020-05-00,young
107,b04-020-05-01,wives
107,b04-020-05-05,by
107,b04-020-06-02,of
107,b04-020-06-03,the
107,b04-020-06-04,good
107,b04-020-06-05,old
107,b04-020-06-06,days
107,b04-020-06-07,of
107,b04-020-07-02,Now
107,b04-020-07-03,it
107,b04-020-07-04,is
107,b04-020-07-05,mother
107,b04-020-07-06,who
107,b04-020-08-00,picks
107,b04-020-08-01,up
107,b04-020-08-02,recipes
107,b04-020-08-03,from
107,b04-020-08-05,her
130,b06-079-00-00,It
130,b06-079-00-01,is
130,b06-079-00-03,for
130,b06-079-00-05,new
130,b06-079-00-06,Defence
130,b06-079-01-00,ment
130,b06-079-01-01,to
130,b06-079-01-02,unite
130,b06-079-01-03,the
130,b06-079-01-05,as
130,b06-079-01-06,the
130,b06-079-01-07,Labour
130,b06-079-02-00,leaders
130,b06-079-02-01,are
130,b06-079-02-02,not
130,b06-079-02-03,only
130,b06-079-02-04,in
130,b06-079-02-05,favour
130,b06-079-02-06,of
130,b06-079-03-00,bases
130,b06-079-03-02,but
130,b06-079-03-03,are
130,b06-079-03-04,in
130,b06-079-03-05,favour
130,b06-079-03-06,of
130,b06-079-03-07,German
130,b06-079-03-08,bases
130,b06-079-03-09,and
130,b06-079-04-00,troops
130,b06-079-04-01,being
130,b06-079-04-02,trained
130,b06-079-04-03,on
130,b06-079-04-04,British
130,b06-079-04-05,soil
130,b06-079-04-07,The
130,b06-079-04-08,new
130,b06-079-05-00,Defence
130,b06-079-05-03,while
130,b06-079-05-05,that
130,b06-079-05-06,Britain
130,b06-079-06-00,not
130,b06-079-06-01,remain
130,b06-079-06-02,an
130,b06-079-06-04,nuclear
130,b06-079-06-05,Power
130,b06-079-06-07,now
130,b06-079-07-01,the
130,b06-079-07-02,policy
130,b06-079-07-03,of
130,b06-079-07-05,on
130,b06-079-08-00,nuclear
130,b06-079-08-01,weapons
130,b06-079-08-02,and
130,b06-079-08-03,the
130,b06-079-08-06,placing
130,b06-079-09-00,Britain
130,b06-079-09-01,in
130,b06-079-09-02,an
130,b06-079-09-03,even
130,b06-079-09-04,more
150,c03-021a-00-00,In
150,c03-021a-00-01,Fanny
150,c03-021a-00-02,the
150,c03-021a-00-04,girl
150,c03-021a-00-05,is
150,c03-021a-00-07,by
150,c03-021a-01-00,an
150,c03-021a-01-01,old
150,c03-021a-01-02,man
150,c03-021a-01-04,Here
150,c03-021a-01-05,it
150,c03-021a-01-06,is
150,c03-021a-01-08,young
150,c03-021a-02-01,from
150,c03-021a-02-02,women
150,c03-021a-02-03,but
150,c03-021a-02-04,yet
150,c03-021a-02-05,moved
150,c03-021a-02-06,by
150,c03-021a-03-00,strong
150,c03-021a-03-03,to
150,c03-021a-03-04,the
150,c03-021a-03-05,unborn
150,c03-021a-03-06,child
150,c03-021a-04-00,as
150,c03-021a-04-01,much
150,c03-021a-04-02,as
150,c03-021a-04-03,to
150,c03-021a-04-04,the
150,c03-021a-04-06,mother
150,c03-021a-04-08,who
150,c03-021a-04-09,acts
150,c03-021a-05-00,as
150,c03-021a-05-03,and
150,c03-021a-05-05,to
150,c03-021a-05-06,her
150,c03-021a-05-07,in
150,c03-021a-05-08,her
150,c03-021a-06-00,hour
150,c03-021a-06-01,of
150,c03-021a-06-02,need
150,c03-021a-06-04,He
150,c03-021a-06-05,shares
150,c03-021a-06-06,her
150,c03-021a-06-07,room
150,c03-021a-06-08,and
150,c03-021a-06-09,gives
150,c03-021a-07-00,her
150,c03-021a-07-01,his
150,c03-021a-07-02,forlorn
150,c03-021a-07-03,gift
150,c03-021a-07-04,of
150,c03-021a-07-06,and
150,c03-021a-08-00,pathy
150,c03-021a-08-03,you
150,c03-021a-08-04,need
150,c03-021a-08-05,someone
150,c03-021a-08-06,to
150,c03-021a-08-07,love
150,c03-021a-08-08,you
150,c03-021a-08-09,while
150,c03-021a-09-00,you
150,c03-021a-09-01,are
150,c03-021a-09-02,looking
150,c03-021a-09-03,for
150,c03-021a-09-04,someone
150,c03-021a-09-05,to
150,c03-021a-09-06,love
26,a02-090-00-01,It
26,a02-090-00-02,is
26,a02-090-00-03,true
26,a02-090-00-04,he
26,a02-090-00-05,made
26,a02-090-00-07,point
26,a02-090-00-08,of
26,a02-090-00-09,again
26,a02-090-00-10,being
26,a02-090-00-11,absent
26,a02-090-01-00,from
26,a02-090-01-03,when
26,a02-090-01-04,his
26,a02-090-01-06,have
26,a02-090-02-01,in
26,a02-090-02-02,such
26,a02-090-02-06,But
26,a02-090-02-07,Sir
26,a02-090-02-08,Roy
26,a02-090-02-09,pointed
26,a02-090-02-10,out
26,a02-090-03-00,that
26,a02-090-03-02,few
26,a02-090-03-03,months
26,a02-090-03-04,ago
26,a02-090-03-06,Kaunda
26,a02-090-03-07,said
26,a02-090-03-08,that
26,a02-090-04-00,if
26,a02-090-04-01,UNIP
26,a02-090-04-02,did
26,a02-090-04-03,not
26,a02-090-04-04,get
26,a02-090-04-05,its
26,a02-090-04-06,way
26,a02-090-04-07,what
26,a02-090-04-08,would
26,a02-090-04-09,happen
26,a02-090-05-00,would
26,a02-090-05-01,make
26,a02-090-05-02,the
26,a02-090-05-03,Mau
26,a02-090-05-04,Mau
26,a02-090-05-05,in
26,a02-090-05-06,Kenya
26,a02-090-05-08,seem
26,a02-090-05-09,like
26,a02-090-06-01,picnic
238,e04-079-00-00,Cut
238,e04-079-00-01,the
238,e04-079-00-02,moulds
238,e04-079-00-03,and
238,e04-079-00-04,the
238,e04-079-01-01,to
238,e04-079-01-02,shape
238,e04-079-01-03,as
238,e04-079-01-04,in
238,e04-079-01-05,the
238,e04-079-02-03,If
238,e04-079-02-04,you
238,e04-079-02-05,have
238,e04-079-03-01,wooden
238,e04-079-03-02,floor
238,e04-079-03-03,you
238,e04-079-03-04,can
238,e04-079-03-05,use
238,e04-079-04-03,frames
238,e04-079-04-05,to
238,e04-079-04-06,the
238,e04-079-04-07,floor
238,e04-079-05-00,if
238,e04-079-05-01,not
238,e04-079-05-03,use
238,e04-079-05-05,strong
238,e04-079-06-00,frame
238,e04-079-06-01,that
238,e04-079-06-02,will
238,e04-079-06-03,sit
238,e04-079-06-04,firmly
238,e04-079-06-05,on
238,e04-079-07-00,the
238,e04-079-07-01,ground
238,e04-079-07-02,or
238,e04-079-07-04,floor
238,e04-079-08-00,use
238,e04-079-08-02,heavy
238,e04-079-08-03,old
238,e04-079-08-04,base
238,e04-079-08-05,as
238,e04-079-08-06,in
8,a01-014x-00-00,Sir
8,a01-014x-00-02,United
8,a01-014x-00-03,Federal
8,a01-014x-00-04,Party
8,a01-014x-00-05,is
8,a01-014x-01-00,the
8,a01-014x-01-01,London
8,a01-014x-01-02,talks
8,a01-014x-01-03,on
8,a01-014x-01-04,the
8,a01-014x-02-00,future
8,a01-014x-02-02,Said
8,a01-014x-02-05,last
8,a01-014x-02-06,night
8,a01-014x-03-01,We
8,a01-014x-03-02,want
8,a01-014x-03-03,to
8,a01-014x-03-04,discuss
8,a01-014x-03-05,what
8,a01-014x-03-06,to
8,a01-014x-03-07,do
8,a01-014x-03-08,if
8,a01-014x-03-09,the
8,a01-014x-04-00,British
8,a01-014x-04-02,gives
8,a01-014x-04-03,in
8,a01-014x-04-04,to
8,a01-014x-04-05,Sir
8,a01-014x-04-06,Roy
8,a01-014x-05-00,and
8,a01-014x-05-01,the
8,a01-014x-05-02,talks
8,a01-014x-05-03,fall
8,a01-014x-05-04,through
8,a01-014x-05-06,There
8,a01-014x-05-07,are
8,a01-014x-05-08,bound
8,a01-014x-06-00,to
8,a01-014x-06-01,be
8,a01-014x-06-06,Sir
8,a01-014x-07-00,chief
8,a01-014x-07-01,aide
8,a01-014x-07-04,Julius
8,a01-014x-08-00,his
8,a01-014x-08-01,chief
8,a01-014x-08-03,report
8,a01-014x-08-04,on
8,a01-014x-08-05,his
8,a01-014x-08-06,talks
8,a01-014x-08-07,with
8,a01-014x-09-01,at
130,c06-000-00-00,IT
130,c06-000-00-01,is
130,c06-000-00-03,on
130,c06-000-00-05,Dublin
130,c06-000-00-06,Sunday
130,c06-000-00-08,The
130,c06-000-00-09,streets
130,c06-000-01-00,are
130,c06-000-01-02,sunny
130,c06-000-01-03,and
130,c06-000-01-04,still
130,c06-000-01-06,for
130,c06-000-01-07,the
130,c06-000-01-08,town
130,c06-000-02-00,is
130,c06-000-02-01,at
130,c06-000-02-02,Mass
130,c06-000-02-04,Most
130,c06-000-02-05,of
130,c06-000-02-06,it
130,c06-000-02-08,In
130,c06-000-02-09,the
130,c06-000-02-10,front
130,c06-000-02-11,room
130,c06-000-02-12,of
130,c06-000-03-01,house
130,c06-000-03-02,in
130,c06-000-03-04,is
130,c06-000-03-07,who
130,c06-000-04-00,never
130,c06-000-04-02,got
130,c06-000-04-03,to
130,c06-000-04-04,church
130,c06-000-04-06,but
130,c06-000-04-07,who
130,c06-000-04-08,are
130,c06-000-05-01,with
130,c06-000-05-03,around
130,c06-000-05-04,Brendan
130,c06-000-05-05,Behan
130,c06-000-06-00,and
130,c06-000-06-02,brandy
130,c06-000-06-03,bottle
341,g06-026j-00-02,life
341,g06-026j-00-03,truly
341,g06-026j-00-06,It
341,g06-026j-00-07,so
341,g06-026j-00-08,happens
341,g06-026j-00-09,that
341,g06-026j-01-01,have
341,g06-026j-01-02,an
341,g06-026j-01-03,Italian
341,g06-026j-01-04,who
341,g06-026j-01-05,is
341,g06-026j-01-06,perhaps
341,g06-026j-01-07,the
341,g06-026j-01-08,best
341,g06-026j-02-00,Valet
341,g06-026j-02-01,de
341,g06-026j-02-02,Chambre
341,g06-026j-02-03,that
341,g06-026j-02-04,ever
341,g06-026j-02-05,was
341,g06-026j-02-07,But
341,g06-026j-02-08,he
341,g06-026j-03-00,has
341,g06-026j-03-01,not
341,g06-026j-03-02,one
341,g06-026j-03-03,word
341,g06-026j-03-04,of
341,g06-026j-03-05,English
341,g06-026j-03-08,While
341,g06-026j-03-09,he
341,g06-026j-03-10,was
341,g06-026j-04-00,writing
341,g06-026j-04-01,this
341,g06-026j-04-02,letter
341,g06-026j-04-03,he
341,g06-026j-04-04,heard
341,g06-026j-04-05,of
341,g06-026j-04-06,the
341,g06-026j-04-07,fall
341,g06-026j-04-08,of
341,g06-026j-05-00,the
341,g06-026j-05-01,Whigs
341,g06-026j-05-03,and
341,g06-026j-05-04,the
341,g06-026j-05-07,of
341,g06-026j-06-00,the
341,g06-026j-06-02,by
341,g06-026j-06-03,the
341,g06-026j-06-04,Duke
341,g06-026j-06-05,of
51,a03-040-00-00,All
51,a03-040-00-01,four
51,a03-040-00-02,were
51,a03-040-00-06,Last
51,a03-040-01-01,public
51,a03-040-01-02,poll
51,a03-040-01-03,showed
51,a03-040-01-04,that
51,a03-040-01-05,for
51,a03-040-01-06,the
51,a03-040-01-07,first
51,a03-040-01-08,time
51,a03-040-01-09,since
51,a03-040-02-00,the
51,a03-040-02-02,came
51,a03-040-02-03,to
51,a03-040-02-04,power
51,a03-040-02-05,in
51,a03-040-02-07,the
51,a03-040-03-01,were
51,a03-040-03-02,ahead
51,a03-040-03-05,per
51,a03-040-03-06,cent
51,a03-040-03-07,were
51,a03-040-03-08,in
51,a03-040-03-09,favour
51,a03-040-04-00,of
51,a03-040-04-02,The
51,a03-040-04-03,Grits
51,a03-040-04-05,if
51,a03-040-04-07,federal
51,a03-040-04-09,had
51,a03-040-04-10,been
51,a03-040-05-00,held
51,a03-040-05-01,last
51,a03-040-05-02,autumn
51,a03-040-05-05,per
51,a03-040-05-06,cent
51,a03-040-05-07,for
51,a03-040-05-08,the
51,a03-040-06-01,and
51,a03-040-06-03,per
51,a03-040-06-04,cent
51,a03-040-06-05,for
51,a03-040-06-06,the
651,r02-117-00-00,Cecil
651,r02-117-00-01,stepped
651,r02-117-00-02,towards
651,r02-117-00-03,the
651,r02-117-00-04,dining
651,r02-117-00-05,room
651,r02-117-01-00,sure
651,r02-117-01-01,you
651,r02-117-01-02,must
651,r02-117-01-03,be
651,r02-117-01-04,tired
651,r02-117-01-07,his
651,r02-117-01-08,mother
651,r02-117-02-01,You
651,r02-117-02-03,very
651,r02-117-02-06,anyway
651,r02-117-02-12,NOT
651,r02-117-02-13,tired
651,r02-117-03-00,and
651,r02-117-03-03,NOT
651,r02-117-03-08,Very
651,r02-117-03-09,well
651,r02-117-03-10,then
651,r02-117-03-13,His
651,r02-117-04-00,mother
651,r02-117-04-01,nodded
651,r02-117-04-02,with
651,r02-117-04-06,You
651,r02-117-04-08,not
651,r02-117-04-09,tired
651,r02-117-05-00,Nobody
651,r02-117-05-02,tired
651,r02-117-05-04,Now
651,r02-117-05-05,just
651,r02-117-05-06,you
651,r02-117-05-07,run
651,r02-117-05-08,along
651,r02-117-06-01,and
651,r02-117-06-02,wash
651,r02-117-06-03,your
651,r02-117-06-04,hands
651,r02-117-06-05,whilst
651,r02-117-06-07,get
651,r02-117-07-00,dinner
651,r02-117-07-01,ready
339,g06-037h-00-00,God
339,g06-037h-00-01,grant
339,g06-037h-00-03,however
339,g06-037h-00-05,that
339,g06-037h-00-07,may
339,g06-037h-00-08,be
339,g06-037h-00-10,false
339,g06-037h-00-11,prophet
339,g06-037h-01-01,that
339,g06-037h-01-02,all
339,g06-037h-01-03,may
339,g06-037h-01-04,go
339,g06-037h-01-05,well
339,g06-037h-01-07,Sir
339,g06-037h-01-09,Peel
339,g06-037h-01-10,was
339,g06-037h-02-00,here
339,g06-037h-02-05,but
339,g06-037h-02-06,an
339,g06-037h-02-07,express
339,g06-037h-02-08,took
339,g06-037h-02-09,him
339,g06-037h-02-10,off
339,g06-037h-04-00,While
339,g06-037h-04-01,he
339,g06-037h-04-02,was
339,g06-037h-04-03,in
339,g06-037h-04-04,Naples
339,g06-037h-04-05,there
339,g06-037h-04-06,had
339,g06-037h-04-07,opened
339,g06-037h-04-09,new
339,g06-037h-05-00,chapter
339,g06-037h-05-01,in
339,g06-037h-05-02,the
339,g06-037h-05-03,history
339,g06-037h-05-04,of
339,g06-037h-06-00,search
339,g06-037h-06-01,for
339,g06-037h-06-02,an
339,g06-037h-06-05,of
339,g06-037h-06-06,his
339,g06-037h-06-07,painful
339,g06-037h-07-00,malady
339,g06-037h-07-02,
339,g06-037h-07-03,of
339,g06-037h-07-04,the
339,g06-037h-08-01,to
339,g06-037h-08-02,which
339,g06-037h-08-03,he
339,g06-037h-08-04,had
339,g06-037h-08-05,been
339,g06-037h-08-07,ever
339,g06-037h-09-00,since
339,g06-037h-09-01,the
339,g06-037h-09-03,had
339,g06-037h-09-04,first
339,g06-037h-09-05,shown
339,g06-037h-10-00,selves
339,g06-037h-10-02,years
339,g06-037h-10-03,before
339,g06-037h-10-04,had
339,g06-037h-10-05,had
339,g06-037h-10-06,the
339,g06-037h-10-08,effect
236,e04-058-00-00,If
236,e04-058-00-01,you
236,e04-058-00-02,do
236,e04-058-00-03,not
236,e04-058-00-04,have
236,e04-058-00-06,wooden
236,e04-058-00-07,floor
236,e04-058-00-08,on
236,e04-058-00-09,which
236,e04-058-00-10,to
236,e04-058-00-11,anchor
236,e04-058-01-00,the
236,e04-058-01-01,moulds
236,e04-058-01-03,make
236,e04-058-01-05,frame
236,e04-058-01-06,of
236,e04-058-01-07,rough
236,e04-058-01-08,lumber
236,e04-058-01-09,as
236,e04-058-01-10,shown
236,e04-058-01-11,in
236,e04-058-02-03,The
236,e04-058-02-04,main
236,e04-058-02-05,idea
236,e04-058-02-06,is
236,e04-058-02-07,to
236,e04-058-02-08,have
236,e04-058-02-09,the
236,e04-058-02-10,moulds
236,e04-058-02-12,as
236,e04-058-03-00,rigid
236,e04-058-03-01,as
236,e04-058-03-04,for
236,e04-058-03-05,it
236,e04-058-03-06,is
236,e04-058-03-07,on
236,e04-058-03-08,these
236,e04-058-03-09,you
236,e04-058-03-10,will
236,e04-058-03-11,be
236,e04-058-04-00,and
236,e04-058-04-01,shaping
236,e04-058-04-02,your
236,e04-058-04-03,little
236,e04-058-04-04,craft
236,e04-058-04-08,For
236,e04-058-05-02,using
236,e04-058-05-03,Douglas
236,e04-058-05-04,Fir
236,e04-058-05-05,Plywood
236,e04-058-05-06,from
236,e04-058-05-07,British
128,c06-128-00-00,ON
128,c06-128-00-02,March
128,c06-128-00-03,evening
128,c06-128-00-04,in
128,c06-128-00-06,in
128,c06-128-00-07,the
128,c06-128-00-08,New
128,c06-128-01-00,Jersey
128,c06-128-01-01,family
128,c06-128-01-03,the
128,c06-128-02-00,tiptoed
128,c06-128-02-01,into
128,c06-128-02-02,the
128,c06-128-02-04,room
128,c06-128-02-05,to
128,c06-128-02-06,see
128,c06-128-02-07,that
128,c06-128-03-01,Charles
128,c06-128-03-03,was
128,c06-128-04-00,Bending
128,c06-128-04-01,over
128,c06-128-04-02,the
128,c06-128-04-03,cot
128,c06-128-04-05,she
128,c06-128-05-00,that
128,c06-128-05-01,there
128,c06-128-05-02,was
128,c06-128-05-03,no
128,c06-128-05-04,sound
128,c06-128-05-05,of
128,c06-128-06-00,She
128,c06-128-06-01,thrust
128,c06-128-06-02,out
128,c06-128-06-03,her
128,c06-128-06-04,hand
128,c06-128-06-06,and
128,c06-128-06-07,felt
128,c06-128-07-03,FEW
128,c06-128-07-04,minutes
128,c06-128-07-05,later
128,c06-128-07-06,the
128,c06-128-07-07,father
128,c06-128-08-02,loaded
128,c06-128-08-03,rifle
128,c06-128-08-05,told
128,c06-128-08-06,his
128,c06-128-08-07,wife
150,c03-081a-00-02,the
150,c03-081a-00-04,has
150,c03-081a-01-01,error
150,c03-081a-01-02,in
150,c03-081a-01-04,Irene
150,c03-081a-01-05,to
150,c03-081a-01-06,speak
150,c03-081a-02-00,for
150,c03-081a-02-01,herself
150,c03-081a-02-03,we
150,c03-081a-02-04,would
150,c03-081a-02-05,be
150,c03-081a-02-07,clearer
150,c03-081a-03-00,in
150,c03-081a-03-01,our
150,c03-081a-03-02,minds
150,c03-081a-03-03,about
150,c03-081a-03-04,her
150,c03-081a-03-05,if
150,c03-081a-03-06,she
150,c03-081a-04-01,flawed
150,c03-081a-04-02,but
150,c03-081a-04-04,enigma
150,c03-081a-04-06,seen
150,c03-081a-04-07,but
150,c03-081a-04-08,not
150,c03-081a-05-00,heard
150,c03-081a-05-02,However
150,c03-081a-05-04,Miss
150,c03-081a-05-05,Pinkie
150,c03-081a-05-07,makes
150,c03-081a-05-08,her
150,c03-081a-06-00,few
150,c03-081a-06-01,brief
150,c03-081a-06-02,scenes
150,c03-081a-06-05,and
150,c03-081a-07-00,Landen
150,c03-081a-07-02,in
150,c03-081a-07-03,the
150,c03-081a-07-04,longest
150,c03-081a-07-05,and
150,c03-081a-07-06,most
150,c03-081a-07-08,role
150,c03-081a-08-00,that
150,c03-081a-08-01,of
150,c03-081a-08-02,the
150,c03-081a-08-05,gives
150,c03-081a-08-08,of
150,c03-081a-09-00,rare
150,c03-081a-09-02,and
150,c03-081a-09-04,power
333,g06-031b-00-01,What
333,g06-031b-00-04,event
333,g06-031b-00-07,he
333,g06-031b-00-08,wrote
333,g06-031b-00-12,tremble
333,g06-031b-01-00,What
333,g06-031b-01-05,am
333,g06-031b-02-02,but
333,g06-031b-02-04,really
333,g06-031b-02-05,tremble
333,g06-031b-02-06,for
333,g06-031b-02-07,my
333,g06-031b-03-00,country
333,g06-031b-03-03,may
333,g06-031b-03-04,be
333,g06-031b-03-09,cannot
333,g06-031b-04-00,but
333,g06-031b-04-01,fear
333,g06-031b-04-02,that
333,g06-031b-04-03,the
333,g06-031b-04-05,of
333,g06-031b-05-00,the
333,g06-031b-05-01,People
333,g06-031b-05-02,will
333,g06-031b-05-03,be
333,g06-031b-05-04,so
333,g06-031b-05-05,great
333,g06-031b-05-06,at
333,g06-031b-05-07,the
333,g06-031b-06-00,return
333,g06-031b-06-01,of
333,g06-031b-06-04,that
333,g06-031b-06-05,the
333,g06-031b-07-00,Commons
333,g06-031b-07-01,House
333,g06-031b-07-02,upon
333,g06-031b-08-00,which
333,g06-031b-08-01,must
333,g06-031b-08-02,be
333,g06-031b-08-03,had
333,g06-031b-08-05,will
333,g06-031b-08-06,be
333,g06-031b-08-08,mass
333,g06-031b-09-00,of
333,g06-031b-09-04,then
333,g06-031b-09-05,God
333,g06-031b-09-06,knows
333,g06-031b-09-07,what
333,g06-031b-10-00,may
333,g06-031b-10-01,happen
85,a06-157-00-00,This
85,a06-157-00-01,figure
85,a06-157-00-02,has
85,a06-157-00-03,been
85,a06-157-00-05,only
85,a06-157-00-06,on
85,a06-157-00-07,the
85,a06-157-00-08,eve
85,a06-157-00-09,of
85,a06-157-00-10,the
85,a06-157-01-00,East
85,a06-157-01-01,German
85,a06-157-01-03,on
85,a06-157-01-04,July
85,a06-157-01-09,And
85,a06-157-02-00,fear
85,a06-157-02-01,it
85,a06-157-02-02,may
85,a06-157-02-03,be
85,a06-157-02-04,too
85,a06-157-02-05,much
85,a06-157-02-06,for
85,a06-157-02-07,the
85,a06-157-02-09,refugee
85,a06-157-02-10,camps
85,a06-157-03-00,They
85,a06-157-03-01,will
85,a06-157-03-03,and
85,a06-157-03-04,private
85,a06-157-03-05,houses
85,a06-157-03-06,will
85,a06-157-03-07,have
85,a06-157-03-08,to
85,a06-157-03-09,be
85,a06-157-03-10,used
122,b05-088-00-00,Their
122,b05-088-00-01,demands
122,b05-088-00-02,are
122,b05-088-00-04,couched
122,b05-088-00-05,in
122,b05-088-01-05,but
122,b05-088-01-06,in
122,b05-088-01-07,spite
122,b05-088-01-08,of
122,b05-088-01-09,all
122,b05-088-02-00,their
122,b05-088-02-01,bluster
122,b05-088-02-03,they
122,b05-088-02-04,let
122,b05-088-02-05,many
122,b05-088-02-07,big
122,b05-088-02-08,fish
122,b05-088-02-09,through
122,b05-088-02-10,the
122,b05-088-03-00,net
122,b05-088-03-01,while
122,b05-088-03-02,they
122,b05-088-03-03,are
122,b05-088-03-05,the
122,b05-088-03-06,minnows
122,b05-088-03-09,have
122,b05-088-03-10,just
122,b05-088-04-00,heard
122,b05-088-04-02,good
122,b05-088-04-03,example
122,b05-088-04-04,of
122,b05-088-04-05,their
122,b05-088-05-01,young
122,b05-088-05-02,chap
122,b05-088-05-04,know
122,b05-088-05-05,got
122,b05-088-05-06,his
122,b05-088-05-07,first
122,b05-088-05-08,job
122,b05-088-05-09,last
122,b05-088-05-10,week
122,b05-088-05-12,He
122,b05-088-06-00,is
122,b05-088-06-01,paid
122,b05-088-06-02,monthly
122,b05-088-06-03,in
122,b05-088-06-04,arrears
122,b05-088-06-05,and
122,b05-088-06-06,will
122,b05-088-06-07,not
122,b05-088-06-08,get
122,b05-088-07-01,bean
122,b05-088-07-02,for
122,b05-088-07-03,the
122,b05-088-07-04,next
122,b05-088-07-06,days
3,a01-007x-00-00,Since
3,a01-007x-00-04,Labour
3,a01-007x-00-05,life
3,a01-007x-00-06,Peers
3,a01-007x-00-07,and
3,a01-007x-01-01,have
3,a01-007x-01-02,been
3,a01-007x-01-03,created
3,a01-007x-01-05,Most
3,a01-007x-01-06,Labour
3,a01-007x-02-00,would
3,a01-007x-02-01,still
3,a01-007x-02-02,favour
3,a01-007x-02-03,the
3,a01-007x-02-05,of
3,a01-007x-02-06,the
3,a01-007x-02-07,House
3,a01-007x-03-00,of
3,a01-007x-03-01,Lords
3,a01-007x-03-03,but
3,a01-007x-03-04,while
3,a01-007x-03-05,it
3,a01-007x-03-06,remains
3,a01-007x-03-07,Labour
3,a01-007x-03-08,has
3,a01-007x-03-09,to
3,a01-007x-04-00,have
3,a01-007x-04-01,an
3,a01-007x-04-03,number
3,a01-007x-04-04,of
3,a01-007x-04-05,members
3,a01-007x-04-07,THE
3,a01-007x-05-00,two
3,a01-007x-05-01,rival
3,a01-007x-05-02,African
3,a01-007x-05-04,Parties
3,a01-007x-05-05,of
3,a01-007x-06-01,have
3,a01-007x-06-02,agreed
3,a01-007x-06-03,to
3,a01-007x-06-04,get
3,a01-007x-06-06,to
3,a01-007x-06-07,face
3,a01-007x-06-08,the
3,a01-007x-07-01,from
3,a01-007x-07-02,Sir
3,a01-007x-07-03,Roy
3,a01-007x-07-06,the
3,a01-007x-07-07,Federal
3,a01-007x-07-08,Premier
64,a04-103-00-00,The
64,a04-103-00-01,third
64,a04-103-00-02,reason
64,a04-103-00-03,is
64,a04-103-00-04,that
64,a04-103-00-05,the
64,a04-103-00-06,supreme
64,a04-103-01-01,for
64,a04-103-01-02,the
64,a04-103-01-03,whole
64,a04-103-01-04,world
64,a04-103-01-06,East
64,a04-103-01-07,and
64,a04-103-02-00,West
64,a04-103-02-01,and
64,a04-103-02-03,nations
64,a04-103-02-05,is
64,a04-103-02-06,the
64,a04-103-03-01,of
64,a04-103-03-02,nuclear
64,a04-103-03-03,war
64,a04-103-03-07,rapidly
64,a04-103-04-00,growing
64,a04-103-04-01,body
64,a04-103-04-02,of
64,a04-103-04-03,opinion
64,a04-103-04-04,in
64,a04-103-04-05,this
64,a04-103-04-06,country
64,a04-103-05-01,that
64,a04-103-05-02,Britain
64,a04-103-05-03,could
64,a04-103-05-04,be
64,a04-103-05-05,more
64,a04-103-06-00,in
64,a04-103-06-03,nuclear
64,a04-103-06-04,war
64,a04-103-06-05,as
64,a04-103-06-07,neutral
64,a04-103-07-00,by
64,a04-103-07-01,helping
64,a04-103-07-02,to
64,a04-103-07-03,suggest
64,a04-103-07-05,which
64,a04-103-07-06,could
64,a04-103-08-00,be
64,a04-103-08-02,by
64,a04-103-08-03,both
64,a04-103-08-04,East
64,a04-103-08-05,and
64,a04-103-08-06,West
337,g06-026f-00-02,life
337,g06-026f-00-03,truly
337,g06-026f-00-06,It
337,g06-026f-00-07,so
337,g06-026f-00-08,happens
337,g06-026f-00-09,that
337,g06-026f-00-11,have
337,g06-026f-00-12,an
337,g06-026f-00-13,Italian
337,g06-026f-01-00,who
337,g06-026f-01-01,is
337,g06-026f-01-02,perhaps
337,g06-026f-01-03,the
337,g06-026f-01-04,best
337,g06-026f-01-05,Valet
337,g06-026f-01-06,de
337,g06-026f-01-07,Chambre
337,g06-026f-01-08,that
337,g06-026f-01-09,ever
337,g06-026f-01-10,was
337,g06-026f-01-12,But
337,g06-026f-01-13,he
337,g06-026f-02-00,has
337,g06-026f-02-01,not
337,g06-026f-02-02,one
337,g06-026f-02-03,word
337,g06-026f-02-04,of
337,g06-026f-02-05,English
337,g06-026f-02-08,While
337,g06-026f-02-09,he
337,g06-026f-02-10,was
337,g06-026f-02-11,writing
337,g06-026f-02-12,this
337,g06-026f-02-13,letter
337,g06-026f-02-14,he
337,g06-026f-03-00,heard
337,g06-026f-03-01,of
337,g06-026f-03-02,the
337,g06-026f-03-03,fall
337,g06-026f-03-04,of
337,g06-026f-03-05,the
337,g06-026f-03-06,Whigs
337,g06-026f-03-08,and
337,g06-026f-03-09,the
337,g06-026f-04-00,of
337,g06-026f-04-01,the
337,g06-026f-04-03,by
337,g06-026f-04-04,the
337,g06-026f-04-05,Duke
337,g06-026f-04-06,of
229,e02-117-00-00,Many
229,e02-117-00-01,men
229,e02-117-00-02,with
229,e02-117-00-03,only
229,e02-117-00-04,limited
229,e02-117-01-00,have
229,e02-117-01-01,to
229,e02-117-01-02,do
229,e02-117-01-03,their
229,e02-117-01-05,on
229,e02-117-01-06,the
229,e02-117-01-07,kitchen
229,e02-117-01-08,table
229,e02-117-02-01,this
229,e02-117-02-02,is
229,e02-117-02-03,sound
229,e02-117-02-05,some
229,e02-117-02-07,good
229,e02-117-03-00,work
229,e02-117-03-01,can
229,e02-117-03-02,be
229,e02-117-03-03,done
229,e02-117-03-04,on
229,e02-117-03-05,it
229,e02-117-03-07,but
229,e02-117-03-08,the
229,e02-117-03-09,usual
229,e02-117-04-00,are
229,e02-117-04-01,those
229,e02-117-04-02,of
229,e02-117-04-03,the
229,e02-117-04-04,vice
229,e02-117-04-06,the
229,e02-117-04-07,bench
229,e02-117-04-08,stop
229,e02-117-04-10,and
229,e02-117-04-11,storage
229,e02-117-05-00,place
229,e02-117-05-01,for
229,e02-117-05-02,tools
229,e02-117-05-04,The
229,e02-117-05-06,bench
229,e02-117-05-07,top
229,e02-117-05-08,and
229,e02-117-06-00,tool
229,e02-117-06-02,shown
229,e02-117-06-03,here
229,e02-117-06-04,has
229,e02-117-06-05,been
229,e02-117-07-01,and
229,e02-117-07-02,made
229,e02-117-07-03,for
229,e02-117-08-00,readers
229,e02-117-08-01,who
229,e02-117-08-02,have
229,e02-117-08-03,this
344,g06-045m-00-00,In
344,g06-045m-00-01,April
344,g06-045m-00-02,of
344,g06-045m-00-03,that
344,g06-045m-00-04,year
344,g06-045m-00-05,his
344,g06-045m-00-06,first
344,g06-045m-01-02,the
344,g06-045m-01-04,Lord
344,g06-045m-02-00,had
344,g06-045m-02-01,written
344,g06-045m-02-02,to
344,g06-045m-02-03,advise
344,g06-045m-02-05,to
344,g06-045m-02-06,give
344,g06-045m-02-07,the
344,g06-045m-03-00,system
344,g06-045m-03-02,trial
344,g06-045m-03-04,adding
344,g06-045m-03-05,that
344,g06-045m-03-06,it
344,g06-045m-03-07,was
344,g06-045m-03-08,being
344,g06-045m-04-01,with
344,g06-045m-04-03,success
344,g06-045m-04-04,in
344,g06-045m-05-00,France
344,g06-045m-05-01,and
344,g06-045m-05-02,Italy
344,g06-045m-05-04,and
344,g06-045m-05-05,that
344,g06-045m-05-06,he
344,g06-045m-05-07,himself
344,g06-045m-05-08,was
344,g06-045m-06-00,being
344,g06-045m-06-01,treated
344,g06-045m-06-02,under
344,g06-045m-06-04,doctor
344,g06-045m-06-05,who
344,g06-045m-06-06,had
344,g06-045m-07-00,studied
344,g06-045m-07-01,under
344,g06-045m-07-02,its
344,g06-045m-07-03,founder
344,g06-045m-07-05,the
344,g06-045m-07-06,aged
344,g06-045m-08-01,Samuel
344,g06-011m-00-00,By
344,g06-011m-00-01,the
344,g06-011m-00-02,end
344,g06-011m-00-03,of
344,g06-011m-00-04,the
344,g06-011m-00-05,month
344,g06-011m-00-06,he
344,g06-011m-00-07,still
344,g06-011m-00-09,in
344,g06-011m-01-00,Naples
344,g06-011m-01-02,He
344,g06-011m-01-03,told
344,g06-011m-01-05,that
344,g06-011m-01-06,he
344,g06-011m-01-07,enjoyed
344,g06-011m-01-08,it
344,g06-011m-01-09,as
344,g06-011m-02-00,much
344,g06-011m-02-01,as
344,g06-011m-02-02,his
344,g06-011m-02-03,health
344,g06-011m-02-05,him
344,g06-011m-02-06,to
344,g06-011m-02-07,enjoy
344,g06-011m-03-01,The
344,g06-011m-03-02,Pearl
344,g06-011m-03-05,he
344,g06-011m-03-06,wrote
344,g06-011m-03-09,is
344,g06-011m-03-10,arrived
344,g06-011m-03-12,which
344,g06-011m-03-13,is
344,g06-011m-03-15,great
344,g06-011m-04-03,seems
344,g06-011m-04-04,to
344,g06-011m-04-05,be
344,g06-011m-04-06,tired
344,g06-011m-04-08,he
344,g06-011m-04-09,is
344,g06-011m-04-10,going
344,g06-011m-05-00,out
344,g06-011m-05-01,fast
344,g06-011m-05-04,What
344,g06-011m-05-06,gay
344,g06-011m-05-08,lively
344,g06-011m-05-09,people
344,g06-011m-05-11,and
344,g06-011m-05-12,what
344,g06-011m-06-00,busy
344,g06-011m-06-01,town
344,g06-011m-06-03,At
344,g06-011m-06-04,Rome
344,g06-011m-06-06,every
344,g06-011m-06-07,other
344,g06-011m-06-08,man
344,g06-011m-06-09,was
344,g06-011m-07-00,priest
344,g06-011m-07-02,here
344,g06-011m-07-03,the
344,g06-011m-07-04,priest
344,g06-011m-07-05,is
344,g06-011m-07-07,by
344,g06-011m-07-08,the
344,g06-011m-08-00,soldier
344,g06-011m-08-04,change
344,g06-011m-08-05,in
344,g06-011m-08-06,my
344,g06-011m-08-07,eye
344,g06-011m-09-01,as
344,g06-011m-09-02,the
344,g06-011m-09-03,troops
344,g06-011m-09-04,are
344,g06-011m-09-05,very
344,g06-011m-09-06,fine
114,b04-187-00-00,THE
114,b04-187-00-01,Palace
114,b04-187-00-02,cinema
114,b04-187-00-03,at
114,b04-187-00-04,Buckley
114,b04-187-00-06,near
114,b04-187-00-07,Chester
114,b04-187-00-09,will
114,b04-187-00-10,be
114,b04-187-01-01,next
114,b04-187-01-02,week
114,b04-187-01-03,by
114,b04-187-01-04,Barry
114,b04-187-01-06,and
114,b04-187-01-07,Eric
114,b04-187-02-00,Platt
114,b04-187-02-02,both
114,b04-187-02-03,aged
114,b04-187-02-06,Eric
114,b04-187-02-07,says
114,b04-187-02-10,We
114,b04-187-02-11,believe
114,b04-187-02-12,in
114,b04-187-02-13,the
114,b04-187-03-00,cinema
114,b04-187-03-02,And
114,b04-187-03-03,we
114,b04-187-03-04,know
114,b04-187-03-05,what
114,b04-187-03-06,people
114,b04-187-03-07,want
114,b04-187-03-10,The
114,b04-187-04-01,of
114,b04-187-04-03,and
114,b04-187-04-04,shrewd
114,b04-187-05-00,of
114,b04-187-05-01,public
114,b04-187-05-02,taste
114,b04-187-05-03,has
114,b04-187-05-05,many
114,b04-187-05-06,great
114,b04-187-06-02,Barry
114,b04-187-06-03,and
114,b04-187-06-04,Eric
114,b04-187-06-05,have
114,b04-187-06-08,They
114,b04-187-07-00,are
114,b04-187-07-01,backed
114,b04-187-07-02,by
114,b04-187-07-05,film
153,c03-094d-00-01,William
153,c03-094d-00-02,Lucas
153,c03-094d-00-04,Morris
153,c03-094d-00-06,is
153,c03-094d-00-07,always
153,c03-094d-01-01,pushing
153,c03-094d-01-03,Miss
153,c03-094d-01-04,Sheila
153,c03-094d-01-05,Allen
153,c03-094d-02-00,his
153,c03-094d-02-01,wife
153,c03-094d-02-03,always
153,c03-094d-02-04,palely
153,c03-094d-03-00,James
153,c03-094d-03-01,Maxwell
153,c03-094d-03-03,the
153,c03-094d-03-04,editor
153,c03-094d-03-06,always
153,c03-094d-04-00,cally
153,c03-094d-04-01,abashed
153,c03-094d-04-02,by
153,c03-094d-04-03,the
153,c03-094d-04-04,events
153,c03-094d-04-06,and
153,c03-094d-05-00,Aubrey
153,c03-094d-05-03,the
153,c03-094d-05-06,always
153,c03-094d-06-03,they
153,c03-094d-06-04,were
153,c03-094d-06-05,not
153,c03-094d-07-00,asked
153,c03-094d-07-01,to
153,c03-094d-07-03,from
153,c03-094d-07-04,their
153,c03-094d-07-05,set
153,c03-094d-07-06,moods
153,c03-094d-08-00,but
153,c03-094d-08-01,played
153,c03-094d-08-02,with
153,c03-094d-08-03,proper
153,c03-094d-08-05,and
153,c03-094d-09-00,in
153,c03-094d-09-01,the
153,c03-094d-09-02,case
153,c03-094d-09-03,of
153,c03-094d-09-07,with
153,c03-094d-09-08,lavish
153,c03-094d-10-00,and
153,c03-094d-10-02,gaudy
153,c03-094d-10-03,colour
340,g06-031i-00-01,What
340,g06-031i-00-04,event
340,g06-031i-00-07,he
340,g06-031i-00-08,wrote
340,g06-031i-00-12,tremble
340,g06-031i-00-14,What
340,g06-031i-01-04,am
340,g06-031i-01-07,but
340,g06-031i-01-09,really
340,g06-031i-01-10,tremble
340,g06-031i-02-00,for
340,g06-031i-02-01,my
340,g06-031i-02-02,country
340,g06-031i-02-05,may
340,g06-031i-02-06,be
340,g06-031i-02-11,cannot
340,g06-031i-02-12,but
340,g06-031i-03-00,fear
340,g06-031i-03-01,that
340,g06-031i-03-02,the
340,g06-031i-03-04,of
340,g06-031i-03-05,the
340,g06-031i-03-06,People
340,g06-031i-03-07,will
340,g06-031i-03-08,be
340,g06-031i-03-09,so
340,g06-031i-04-00,great
340,g06-031i-04-01,at
340,g06-031i-04-02,the
340,g06-031i-04-03,return
340,g06-031i-04-04,of
340,g06-031i-04-07,that
340,g06-031i-04-08,the
340,g06-031i-04-09,Commons
340,g06-031i-05-00,House
340,g06-031i-05-01,upon
340,g06-031i-05-05,which
340,g06-031i-05-06,must
340,g06-031i-05-07,be
340,g06-031i-05-08,had
340,g06-031i-05-10,will
340,g06-031i-05-11,be
340,g06-031i-06-00,mass
340,g06-031i-06-01,of
340,g06-031i-06-05,then
340,g06-031i-06-06,God
340,g06-031i-06-07,knows
340,g06-031i-06-08,what
340,g06-031i-06-09,may
340,g06-031i-06-10,happen
110,b04-103-00-00,Up
110,b04-103-00-01,and
110,b04-103-00-02,down
110,b04-103-00-03,the
110,b04-103-00-04,country
110,b04-103-00-06,will
110,b04-103-00-07,be
110,b04-103-00-08,saying
110,b04-103-01-00,they
110,b04-103-01-01,would
110,b04-103-01-02,never
110,b04-103-01-03,behave
110,b04-103-01-04,like
110,b04-103-01-05,that
110,b04-103-01-07,But
110,b04-103-01-08,do
110,b04-103-01-09,they
110,b04-103-01-10,ever
110,b04-103-02-00,ponder
110,b04-103-02-01,how
110,b04-103-02-02,their
110,b04-103-02-04,tools
110,b04-103-02-05,are
110,b04-103-03-01,to
110,b04-103-03-02,the
110,b04-103-03-03,shed
110,b04-103-03-05,their
110,b04-103-03-06,books
110,b04-103-03-07,tidied
110,b04-103-03-09,and
110,b04-103-03-10,often
110,b04-103-04-00,even
110,b04-103-04-01,their
110,b04-103-04-02,shoes
110,b04-103-04-03,cleaned
110,b04-103-04-05,How
110,b04-103-04-07,if
110,b04-103-04-08,they
110,b04-103-05-00,showed
110,b04-103-05-01,their
110,b04-103-05-03,this
110,b04-103-05-04,morning
110,b04-103-05-05,with
110,b04-103-06-00,box
110,b04-103-06-01,of
110,b04-103-06-03,or
110,b04-103-06-05,bunch
110,b04-103-06-06,of
110,b04-103-06-07,flowers
127,b06-053-00-00,For
127,b06-053-00-01,we
127,b06-053-00-02,have
127,b06-053-00-03,always
127,b06-053-00-04,felt
127,b06-053-00-06,even
127,b06-053-01-00,if
127,b06-053-01-01,we
127,b06-053-01-02,have
127,b06-053-01-03,then
127,b06-053-01-04,by
127,b06-053-01-05,our
127,b06-053-02-00,ignored
127,b06-053-02-01,it
127,b06-053-02-03,the
127,b06-053-03-00,between
127,b06-053-03-01,support
127,b06-053-03-02,for
127,b06-053-03-03,the
127,b06-053-03-04,war
127,b06-053-04-02,with
127,b06-053-05-01,on
127,b06-053-05-04,and
127,b06-053-05-05,our
127,b06-053-06-00,basic
127,b06-053-06-01,effort
127,b06-053-06-02,to
127,b06-053-06-03,improve
127,b06-053-06-04,living
127,b06-053-07-02,Instead
127,b06-053-07-04,we
127,b06-053-07-05,saw
127,b06-053-07-06,the
127,b06-053-08-01,using
127,b06-053-08-02,the
127,b06-053-09-00,of
127,b06-053-10-01,during
127,b06-053-10-02,their
127,b06-053-10-03,years
129,b06-027-00-00,Last
129,b06-027-00-01,month
129,b06-027-00-02,West
129,b06-027-00-03,Germany
129,b06-027-00-04,was
129,b06-027-01-01,to
129,b06-027-01-02,be
129,b06-027-01-03,halfway
129,b06-027-01-04,toward
129,b06-027-02-00,this
129,b06-027-02-01,target
129,b06-027-02-03,Her
129,b06-027-02-05,as
129,b06-027-03-01,Nato
129,b06-027-03-02,ally
129,b06-027-03-04,grows
129,b06-027-04-00,and
129,b06-027-04-03,Now
129,b06-027-04-04,this
129,b06-027-04-05,target
129,b06-027-04-06,which
129,b06-027-05-00,Herr
129,b06-027-05-01,Strauss
129,b06-027-05-02,and
129,b06-027-05-03,his
129,b06-027-05-04,fellows
129,b06-027-06-00,have
129,b06-027-06-01,their
129,b06-027-06-02,eyes
129,b06-027-06-03,on
129,b06-027-06-04,is
129,b06-027-06-05,control
129,b06-027-06-06,of
129,b06-027-06-07,the
129,b06-027-07-01,to
129,b06-027-07-02,these
129,b06-027-07-03,weapons
129,b06-027-07-05,General
129,b06-027-08-02,the
129,b06-027-08-03,man
129,b06-027-08-04,who
129,b06-027-08-05,caused
129,b06-027-09-01,great
129,b06-027-09-03,last
129,b06-027-09-04,autumn
134,b06-090-00-00,Such
134,b06-090-00-02,policy
134,b06-090-00-03,would
134,b06-090-00-04,unite
134,b06-090-00-05,the
134,b06-090-00-06,whole
134,b06-090-01-00,and
134,b06-090-01-01,lay
134,b06-090-01-02,the
134,b06-090-01-03,basis
134,b06-090-01-04,for
134,b06-090-01-05,the
134,b06-090-01-06,defeat
134,b06-090-01-07,of
134,b06-090-01-08,the
134,b06-090-02-00,present
134,b06-090-02-01,Tory
134,b06-090-02-04,which
134,b06-090-02-05,has
134,b06-090-02-06,become
134,b06-090-03-00,real
134,b06-090-03-01,menace
134,b06-090-03-02,to
134,b06-090-03-03,the
134,b06-090-03-04,British
134,b06-090-03-05,people
134,b06-090-03-06,both
134,b06-090-03-07,in
134,b06-090-04-00,home
134,b06-090-04-01,and
134,b06-090-04-02,foreign
134,b06-090-04-03,policy
134,b06-090-04-05,It
134,b06-090-04-06,is
134,b06-090-04-07,quite
134,b06-090-04-08,evident
134,b06-090-05-00,that
134,b06-090-05-01,the
134,b06-090-05-03,will
134,b06-090-05-04,go
134,b06-090-05-05,on
134,b06-090-05-06,record
134,b06-090-05-07,against
134,b06-090-06-00,the
134,b06-090-06-01,Polaris
134,b06-090-06-02,base
134,b06-090-06-03,and
134,b06-090-06-05,for
134,b06-090-06-06,German
134,b06-090-06-07,bases
134,b06-090-07-00,and
0,a05-053-00-00,He
0,a05-053-00-01,decided
0,a05-053-00-02,that
0,a05-053-00-03,it
0,a05-053-00-04,would
0,a05-053-00-05,be
0,a05-053-00-07,great
0,a05-053-00-08,error
0,a05-053-01-00,to
0,a05-053-01-01,do
0,a05-053-01-02,so
0,a05-053-01-03,and
0,a05-053-01-04,to
0,a05-053-01-05,recall
0,a05-053-01-08,But
0,a05-053-02-00,there
0,a05-053-02-01,would
0,a05-053-02-02,be
0,a05-053-02-03,no
0,a05-053-02-05,in
0,a05-053-03-00,if
0,a05-053-03-02,further
0,a05-053-03-04,in
0,a05-053-03-05,the
0,a05-053-04-01,such
0,a05-053-04-03,step
0,a05-053-04-05,It
0,a05-053-04-06,would
0,a05-053-04-07,have
0,a05-053-04-08,to
0,a05-053-04-09,be
0,a05-053-05-01,by
0,a05-053-05-02,other
0,a05-053-05-04,of
0,a05-053-06-01,and
0,a05-053-06-03,kind
0,a05-053-07-00,who
0,a05-053-07-01,was
0,a05-053-07-02,winding
0,a05-053-07-03,up
0,a05-053-07-04,the
0,a05-053-07-05,foreign
0,a05-053-07-06,affairs
0,a05-053-08-00,debate
0,a05-053-08-02,said
0,a05-053-08-03,the
0,a05-053-08-05,could
0,a05-053-08-06,not
0,a05-053-09-00,be
0,a05-053-09-01,party
0,a05-053-09-02,to
0,a05-053-09-04,as
0,a05-053-09-06,matter
0,a05-053-09-07,of
0,a05-053-10-01,the
0,a05-053-10-02,imposed
0,a05-053-10-04,of
0,a05-053-10-05,Germany
215,e01-092-00-00,Oversew
215,e01-092-00-01,crochet
215,e01-092-00-02,to
215,e01-092-00-03,the
215,e01-092-00-07,word
215,e01-092-01-00,Coats
215,e01-092-01-04,which
215,e01-092-02-00,are
215,e01-092-02-01,of
215,e01-092-02-02,the
215,e01-092-02-03,utmost
215,e01-092-02-05,to
215,e01-092-02-06,the
215,e01-092-02-07,worker
215,e01-092-03-00,It
215,e01-092-03-01,washes
215,e01-092-03-04,never
215,e01-092-03-05,loses
215,e01-092-03-06,its
215,e01-092-03-07,colour
215,e01-092-04-00,nor
215,e01-092-04-01,becomes
215,e01-092-04-03,stringy
215,e01-092-04-06,is
215,e01-092-04-07,very
215,e01-092-04-08,elastic
215,e01-092-04-09,and
215,e01-092-05-01,the
215,e01-092-05-02,beauty
215,e01-092-05-03,of
215,e01-092-05-04,the
215,e01-092-05-05,design
215,e01-092-05-07,It
215,e01-092-05-08,is
215,e01-092-05-09,easy
215,e01-092-06-00,to
215,e01-092-06-01,work
215,e01-092-06-02,with
215,e01-092-06-04,soft
215,e01-092-06-06,glossy
215,e01-092-06-07,and
215,e01-092-06-08,of
215,e01-092-06-09,uniform
215,e01-092-07-02,it
215,e01-092-07-03,is
215,e01-092-07-04,the
215,e01-092-07-05,ideal
215,e01-092-07-06,crochet
215,e01-092-07-07,thread
344,g06-050m-00-01,first
344,g06-050m-00-02,action
344,g06-050m-00-03,was
344,g06-050m-00-04,to
344,g06-050m-00-05,write
344,g06-050m-00-06,to
344,g06-050m-00-07,his
344,g06-050m-01-00,revered
344,g06-050m-01-01,master
344,g06-050m-01-02,at
344,g06-050m-01-05,near
344,g06-050m-01-06,Leipzig
344,g06-050m-01-08,asking
344,g06-050m-02-00,for
344,g06-050m-02-01,advice
344,g06-050m-02-03,In
344,g06-050m-02-04,doing
344,g06-050m-02-05,so
344,g06-050m-02-06,he
344,g06-050m-02-08,his
344,g06-050m-03-01,patient
344,g06-050m-03-02,and
344,g06-050m-03-03,his
344,g06-050m-03-06,He
344,g06-050m-04-00,told
344,g06-050m-04-02,that
344,g06-050m-04-03,he
344,g06-050m-04-04,found
344,g06-050m-05-00,strong
344,g06-050m-05-03,man
344,g06-050m-05-04,with
344,g06-050m-05-06,gentle
344,g06-050m-05-07,and
344,g06-050m-06-04,and
344,g06-050m-07-00,sedate
344,g06-050m-07-02,not
344,g06-050m-07-03,easily
344,g06-050m-07-06,patient
344,g06-050m-07-07,and
344,g06-050m-08-03,but
344,g06-050m-08-04,he
344,g06-050m-08-05,appears
344,g06-050m-08-06,to
344,g06-050m-08-07,despair
344,g06-050m-09-00,of
344,g06-050m-09-01,ever
344,g06-050m-09-02,being
344,g06-050m-09-03,cured
342,g06-047k-00-00,This
342,g06-047k-00-02,man
342,g06-047k-00-03,of
342,g06-047k-00-06,whom
342,g06-047k-00-07,Sir
342,g06-047k-01-00,Francis
342,g06-047k-01-01,Burdett
342,g06-047k-01-03,to
342,g06-047k-01-06,year
342,g06-047k-01-07,or
342,g06-047k-01-08,two
342,g06-047k-02-00,later
342,g06-047k-02-01,as
342,g06-047k-02-03,more
342,g06-047k-02-04,like
342,g06-047k-02-06,God
342,g06-047k-02-07,upon
342,g06-047k-02-08,earth
342,g06-047k-02-09,than
342,g06-047k-03-01,human
342,g06-047k-03-02,being
342,g06-047k-03-05,had
342,g06-047k-03-06,an
342,g06-047k-03-08,number
342,g06-047k-03-09,of
342,g06-047k-04-01,among
342,g06-047k-04-03,medical
342,g06-047k-04-04,men
342,g06-047k-04-05,in
342,g06-047k-04-06,the
342,g06-047k-05-00,cities
342,g06-047k-05-01,of
342,g06-047k-05-02,Europe
342,g06-047k-05-04,One
342,g06-047k-05-05,of
342,g06-047k-05-06,these
342,g06-047k-05-07,was
342,g06-047k-05-08,the
342,g06-047k-06-00,Dr
342,g06-047k-06-02,Mauro
342,g06-047k-06-04,whom
342,g06-047k-06-07,in
342,g06-047k-07-00,May
334,g06-011c-00-00,By
334,g06-011c-00-01,the
334,g06-011c-00-02,end
334,g06-011c-00-03,of
334,g06-011c-00-04,the
334,g06-011c-00-05,month
334,g06-011c-00-06,he
334,g06-011c-00-07,still
334,g06-011c-00-09,in
334,g06-011c-01-00,Naples
334,g06-011c-01-02,He
334,g06-011c-01-03,told
334,g06-011c-01-05,that
334,g06-011c-01-06,he
334,g06-011c-01-07,enjoyed
334,g06-011c-01-08,it
334,g06-011c-01-09,as
334,g06-011c-02-00,much
334,g06-011c-02-01,as
334,g06-011c-02-02,his
334,g06-011c-02-03,health
334,g06-011c-02-05,him
334,g06-011c-02-06,to
334,g06-011c-02-07,enjoy
334,g06-011c-03-01,The
334,g06-011c-03-02,Pearl
334,g06-011c-03-05,he
334,g06-011c-03-06,wrote
334,g06-011c-03-09,is
334,g06-011c-03-10,arrived
334,g06-011c-03-12,which
334,g06-011c-03-13,is
334,g06-011c-03-15,great
334,g06-011c-04-03,seems
334,g06-011c-04-04,to
334,g06-011c-04-05,be
334,g06-011c-04-06,tired
334,g06-011c-04-08,he
334,g06-011c-04-09,is
334,g06-011c-04-10,going
334,g06-011c-05-00,out
334,g06-011c-05-01,fast
334,g06-011c-05-04,What
334,g06-011c-05-06,gay
334,g06-011c-05-08,lively
334,g06-011c-05-09,people
334,g06-011c-05-11,and
334,g06-011c-05-12,what
334,g06-011c-06-01,busy
334,g06-011c-06-02,town
334,g06-011c-06-04,At
334,g06-011c-06-05,Rome
334,g06-011c-06-07,every
334,g06-011c-06-08,other
334,g06-011c-06-09,man
334,g06-011c-06-10,was
334,g06-011c-07-00,priest
334,g06-011c-07-02,here
334,g06-011c-07-03,the
334,g06-011c-07-04,priest
334,g06-011c-07-05,is
334,g06-011c-07-07,by
334,g06-011c-07-08,the
334,g06-011c-08-00,soldier
334,g06-011c-08-04,change
334,g06-011c-08-05,in
334,g06-011c-08-06,my
334,g06-011c-08-07,eye
334,g06-011c-09-00,as
334,g06-011c-09-01,the
334,g06-011c-09-02,troops
334,g06-011c-09-03,are
334,g06-011c-09-04,very
334,g06-011c-09-05,fine
152,c03-087c-00-00,It
152,c03-087c-00-01,went
152,c03-087c-00-03,perhaps
152,c03-087c-00-05,some
152,c03-087c-00-07,beyond
152,c03-087c-00-08,most
152,c03-087c-01-00,of
152,c03-087c-01-01,its
152,c03-087c-01-02,subject
152,c03-087c-01-03,by
152,c03-087c-01-05,to
152,c03-087c-02-02,which
152,c03-087c-02-03,left
152,c03-087c-02-04,its
152,c03-087c-02-05,central
152,c03-087c-03-00,and
152,c03-087c-03-01,the
152,c03-087c-03-02,world
152,c03-087c-03-03,around
152,c03-087c-03-04,him
152,c03-087c-03-05,in
152,c03-087c-04-00,mable
152,c03-087c-04-03,We
152,c03-087c-04-04,could
152,c03-087c-04-06,perhaps
152,c03-087c-04-08,say
152,c03-087c-04-09,whether
152,c03-087c-05-00,or
152,c03-087c-05-01,not
152,c03-087c-05-02,the
152,c03-087c-05-03,attempt
152,c03-087c-05-05,if
152,c03-087c-05-06,we
152,c03-087c-05-07,had
152,c03-087c-06-00,little
152,c03-087c-06-01,more
152,c03-087c-06-02,faith
152,c03-087c-06-03,in
152,c03-087c-06-04,the
152,c03-087c-06-05,way
152,c03-087c-06-06,in
152,c03-087c-06-07,which
152,c03-087c-07-00,Ferris
152,c03-087c-07-02,his
25,a02-032-00-00,But
25,a02-032-00-01,in
25,a02-032-00-02,his
25,a02-032-00-03,absence
25,a02-032-00-04,his
25,a02-032-00-05,chief
25,a02-032-00-07,have
25,a02-032-01-00,not
25,a02-032-01-01,let
25,a02-032-01-02,him
25,a02-032-01-03,down
25,a02-032-01-05,The
25,a02-032-01-06,strong
25,a02-032-01-07,arm
25,a02-032-01-08,of
25,a02-032-01-10,has
25,a02-032-02-00,been
25,a02-032-02-01,raised
25,a02-032-02-02,against
25,a02-032-02-03,the
25,a02-032-02-05,and
25,a02-032-02-06,is
25,a02-032-02-07,now
25,a02-032-03-00,to
25,a02-032-03-01,tell
25,a02-032-03-05,Times
25,a02-032-03-07,motto
25,a02-032-03-10,The
25,a02-032-03-11,welfare
25,a02-032-04-00,of
25,a02-032-04-01,the
25,a02-032-04-02,people
25,a02-032-04-03,is
25,a02-032-04-04,the
25,a02-032-04-05,supreme
25,a02-032-04-06,law
25,a02-032-04-09,reports
25,a02-032-04-12,The
25,a02-032-05-01,has
25,a02-032-05-02,been
25,a02-032-05-03,urged
25,a02-032-05-04,to
25,a02-032-05-05,take
25,a02-032-06-00,tion
25,a02-032-06-01,to
25,a02-032-06-02,deal
25,a02-032-06-04,with
25,a02-032-06-05,the
140,c02-022-00-00,Soon
140,c02-022-00-03,springs
140,c02-022-00-04,up
140,c02-022-00-05,on
140,c02-022-00-06,the
140,c02-022-00-07,sight
140,c02-022-00-08,of
140,c02-022-01-00,the
140,c02-022-01-01,missing
140,c02-022-01-04,The
140,c02-022-01-05,Church
140,c02-022-01-06,rebukes
140,c02-022-01-07,the
140,c02-022-02-00,poor
140,c02-022-02-01,monk
140,c02-022-02-02,for
140,c02-022-02-03,his
140,c02-022-02-04,miracle
140,c02-022-02-06,and
140,c02-022-02-07,as
140,c02-022-03-02,the
140,c02-022-03-03,night
140,c02-022-03-04,club
140,c02-022-03-05,is
140,c02-022-04-00,given
140,c02-022-04-02,gala
140,c02-022-04-03,society
140,c02-022-04-05,on
140,c02-022-04-06,the
140,c02-022-05-00,island
140,c02-022-05-02,Father
140,c02-022-05-04,goes
140,c02-022-05-05,to
140,c02-022-05-06,the
140,c02-022-05-07,island
140,c02-022-06-00,prays
140,c02-022-06-02,and
140,c02-022-06-03,in
140,c02-022-06-05,second
140,c02-022-06-06,miracle
140,c02-022-06-07,the
140,c02-022-07-00,night
140,c02-022-07-01,club
140,c02-022-07-02,is
140,c02-022-07-04,in
140,c02-022-07-05,its
140,c02-022-08-00,setting
335,g06-045d-00-00,In
335,g06-045d-00-01,April
335,g06-045d-00-02,of
335,g06-045d-00-03,that
335,g06-045d-00-04,year
335,g06-045d-00-05,his
335,g06-045d-00-06,first
335,g06-045d-00-10,the
335,g06-045d-01-01,Lord
335,g06-045d-01-04,had
335,g06-045d-01-05,written
335,g06-045d-01-06,to
335,g06-045d-01-07,advise
335,g06-045d-02-00,to
335,g06-045d-02-01,give
335,g06-045d-02-02,the
335,g06-045d-02-03,system
335,g06-045d-02-05,trial
335,g06-045d-02-07,adding
335,g06-045d-02-08,that
335,g06-045d-02-09,it
335,g06-045d-02-10,was
335,g06-045d-02-11,being
335,g06-045d-03-01,with
335,g06-045d-03-03,success
335,g06-045d-03-04,in
335,g06-045d-03-05,France
335,g06-045d-03-06,and
335,g06-045d-03-07,Italy
335,g06-045d-04-00,and
335,g06-045d-04-01,that
335,g06-045d-04-02,he
335,g06-045d-04-03,himself
335,g06-045d-04-04,was
335,g06-045d-04-05,being
335,g06-045d-04-06,treated
335,g06-045d-04-07,under
335,g06-045d-04-09,doctor
335,g06-045d-05-00,who
335,g06-045d-05-01,had
335,g06-045d-05-02,studied
335,g06-045d-05-03,under
335,g06-045d-05-04,its
335,g06-045d-05-05,founder
335,g06-045d-05-07,the
335,g06-045d-05-08,aged
335,g06-045d-05-10,Samuel
670,r06-041-00-00,There
670,r06-041-00-01,was
670,r06-041-00-05,on
670,r06-041-00-06,de
670,r06-041-01-00,Gaulle
670,r06-041-01-02,and
670,r06-041-01-03,the
670,r06-041-01-04,rest
670,r06-041-01-05,of
670,r06-041-01-06,the
670,r06-041-01-07,paper
670,r06-041-01-08,was
670,r06-041-01-09,given
670,r06-041-01-10,up
670,r06-041-02-00,to
670,r06-041-02-01,murders
670,r06-041-02-03,apart
670,r06-041-02-04,for
670,r06-041-02-05,an
670,r06-041-02-06,outcry
670,r06-041-02-07,against
670,r06-041-03-01,to
670,r06-041-03-02,drop
670,r06-041-03-05,into
670,r06-041-04-00,the
670,r06-041-04-02,between
670,r06-041-04-03,Corsica
670,r06-041-04-04,and
670,r06-041-04-05,St
670,r06-041-05-00,Raphael
670,r06-041-05-02,All
670,r06-041-05-03,the
670,r06-041-05-04,murders
670,r06-041-05-05,were
670,r06-041-05-06,well
670,r06-041-06-00,and
670,r06-041-06-01,had
670,r06-041-06-02,the
670,r06-041-06-03,air
670,r06-041-06-04,of
670,r06-041-06-05,being
670,r06-041-06-06,written
670,r06-041-06-07,by
670,r06-041-06-08,an
670,r06-041-07-02,but
670,r06-041-07-03,mad
670,r06-041-07-04,film
670,r06-041-07-06,of
670,r06-041-07-07,the
108,b04-026-00-00,The
108,b04-026-00-01,dinner
108,b04-026-00-02,table
108,b04-026-00-03,is
108,b04-026-00-04,the
108,b04-026-00-05,best
108,b04-026-00-06,answer
108,b04-026-00-07,to
108,b04-026-00-08,the
108,b04-026-00-10,in
108,b04-026-01-00,Britain
108,b04-026-01-01,today
108,b04-026-01-04,THIS
108,b04-026-01-05,is
108,b04-026-01-06,colour
108,b04-026-01-07,day
108,b04-026-01-11,the
108,b04-026-02-01,network
108,b04-026-02-04,And
108,b04-026-02-05,hour
108,b04-026-02-06,after
108,b04-026-02-07,hour
108,b04-026-02-08,it
108,b04-026-02-09,poured
108,b04-026-02-10,out
108,b04-026-02-11,its
108,b04-026-03-01,in
108,b04-026-03-02,bright
108,b04-026-03-03,colours
108,b04-026-03-05,In
108,b04-026-03-06,America
108,b04-026-03-07,colour
108,b04-026-03-08,TV
108,b04-026-03-09,is
108,b04-026-03-10,five
108,b04-026-03-11,years
108,b04-026-04-00,old
108,b04-026-04-02,There
108,b04-026-04-03,are
108,b04-026-04-04,already
108,b04-026-04-06,sets
108,b04-026-04-07,in
108,b04-026-04-08,use
108,b04-026-04-10,What
108,b04-026-04-11,about
108,b04-026-04-12,Britain
108,b04-026-05-00,The
108,b04-026-05-02,is
108,b04-026-05-03,ready
108,b04-026-05-04,to
108,b04-026-05-05,launch
108,b04-026-05-07,colour
108,b04-026-05-08,TV
108,b04-026-05-09,service
108,b04-026-05-11,but
108,b04-026-05-12,the
108,b04-026-06-01,TV
108,b04-026-06-03,want
108,b04-026-06-04,to
108,b04-026-06-05,delay
108,b04-026-06-06,it
108,b04-026-06-07,for
108,b04-026-06-09,years
155,c03-000f-00-00,The
155,c03-000f-00-01,film
155,c03-000f-00-02,version
155,c03-000f-00-03,of
155,c03-000f-00-04,Miss
155,c03-000f-00-05,Shelagh
155,c03-000f-01-00,play
155,c03-000f-01-02,Taste
155,c03-000f-01-03,of
155,c03-000f-01-04,Honey
155,c03-000f-01-05,opens
155,c03-000f-01-06,at
155,c03-000f-01-07,the
155,c03-000f-02-01,Square
155,c03-000f-02-02,Theatre
155,c03-000f-02-05,It
155,c03-000f-02-06,has
155,c03-000f-03-00,been
155,c03-000f-03-02,and
155,c03-000f-03-04,by
155,c03-000f-03-06,Tony
155,c03-000f-04-02,who
155,c03-000f-04-03,is
155,c03-000f-04-04,also
155,c03-000f-04-06,with
155,c03-000f-05-00,Miss
155,c03-000f-05-01,Delaney
155,c03-000f-05-02,of
155,c03-000f-05-03,the
155,c03-000f-05-04,script
155,c03-000f-05-06,and
155,c03-000f-05-07,the
155,c03-000f-05-08,great
155,c03-000f-06-01,to
155,c03-000f-06-02,be
155,c03-000f-06-03,derived
155,c03-000f-06-04,from
155,c03-000f-06-05,this
155,c03-000f-06-06,unity
155,c03-000f-07-00,of
155,c03-000f-07-02,and
155,c03-000f-07-03,control
155,c03-000f-07-04,are
340,g06-047i-00-00,This
340,g06-047i-00-02,man
340,g06-047i-00-03,of
340,g06-047i-00-06,whom
340,g06-047i-00-07,Sir
340,g06-047i-00-08,Francis
340,g06-047i-01-00,Burdett
340,g06-047i-01-02,to
340,g06-047i-01-05,year
340,g06-047i-01-06,or
340,g06-047i-01-07,two
340,g06-047i-01-08,later
340,g06-047i-01-09,as
340,g06-047i-02-01,more
340,g06-047i-02-02,like
340,g06-047i-02-04,God
340,g06-047i-02-05,upon
340,g06-047i-02-06,earth
340,g06-047i-02-07,than
340,g06-047i-02-09,human
340,g06-047i-02-10,being
340,g06-047i-02-13,had
340,g06-047i-03-00,an
340,g06-047i-03-02,number
340,g06-047i-03-03,of
340,g06-047i-03-05,among
340,g06-047i-04-00,medical
340,g06-047i-04-01,men
340,g06-047i-04-02,in
340,g06-047i-04-03,the
340,g06-047i-04-04,cities
340,g06-047i-04-05,of
340,g06-047i-04-06,Europe
340,g06-047i-04-08,One
340,g06-047i-04-09,of
340,g06-047i-04-10,these
340,g06-047i-05-00,was
340,g06-047i-05-01,the
340,g06-047i-05-04,Dr
340,g06-047i-05-06,Mauro
340,g06-047i-05-08,whom
340,g06-047i-06-02,in
340,g06-047i-06-03,May
10,a01-030x-00-02,is
10,a01-030x-00-04,member
10,a01-030x-00-05,of
10,a01-030x-00-06,the
10,a01-030x-01-00,ration
10,a01-030x-01-03,Macleod
10,a01-030x-01-04,was
10,a01-030x-01-05,not
10,a01-030x-01-06,at
10,a01-030x-01-07,the
10,a01-030x-02-00,meeting
10,a01-030x-02-02,But
10,a01-030x-02-03,he
10,a01-030x-02-04,told
10,a01-030x-03-00,have
10,a01-030x-03-01,no
10,a01-030x-03-03,of
10,a01-030x-03-04,secret
10,a01-030x-03-08,He
10,a01-030x-04-00,said
10,a01-030x-04-01,Britain
10,a01-030x-04-02,had
10,a01-030x-04-03,an
10,a01-030x-04-05,to
10,a01-030x-04-06,consult
10,a01-030x-05-00,the
10,a01-030x-05-01,Federal
10,a01-030x-05-05,James
10,a01-030x-06-04,said
10,a01-030x-06-05,Sir
10,a01-030x-06-06,Roy
10,a01-030x-06-07,had
10,a01-030x-07-00,no
10,a01-030x-07-01,right
10,a01-030x-07-02,to
10,a01-030x-07-03,delay
10,a01-030x-07-05,in
10,a01-030x-07-06,the
10,a01-030x-07-07,talks
10,a01-030x-07-08,by
10,a01-030x-08-01,to
10,a01-030x-08-02,sit
10,a01-030x-08-03,round
10,a01-030x-08-04,the
10,a01-030x-08-06,table
131,c06-058-00-00,It
131,c06-058-00-01,is
131,c06-058-00-02,ribald
131,c06-058-00-04,funny
131,c06-058-01-00,of
131,c06-058-01-03,and
131,c06-058-01-05,as
131,c06-058-01-07,glass
131,c06-058-02-00,of
131,c06-058-02-01,draught
131,c06-058-02-02,porter
131,c06-058-02-04,But
131,c06-058-02-05,will
131,c06-058-02-06,we
131,c06-058-02-07,see
131,c06-058-02-08,its
131,c06-058-03-00,end
131,c06-058-03-02,The
131,c06-058-03-03,last
131,c06-058-03-04,scene
131,c06-058-03-05,of
131,c06-058-03-06,this
131,c06-058-04-00,is
131,c06-058-04-01,in
131,c06-058-04-03,pub
131,c06-058-04-04,where
131,c06-058-04-05,the
131,c06-058-04-06,author
131,c06-058-04-07,throws
131,c06-058-05-01,note
131,c06-058-05-02,on
131,c06-058-05-03,to
131,c06-058-05-04,the
131,c06-058-05-05,bar
131,c06-058-05-06,and
131,c06-058-05-07,orders
131,c06-058-06-00,round
131,c06-058-06-01,for
131,c06-058-06-02,the
131,c06-058-06-03,pals
131,c06-058-06-05,one
131,c06-058-06-06,of
131,c06-058-06-07,whom
131,c06-058-06-08,cries
92,b01-084-00-00,That
92,b01-084-00-01,was
92,b01-084-00-02,the
92,b01-084-00-03,first
92,b01-084-00-04,point
92,b01-084-00-05,that
92,b01-084-01-00,made
92,b01-084-01-02,India
92,b01-084-01-03,has
92,b01-084-01-06,by
92,b01-084-02-01,men
92,b01-084-02-03,who
92,b01-084-02-04,must
92,b01-084-02-05,take
92,b01-084-02-06,about
92,b01-084-02-09,to
92,b01-084-02-10,arrive
92,b01-084-03-00,If
92,b01-084-03-01,the
92,b01-084-03-02,UN
92,b01-084-03-03,forces
92,b01-084-03-04,were
92,b01-084-03-05,thick
92,b01-084-03-06,enough
92,b01-084-03-07,on
92,b01-084-03-08,the
92,b01-084-03-09,ground
92,b01-084-04-00,such
92,b01-084-04-02,as
92,b01-084-04-03,that
92,b01-084-04-04,at
92,b01-084-04-05,Matadi
92,b01-084-04-06,would
92,b01-084-04-07,not
92,b01-084-05-00,happen
92,b01-084-05-02,THE
92,b01-084-05-04,ability
92,b01-084-05-05,to
92,b01-084-05-06,keep
92,b01-084-05-07,peace
92,b01-084-05-08,depends
92,b01-084-06-00,simply
92,b01-084-06-01,on
92,b01-084-06-03,support
92,b01-084-06-04,by
92,b01-084-06-05,the
92,b01-084-06-06,nations
92,b01-084-07-00,which
92,b01-084-07-01,have
92,b01-084-07-02,set
92,b01-084-07-03,their
92,b01-084-07-04,hands
92,b01-084-07-05,to
92,b01-084-07-06,this
92,b01-084-07-07,plough
74,a06-051-00-00,There
74,a06-051-00-01,were
74,a06-051-00-02,loud
74,a06-051-00-03,cries
74,a06-051-00-04,of
74,a06-051-00-06,shame
74,a06-051-00-08,from
74,a06-051-01-00,all
74,a06-051-01-01,parts
74,a06-051-01-02,of
74,a06-051-01-03,the
74,a06-051-01-05,side
74,a06-051-02-00,Fell
74,a06-051-02-02,to
74,a06-051-02-03,be
74,a06-051-02-04,in
74,a06-051-02-05,tears
74,a06-051-02-06,as
74,a06-051-02-07,he
74,a06-051-02-08,sat
74,a06-051-03-00,down
74,a06-051-03-03,few
74,a06-051-03-04,minutes
74,a06-051-03-05,later
74,a06-051-03-08,Fell
74,a06-051-03-09,got
74,a06-051-03-10,up
74,a06-051-04-00,and
74,a06-051-04-01,left
74,a06-051-04-02,the
74,a06-051-04-03,chamber
74,a06-051-04-05,He
74,a06-051-04-07,five
74,a06-051-05-00,minutes
74,a06-051-05-01,later
74,a06-051-05-02,to
74,a06-051-05-03,stand
74,a06-051-05-04,just
74,a06-051-05-05,inside
74,a06-051-05-06,the
74,a06-051-06-00,doorway
74,a06-051-06-01,looking
74,a06-051-06-02,more
74,a06-051-06-05,In
74,a06-051-06-06,the
74,a06-051-07-00,middle
74,a06-051-07-01,of
74,a06-051-07-02,the
74,a06-051-07-03,amazing
74,a06-051-07-04,scene
74,a06-051-08-00,waved
74,a06-051-08-01,his
74,a06-051-08-02,hand
74,a06-051-08-03,at
74,a06-051-08-05,Fell
155,c03-021f-00-00,In
155,c03-021f-00-01,Fanny
155,c03-021f-00-02,the
155,c03-021f-00-04,girl
155,c03-021f-00-05,is
155,c03-021f-01-00,by
155,c03-021f-01-01,an
155,c03-021f-01-02,old
155,c03-021f-01-03,man
155,c03-021f-01-05,Here
155,c03-021f-01-06,it
155,c03-021f-01-07,is
155,c03-021f-01-09,young
155,c03-021f-02-00,sexual
155,c03-021f-02-03,from
155,c03-021f-02-04,women
155,c03-021f-02-05,but
155,c03-021f-02-06,yet
155,c03-021f-03-00,moved
155,c03-021f-03-01,by
155,c03-021f-03-03,strong
155,c03-021f-03-06,to
155,c03-021f-04-00,the
155,c03-021f-04-01,unborn
155,c03-021f-04-02,child
155,c03-021f-04-03,as
155,c03-021f-04-04,much
155,c03-021f-04-05,as
155,c03-021f-04-06,to
155,c03-021f-04-07,the
155,c03-021f-05-01,mother
155,c03-021f-05-03,who
155,c03-021f-05-04,acts
155,c03-021f-05-05,as
155,c03-021f-06-00,and
155,c03-021f-06-02,to
155,c03-021f-06-03,her
155,c03-021f-06-04,in
155,c03-021f-06-05,her
155,c03-021f-06-06,hour
155,c03-021f-06-07,of
155,c03-021f-06-08,need
155,c03-021f-07-00,He
155,c03-021f-07-01,shares
155,c03-021f-07-02,her
155,c03-021f-07-03,room
155,c03-021f-07-04,and
155,c03-021f-07-05,gives
155,c03-021f-07-06,her
155,c03-021f-07-07,his
155,c03-021f-08-00,forlorn
155,c03-021f-08-01,gift
155,c03-021f-08-02,of
155,c03-021f-08-04,and
155,c03-021f-09-01,you
155,c03-021f-09-02,need
155,c03-021f-09-03,someone
155,c03-021f-09-04,to
155,c03-021f-09-05,love
155,c03-021f-09-06,you
155,c03-021f-09-07,while
155,c03-021f-09-08,you
344,g06-037m-00-00,God
344,g06-037m-00-01,grant
344,g06-037m-00-03,however
344,g06-037m-00-05,that
344,g06-037m-00-07,may
344,g06-037m-00-08,be
344,g06-037m-00-10,false
344,g06-037m-01-00,prophet
344,g06-037m-01-02,that
344,g06-037m-01-03,all
344,g06-037m-01-04,may
344,g06-037m-01-05,go
344,g06-037m-01-06,well
344,g06-037m-01-08,Sir
344,g06-037m-01-10,Peel
344,g06-037m-02-00,was
344,g06-037m-02-01,here
344,g06-037m-02-06,but
344,g06-037m-02-07,an
344,g06-037m-02-08,express
344,g06-037m-02-09,took
344,g06-037m-03-00,him
344,g06-037m-03-01,off
344,g06-037m-03-05,While
344,g06-037m-03-06,he
344,g06-037m-03-07,was
344,g06-037m-03-08,in
344,g06-037m-03-09,Naples
344,g06-037m-04-00,there
344,g06-037m-04-01,had
344,g06-037m-04-02,opened
344,g06-037m-04-04,new
344,g06-037m-04-05,chapter
344,g06-037m-04-06,in
344,g06-037m-04-07,the
344,g06-037m-05-00,history
344,g06-037m-05-01,of
344,g06-037m-05-04,search
344,g06-037m-05-05,for
344,g06-037m-05-06,an
344,g06-037m-06-02,of
344,g06-037m-06-03,his
344,g06-037m-06-04,painful
344,g06-037m-06-05,malady
344,g06-037m-07-00,
344,g06-037m-07-01,of
344,g06-037m-07-02,the
344,g06-037m-07-06,to
344,g06-037m-08-00,which
344,g06-037m-08-01,he
344,g06-037m-08-02,had
344,g06-037m-08-03,been
344,g06-037m-08-05,ever
344,g06-037m-08-06,since
344,g06-037m-08-07,the
344,g06-037m-09-01,had
344,g06-037m-09-02,first
344,g06-037m-09-03,shown
344,g06-037m-10-00,years
344,g06-037m-10-01,before
344,g06-037m-10-02,had
344,g06-037m-10-03,had
344,g06-037m-10-04,the
344,g06-037m-10-06,effect
158,c04-008-00-00,In
158,c04-008-00-01,his
158,c04-008-00-02,first
158,c04-008-00-04,picture
158,c04-008-00-07,Let
158,c04-008-00-09,Make
158,c04-008-00-10,Love
158,c04-008-00-13,he
158,c04-008-01-00,was
158,c04-008-01-01,swamped
158,c04-008-01-02,by
158,c04-008-01-03,the
158,c04-008-01-05,of
158,c04-008-01-06,Marilyn
158,c04-008-01-07,Monroe
158,c04-008-02-00,and
158,c04-008-02-01,Yves
158,c04-008-02-02,Montand
158,c04-008-02-04,Against
158,c04-008-02-05,this
158,c04-008-02-06,couple
158,c04-008-02-07,Frankie
158,c04-008-02-09,in
158,c04-008-03-02,role
158,c04-008-03-05,stand
158,c04-008-03-07,chance
158,c04-008-03-09,Now
158,c04-008-03-10,comes
158,c04-008-04-01,The
158,c04-008-04-02,Right
158,c04-008-04-06,Rialto
158,c04-008-04-13,and
158,c04-008-04-14,it
158,c04-008-04-17,glum
158,c04-008-05-02,He
158,c04-008-05-03,plays
158,c04-008-05-04,an
158,c04-008-05-06,actor
158,c04-008-06-00,selfish
158,c04-008-06-04,brash
158,c04-008-06-09,heel
158,c04-008-07-00,who
158,c04-008-07-01,would
158,c04-008-07-02,tread
158,c04-008-07-03,on
158,c04-008-07-05,neck
158,c04-008-07-06,to
158,c04-008-07-07,get
158,c04-008-07-09,break
158,c04-008-07-10,in
158,c04-008-08-00,the
158,c04-008-08-02,ratrace
0,a03-073-00-00,On
0,a03-073-00-01,the
0,a03-073-00-04,of
0,a03-073-00-05,the
0,a03-073-00-06,use
0,a03-073-00-07,of
0,a03-073-00-08,Blue
0,a03-073-01-00,Streak
0,a03-073-01-04,task
0,a03-073-01-05,will
0,a03-073-01-06,be
0,a03-073-02-00,easier
0,a03-073-02-02,He
0,a03-073-02-03,can
0,a03-073-02-04,point
0,a03-073-02-05,out
0,a03-073-02-06,that
0,a03-073-02-07,this
0,a03-073-02-08,is
0,a03-073-02-09,the
0,a03-073-03-00,only
0,a03-073-03-01,rocket
0,a03-073-03-02,and
0,a03-073-03-04,in
0,a03-073-03-05,Europe
0,a03-073-03-06,to
0,a03-073-04-00,have
0,a03-073-04-01,reached
0,a03-073-04-04,stage
0,a03-073-04-05,of
0,a03-073-05-00,for
0,a03-073-05-02,as
0,a03-073-05-03,the
0,a03-073-05-04,first
0,a03-073-05-05,stage
0,a03-073-05-06,in
0,a03-073-06-00,putting
0,a03-073-06-02,heavy
0,a03-073-06-04,into
0,a03-073-06-05,outer
0,a03-073-06-06,space
0,a03-073-07-00,There
0,a03-073-07-01,has
0,a03-073-07-02,also
0,a03-073-07-03,been
0,a03-073-07-04,some
0,a03-073-07-05,talk
0,a03-073-07-06,of
0,a03-073-07-08,another
0,a03-073-08-00,British
0,a03-073-08-01,rocket
0,a03-073-08-03,Black
0,a03-073-08-04,Knight
0,a03-073-08-06,for
0,a03-073-08-07,the
0,a03-073-08-08,second
0,a03-073-09-00,stage
0,a03-073-09-02,but
0,a03-073-09-03,the
0,a03-073-09-04,French
0,a03-073-09-05,have
0,a03-073-09-06,one
0,a03-073-09-07,of
0,a03-073-09-08,their
0,a03-073-10-00,own
0,a03-073-10-01,called
0,a03-073-10-03,which
0,a03-073-10-04,they
0,a03-073-10-05,would
0,a03-073-11-00,like
0,a03-073-11-01,to
0,a03-073-11-02,see
0,a03-073-11-03,used
150,c03-003a-00-00,This
150,c03-003a-00-01,is
150,c03-003a-00-02,not
150,c03-003a-00-04,filmed
150,c03-003a-00-05,play
150,c03-003a-00-07,It
150,c03-003a-00-08,has
150,c03-003a-00-09,been
150,c03-003a-01-02,in
150,c03-003a-01-03,terms
150,c03-003a-01-04,of
150,c03-003a-01-05,the
150,c03-003a-01-06,cinema
150,c03-003a-02-00,and
150,c03-003a-02-01,again
150,c03-003a-02-02,and
150,c03-003a-02-03,again
150,c03-003a-02-04,it
150,c03-003a-02-05,is
150,c03-003a-02-06,the
150,c03-003a-02-07,visual
150,c03-003a-03-00,of
150,c03-003a-03-01,the
150,c03-003a-03-02,story
150,c03-003a-03-04,and
150,c03-003a-03-05,the
150,c03-003a-03-07,of
150,c03-003a-03-08,the
150,c03-003a-03-09,central
150,c03-003a-04-01,to
150,c03-003a-04-02,their
150,c03-003a-04-05,which
150,c03-003a-04-06,bring
150,c03-003a-05-00,the
150,c03-003a-05-01,film
150,c03-003a-05-02,so
150,c03-003a-05-03,vividly
150,c03-003a-05-04,to
150,c03-003a-05-05,life
150,c03-003a-05-07,In
150,c03-003a-05-08,Fanny
150,c03-003a-05-10,which
150,c03-003a-06-00,also
150,c03-003a-06-01,has
150,c03-003a-06-02,its
150,c03-003a-06-06,the
150,c03-003a-07-01,Joshua
150,c03-003a-07-02,Logan
150,c03-003a-07-05,but
150,c03-003a-07-06,failed
150,c03-003a-07-07,to
150,c03-003a-07-08,create
150,c03-003a-08-00,the
150,c03-003a-08-02,of
150,c03-003a-08-04,city
152,c03-096c-00-00,Only
152,c03-096c-00-03,actions
152,c03-096c-00-07,arose
152,c03-096c-01-00,from
152,c03-096c-01-02,motives
152,c03-096c-01-04,The
152,c03-096c-01-05,rest
152,c03-096c-01-07,one
152,c03-096c-01-08,feels
152,c03-096c-01-10,were
152,c03-096c-02-00,driven
152,c03-096c-02-01,to
152,c03-096c-02-03,action
152,c03-096c-02-04,by
152,c03-096c-02-05,the
152,c03-096c-02-06,author
152,c03-096c-02-07,in
152,c03-096c-02-08,spite
152,c03-096c-03-00,of
152,c03-096c-03-01,the
152,c03-096c-03-03,with
152,c03-096c-03-04,which
152,c03-096c-03-05,he
152,c03-096c-03-06,had
152,c03-096c-04-00,endowed
152,c03-096c-04-01,them
152,c03-096c-04-03,One
152,c03-096c-04-04,hopes
152,c03-096c-04-05,that
152,c03-096c-04-06,he
152,c03-096c-04-07,is
152,c03-096c-04-08,not
152,c03-096c-05-00,asking
152,c03-096c-05-01,us
152,c03-096c-05-02,to
152,c03-096c-05-03,believe
152,c03-096c-05-04,that
152,c03-096c-05-06,because
152,c03-096c-05-07,of
152,c03-096c-05-08,their
152,c03-096c-05-09,odd
152,c03-096c-06-00,accents
152,c03-096c-06-02,they
152,c03-096c-06-03,act
152,c03-096c-06-04,oddly
152,c03-096c-06-05,like
152,c03-096c-06-06,the
152,c03-096c-06-07,queer
152,c03-096c-07-00,of
344,g06-018m-00-00,When
344,g06-018m-00-01,the
344,g06-018m-00-02,sailing
344,g06-018m-00-03,season
344,g06-018m-00-04,was
344,g06-018m-00-05,past
344,g06-018m-00-07,he
344,g06-018m-00-08,sent
344,g06-018m-00-09,Pearl
344,g06-018m-01-00,back
344,g06-018m-01-01,to
344,g06-018m-01-02,England
344,g06-018m-01-04,and
344,g06-018m-01-06,to
344,g06-018m-01-07,Rome
344,g06-018m-01-08,for
344,g06-018m-01-09,the
344,g06-018m-02-00,winter
344,g06-018m-02-02,In
344,g06-018m-02-03,late
344,g06-018m-02-06,he
344,g06-018m-02-07,was
344,g06-018m-02-10,as
344,g06-018m-03-00,usual
344,g06-018m-03-03,but
344,g06-018m-03-04,hoped
344,g06-018m-03-06,he
344,g06-018m-03-07,told
344,g06-018m-03-08,Arthur
344,g06-018m-03-11,to
344,g06-018m-03-12,find
344,g06-018m-03-13,this
344,g06-018m-04-00,place
344,g06-018m-04-01,agree
344,g06-018m-04-02,with
344,g06-018m-04-03,me
344,g06-018m-04-04,better
344,g06-018m-04-05,than
344,g06-018m-04-06,Naples
344,g06-018m-04-08,The
344,g06-018m-04-09,journey
344,g06-018m-05-00,has
344,g06-018m-05-01,been
344,g06-018m-05-02,against
344,g06-018m-05-03,me
344,g06-018m-05-05,as
344,g06-018m-05-06,there
344,g06-018m-05-07,has
344,g06-018m-05-08,been
344,g06-018m-05-09,much
344,g06-018m-06-00,rain
344,g06-018m-06-01,and
344,g06-018m-06-02,damp
344,g06-018m-06-04,but
344,g06-018m-06-05,the
344,g06-018m-06-07,is
344,g06-018m-06-08,high
344,g06-018m-07-02,have
344,g06-018m-07-03,not
344,g06-018m-07-04,yet
344,g06-018m-07-05,thought
344,g06-018m-07-06,of
344,g06-018m-07-08,fire
635,r06-007-00-01,It
635,r06-007-00-02,is
635,r06-007-00-04,pity
635,r06-007-00-07,said
635,r06-007-00-08,Mart
635,r06-007-00-11,because
635,r06-007-00-12,it
635,r06-007-00-13,would
635,r06-007-00-14,have
635,r06-007-00-15,been
635,r06-007-01-01,good
635,r06-007-01-02,address
635,r06-007-01-05,Now
635,r06-007-01-07,after
635,r06-007-01-10,radar
635,r06-007-01-11,look
635,r06-007-02-00,she
635,r06-007-02-01,decided
635,r06-007-02-02,Pierre
635,r06-007-02-03,would
635,r06-007-02-04,solve
635,r06-007-02-05,our
635,r06-007-02-08,This
635,r06-007-03-00,was
635,r06-007-03-01,true
635,r06-007-03-03,Pierre
635,r06-007-03-04,was
635,r06-007-03-06,true
635,r06-007-03-09,thin
635,r06-007-03-10,and
635,r06-007-04-00,yellow
635,r06-007-04-01,as
635,r06-007-04-02,lemon
635,r06-007-04-03,peel
635,r06-007-04-06,with
635,r06-007-04-07,some
635,r06-007-04-08,gnawing
635,r06-007-04-09,rat
635,r06-007-05-00,of
635,r06-007-05-01,an
635,r06-007-05-02,illness
635,r06-007-05-04,man
635,r06-007-05-05,of
635,r06-007-05-06,all
635,r06-007-05-07,trades
635,r06-007-05-09,married
635,r06-007-05-10,to
635,r06-007-06-00,lady
635,r06-007-06-01,who
635,r06-007-06-02,loved
635,r06-007-06-03,small
635,r06-007-06-04,talk
635,r06-007-06-05,and
635,r06-007-06-06,the
635,r06-007-07-01,of
635,r06-007-07-02,money
225,e02-086-00-00,Coming
225,e02-086-00-01,now
225,e02-086-00-02,to
225,e02-086-00-03,the
225,e02-086-00-04,actual
225,e02-086-00-05,tools
225,e02-086-00-06,and
225,e02-086-00-07,their
225,e02-086-00-08,cost
225,e02-086-00-10,we
225,e02-086-00-11,begin
225,e02-086-01-00,with
225,e02-086-01-01,what
225,e02-086-01-02,we
225,e02-086-01-03,have
225,e02-086-01-04,called
225,e02-086-01-06,bare
225,e02-086-01-07,minimum
225,e02-086-01-08,kit
225,e02-086-02-00,most
225,e02-086-02-01,men
225,e02-086-02-02,have
225,e02-086-02-03,some
225,e02-086-02-04,of
225,e02-086-02-05,the
225,e02-086-02-06,tools
225,e02-086-02-07,already
225,e02-086-02-09,It
225,e02-086-02-10,will
225,e02-086-02-11,enable
225,e02-086-03-01,man
225,e02-086-03-02,to
225,e02-086-03-03,make
225,e02-086-03-04,simple
225,e02-086-03-07,things
225,e02-086-03-09,and
225,e02-086-03-10,in
225,e02-086-04-00,any
225,e02-086-04-01,case
225,e02-086-04-02,may
225,e02-086-04-03,be
225,e02-086-04-05,as
225,e02-086-04-07,good
225,e02-086-04-09,to
225,e02-086-05-00,which
225,e02-086-05-01,other
225,e02-086-05-02,tools
225,e02-086-05-03,can
225,e02-086-05-04,be
225,e02-086-05-05,added
225,e02-086-05-06,as
225,e02-086-05-07,the
225,e02-086-05-08,need
225,e02-086-05-09,arises
225,e02-086-05-11,The
225,e02-086-06-00,nature
225,e02-086-06-01,of
225,e02-086-06-02,the
225,e02-086-06-03,work
225,e02-086-06-04,will
225,e02-086-06-06,dictate
225,e02-086-06-07,the
225,e02-086-07-00,to
225,e02-086-07-01,be
225,e02-086-07-02,made
225,e02-086-07-04,but
225,e02-086-07-05,as
225,e02-086-07-07,guide
225,e02-086-07-08,we
225,e02-086-07-09,have
225,e02-086-07-10,given
225,e02-086-07-12,fuller
225,e02-086-07-13,kit
225,e02-086-08-00,which
225,e02-086-08-02,the
225,e02-086-08-03,range
225,e02-086-08-04,of
225,e02-086-08-05,things
225,e02-086-08-06,that
225,e02-086-08-07,can
225,e02-086-08-08,be
225,e02-086-09-00,made
637,r02-003-00-00,He
637,r02-003-00-01,read
637,r02-003-00-02,the
637,r02-003-00-03,film
637,r02-003-00-05,sorry
637,r02-003-00-06,story
637,r02-003-00-07,and
637,r02-003-00-08,frowned
637,r02-003-00-09,at
637,r02-003-00-10,the
637,r02-003-01-01,of
637,r02-003-01-05,which
637,r02-003-01-06,not
637,r02-003-01-07,only
637,r02-003-01-08,allowed
637,r02-003-01-09,her
637,r02-003-02-00,to
637,r02-003-02-01,claim
637,r02-003-02-02,relief
637,r02-003-02-03,on
637,r02-003-02-04,the
637,r02-003-02-05,most
637,r02-003-02-09,but
637,r02-003-02-10,also
637,r02-003-03-02,the
637,r02-003-03-03,tax
637,r02-003-03-04,until
637,r02-003-03-05,her
637,r02-003-03-07,year
637,r02-003-04-00,was
637,r02-003-04-01,ended
637,r02-003-04-03,audited
637,r02-003-04-04,and
637,r02-003-04-05,agreed
637,r02-003-04-06,by
637,r02-003-04-07,the
637,r02-003-04-10,The
637,r02-003-05-00,process
637,r02-003-05-01,could
637,r02-003-05-03,and
637,r02-003-05-04,often
637,r02-003-05-05,did
637,r02-003-05-06,take
637,r02-003-05-07,several
637,r02-003-05-08,years
333,g06-011b-00-00,By
333,g06-011b-00-01,the
333,g06-011b-00-02,end
333,g06-011b-00-03,of
333,g06-011b-00-04,the
333,g06-011b-00-05,month
333,g06-011b-00-06,he
333,g06-011b-00-07,still
333,g06-011b-01-00,in
333,g06-011b-01-01,Naples
333,g06-011b-01-03,He
333,g06-011b-01-04,told
333,g06-011b-01-06,that
333,g06-011b-01-07,he
333,g06-011b-02-00,enjoyed
333,g06-011b-02-01,it
333,g06-011b-02-02,as
333,g06-011b-02-03,much
333,g06-011b-02-04,as
333,g06-011b-02-05,his
333,g06-011b-02-06,health
333,g06-011b-03-01,him
333,g06-011b-03-02,to
333,g06-011b-03-03,enjoy
333,g06-011b-03-07,The
333,g06-011b-03-08,Pearl
333,g06-011b-04-00,he
333,g06-011b-04-01,wrote
333,g06-011b-04-04,is
333,g06-011b-04-05,arrived
333,g06-011b-04-07,which
333,g06-011b-04-08,is
333,g06-011b-04-10,great
333,g06-011b-05-03,seems
333,g06-011b-05-04,to
333,g06-011b-05-05,be
333,g06-011b-05-06,tired
333,g06-011b-05-08,he
333,g06-011b-06-00,is
333,g06-011b-06-01,going
333,g06-011b-06-02,out
333,g06-011b-06-03,fast
333,g06-011b-06-06,What
333,g06-011b-06-08,gay
333,g06-011b-06-10,lively
333,g06-011b-07-00,people
333,g06-011b-07-02,and
333,g06-011b-07-03,what
333,g06-011b-07-05,busy
333,g06-011b-07-06,town
333,g06-011b-07-08,At
333,g06-011b-07-09,Rome
333,g06-011b-08-00,every
333,g06-011b-08-01,other
333,g06-011b-08-02,man
333,g06-011b-08-03,was
333,g06-011b-08-05,priest
333,g06-011b-08-07,here
333,g06-011b-08-08,the
333,g06-011b-09-00,priest
333,g06-011b-09-01,is
333,g06-011b-09-03,by
333,g06-011b-09-04,the
333,g06-011b-09-05,soldier
333,g06-011b-10-02,change
333,g06-011b-10-03,in
333,g06-011b-10-04,my
333,g06-011b-10-05,eye
58,a04-000-00-01,KENNEDY
58,a04-000-00-02,renewed
58,a04-000-00-03,his
58,a04-000-01-00,on
58,a04-000-01-02,Harold
58,a04-000-01-04,to
58,a04-000-01-05,join
58,a04-000-01-06,the
58,a04-000-02-00,Common
58,a04-000-02-01,Market
58,a04-000-02-02,during
58,a04-000-02-03,their
58,a04-000-02-04,talks
58,a04-000-02-05,at
58,a04-000-03-00,House
58,a04-000-03-06,Much
58,a04-000-03-07,of
58,a04-000-03-08,their
58,a04-000-04-00,three
58,a04-000-04-01,hours
58,a04-000-04-04,minutes
58,a04-000-04-05,of
58,a04-000-04-07,is
58,a04-000-05-00,to
58,a04-000-05-01,have
58,a04-000-05-02,been
58,a04-000-05-03,devoted
58,a04-000-05-04,to
58,a04-000-05-05,this
58,a04-000-05-06,main
58,a04-000-05-07,point
58,a04-000-06-00,of
58,a04-000-06-02,policy
118,b05-062-00-00,He
118,b05-062-00-01,feels
118,b05-062-00-04,from
118,b05-062-00-05,the
118,b05-062-00-06,fact
118,b05-062-00-07,that
118,b05-062-00-08,my
118,b05-062-00-10,had
118,b05-062-00-11,been
118,b05-062-01-00,tested
118,b05-062-01-01,and
118,b05-062-01-02,weighed
118,b05-062-01-03,and
118,b05-062-01-04,not
118,b05-062-01-05,found
118,b05-062-01-06,wanting
118,b05-062-01-09,He
118,b05-062-01-10,feels
118,b05-062-01-11,like
118,b05-062-02-00,Pontius
118,b05-062-02-01,Pilate
118,b05-062-02-02,who
118,b05-062-02-03,washed
118,b05-062-02-04,his
118,b05-062-02-05,hands
118,b05-062-02-06,before
118,b05-062-02-07,the
118,b05-062-03-00,saying
118,b05-062-03-04,am
118,b05-062-03-06,of
118,b05-062-03-07,the
118,b05-062-03-08,blood
118,b05-062-03-09,of
118,b05-062-03-10,this
118,b05-062-03-11,just
118,b05-062-03-12,person
118,b05-062-04-00,Like
118,b05-062-04-02,Globke
118,b05-062-04-04,whom
118,b05-062-04-07,the
118,b05-062-04-08,other
118,b05-062-04-09,day
118,b05-062-05-00,said
129,c06-103-00-00,THE
129,c06-103-00-03,Carlton
129,c06-103-01-00,is
129,c06-103-01-01,also
129,c06-103-01-03,comedy
129,c06-103-01-04,of
129,c06-103-01-05,manners
129,c06-103-02-00,but
129,c06-103-02-02,toting
129,c06-103-02-03,an
129,c06-103-03-01,have
129,c06-103-03-02,to
129,c06-103-03-03,keep
129,c06-103-03-05,sharp
129,c06-103-04-01,that
129,c06-103-04-02,the
129,c06-103-04-03,jokes
129,c06-103-04-04,about
129,c06-103-05-00,sex
129,c06-103-05-02,what
129,c06-103-05-03,else
129,c06-103-05-04,would
129,c06-103-05-05,they
129,c06-103-05-06,joke
129,c06-103-06-00,about
129,c06-103-06-01,with
129,c06-103-06-02,an
129,c06-103-06-06,are
129,c06-103-06-07,of
129,c06-103-06-08,the
129,c06-103-06-09,witty
129,c06-103-07-00,verbal
129,c06-103-07-01,variety
129,c06-103-07-02,and
129,c06-103-07-03,not
129,c06-103-07-04,the
129,c06-103-07-05,visual
129,c06-103-08-02,This
129,c06-103-08-03,has
129,c06-103-08-04,only
129,c06-103-08-05,one
129,c06-103-08-06,gag
129,c06-103-09-00,that
129,c06-103-09-01,of
129,c06-103-09-02,the
129,c06-103-09-03,entry
129,c06-103-09-04,of
84,a06-119-00-00,Note
84,a06-119-00-02,soared
84,a06-119-00-03,for
84,a06-119-00-04,the
84,a06-119-01-00,sixth
84,a06-119-01-02,week
84,a06-119-01-04,this
84,a06-119-02-00,time
84,a06-119-02-01,by
84,a06-119-02-02,more
84,a06-119-02-03,than
84,a06-119-02-06,last
84,a06-119-03-00,week
84,a06-119-03-02,And
84,a06-119-03-03,that
84,a06-119-03-04,brought
84,a06-119-03-05,the
84,a06-119-03-06,figure
84,a06-119-04-00,to
84,a06-119-04-02,record
84,a06-119-04-05,This
84,a06-119-04-06,was
84,a06-119-05-01,more
84,a06-119-05-02,than
84,a06-119-05-03,the
84,a06-119-06-00,week
84,a06-119-06-01,last
84,a06-119-06-02,year
84,a06-119-06-03,and
84,a06-119-06-05,up
84,a06-119-06-06,on
84,a06-119-07-00,the
84,a06-119-07-02,record
84,a06-119-07-03,set
84,a06-119-07-04,last
84,a06-119-08-00,Now
84,a06-119-08-01,look
84,a06-119-08-02,at
84,a06-119-08-03,the
84,a06-119-08-04,other
84,a06-119-08-05,side
84,a06-119-08-06,of
84,a06-119-08-07,all
84,a06-119-09-00,these
84,a06-119-09-01,coins
25,a02-024-00-00,Now
25,a02-024-00-01,we
25,a02-024-00-02,have
25,a02-024-00-03,the
25,a02-024-00-04,strikes
25,a02-024-00-05,and
25,a02-024-00-07,in
25,a02-024-01-00,Ghana
25,a02-024-01-02,with
25,a02-024-01-03,the
25,a02-024-01-04,meeting
25,a02-024-01-05,of
25,a02-024-01-06,the
25,a02-024-02-03,Council
25,a02-024-02-05,the
25,a02-024-03-00,first
25,a02-024-03-01,to
25,a02-024-03-02,be
25,a02-024-03-03,held
25,a02-024-03-04,in
25,a02-024-03-05,Africa
25,a02-024-03-07,Only
25,a02-024-03-09,few
25,a02-024-03-10,hours
25,a02-024-04-00,ter
25,a02-024-04-01,Mr
25,a02-024-04-02,Lloyd
25,a02-024-04-03,and
25,a02-024-04-04,his
25,a02-024-04-07,landed
25,a02-024-05-00,at
25,a02-024-05-01,Accra
25,a02-024-05-02,this
25,a02-024-05-03,morning
25,a02-024-05-06,of
25,a02-024-05-07,shop
25,a02-024-06-01,outside
25,a02-024-06-02,the
25,a02-024-07-00,Stores
25,a02-024-07-02,the
25,a02-024-07-03,largest
25,a02-024-07-04,in
25,a02-024-07-05,town
154,c03-000e-00-00,The
154,c03-000e-00-01,film
154,c03-000e-00-02,version
154,c03-000e-00-03,of
154,c03-000e-00-04,Miss
154,c03-000e-00-05,Shelagh
154,c03-000e-01-00,play
154,c03-000e-01-02,Taste
154,c03-000e-01-03,of
154,c03-000e-01-04,Honey
154,c03-000e-01-05,opens
154,c03-000e-01-06,at
154,c03-000e-01-07,the
154,c03-000e-02-00,Square
154,c03-000e-02-01,Theatre
154,c03-000e-02-04,It
154,c03-000e-02-05,has
154,c03-000e-02-06,been
154,c03-000e-03-00,and
154,c03-000e-03-02,by
154,c03-000e-03-04,Tony
154,c03-000e-03-07,who
154,c03-000e-03-08,is
154,c03-000e-04-00,also
154,c03-000e-04-02,with
154,c03-000e-04-03,Miss
154,c03-000e-04-04,Delaney
154,c03-000e-04-05,of
154,c03-000e-04-06,the
154,c03-000e-05-00,script
154,c03-000e-05-02,and
154,c03-000e-05-03,the
154,c03-000e-05-04,great
154,c03-000e-05-06,to
154,c03-000e-05-07,be
154,c03-000e-06-00,derived
154,c03-000e-06-01,from
154,c03-000e-06-02,this
154,c03-000e-06-03,unity
154,c03-000e-06-04,of
154,c03-000e-06-06,and
154,c03-000e-07-00,control
154,c03-000e-07-01,are
648,r02-081-01-00,Before
648,r02-081-01-01,he
648,r02-081-01-02,could
648,r02-081-01-03,open
648,r02-081-01-04,his
648,r02-081-01-05,mouth
648,r02-081-01-07,the
648,r02-081-02-01,out
648,r02-081-02-03,hand
648,r02-081-02-06,Watch
648,r02-081-02-07,your
648,r02-081-02-08,step
648,r02-081-02-09,there
648,r02-081-02-11,sir
648,r02-081-02-13,Your
648,r02-081-03-00,is
648,r02-081-03-01,hanging
648,r02-081-03-02,open
648,r02-081-03-04,You
648,r02-081-03-06,have
648,r02-081-03-07,someone
648,r02-081-03-08,shoving
648,r02-081-03-09,their
648,r02-081-03-10,hot
648,r02-081-04-00,little
648,r02-081-04-01,hands
648,r02-081-04-02,inside
648,r02-081-04-04,Here
648,r02-081-04-08,do
648,r02-081-04-09,it
648,r02-081-04-12,The
648,r02-081-04-14,pressed
648,r02-081-04-15,the
648,r02-081-05-00,catch
648,r02-081-05-01,home
648,r02-081-05-02,with
648,r02-081-05-04,click
648,r02-081-05-06,Cecil
648,r02-081-05-09,laden
648,r02-081-05-10,with
648,r02-081-06-00,both
648,r02-081-06-02,and
648,r02-081-06-06,away
648,r02-081-07-00,into
648,r02-081-07-01,the
114,b04-195-00-00,It
114,b04-195-00-01,could
114,b04-195-00-02,be
114,b04-195-00-03,curtain
114,b04-195-00-04,up
114,b04-195-00-05,on
114,b04-195-00-06,two
114,b04-195-00-07,success
114,b04-195-00-08,stories
114,b04-195-00-10,Of
114,b04-195-01-00,the
114,b04-195-01-01,old
114,b04-195-01-02,Palace
114,b04-195-01-04,And
114,b04-195-01-05,Barry
114,b04-195-01-06,and
114,b04-195-01-07,Eric
114,b04-195-01-09,DONS
114,b04-195-01-10,at
114,b04-195-02-01,want
114,b04-195-02-02,the
114,b04-195-02-03,study
114,b04-195-02-04,of
114,b04-195-02-06,to
114,b04-195-02-07,become
114,b04-195-03-00,an
114,b04-195-03-01,honours
114,b04-195-03-02,degree
114,b04-195-03-03,course
114,b04-195-03-05,Farming
114,b04-195-03-06,is
114,b04-195-04-00,most
114,b04-195-04-01,vital
114,b04-195-04-04,It
114,b04-195-04-05,is
114,b04-195-05-00,on
114,b04-195-05-01,new
114,b04-195-05-04,and
114,b04-195-05-05,on
114,b04-195-05-06,the
114,b04-195-05-08,to
114,b04-195-06-00,provide
114,b04-195-06-01,men
114,b04-195-06-02,of
114,b04-195-06-04,and
114,b04-195-06-05,skill
157,c04-004-00-01,have
157,c04-004-00-03,hunch
157,c04-004-00-04,that
157,c04-004-00-05,he
157,c04-004-00-06,will
157,c04-004-00-07,feel
157,c04-004-00-08,more
157,c04-004-00-09,at
157,c04-004-00-10,home
157,c04-004-00-11,in
157,c04-004-00-12,the
157,c04-004-01-00,old
157,c04-004-01-03,West
157,c04-004-01-04,End
157,c04-004-01-05,than
157,c04-004-01-06,he
157,c04-004-01-07,will
157,c04-004-01-08,ever
157,c04-004-01-09,feel
157,c04-004-01-10,in
157,c04-004-02-02,His
157,c04-004-02-04,bosses
157,c04-004-02-07,Fox
157,c04-004-02-09,have
157,c04-004-03-01,given
157,c04-004-03-02,Frankie
157,c04-004-03-03,the
157,c04-004-03-04,full
157,c04-004-04-02,But
157,c04-004-04-03,they
157,c04-004-04-05,done
157,c04-004-04-07,thing
157,c04-004-04-08,for
157,c04-004-04-09,his
157,c04-004-04-10,film
157,c04-004-05-00,career
157,c04-004-05-01,that
157,c04-004-05-02,Anna
157,c04-004-05-03,Neagle
157,c04-004-05-04,and
157,c04-004-05-05,Herbert
157,c04-004-05-06,Wilcox
157,c04-004-05-07,were
157,c04-004-05-08,not
157,c04-004-06-00,doing
157,c04-004-06-01,better
157,c04-004-06-02,here
157,c04-004-06-04,before
157,c04-004-06-05,the
157,c04-004-07-00,carrot
157,c04-004-07-01,was
157,c04-004-07-02,dangled
157,c04-004-07-03,before
157,c04-004-07-04,his
157,c04-004-07-05,nose
341,g06-011j-00-00,By
341,g06-011j-00-01,the
341,g06-011j-00-02,end
341,g06-011j-00-03,of
341,g06-011j-00-04,the
341,g06-011j-00-05,month
341,g06-011j-00-06,he
341,g06-011j-00-07,still
341,g06-011j-00-09,in
341,g06-011j-01-00,Naples
341,g06-011j-01-02,He
341,g06-011j-01-03,told
341,g06-011j-01-05,that
341,g06-011j-01-06,he
341,g06-011j-01-07,enjoyed
341,g06-011j-02-00,it
341,g06-011j-02-01,as
341,g06-011j-02-02,much
341,g06-011j-02-03,as
341,g06-011j-02-04,his
341,g06-011j-02-05,health
341,g06-011j-02-07,him
341,g06-011j-02-08,to
341,g06-011j-03-00,enjoy
341,g06-011j-03-04,The
341,g06-011j-03-05,Pearl
341,g06-011j-03-08,he
341,g06-011j-03-09,wrote
341,g06-011j-03-12,is
341,g06-011j-03-13,arrived
341,g06-011j-04-00,which
341,g06-011j-04-01,is
341,g06-011j-04-03,great
341,g06-011j-04-07,seems
341,g06-011j-05-00,to
341,g06-011j-05-01,be
341,g06-011j-05-02,tired
341,g06-011j-05-04,he
341,g06-011j-05-05,is
341,g06-011j-05-06,going
341,g06-011j-05-07,out
341,g06-011j-05-08,fast
341,g06-011j-05-11,What
341,g06-011j-06-01,gay
341,g06-011j-06-03,lively
341,g06-011j-06-04,people
341,g06-011j-06-06,and
341,g06-011j-06-07,what
341,g06-011j-06-09,busy
341,g06-011j-06-10,town
341,g06-011j-07-00,At
341,g06-011j-07-01,Rome
341,g06-011j-07-03,every
341,g06-011j-07-04,other
341,g06-011j-07-05,man
341,g06-011j-07-06,was
341,g06-011j-07-08,priest
341,g06-011j-08-00,here
341,g06-011j-08-01,the
341,g06-011j-08-02,priest
341,g06-011j-08-03,is
341,g06-011j-08-05,by
341,g06-011j-08-06,the
341,g06-011j-09-00,soldier
341,g06-011j-09-04,change
341,g06-011j-09-05,in
341,g06-011j-09-06,my
341,g06-011j-09-07,eye
341,g06-011j-10-01,as
341,g06-011j-10-02,the
341,g06-011j-10-03,troops
341,g06-011j-10-04,are
341,g06-011j-10-05,very
341,g06-011j-10-06,fine
1,a01-000x-00-01,MOVE
1,a01-000x-00-02,to
1,a01-000x-00-03,stop
1,a01-000x-00-06,from
1,a01-000x-01-00,any
1,a01-000x-01-01,more
1,a01-000x-01-02,Labour
1,a01-000x-01-03,life
1,a01-000x-01-04,Peers
1,a01-000x-01-05,is
1,a01-000x-01-06,to
1,a01-000x-01-07,be
1,a01-000x-01-08,made
1,a01-000x-01-09,at
1,a01-000x-02-00,meeting
1,a01-000x-02-01,of
1,a01-000x-02-02,Labour
1,a01-000x-02-07,Michael
1,a01-000x-03-00,Foot
1,a01-000x-03-01,has
1,a01-000x-03-02,put
1,a01-000x-03-03,down
1,a01-000x-03-06,on
1,a01-000x-03-07,the
1,a01-000x-03-08,subject
1,a01-000x-04-00,and
1,a01-000x-04-01,he
1,a01-000x-04-02,is
1,a01-000x-04-03,to
1,a01-000x-04-04,be
1,a01-000x-04-05,backed
1,a01-000x-04-06,by
1,a01-000x-04-08,Will
1,a01-000x-05-01,for
155,c03-081f-00-02,the
155,c03-081f-00-04,has
155,c03-081f-01-01,error
155,c03-081f-01-02,in
155,c03-081f-01-04,Irene
155,c03-081f-01-05,to
155,c03-081f-01-06,speak
155,c03-081f-02-00,for
155,c03-081f-02-01,herself
155,c03-081f-02-03,we
155,c03-081f-02-04,would
155,c03-081f-02-05,be
155,c03-081f-02-07,clearer
155,c03-081f-03-00,in
155,c03-081f-03-01,our
155,c03-081f-03-02,minds
155,c03-081f-03-03,about
155,c03-081f-03-04,her
155,c03-081f-03-05,if
155,c03-081f-03-06,she
155,c03-081f-04-00,flawed
155,c03-081f-04-01,but
155,c03-081f-04-03,enigma
155,c03-081f-04-05,seen
155,c03-081f-04-06,but
155,c03-081f-04-07,not
155,c03-081f-05-00,heard
155,c03-081f-05-02,However
155,c03-081f-05-04,Miss
155,c03-081f-05-05,Pinkie
155,c03-081f-06-00,makes
155,c03-081f-06-01,her
155,c03-081f-06-02,few
155,c03-081f-06-03,brief
155,c03-081f-06-04,scenes
155,c03-081f-06-07,and
155,c03-081f-07-02,Landen
155,c03-081f-07-04,in
155,c03-081f-07-05,the
155,c03-081f-07-06,longest
155,c03-081f-07-07,and
155,c03-081f-07-08,most
155,c03-081f-08-01,role
155,c03-081f-08-03,that
155,c03-081f-08-04,of
155,c03-081f-08-05,the
155,c03-081f-08-08,gives
155,c03-081f-09-01,of
155,c03-081f-09-02,rare
155,c03-081f-09-04,and
125,b06-056-00-00,They
125,b06-056-00-02,every
125,b06-056-00-03,effort
125,b06-056-00-04,to
125,b06-056-00-05,fight
125,b06-056-00-06,for
125,b06-056-00-07,the
125,b06-056-01-03,while
125,b06-056-02-00,around
125,b06-056-02-02,to
125,b06-056-02-04,them
125,b06-056-02-05,next
125,b06-056-03-00,time
125,b06-056-03-03,of
125,b06-056-03-04,the
125,b06-056-03-06,issue
125,b06-056-04-00,by
125,b06-056-04-02,of
125,b06-056-04-03,the
125,b06-056-05-00,the
125,b06-056-05-02,of
125,b06-056-05-04,pseudo
125,b06-056-05-05,third
125,b06-056-05-06,way
125,b06-056-06-00,and
125,b06-056-06-01,the
125,b06-056-06-02,call
125,b06-056-06-03,for
125,b06-056-06-04,party
125,b06-056-06-05,unity
125,b06-056-06-07,in
125,b06-056-06-08,effect
125,b06-056-07-01,demand
125,b06-056-07-02,that
125,b06-056-07-03,the
125,b06-056-07-05,unite
125,b06-056-08-00,with
125,b06-056-08-01,the
125,b06-056-08-03,on
125,b06-056-08-04,their
125,b06-056-08-05,policy
125,b06-056-09-00,and
125,b06-056-09-01,no
125,b06-056-09-02,other
125,b06-056-09-03,seems
125,b06-056-09-04,to
125,b06-056-09-05,have
125,b06-056-09-06,done
125,b06-056-09-07,the
125,b06-056-10-00,trick
125,b06-056-10-01,of
125,b06-056-10-02,moving
125,b06-056-10-04,number
125,b06-056-10-05,of
125,b06-056-10-06,unions
165,c04-080-00-00,Then
165,c04-080-00-01,he
165,c04-080-00-02,tried
165,c04-080-00-03,it
165,c04-080-00-04,out
165,c04-080-00-05,for
165,c04-080-00-06,sound
165,c04-080-01-02,it
165,c04-080-01-03,went
165,c04-080-01-06,flat
165,c04-080-01-07,and
165,c04-080-01-08,jangly
165,c04-080-01-09,in
165,c04-080-02-00,part
165,c04-080-02-04,He
165,c04-080-02-05,put
165,c04-080-02-06,the
165,c04-080-02-07,sound
165,c04-080-02-08,on
165,c04-080-02-09,tape
165,c04-080-02-11,The
165,c04-080-03-00,tape
165,c04-080-03-01,went
165,c04-080-03-02,to
165,c04-080-03-03,the
165,c04-080-03-04,Philips
165,c04-080-03-05,company
165,c04-080-03-07,Within
165,c04-080-03-08,two
165,c04-080-04-00,days
165,c04-080-04-02,Lisbon
165,c04-080-04-03,had
165,c04-080-04-05,record
165,c04-080-04-08,And
165,c04-080-04-09,they
165,c04-080-05-00,hauled
165,c04-080-05-01,his
165,c04-080-05-03,joanna
165,c04-080-05-04,the
165,c04-080-06-00,miles
165,c04-080-06-01,to
165,c04-080-06-02,London
165,c04-080-06-03,for
165,c04-080-06-04,his
165,c04-080-06-05,first
165,c04-080-06-06,session
61,a04-050-00-00,Mr
61,a04-050-00-02,said
61,a04-050-00-03,that
61,a04-050-00-05,member
61,a04-050-00-06,of
61,a04-050-00-07,an
61,a04-050-00-09,could
61,a04-050-01-00,not
61,a04-050-01-01,deny
61,a04-050-01-03,to
61,a04-050-01-04,nations
61,a04-050-01-05,to
61,a04-050-01-06,which
61,a04-050-01-07,it
61,a04-050-01-08,was
61,a04-050-02-00,allied
61,a04-050-02-02,But
61,a04-050-02-04,should
61,a04-050-02-05,be
61,a04-050-02-06,free
61,a04-050-02-07,to
61,a04-050-03-00,and
61,a04-050-03-01,refuse
61,a04-050-03-03,with
61,a04-050-03-04,which
61,a04-050-03-05,they
61,a04-050-03-06,did
61,a04-050-03-07,not
61,a04-050-04-00,agree
61,a04-050-04-02,The
61,a04-050-04-03,Labour
61,a04-050-04-04,Party
61,a04-050-04-05,opposed
61,a04-050-04-06,Thor
61,a04-050-04-09,because
61,a04-050-05-00,he
61,a04-050-05-01,said
61,a04-050-05-03,they
61,a04-050-05-04,were
61,a04-050-05-05,out
61,a04-050-05-06,of
61,a04-050-05-07,date
61,a04-050-05-08,and
61,a04-050-05-10,and
61,a04-050-06-00,would
61,a04-050-06-01,attract
61,a04-050-06-02,enemy
61,a04-050-06-03,action
0,a05-013-00-00,The
0,a05-013-00-01,scheme
0,a05-013-00-02,will
0,a05-013-00-03,be
0,a05-013-00-04,subject
0,a05-013-00-05,to
0,a05-013-00-06,Cabinet
0,a05-013-01-04,remains
0,a05-013-02-00,vinced
0,a05-013-02-01,that
0,a05-013-02-02,the
0,a05-013-02-03,policy
0,a05-013-02-05,in
0,a05-013-03-02,in
0,a05-013-03-05,time
0,a05-013-03-06,as
0,a05-013-04-00,of
0,a05-013-04-01,Defence
0,a05-013-04-04,still
0,a05-013-04-05,correct
0,a05-013-04-07,This
0,a05-013-04-08,was
0,a05-013-04-09,to
0,a05-013-05-00,return
0,a05-013-05-01,to
0,a05-013-05-02,the
0,a05-013-05-04,of
0,a05-013-06-01,forces
0,a05-013-06-03,with
0,a05-013-06-04,the
0,a05-013-06-05,last
0,a05-013-07-01,out
0,a05-013-07-02,of
0,a05-013-07-03,uniform
0,a05-013-07-04,by
0,a05-013-07-05,the
0,a05-013-07-06,end
0,a05-013-08-00,of
671,r06-137-00-00,The
671,r06-137-00-01,doorman
671,r06-137-00-02,turned
671,r06-137-00-03,his
671,r06-137-01-00,to
671,r06-137-01-01,the
671,r06-137-01-02,next
671,r06-137-01-04,emerger
671,r06-137-01-05,from
671,r06-137-01-06,the
671,r06-137-02-00,dark
671,r06-137-02-02,and
671,r06-137-02-03,we
671,r06-137-02-04,went
671,r06-137-02-05,on
671,r06-137-02-07,to
671,r06-137-03-00,the
671,r06-137-03-01,station
671,r06-137-03-03,the
671,r06-137-03-05,silent
671,r06-137-03-06,because
671,r06-137-04-00,of
671,r06-137-04-01,the
671,r06-137-04-02,cruelty
671,r06-137-04-03,of
671,r06-137-04-04,the
671,r06-137-04-05,world
671,r06-137-04-07,Finally
671,r06-137-05-00,said
671,r06-137-05-02,her
671,r06-137-05-03,eyes
671,r06-137-05-04,wet
671,r06-137-05-05,again
671,r06-137-05-09,think
671,r06-137-05-10,its
671,r06-137-05-11,all
671,r06-137-06-01,beastly
671,r06-137-06-03,and
671,r06-137-06-06,bear
671,r06-137-06-07,to
671,r06-137-06-08,think
671,r06-137-07-00,about
671,r06-137-07-01,it
671,r06-137-07-04,And
671,r06-137-07-05,Philip
671,r06-137-07-06,said
671,r06-137-07-09,But
671,r06-137-07-10,we
671,r06-137-07-12,got
671,r06-137-08-00,to
671,r06-137-08-01,think
671,r06-137-08-02,about
671,r06-137-08-03,it
671,r06-137-08-06,you
671,r06-137-08-07,see
671,r06-137-08-09,because
671,r06-137-09-00,if
671,r06-137-09-01,we
671,r06-137-09-03,it
671,r06-137-09-05,just
671,r06-137-09-06,go
671,r06-137-09-07,on
671,r06-137-09-08,and
671,r06-137-09-09,on
671,r06-137-10-00,you
671,r06-137-10-01,see
119,b05-074-00-00,They
119,b05-074-00-01,really
119,b05-074-00-03,that
119,b05-074-00-04,the
119,b05-074-00-05,Treaty
119,b05-074-00-06,of
119,b05-074-01-00,was
119,b05-074-01-01,an
119,b05-074-01-05,When
119,b05-074-01-06,they
119,b05-074-01-07,burst
119,b05-074-01-08,into
119,b05-074-02-02,Poland
119,b05-074-02-04,Holland
119,b05-074-02-06,Belgium
119,b05-074-02-07,and
119,b05-074-02-08,France
119,b05-074-03-00,they
119,b05-074-03-01,really
119,b05-074-03-03,Hitler
119,b05-074-03-04,when
119,b05-074-03-05,he
119,b05-074-03-07,at
119,b05-074-04-00,them
119,b05-074-04-01,that
119,b05-074-04-02,they
119,b05-074-04-03,were
119,b05-074-04-04,being
119,b05-074-04-09,They
119,b05-074-04-10,really
119,b05-074-05-01,in
119,b05-074-05-02,the
119,b05-074-05-03,moral
119,b05-074-05-05,of
119,b05-074-05-07,The
119,b05-074-05-08,New
119,b05-074-06-00,Order
119,b05-074-06-02,which
119,b05-074-06-03,Himmler
119,b05-074-06-04,on
119,b05-074-06-05,October
119,b05-074-07-00,thus
119,b05-074-07-03,Whether
119,b05-074-07-04,nations
119,b05-074-07-05,live
119,b05-074-07-06,in
119,b05-074-07-08,or
119,b05-074-07-09,starve
119,b05-074-08-00,to
119,b05-074-08-01,death
119,b05-074-08-02,like
119,b05-074-08-03,cattle
119,b05-074-08-05,me
119,b05-074-08-06,only
119,b05-074-08-07,in
119,b05-074-08-08,so
119,b05-074-08-09,far
119,b05-074-08-10,as
119,b05-074-08-11,we
119,b05-074-09-00,need
119,b05-074-09-01,them
119,b05-074-09-02,as
119,b05-074-09-03,slaves
119,b05-074-09-04,to
119,b05-074-09-06,our
119,b05-074-09-07,Kultur
119,b05-074-10-00,it
119,b05-074-10-01,is
119,b05-074-10-02,of
119,b05-074-10-03,no
119,b05-074-10-05,to
119,b05-074-10-06,me
671,r06-111-00-01,lives
671,r06-111-00-02,in
671,r06-111-00-04,white
671,r06-111-00-05,house
671,r06-111-01-01,the
671,r06-111-01-03,brown
671,r06-111-01-04,tides
671,r06-111-02-00,of
671,r06-111-02-01,the
671,r06-111-02-02,river
671,r06-111-02-04,She
671,r06-111-02-05,helped
671,r06-111-02-06,me
671,r06-111-02-07,clean
671,r06-111-02-08,up
671,r06-111-02-09,my
671,r06-111-03-00,flat
671,r06-111-03-01,with
671,r06-111-03-04,which
671,r06-111-03-05,said
671,r06-111-03-06,that
671,r06-111-04-00,she
671,r06-111-04-01,felt
671,r06-111-04-02,small
671,r06-111-04-03,flats
671,r06-111-04-04,were
671,r06-111-04-06,more
671,r06-111-05-01,than
671,r06-111-05-02,large
671,r06-111-05-03,houses
671,r06-111-05-05,We
671,r06-111-05-06,drank
671,r06-111-06-00,tea
671,r06-111-06-02,and
671,r06-111-06-03,talked
671,r06-111-06-04,mainly
671,r06-111-06-05,about
671,r06-111-06-06,Philip
671,r06-111-06-08,who
671,r06-111-07-00,being
671,r06-111-07-03,has
671,r06-111-07-04,pure
671,r06-111-07-05,stern
671,r06-111-07-06,tastes
671,r06-111-07-07,in
671,r06-111-08-00,thing
671,r06-111-08-01,from
671,r06-111-08-02,food
671,r06-111-08-03,to
671,r06-111-08-04,music
231,e04-015-00-00,Cut
231,e04-015-00-01,this
231,e04-015-00-02,piece
231,e04-015-00-03,of
231,e04-015-00-05,so
231,e04-015-00-06,that
231,e04-015-00-07,it
231,e04-015-01-00,fits
231,e04-015-01-01,up
231,e04-015-01-02,against
231,e04-015-01-03,the
231,e04-015-01-04,front
231,e04-015-01-05,legs
231,e04-015-01-06,of
231,e04-015-01-07,the
231,e04-015-02-00,chair
231,e04-015-02-02,The
231,e04-015-02-03,seat
231,e04-015-02-04,rests
231,e04-015-02-05,across
231,e04-015-02-06,the
231,e04-015-02-07,upper
231,e04-015-02-08,two
231,e04-015-03-00,cross
231,e04-015-03-01,pieces
231,e04-015-03-02,and
231,e04-015-03-03,is
231,e04-015-03-04,made
231,e04-015-03-05,of
231,e04-015-03-08,plywood
231,e04-015-04-00,glued
231,e04-015-04-01,and
231,e04-015-04-02,panel
231,e04-015-04-03,pinned
231,e04-015-04-04,in
231,e04-015-05-00,being
231,e04-015-05-01,taken
231,e04-015-05-03,from
231,e04-015-05-04,the
231,e04-015-05-05,work
231,e04-015-06-00,shows
231,e04-015-06-01,the
231,e04-015-06-03,for
231,e04-015-06-04,the
231,e04-015-06-05,back
231,e04-015-06-06,which
231,e04-015-07-00,is
231,e04-015-07-01,made
231,e04-015-07-02,from
231,e04-015-07-06,by
231,e04-015-07-09,timber
0,a05-039-00-00,There
0,a05-039-00-01,was
0,a05-039-00-05,per
0,a05-039-00-07,swing
0,a05-039-01-00,towards
0,a05-039-01-01,the
0,a05-039-01-03,party
0,a05-039-01-04,of
0,a05-039-02-00,the
0,a05-039-02-01,Prime
0,a05-039-02-04,This
0,a05-039-02-05,implies
0,a05-039-02-06,the
0,a05-039-03-01,of
0,a05-039-03-02,the
0,a05-039-03-04,party
0,a05-039-03-05,from
0,a05-039-04-00,the
0,a05-039-04-01,House
0,a05-039-04-03,Early
0,a05-039-04-04,results
0,a05-039-04-05,in
0,a05-039-05-00,general
0,a05-039-05-02,showed
0,a05-039-05-04,being
0,a05-039-06-01,in
0,a05-039-06-02,their
0,a05-039-06-05,like
0,a05-039-07-00,fontein
0,a05-039-07-01,and
0,a05-039-07-02,the
0,a05-039-07-05,with
0,a05-039-08-03,In
0,a05-039-08-04,the
0,a05-039-08-05,Cape
0,a05-039-08-07,the
0,a05-039-09-00,veteran
0,a05-039-09-01,United
0,a05-039-09-02,Party
0,a05-039-09-06,Harry
0,a05-039-10-03,as
0,a05-039-10-07,was
89,b01-027-00-00,THE
89,b01-027-00-01,Queen
89,b01-027-00-02,and
89,b01-027-00-03,the
89,b01-027-00-04,Duke
89,b01-027-00-05,of
89,b01-027-00-07,come
89,b01-027-00-08,home
89,b01-027-01-00,tonight
89,b01-027-01-01,from
89,b01-027-01-02,their
89,b01-027-01-03,tour
89,b01-027-01-04,in
89,b01-027-01-05,the
89,b01-027-01-06,East
89,b01-027-01-08,The
89,b01-027-02-01,and
89,b01-027-02-02,the
89,b01-027-02-03,ritual
89,b01-027-02-05,of
89,b01-027-02-06,beasts
89,b01-027-03-00,have
89,b01-027-03-01,taken
89,b01-027-03-02,the
89,b01-027-03-04,in
89,b01-027-03-05,this
89,b01-027-03-06,country
89,b01-027-04-02,the
89,b01-027-04-03,tour
89,b01-027-04-04,has
89,b01-027-04-05,been
89,b01-027-04-06,an
89,b01-027-04-07,immense
89,b01-027-05-00,success
89,b01-027-05-02,The
89,b01-027-05-03,Queen
89,b01-027-05-04,has
89,b01-027-05-05,won
89,b01-027-05-07,triumph
89,b01-027-05-09,It
89,b01-027-06-00,would
89,b01-027-06-01,be
89,b01-027-06-03,if
89,b01-027-06-04,such
89,b01-027-06-05,cruel
89,b01-027-06-06,and
89,b01-027-06-07,feudal
89,b01-027-07-01,as
89,b01-027-07-02,tiger
89,b01-027-07-03,and
89,b01-027-07-04,rhino
89,b01-027-07-05,hunts
89,b01-027-07-06,were
89,b01-027-08-00,dropped
89,b01-027-08-01,from
89,b01-027-08-02,future
89,b01-027-08-03,Royal
25,a02-027-00-00,The
25,a02-027-00-01,stores
25,a02-027-00-02,had
25,a02-027-00-03,been
25,a02-027-00-04,hit
25,a02-027-00-05,by
25,a02-027-00-06,the
25,a02-027-00-07,same
25,a02-027-00-08,strike
25,a02-027-00-09,wave
25,a02-027-01-00,that
25,a02-027-01-01,has
25,a02-027-01-03,the
25,a02-027-01-04,port
25,a02-027-01-05,of
25,a02-027-01-07,for
25,a02-027-01-08,the
25,a02-027-01-09,past
25,a02-027-02-00,week
25,a02-027-02-02,Root
25,a02-027-02-03,of
25,a02-027-02-04,the
25,a02-027-02-07,The
25,a02-027-02-09,Budget
25,a02-027-03-03,savings
25,a02-027-03-04,scheme
25,a02-027-03-05,which
25,a02-027-03-06,the
25,a02-027-04-00,Ghana
25,a02-027-04-03,in
25,a02-027-04-04,July
25,a02-027-04-07,strong
25,a02-027-05-00,man
25,a02-027-05-01,is
25,a02-027-05-02,not
25,a02-027-05-03,here
25,a02-027-05-04,to
25,a02-027-05-05,face
25,a02-027-05-06,the
25,a02-027-05-07,storm
25,a02-027-05-10,Nkrumah
25,a02-027-06-00,having
25,a02-027-06-01,made
25,a02-027-06-02,his
25,a02-027-06-04,to
25,a02-027-06-05,the
25,a02-027-07-00,in
25,a02-027-07-03,has
25,a02-027-07-04,resumed
25,a02-027-07-05,his
25,a02-027-07-06,holiday
25,a02-027-07-07,on
25,a02-027-07-08,the
25,a02-027-07-09,Black
25,a02-027-08-00,Sea
25,a02-027-08-01,and
25,a02-027-08-02,no
25,a02-027-08-03,one
25,a02-027-08-04,here
25,a02-027-08-06,to
25,a02-027-08-07,know
25,a02-027-08-08,when
25,a02-027-08-09,he
25,a02-027-09-00,will
25,a02-027-09-01,return
131,c06-095-00-01,That
131,c06-095-00-03,how
131,c06-095-00-05,got
131,c06-095-00-06,into
131,c06-095-00-07,all
131,c06-095-00-08,this
131,c06-095-00-09,trouble
131,c06-095-01-01,He
131,c06-095-01-03,got
131,c06-095-01-04,to
131,c06-095-01-05,be
131,c06-095-01-09,says
131,c06-095-01-10,Bobby
131,c06-095-01-11,Darin
131,c06-095-02-00,the
131,c06-095-02-01,chief
131,c06-095-02-03,of
131,c06-095-02-04,the
131,c06-095-03-00,Jeep
131,c06-095-03-02,as
131,c06-095-03-03,they
131,c06-095-03-06,to
131,c06-095-04-00,get
131,c06-095-04-01,rid
131,c06-095-04-02,of
131,c06-095-04-03,old
131,c06-095-04-04,man
131,c06-095-04-06,solid
131,c06-095-04-07,Rock
131,c06-095-04-10,How
131,c06-095-05-00,many
131,c06-095-05-01,hills
131,c06-095-05-02,can
131,c06-095-05-03,he
131,c06-095-05-04,take
131,c06-095-05-07,Of
131,c06-095-05-08,course
131,c06-095-06-00,Hudson
131,c06-095-06-01,can
131,c06-095-06-02,take
131,c06-095-06-03,one
131,c06-095-06-04,more
131,c06-095-06-05,hill
131,c06-095-06-06,than
131,c06-095-06-07,the
111,b04-128-00-00,Top
111,b04-128-00-01,of
111,b04-128-00-02,the
111,b04-128-00-03,table
111,b04-128-00-05,at
111,b04-128-00-06,the
111,b04-128-00-07,moment
111,b04-128-00-09,is
111,b04-128-00-10,the
111,b04-128-01-00,Then
111,b04-128-01-01,comes
111,b04-128-01-05,by
111,b04-128-01-06,iron
111,b04-128-01-07,and
111,b04-128-01-08,steel
111,b04-128-02-00,Even
111,b04-128-02-01,the
111,b04-128-02-02,staid
111,b04-128-02-03,and
111,b04-128-02-04,timid
111,b04-128-02-06,is
111,b04-128-02-07,cheered
111,b04-128-02-08,by
111,b04-128-02-09,the
111,b04-128-03-01,upsurge
111,b04-128-03-02,in
111,b04-128-03-05,It
111,b04-128-03-06,reports
111,b04-128-03-07,that
111,b04-128-03-08,new
111,b04-128-04-00,factory
111,b04-128-04-02,this
111,b04-128-04-03,year
111,b04-128-04-04,is
111,b04-128-04-05,likely
111,b04-128-04-06,to
111,b04-128-04-07,be
111,b04-128-04-09,per
111,b04-128-04-10,cent
111,b04-128-05-00,up
111,b04-128-05-01,on
111,b04-128-05-06,men
111,b04-128-05-07,are
111,b04-128-05-08,right
111,b04-128-05-09,to
111,b04-128-05-10,back
111,b04-128-06-00,their
111,b04-128-06-01,faith
111,b04-128-06-02,with
111,b04-128-06-03,cash
645,r02-070-00-00,Cecil
645,r02-070-00-01,frowned
645,r02-070-00-02,in
645,r02-070-00-04,as
645,r02-070-00-05,he
645,r02-070-00-07,upon
645,r02-070-00-08,the
645,r02-070-01-01,to
645,r02-070-01-02,find
645,r02-070-01-03,no
645,r02-070-01-06,no
645,r02-070-01-09,in
645,r02-070-01-10,fact
645,r02-070-01-11,no
645,r02-070-01-12,five
645,r02-070-01-13,pound
645,r02-070-01-14,notes
645,r02-070-02-00,at
645,r02-070-02-01,all
645,r02-070-02-03,He
645,r02-070-02-04,was
645,r02-070-02-05,holding
645,r02-070-02-07,paper
645,r02-070-02-08,booklet
645,r02-070-02-10,the
645,r02-070-02-11,top
645,r02-070-02-12,sheet
645,r02-070-02-13,of
645,r02-070-02-14,which
645,r02-070-03-00,bore
645,r02-070-03-02,in
645,r02-070-03-03,large
645,r02-070-03-05,type
645,r02-070-03-07,the
645,r02-070-03-08,words
645,r02-070-05-00,COURSE
645,r02-070-05-04,He
645,r02-070-05-05,ruffled
645,r02-070-05-06,the
645,r02-070-05-07,sheets
645,r02-070-05-09,and
645,r02-070-06-01,at
645,r02-070-06-02,his
645,r02-070-06-03,own
645,r02-070-06-04,breach
645,r02-070-06-05,of
645,r02-070-06-06,social
340,g06-026i-00-02,life
340,g06-026i-00-03,truly
340,g06-026i-00-06,It
340,g06-026i-00-07,so
340,g06-026i-00-08,happens
340,g06-026i-00-09,that
340,g06-026i-00-11,have
340,g06-026i-01-00,an
340,g06-026i-01-01,Italian
340,g06-026i-01-02,who
340,g06-026i-01-03,is
340,g06-026i-01-04,perhaps
340,g06-026i-01-05,the
340,g06-026i-01-06,best
340,g06-026i-01-07,Valet
340,g06-026i-01-08,de
340,g06-026i-01-09,Chambre
340,g06-026i-02-00,that
340,g06-026i-02-01,ever
340,g06-026i-02-02,was
340,g06-026i-02-04,But
340,g06-026i-02-05,he
340,g06-026i-02-06,has
340,g06-026i-02-07,not
340,g06-026i-02-08,one
340,g06-026i-02-09,word
340,g06-026i-02-10,of
340,g06-026i-02-11,English
340,g06-026i-03-00,While
340,g06-026i-03-01,he
340,g06-026i-03-02,was
340,g06-026i-03-03,writing
340,g06-026i-03-04,this
340,g06-026i-03-05,letter
340,g06-026i-03-06,he
340,g06-026i-03-07,heard
340,g06-026i-03-08,of
340,g06-026i-03-09,the
340,g06-026i-03-10,fall
340,g06-026i-04-00,of
340,g06-026i-04-01,the
340,g06-026i-04-02,Whigs
340,g06-026i-04-04,and
340,g06-026i-04-05,the
340,g06-026i-04-08,of
340,g06-026i-04-09,the
340,g06-026i-05-01,by
340,g06-026i-05-02,the
340,g06-026i-05-03,Duke
340,g06-026i-05-04,of
255,f01-135-00-00,It
255,f01-135-00-01,is
255,f01-135-00-02,the
255,f01-135-00-04,to
255,f01-135-00-05,get
255,f01-135-00-06,things
255,f01-135-01-00,the
255,f01-135-01-01,wrong
255,f01-135-01-02,way
255,f01-135-01-03,round
255,f01-135-01-05,As
255,f01-135-02-02,am
255,f01-135-03-01,this
255,f01-135-04-00,in
255,f01-135-04-01,friends
255,f01-135-04-02,and
255,f01-135-05-00,They
255,f01-135-05-01,think
255,f01-135-05-02,there
255,f01-135-05-03,is
255,f01-135-06-02,queer
255,f01-135-06-04,about
255,f01-135-07-00,and
255,f01-135-07-01,this
255,f01-135-07-02,feeling
255,f01-135-07-03,of
255,f01-135-08-00,usually
255,f01-135-08-01,boils
255,f01-135-08-02,down
255,f01-135-08-03,to
255,f01-135-08-05,quite
255,f01-135-09-01,belief
255,f01-135-09-02,that
255,f01-135-09-03,the
255,f01-135-10-01,first
255,f01-135-10-02,looks
255,f01-135-10-03,into
0,a05-084-00-00,The
0,a05-084-00-02,now
0,a05-084-00-04,its
0,a05-084-00-07,The
0,a05-084-01-00,French
0,a05-084-01-01,doubts
0,a05-084-01-02,were
0,a05-084-01-03,more
0,a05-084-01-04,about
0,a05-084-02-00,than
0,a05-084-02-01,about
0,a05-084-02-04,The
0,a05-084-02-05,Prime
0,a05-084-03-01,of
0,a05-084-03-02,studied
0,a05-084-03-03,calm
0,a05-084-03-04,brought
0,a05-084-03-05,down
0,a05-084-03-06,the
0,a05-084-04-01,of
0,a05-084-04-02,the
0,a05-084-04-03,debate
0,a05-084-04-05,which
0,a05-084-04-06,never
0,a05-084-05-00,at
0,a05-084-05-01,any
0,a05-084-05-02,time
0,a05-084-05-03,rose
0,a05-084-05-04,to
0,a05-084-05-05,fever
0,a05-084-05-06,pitch
0,a05-084-05-08,to
0,a05-084-06-01,degree
0,a05-084-06-02,of
0,a05-084-07-03,speech
0,a05-084-07-04,the
0,a05-084-07-05,Earl
0,a05-084-08-00,of
0,a05-084-08-01,Home
0,a05-084-08-03,Foreign
0,a05-084-08-06,was
0,a05-084-09-00,in
0,a05-084-09-01,the
0,a05-084-09-03,Gallery
338,g06-018g-00-00,When
338,g06-018g-00-01,the
338,g06-018g-00-02,sailing
338,g06-018g-00-03,season
338,g06-018g-00-04,was
338,g06-018g-00-05,past
338,g06-018g-00-07,he
338,g06-018g-00-08,sent
338,g06-018g-00-09,Pearl
338,g06-018g-00-10,back
338,g06-018g-00-11,to
338,g06-018g-01-00,England
338,g06-018g-01-02,and
338,g06-018g-01-04,to
338,g06-018g-01-05,Rome
338,g06-018g-01-06,for
338,g06-018g-01-07,the
338,g06-018g-01-08,winter
338,g06-018g-01-10,In
338,g06-018g-01-11,late
338,g06-018g-02-02,he
338,g06-018g-02-03,was
338,g06-018g-02-06,as
338,g06-018g-02-07,usual
338,g06-018g-02-10,but
338,g06-018g-02-11,hoped
338,g06-018g-02-13,he
338,g06-018g-02-14,told
338,g06-018g-03-00,Arthur
338,g06-018g-03-03,to
338,g06-018g-03-04,find
338,g06-018g-03-05,this
338,g06-018g-03-06,place
338,g06-018g-03-07,agree
338,g06-018g-03-08,with
338,g06-018g-03-09,me
338,g06-018g-03-10,better
338,g06-018g-03-11,than
338,g06-018g-03-12,Naples
338,g06-018g-04-00,The
338,g06-018g-04-01,journey
338,g06-018g-04-02,has
338,g06-018g-04-03,been
338,g06-018g-04-04,against
338,g06-018g-04-05,me
338,g06-018g-04-07,as
338,g06-018g-04-08,there
338,g06-018g-04-09,has
338,g06-018g-04-10,been
338,g06-018g-04-11,much
338,g06-018g-05-00,rain
338,g06-018g-05-01,and
338,g06-018g-05-02,damp
338,g06-018g-05-04,but
338,g06-018g-05-05,the
338,g06-018g-05-07,is
338,g06-018g-05-08,high
338,g06-018g-05-11,have
338,g06-018g-05-12,not
338,g06-018g-06-00,yet
338,g06-018g-06-01,thought
338,g06-018g-06-02,of
338,g06-018g-06-04,fire
216,e01-113-00-02,Grasp
216,e01-113-00-03,thread
216,e01-113-00-04,near
216,e01-113-00-05,end
216,e01-113-00-06,between
216,e01-113-00-07,thumb
216,e01-113-01-00,and
216,e01-113-01-05,Make
216,e01-113-01-07,loop
216,e01-113-01-08,by
216,e01-113-02-00,lapping
216,e01-113-02-01,long
216,e01-113-02-02,thread
216,e01-113-02-03,over
216,e01-113-02-04,short
216,e01-113-02-05,thread
216,e01-113-03-02,Hold
216,e01-113-03-03,loop
216,e01-113-03-04,in
216,e01-113-03-05,place
216,e01-113-03-06,between
216,e01-113-03-07,thumb
216,e01-113-04-00,and
216,e01-113-04-09,Take
216,e01-113-04-10,hold
216,e01-113-05-00,of
216,e01-113-05-01,broad
216,e01-113-05-02,bar
216,e01-113-05-03,of
216,e01-113-05-04,hook
216,e01-113-05-05,as
216,e01-113-05-06,you
216,e01-113-05-07,would
216,e01-113-06-00,pencil
216,e01-113-06-02,Bring
216,e01-113-06-03,middle
216,e01-113-06-04,finger
216,e01-113-06-05,forward
216,e01-113-06-06,to
216,e01-113-07-00,rest
216,e01-113-07-01,near
216,e01-113-07-02,tip
216,e01-113-07-03,of
216,e01-113-07-04,hook
242,e04-114-00-00,Clean
242,e04-114-00-01,up
242,e04-114-00-02,with
242,e04-114-00-03,the
242,e04-114-00-04,plane
242,e04-114-00-05,ready
242,e04-114-00-06,for
242,e04-114-00-07,the
242,e04-114-00-08,bottom
242,e04-114-01-00,which
242,e04-114-01-01,is
242,e04-114-01-02,cut
242,e04-114-01-03,in
242,e04-114-01-04,one
242,e04-114-01-05,piece
242,e04-114-01-07,It
242,e04-114-01-08,should
242,e04-114-01-09,overlap
242,e04-114-01-10,just
242,e04-114-02-00,trifle
242,e04-114-02-02,this
242,e04-114-02-03,can
242,e04-114-02-04,be
242,e04-114-02-05,cleaned
242,e04-114-02-06,up
242,e04-114-02-07,later
242,e04-114-02-09,As
242,e04-114-02-10,you
242,e04-114-02-11,are
242,e04-114-03-01,and
242,e04-114-03-02,gluing
242,e04-114-03-03,this
242,e04-114-03-04,piece
242,e04-114-03-05,to
242,e04-114-03-06,the
242,e04-114-03-07,chines
242,e04-114-03-08,it
242,e04-114-03-09,is
242,e04-114-04-01,to
242,e04-114-04-02,be
242,e04-114-04-03,careful
242,e04-114-04-04,not
242,e04-114-04-05,to
242,e04-114-04-06,miss
242,e04-114-04-07,the
242,e04-114-04-08,chine
242,e04-114-04-09,with
242,e04-114-05-00,the
242,e04-114-05-01,screws
242,e04-114-05-04,prefer
242,e04-114-05-05,spacing
242,e04-114-05-06,screws
242,e04-114-05-09,apart
242,e04-114-05-10,for
242,e04-114-06-00,the
242,e04-114-06-01,bottom
242,e04-114-06-03,both
242,e04-114-06-04,for
242,e04-114-06-06,to
242,e04-114-06-07,the
242,e04-114-06-08,chines
242,e04-114-06-09,and
242,e04-114-07-00,the
242,e04-114-07-01,bottom
242,e04-114-07-02,shaped
242,e04-114-07-03,transom
242,e04-114-07-04,facing
334,g06-031c-00-02,What
334,g06-031c-00-05,event
334,g06-031c-00-08,he
334,g06-031c-00-09,wrote
334,g06-031c-00-13,tremble
334,g06-031c-01-00,What
334,g06-031c-01-05,am
334,g06-031c-01-08,but
334,g06-031c-01-10,really
334,g06-031c-02-00,tremble
334,g06-031c-02-01,for
334,g06-031c-02-02,my
334,g06-031c-02-03,country
334,g06-031c-02-06,may
334,g06-031c-02-07,be
334,g06-031c-03-00,cannot
334,g06-031c-03-01,but
334,g06-031c-03-02,fear
334,g06-031c-03-03,that
334,g06-031c-03-04,the
334,g06-031c-03-06,of
334,g06-031c-03-07,the
334,g06-031c-03-08,People
334,g06-031c-04-00,will
334,g06-031c-04-01,be
334,g06-031c-04-02,so
334,g06-031c-04-03,great
334,g06-031c-04-04,at
334,g06-031c-04-05,the
334,g06-031c-04-06,return
334,g06-031c-04-07,of
334,g06-031c-05-00,that
334,g06-031c-05-01,the
334,g06-031c-05-02,Commons
334,g06-031c-05-03,House
334,g06-031c-05-04,upon
334,g06-031c-05-08,which
334,g06-031c-06-00,must
334,g06-031c-06-01,be
334,g06-031c-06-02,had
334,g06-031c-06-04,will
334,g06-031c-06-05,be
334,g06-031c-06-07,mass
334,g06-031c-06-08,of
334,g06-031c-06-12,then
334,g06-031c-07-00,God
334,g06-031c-07-01,knows
334,g06-031c-07-02,what
334,g06-031c-07-03,may
334,g06-031c-07-04,happen
336,g06-037e-00-00,God
336,g06-037e-00-01,grant
336,g06-037e-00-03,however
336,g06-037e-00-05,that
336,g06-037e-00-07,may
336,g06-037e-00-08,be
336,g06-037e-00-10,false
336,g06-037e-00-11,prophet
336,g06-037e-00-13,that
336,g06-037e-01-00,all
336,g06-037e-01-01,may
336,g06-037e-01-02,go
336,g06-037e-01-03,well
336,g06-037e-01-05,Sir
336,g06-037e-01-07,Peel
336,g06-037e-01-08,was
336,g06-037e-01-09,here
336,g06-037e-01-14,but
336,g06-037e-02-00,an
336,g06-037e-02-01,express
336,g06-037e-02-02,took
336,g06-037e-02-03,him
336,g06-037e-02-04,off
336,g06-037e-03-00,While
336,g06-037e-03-01,he
336,g06-037e-03-02,was
336,g06-037e-03-03,in
336,g06-037e-03-04,Naples
336,g06-037e-03-05,there
336,g06-037e-03-06,had
336,g06-037e-03-07,opened
336,g06-037e-03-09,new
336,g06-037e-03-10,chapter
336,g06-037e-03-11,in
336,g06-037e-04-00,the
336,g06-037e-04-01,history
336,g06-037e-04-02,of
336,g06-037e-04-05,search
336,g06-037e-04-06,for
336,g06-037e-04-07,an
336,g06-037e-05-02,of
336,g06-037e-05-03,his
336,g06-037e-05-04,painful
336,g06-037e-05-05,malady
336,g06-037e-05-07,
336,g06-037e-05-08,of
336,g06-037e-05-09,the
336,g06-037e-06-03,to
336,g06-037e-06-04,which
336,g06-037e-06-05,he
336,g06-037e-06-06,had
336,g06-037e-06-07,been
336,g06-037e-07-01,ever
336,g06-037e-07-02,since
336,g06-037e-07-03,the
336,g06-037e-07-05,had
336,g06-037e-07-06,first
336,g06-037e-07-07,shown
336,g06-037e-08-00,selves
336,g06-037e-08-02,years
336,g06-037e-08-03,before
336,g06-037e-08-04,had
336,g06-037e-08-05,had
336,g06-037e-08-06,the
336,g06-037e-08-08,effect
91,b01-079-00-00,It
91,b01-079-00-01,is
91,b01-079-00-02,unjust
91,b01-079-00-03,to
91,b01-079-00-04,pass
91,b01-079-00-05,the
91,b01-079-00-06,buck
91,b01-079-00-07,to
91,b01-079-01-01,and
91,b01-079-01-02,the
91,b01-079-01-06,The
91,b01-079-02-01,rightly
91,b01-079-02-02,belongs
91,b01-079-02-03,to
91,b01-079-02-04,the
91,b01-079-02-05,nations
91,b01-079-03-00,which
91,b01-079-03-01,have
91,b01-079-03-03,the
91,b01-079-03-04,task
91,b01-079-03-05,of
91,b01-079-04-00,serving
91,b01-079-04-01,peace
91,b01-079-04-02,in
91,b01-079-04-03,the
91,b01-079-04-04,Congo
91,b01-079-04-06,That
91,b01-079-04-07,is
91,b01-079-04-08,not
91,b01-079-05-01,duty
91,b01-079-05-03,and
91,b01-079-05-04,the
91,b01-079-05-06,have
91,b01-079-05-07,every
91,b01-079-06-00,right
91,b01-079-06-01,to
91,b01-079-06-02,blame
91,b01-079-06-03,the
91,b01-079-06-05,unless
91,b01-079-06-06,they
91,b01-079-06-07,see
91,b01-079-07-00,it
91,b01-079-07-01,through
91,b01-079-07-03,When
91,b01-079-07-04,the
91,b01-079-07-05,United
91,b01-079-07-06,Nations
91,b01-079-08-02,to
91,b01-079-08-03,use
91,b01-079-08-04,force
91,b01-079-08-05,if
91,b01-079-08-07,to
91,b01-079-09-00,prevent
91,b01-079-09-01,civil
91,b01-079-09-02,war
91,b01-079-09-04,it
91,b01-079-09-05,was
91,b01-079-09-06,clear
91,b01-079-09-07,that
91,b01-079-09-08,new
91,b01-079-09-09,dangers
91,b01-079-10-00,would
91,b01-079-10-01,arise
91,b01-079-10-02,unless
91,b01-079-10-03,it
91,b01-079-10-04,gave
91,b01-079-10-05,him
91,b01-079-10-06,the
338,g06-050g-00-01,first
338,g06-050g-00-02,action
338,g06-050g-00-03,was
338,g06-050g-00-04,to
338,g06-050g-00-05,write
338,g06-050g-00-06,to
338,g06-050g-00-07,his
338,g06-050g-00-08,revered
338,g06-050g-00-09,master
338,g06-050g-01-00,at
338,g06-050g-01-03,near
338,g06-050g-01-04,Leipzig
338,g06-050g-01-06,asking
338,g06-050g-01-07,for
338,g06-050g-01-08,advice
338,g06-050g-01-10,In
338,g06-050g-01-11,doing
338,g06-050g-01-12,so
338,g06-050g-01-13,he
338,g06-050g-02-01,his
338,g06-050g-02-03,patient
338,g06-050g-02-04,and
338,g06-050g-02-05,his
338,g06-050g-02-08,He
338,g06-050g-02-09,told
338,g06-050g-03-01,that
338,g06-050g-03-02,he
338,g06-050g-03-03,found
338,g06-050g-03-06,strong
338,g06-050g-03-09,man
338,g06-050g-04-00,with
338,g06-050g-04-02,gentle
338,g06-050g-04-03,and
338,g06-050g-04-08,and
338,g06-050g-05-00,sedate
338,g06-050g-05-02,not
338,g06-050g-05-03,easily
338,g06-050g-05-06,patient
338,g06-050g-05-07,and
338,g06-050g-05-11,but
338,g06-050g-05-12,he
338,g06-050g-06-00,appears
338,g06-050g-06-01,to
338,g06-050g-06-02,despair
338,g06-050g-06-03,of
338,g06-050g-06-04,ever
338,g06-050g-06-05,being
338,g06-050g-06-06,cured
341,g06-050j-00-01,first
341,g06-050j-00-02,action
341,g06-050j-00-03,was
341,g06-050j-00-04,to
341,g06-050j-00-05,write
341,g06-050j-00-06,to
341,g06-050j-00-07,his
341,g06-050j-00-08,revered
341,g06-050j-01-00,master
341,g06-050j-01-01,at
341,g06-050j-01-04,near
341,g06-050j-01-05,Leipzig
341,g06-050j-01-07,asking
341,g06-050j-01-08,for
341,g06-050j-02-00,advice
341,g06-050j-02-02,In
341,g06-050j-02-03,doing
341,g06-050j-02-04,so
341,g06-050j-02-05,he
341,g06-050j-02-07,his
341,g06-050j-03-00,patient
341,g06-050j-03-01,and
341,g06-050j-03-02,his
341,g06-050j-03-05,He
341,g06-050j-03-06,told
341,g06-050j-04-00,that
341,g06-050j-04-01,he
341,g06-050j-04-02,found
341,g06-050j-04-05,strong
341,g06-050j-05-00,man
341,g06-050j-05-01,with
341,g06-050j-05-03,gentle
341,g06-050j-05-04,and
341,g06-050j-06-01,and
341,g06-050j-06-02,sedate
341,g06-050j-06-04,not
341,g06-050j-06-05,easily
341,g06-050j-07-02,patient
341,g06-050j-07-03,and
341,g06-050j-07-07,but
341,g06-050j-08-00,he
341,g06-050j-08-01,appears
341,g06-050j-08-02,to
341,g06-050j-08-03,despair
341,g06-050j-08-04,of
341,g06-050j-08-05,ever
341,g06-050j-08-06,being
341,g06-050j-09-00,cured
658,r03-007-00-00,It
658,r03-007-00-01,was
658,r03-007-00-04,of
658,r03-007-00-06,to
658,r03-007-00-07,be
658,r03-007-01-00,clothed
658,r03-007-01-01,leaf
658,r03-007-01-02,by
658,r03-007-01-03,leaf
658,r03-007-01-04,with
658,r03-007-01-05,the
658,r03-007-02-00,of
658,r03-007-02-03,Her
658,r03-007-02-04,first
658,r03-007-02-07,in
658,r03-007-03-00,the
658,r03-007-03-01,belief
658,r03-007-03-02,that
658,r03-007-03-03,all
658,r03-007-03-04,she
658,r03-007-03-05,need
658,r03-007-03-06,do
658,r03-007-03-07,was
658,r03-007-03-08,to
658,r03-007-03-09,go
658,r03-007-03-10,to
658,r03-007-04-00,an
658,r03-007-04-01,agent
658,r03-007-04-03,visit
658,r03-007-04-04,half
658,r03-007-04-06,dozen
658,r03-007-04-07,houses
658,r03-007-04-08,in
658,r03-007-04-09,one
658,r03-007-05-00,day
658,r03-007-05-02,choose
658,r03-007-05-03,one
658,r03-007-05-05,make
658,r03-007-05-06,an
658,r03-007-05-07,offer
658,r03-007-05-09,put
658,r03-007-05-10,it
658,r03-007-05-11,in
658,r03-007-06-00,the
658,r03-007-06-01,hands
658,r03-007-06-02,of
658,r03-007-06-04,lawyer
658,r03-007-06-05,and
658,r03-007-06-06,go
658,r03-007-06-07,away
658,r03-007-06-08,on
658,r03-007-06-09,her
658,r03-007-07-00,holiday
658,r03-007-07-01,while
658,r03-007-07-02,the
658,r03-007-07-03,whole
658,r03-007-07-05,was
658,r03-007-08-00,put
658,r03-007-08-01,through
649,r02-089-00-01,HELLO
649,r02-089-00-03,CECIL
649,r02-089-00-05,HAD
649,r02-089-00-07,busy
649,r02-089-00-08,day
649,r02-089-00-11,His
649,r02-089-00-12,mother
649,r02-089-00-13,came
649,r02-089-00-14,into
649,r02-089-01-00,the
649,r02-089-01-01,hall
649,r02-089-01-02,as
649,r02-089-01-03,he
649,r02-089-01-04,opened
649,r02-089-01-05,the
649,r02-089-01-06,front
649,r02-089-01-07,door
649,r02-089-01-09,He
649,r02-089-01-10,nodded
649,r02-089-02-00,and
649,r02-089-02-02,turning
649,r02-089-02-03,his
649,r02-089-02-04,back
649,r02-089-02-05,to
649,r02-089-02-06,her
649,r02-089-02-09,to
649,r02-089-02-10,slide
649,r02-089-02-11,the
649,r02-089-03-00,case
649,r02-089-03-01,into
649,r02-089-03-02,hiding
649,r02-089-03-03,between
649,r02-089-03-04,the
649,r02-089-04-00,and
649,r02-089-04-01,the
649,r02-089-04-03,brass
649,r02-089-05-00,which
649,r02-089-05-01,served
649,r02-089-05-03,as
649,r02-089-05-04,coat
649,r02-089-05-06,and
649,r02-089-06-00,brella
649,r02-089-06-01,stand
649,r02-089-06-04,You
649,r02-089-06-06,later
649,r02-089-06-07,than
649,r02-089-06-08,usual
649,r02-089-06-11,you
649,r02-089-07-00,His
649,r02-089-07-01,mother
649,r02-089-07-02,tidied
649,r02-089-07-03,her
649,r02-089-07-04,grey
649,r02-089-07-05,hair
649,r02-089-07-06,in
649,r02-089-07-07,the
649,r02-089-08-00,they
649,r02-089-08-01,had
649,r02-089-08-02,once
649,r02-089-08-04,as
649,r02-089-08-06,free
649,r02-089-08-07,gift
649,r02-089-08-08,in
649,r02-089-09-00,for
649,r02-089-09-01,the
649,r02-089-09-02,labels
649,r02-089-09-03,from
649,r02-089-09-04,half
649,r02-089-09-07,of
649,r02-089-10-00,Trunk
649,r02-089-10-01,and
649,r02-089-10-02,Greppes
649,r02-089-10-04,Tea
151,c03-016b-00-00,But
151,c03-016b-00-01,there
151,c03-016b-00-02,is
151,c03-016b-00-03,heart
151,c03-016b-00-04,in
151,c03-016b-00-05,the
151,c03-016b-00-06,telling
151,c03-016b-00-08,and
151,c03-016b-00-09,an
151,c03-016b-00-10,intense
151,c03-016b-01-00,realism
151,c03-016b-01-01,in
151,c03-016b-01-02,the
151,c03-016b-01-06,young
151,c03-016b-01-07,girl
151,c03-016b-01-08,lives
151,c03-016b-01-09,in
151,c03-016b-02-01,single
151,c03-016b-02-02,dingy
151,c03-016b-02-03,room
151,c03-016b-02-04,with
151,c03-016b-02-05,her
151,c03-016b-03-01,mother
151,c03-016b-03-03,In
151,c03-016b-03-04,such
151,c03-016b-03-06,she
151,c03-016b-04-00,learns
151,c03-016b-04-01,sex
151,c03-016b-04-02,is
151,c03-016b-04-04,sordid
151,c03-016b-04-06,and
151,c03-016b-04-07,when
151,c03-016b-04-08,she
151,c03-016b-05-01,it
151,c03-016b-05-02,for
151,c03-016b-05-03,the
151,c03-016b-05-04,first
151,c03-016b-05-05,time
151,c03-016b-05-06,herself
151,c03-016b-05-07,it
151,c03-016b-06-00,is
151,c03-016b-06-05,but
151,c03-016b-06-06,half
151,c03-016b-06-07,shyly
151,c03-016b-06-08,and
151,c03-016b-07-00,half
151,c03-016b-07-03,As
151,c03-016b-07-04,is
151,c03-016b-07-05,the
151,c03-016b-07-06,case
151,c03-016b-07-07,in
151,c03-016b-07-08,Fanny
151,c03-016b-07-09,her
151,c03-016b-08-00,first
151,c03-016b-08-01,lover
151,c03-016b-08-02,is
151,c03-016b-08-04,sailor
151,c03-016b-08-05,who
151,c03-016b-08-06,leaves
151,c03-016b-08-07,her
151,c03-016b-08-08,to
151,c03-016b-08-09,bear
151,c03-016b-09-00,his
151,c03-016b-09-01,child
151,c03-016b-09-02,and
151,c03-016b-09-03,sails
151,c03-016b-09-04,away
336,g06-050e-00-01,first
336,g06-050e-00-02,action
336,g06-050e-00-03,was
336,g06-050e-00-04,to
336,g06-050e-00-05,write
336,g06-050e-00-06,to
336,g06-050e-00-07,his
336,g06-050e-00-08,revered
336,g06-050e-00-09,master
336,g06-050e-00-10,at
336,g06-050e-01-02,near
336,g06-050e-01-03,Leipzig
336,g06-050e-01-05,asking
336,g06-050e-01-06,for
336,g06-050e-01-07,advice
336,g06-050e-01-09,In
336,g06-050e-01-10,doing
336,g06-050e-01-11,so
336,g06-050e-01-12,he
336,g06-050e-02-01,his
336,g06-050e-02-03,patient
336,g06-050e-02-04,and
336,g06-050e-02-05,his
336,g06-050e-02-08,He
336,g06-050e-03-00,told
336,g06-050e-03-02,that
336,g06-050e-03-03,he
336,g06-050e-03-04,found
336,g06-050e-03-07,strong
336,g06-050e-04-00,man
336,g06-050e-04-01,with
336,g06-050e-04-03,gentle
336,g06-050e-04-04,and
336,g06-050e-05-00,and
336,g06-050e-05-01,sedate
336,g06-050e-05-03,not
336,g06-050e-05-04,easily
336,g06-050e-05-07,patient
336,g06-050e-05-08,and
336,g06-050e-06-01,but
336,g06-050e-06-02,he
336,g06-050e-06-03,appears
336,g06-050e-06-04,to
336,g06-050e-06-05,despair
336,g06-050e-06-06,of
336,g06-050e-06-07,ever
336,g06-050e-06-08,being
336,g06-050e-06-09,cured
343,g06-045l-00-00,In
343,g06-045l-00-01,April
343,g06-045l-00-02,of
343,g06-045l-00-03,that
343,g06-045l-00-04,year
343,g06-045l-00-05,his
343,g06-045l-00-06,first
343,g06-045l-00-10,the
343,g06-045l-01-01,Lord
343,g06-045l-01-04,had
343,g06-045l-01-05,written
343,g06-045l-01-06,to
343,g06-045l-01-07,advise
343,g06-045l-02-00,to
343,g06-045l-02-01,give
343,g06-045l-02-02,the
343,g06-045l-02-03,system
343,g06-045l-02-05,trial
343,g06-045l-02-07,adding
343,g06-045l-02-08,that
343,g06-045l-02-09,it
343,g06-045l-02-10,was
343,g06-045l-02-11,being
343,g06-045l-03-01,with
343,g06-045l-03-03,success
343,g06-045l-03-04,in
343,g06-045l-03-05,France
343,g06-045l-03-06,and
343,g06-045l-04-00,Italy
343,g06-045l-04-02,and
343,g06-045l-04-03,that
343,g06-045l-04-04,he
343,g06-045l-04-05,himself
343,g06-045l-04-06,was
343,g06-045l-04-07,being
343,g06-045l-04-08,treated
343,g06-045l-04-09,under
343,g06-045l-05-00,doctor
343,g06-045l-05-01,who
343,g06-045l-05-02,had
343,g06-045l-05-03,studied
343,g06-045l-05-04,under
343,g06-045l-05-05,its
343,g06-045l-05-06,founder
343,g06-045l-05-08,the
343,g06-045l-05-09,aged
343,g06-045l-06-01,Samuel
152,c03-084c-00-01,Bryan
152,c03-084c-00-04,is
152,c03-084c-00-05,quietly
152,c03-084c-01-00,giving
152,c03-084c-01-01,full
152,c03-084c-01-02,value
152,c03-084c-01-03,to
152,c03-084c-01-04,the
152,c03-084c-01-05,formal
152,c03-084c-01-07,of
152,c03-084c-02-00,writing
152,c03-084c-02-01,without
152,c03-084c-02-03,them
152,c03-084c-02-05,Last
152,c03-084c-03-00,play
152,c03-084c-03-01,in
152,c03-084c-03-02,the
152,c03-084c-03-04,Play
152,c03-084c-03-05,of
152,c03-084c-03-06,the
152,c03-084c-03-07,Week
152,c03-084c-03-09,series
152,c03-084c-03-10,on
152,c03-084c-04-00,dent
152,c03-084c-04-03,Then
152,c03-084c-04-04,We
152,c03-084c-04-05,Fall
152,c03-084c-04-07,by
152,c03-084c-04-09,Paul
152,c03-084c-04-10,Ferris
152,c03-084c-05-00,was
152,c03-084c-05-03,on
152,c03-084c-05-04,the
152,c03-084c-05-05,not
152,c03-084c-05-07,theme
152,c03-084c-05-08,of
152,c03-084c-06-00,the
152,c03-084c-06-02,power
152,c03-084c-06-03,of
126,b06-012-00-00,His
126,b06-012-00-01,job
126,b06-012-00-02,is
126,b06-012-00-03,to
126,b06-012-00-04,build
126,b06-012-00-05,up
126,b06-012-00-06,the
126,b06-012-00-09,which
126,b06-012-01-00,will
126,b06-012-01-01,back
126,b06-012-01-02,West
126,b06-012-01-06,of
126,b06-012-01-07,Western
126,b06-012-02-00,Europe
126,b06-012-02-01,through
126,b06-012-02-02,the
126,b06-012-02-03,Common
126,b06-012-02-04,Market
126,b06-012-02-06,He
126,b06-012-02-08,this
126,b06-012-02-09,week
126,b06-012-03-00,the
126,b06-012-03-02,with
126,b06-012-03-05,which
126,b06-012-03-06,he
126,b06-012-03-07,had
126,b06-012-03-08,in
126,b06-012-03-09,public
126,b06-012-03-10,at
126,b06-012-04-00,Nato
126,b06-012-04-01,council
126,b06-012-04-02,meeting
126,b06-012-04-03,last
126,b06-012-04-04,year
126,b06-012-04-05,over
126,b06-012-04-06,the
126,b06-012-04-09,do
126,b06-012-04-10,we
126,b06-012-05-00,fight
126,b06-012-05-03,war
126,b06-012-05-04,or
126,b06-012-05-07,war
639,r02-010-00-00,Between
639,r02-010-00-01,all
639,r02-010-00-02,the
639,r02-010-00-04,parties
639,r02-010-00-06,the
639,r02-010-00-07,final
639,r02-010-01-01,had
639,r02-010-01-02,been
639,r02-010-01-03,delayed
639,r02-010-01-04,long
639,r02-010-01-05,enough
639,r02-010-01-06,for
639,r02-010-02-00,Miss
639,r02-010-02-02,to
639,r02-010-02-03,spend
639,r02-010-02-04,all
639,r02-010-02-05,the
639,r02-010-02-06,money
639,r02-010-02-07,which
639,r02-010-03-00,by
639,r02-010-03-01,rights
639,r02-010-03-02,should
639,r02-010-03-03,have
639,r02-010-03-04,been
639,r02-010-03-06,for
639,r02-010-03-07,her
639,r02-010-03-08,tax
639,r02-010-04-01,one
639,r02-010-04-03,jacket
639,r02-010-05-00,Royce
639,r02-010-05-01,and
639,r02-010-05-03,Sussex
639,r02-010-05-04,manor
639,r02-010-05-05,house
639,r02-010-05-07,all
639,r02-010-06-00,three
639,r02-010-06-01,of
639,r02-010-06-02,which
639,r02-010-06-03,were
639,r02-010-06-04,in
639,r02-010-06-05,her
639,r02-010-06-07,name
639,r02-010-07-00,she
639,r02-010-07-01,now
639,r02-010-07-03,herself
340,g06-050i-00-01,first
340,g06-050i-00-02,action
340,g06-050i-00-03,was
340,g06-050i-00-04,to
340,g06-050i-00-05,write
340,g06-050i-00-06,to
340,g06-050i-00-07,his
340,g06-050i-00-08,revered
340,g06-050i-00-09,master
340,g06-050i-01-00,at
340,g06-050i-01-03,near
340,g06-050i-01-04,Leipzig
340,g06-050i-01-06,asking
340,g06-050i-01-07,for
340,g06-050i-01-08,advice
340,g06-050i-01-10,In
340,g06-050i-01-11,doing
340,g06-050i-01-12,so
340,g06-050i-02-00,he
340,g06-050i-02-02,his
340,g06-050i-02-04,patient
340,g06-050i-02-05,and
340,g06-050i-02-06,his
340,g06-050i-03-00,He
340,g06-050i-03-01,told
340,g06-050i-03-03,that
340,g06-050i-03-04,he
340,g06-050i-03-05,found
340,g06-050i-03-08,strong
340,g06-050i-04-01,man
340,g06-050i-04-02,with
340,g06-050i-04-04,gentle
340,g06-050i-04-05,and
340,g06-050i-05-01,and
340,g06-050i-05-02,sedate
340,g06-050i-05-04,not
340,g06-050i-05-05,easily
340,g06-050i-05-08,patient
340,g06-050i-06-00,and
340,g06-050i-06-04,but
340,g06-050i-06-05,he
340,g06-050i-06-06,appears
340,g06-050i-06-07,to
340,g06-050i-06-08,despair
340,g06-050i-06-09,of
340,g06-050i-06-10,ever
340,g06-050i-06-11,being
340,g06-050i-07-00,cured
250,f01-058-00-00,Thus
250,f01-058-00-02,how
250,f01-058-00-03,to
250,f01-058-00-04,learn
250,f01-058-00-05,means
250,f01-058-01-00,your
250,f01-058-01-01,own
250,f01-058-01-04,your
250,f01-058-01-05,own
250,f01-058-02-00,and
250,f01-058-02-01,your
250,f01-058-02-02,own
250,f01-058-02-03,teacher
250,f01-058-02-05,You
250,f01-058-02-06,will
250,f01-058-02-07,then
250,f01-058-02-08,be
250,f01-058-03-02,learner
250,f01-058-03-03,and
250,f01-058-03-04,the
250,f01-058-03-05,world
250,f01-058-04-00,will
250,f01-058-04-01,be
250,f01-058-04-02,at
250,f01-058-04-03,your
250,f01-058-04-04,feet
250,f01-058-04-07,the
250,f01-058-04-08,word
250,f01-058-05-01,mind
250,f01-058-05-03,has
250,f01-058-05-04,given
250,f01-058-05-05,rise
250,f01-058-05-06,to
250,f01-058-05-07,endless
250,f01-058-06-01,among
250,f01-058-06-03,and
250,f01-058-07-00,logists
250,f01-058-07-02,many
250,f01-058-07-03,of
250,f01-058-07-04,whom
250,f01-058-07-05,would
250,f01-058-07-06,like
250,f01-058-07-07,to
250,f01-058-08-00,abolish
250,f01-058-08-01,it
250,f01-058-08-02,from
250,f01-058-08-03,the
250,f01-058-08-06,most
250,f01-058-09-00,of
250,f01-058-09-01,us
250,f01-058-09-03,go
250,f01-058-09-04,on
250,f01-058-09-05,using
250,f01-058-09-06,it
117,b05-050-00-00,You
117,b05-050-00-01,are
117,b05-050-00-02,out
117,b05-050-00-03,of
117,b05-050-00-04,date
117,b05-050-00-06,Cricket
117,b05-050-00-07,in
117,b05-050-00-09,is
117,b05-050-00-10,played
117,b05-050-01-00,with
117,b05-050-01-04,six
117,b05-050-01-08,ball
117,b05-050-02-00,bats
117,b05-050-02-01,and
117,b05-050-02-02,wickets
117,b05-050-02-03,between
117,b05-050-02-04,two
117,b05-050-02-05,sides
117,b05-050-02-07,Shades
117,b05-050-03-00,of
117,b05-050-03-01,the
117,b05-050-03-02,village
117,b05-050-03-04,of
117,b05-050-03-06,who
117,b05-050-04-00,are
117,b05-050-04-01,now
117,b05-050-04-02,the
117,b05-050-04-03,patron
117,b05-050-04-04,saints
117,b05-050-04-05,of
117,b05-050-04-06,the
117,b05-050-04-07,game
117,b05-050-05-00,What
117,b05-050-05-01,would
117,b05-050-05-02,THEY
117,b05-050-05-03,have
117,b05-050-05-04,thought
117,b05-050-05-05,of
117,b05-050-06-00,these
117,b05-050-06-01,civil
117,b05-050-06-04,about
117,b05-050-07-00,the
117,b05-050-07-01,pitch
117,b05-050-07-02,with
117,b05-050-07-03,their
117,b05-050-07-04,optical
337,g06-047f-00-00,This
337,g06-047f-00-02,man
337,g06-047f-00-03,of
337,g06-047f-00-06,whom
337,g06-047f-00-07,Sir
337,g06-047f-00-08,Francis
337,g06-047f-00-09,Burdett
337,g06-047f-01-00,to
337,g06-047f-01-03,year
337,g06-047f-01-04,or
337,g06-047f-01-05,two
337,g06-047f-01-06,later
337,g06-047f-01-07,as
337,g06-047f-01-09,more
337,g06-047f-01-10,like
337,g06-047f-01-12,God
337,g06-047f-01-13,upon
337,g06-047f-01-14,earth
337,g06-047f-02-00,than
337,g06-047f-02-02,human
337,g06-047f-02-03,being
337,g06-047f-02-06,had
337,g06-047f-02-07,an
337,g06-047f-02-09,number
337,g06-047f-02-10,of
337,g06-047f-02-12,among
337,g06-047f-03-01,medical
337,g06-047f-03-02,men
337,g06-047f-03-03,in
337,g06-047f-03-04,the
337,g06-047f-03-05,cities
337,g06-047f-03-06,of
337,g06-047f-03-07,Europe
337,g06-047f-03-09,One
337,g06-047f-03-10,of
337,g06-047f-03-11,these
337,g06-047f-03-12,was
337,g06-047f-04-00,the
337,g06-047f-04-03,Dr
337,g06-047f-04-05,Mauro
337,g06-047f-04-07,whom
337,g06-047f-04-10,in
337,g06-047f-05-00,May
41,a03-009-00-00,The
41,a03-009-00-01,wish
41,a03-009-00-02,was
41,a03-009-00-05,in
41,a03-009-01-00,on
41,a03-009-01-01,the
41,a03-009-01-03,of
41,a03-009-01-04,the
41,a03-009-01-06,in
41,a03-009-01-08,and
41,a03-009-02-00,in
41,a03-009-02-03,in
41,a03-009-02-06,of
41,a03-009-02-07,the
41,a03-009-02-08,idea
41,a03-009-02-09,of
41,a03-009-02-10,an
41,a03-009-03-03,which
41,a03-009-03-04,would
41,a03-009-04-02,on
41,a03-009-04-03,the
41,a03-009-04-05,and
41,a03-009-05-00,sphere
41,a03-009-05-02,and
41,a03-009-05-03,it
41,a03-009-05-04,is
41,a03-009-05-05,not
41,a03-009-05-07,to
41,a03-009-05-08,see
41,a03-009-05-09,that
41,a03-009-06-00,Tito
41,a03-009-06-01,would
41,a03-009-06-02,like
41,a03-009-06-03,some
41,a03-009-06-04,such
41,a03-009-06-05,idea
41,a03-009-06-07,also
41,a03-009-07-00,to
41,a03-009-07-01,the
41,a03-009-07-02,whole
41,a03-009-07-04,world
70,a06-025-00-00,The
70,a06-025-00-01,other
70,a06-025-00-02,TUC
70,a06-025-00-03,demands
70,a06-025-00-05,Five
70,a06-025-00-06,leading
70,a06-025-01-01,must
70,a06-025-01-02,not
70,a06-025-01-03,hold
70,a06-025-01-04,office
70,a06-025-01-05,for
70,a06-025-01-06,five
70,a06-025-02-00,years
70,a06-025-02-03,set
70,a06-025-02-04,up
70,a06-025-02-05,to
70,a06-025-02-06,strip
70,a06-025-03-01,John
70,a06-025-03-02,Byrne
70,a06-025-03-03,of
70,a06-025-03-04,his
70,a06-025-03-05,powers
70,a06-025-03-06,must
70,a06-025-04-00,disband
70,a06-025-04-01,in
70,a06-025-04-02,ten
70,a06-025-04-03,days
70,a06-025-04-05,These
70,a06-025-04-06,the
70,a06-025-04-07,ETU
70,a06-025-05-02,as
70,a06-025-05-04,wholly
70,a06-025-06-00,and
70,a06-025-06-07,But
70,a06-025-06-08,it
70,a06-025-07-00,agreed
70,a06-025-07-01,to
70,a06-025-07-04,of
70,a06-025-07-05,the
89,b01-033-00-00,But
89,b01-033-00-01,the
89,b01-033-00-02,Queen
89,b01-033-00-03,and
89,b01-033-00-04,the
89,b01-033-00-05,Duke
89,b01-033-00-06,have
89,b01-033-00-07,pleased
89,b01-033-00-09,by
89,b01-033-01-00,their
89,b01-033-01-01,visit
89,b01-033-01-03,The
89,b01-033-01-04,warmth
89,b01-033-01-05,of
89,b01-033-01-06,their
89,b01-033-01-07,welcome
89,b01-033-01-08,in
89,b01-033-01-09,India
89,b01-033-01-10,and
89,b01-033-02-01,are
89,b01-033-02-02,happy
89,b01-033-02-05,WEST
89,b01-033-02-06,GERMANY
89,b01-033-03-01,by
89,b01-033-03-02,the
89,b01-033-03-03,Dutch
89,b01-033-03-05,has
89,b01-033-03-06,made
89,b01-033-03-07,the
89,b01-033-03-08,gesture
89,b01-033-04-00,of
89,b01-033-04-02,good
89,b01-033-04-05,She
89,b01-033-04-06,has
89,b01-033-04-07,put
89,b01-033-04-08,up
89,b01-033-04-09,the
89,b01-033-04-10,value
89,b01-033-05-00,of
89,b01-033-05-01,her
89,b01-033-05-02,money
103,b03-098-00-00,The
103,b03-098-00-01,press
103,b03-098-00-02,and
103,b03-098-00-03,the
103,b03-098-00-06,are
103,b03-098-01-00,asked
103,b03-098-01-01,to
103,b03-098-01-02,help
103,b03-098-01-04,To
103,b03-098-01-05,begin
103,b03-098-01-06,with
103,b03-098-01-08,both
103,b03-098-02-00,ratures
103,b03-098-02-01,will
103,b03-098-02-02,be
103,b03-098-02-03,put
103,b03-098-02-04,in
103,b03-098-02-05,the
103,b03-098-02-06,ring
103,b03-098-03-00,SIR
103,b03-098-03-01,GRAHAM
103,b03-098-03-02,SUTTON
103,b03-098-03-04,however
103,b03-098-03-06,made
103,b03-098-03-07,no
103,b03-098-03-08,bones
103,b03-098-04-00,about
103,b03-098-04-01,it
103,b03-098-04-04,The
103,b03-098-04-05,purpose
103,b03-098-04-06,is
103,b03-098-04-07,to
103,b03-098-04-08,give
103,b03-098-05-01,the
103,b03-098-05-02,knock
103,b03-098-05-03,out
103,b03-098-05-05,The
103,b03-098-05-06,backers
103,b03-098-05-07,of
103,b03-098-06-01,would
103,b03-098-06-02,have
103,b03-098-06-03,got
103,b03-098-06-04,off
103,b03-098-06-05,to
103,b03-098-06-07,better
103,b03-098-07-00,start
103,b03-098-07-01,if
103,b03-098-07-02,they
103,b03-098-07-03,had
103,b03-098-07-04,taken
103,b03-098-07-05,more
103,b03-098-07-06,pains
103,b03-098-07-07,to
103,b03-098-08-00,explain
103,b03-098-08-01,the
103,b03-098-08-03,to
103,b03-098-08-04,the
103,b03-098-08-05,general
103,b03-098-09-00,public
103,b03-098-09-01,of
103,b03-098-09-02,the
103,b03-098-09-03,change
335,g06-042d-00-00,Nor
335,g06-042d-00-01,is
335,g06-042d-00-02,this
335,g06-042d-00-03,to
335,g06-042d-00-04,be
335,g06-042d-00-06,at
335,g06-042d-00-08,for
335,g06-042d-00-09,even
335,g06-042d-00-10,today
335,g06-042d-00-12,in
335,g06-042d-00-13,the
335,g06-042d-01-02,no
335,g06-042d-01-03,cure
335,g06-042d-01-04,has
335,g06-042d-01-05,been
335,g06-042d-01-06,found
335,g06-042d-01-07,for
335,g06-042d-01-08,the
335,g06-042d-02-00,As
335,g06-042d-02-01,early
335,g06-042d-02-02,as
335,g06-042d-02-05,when
335,g06-042d-02-08,himself
335,g06-042d-02-09,to
335,g06-042d-02-10,be
335,g06-042d-03-00,on
335,g06-042d-03-01,the
335,g06-042d-03-02,point
335,g06-042d-03-03,of
335,g06-042d-03-04,death
335,g06-042d-03-06,the
335,g06-042d-03-07,new
335,g06-042d-03-08,German
335,g06-042d-03-10,method
335,g06-042d-04-00,known
335,g06-042d-04-01,as
335,g06-042d-04-03,had
335,g06-042d-04-04,been
335,g06-042d-04-05,brought
335,g06-042d-04-06,to
335,g06-042d-04-07,his
335,g06-042d-04-08,notice
331,g05-087-00-00,Less
331,g05-087-00-01,than
331,g05-087-00-02,no
331,g05-087-00-04,from
331,g05-087-00-05,the
331,g05-087-00-06,Russian
331,g05-087-00-07,side
331,g05-087-00-08,led
331,g05-087-01-00,one
331,g05-087-01-01,to
331,g05-087-01-02,fear
331,g05-087-01-03,that
331,g05-087-01-04,the
331,g05-087-01-05,event
331,g05-087-01-06,might
331,g05-087-01-07,well
331,g05-087-01-08,have
331,g05-087-01-09,the
331,g05-087-02-00,outcome
331,g05-087-02-01,that
331,g05-087-02-02,the
331,g05-087-02-03,Nazis
331,g05-087-02-05,hoped
331,g05-087-02-06,might
331,g05-087-03-00,lead
331,g05-087-03-01,to
331,g05-087-03-04,Then
331,g05-087-03-05,there
331,g05-087-03-06,had
331,g05-087-03-07,been
331,g05-087-03-08,much
331,g05-087-03-09,talk
331,g05-087-03-10,of
331,g05-087-04-00,the
331,g05-087-04-01,setting
331,g05-087-04-02,up
331,g05-087-04-03,among
331,g05-087-04-04,the
331,g05-087-04-05,German
331,g05-087-04-07,of
331,g05-087-05-00,general
331,g05-087-05-01,system
331,g05-087-05-02,of
331,g05-087-05-07,to
331,g05-087-05-08,be
331,g05-087-05-09,named
90,b01-044-00-00,Booming
90,b01-044-00-01,Germany
90,b01-044-00-02,is
90,b01-044-00-05,more
90,b01-044-00-06,imports
90,b01-044-01-00,as
90,b01-044-01-02,means
90,b01-044-01-03,to
90,b01-044-01-04,curb
90,b01-044-01-05,rising
90,b01-044-01-06,prices
90,b01-044-01-07,at
90,b01-044-01-08,home
90,b01-044-01-10,She
90,b01-044-01-11,is
90,b01-044-02-00,also
90,b01-044-02-01,aware
90,b01-044-02-02,how
90,b01-044-02-05,she
90,b01-044-02-06,has
90,b01-044-02-07,been
90,b01-044-02-08,growing
90,b01-044-03-00,by
90,b01-044-03-01,failing
90,b01-044-03-02,until
90,b01-044-03-03,now
90,b01-044-03-04,to
90,b01-044-03-06,as
90,b01-044-03-09,nation
90,b01-044-04-00,should
90,b01-044-04-02,Germany
90,b01-044-04-03,exports
90,b01-044-04-04,much
90,b01-044-04-05,more
90,b01-044-04-06,than
90,b01-044-04-07,she
90,b01-044-04-08,imports
90,b01-044-05-00,For
90,b01-044-05-01,upwards
90,b01-044-05-02,of
90,b01-044-05-03,five
90,b01-044-05-04,years
90,b01-044-05-05,the
90,b01-044-05-08,of
90,b01-044-06-00,dollars
90,b01-044-06-01,have
90,b01-044-06-02,been
90,b01-044-06-03,drained
90,b01-044-06-04,into
90,b01-044-06-05,Germany
114,b04-202-00-00,The
114,b04-202-00-01,older
114,b04-202-00-03,are
114,b04-202-00-04,often
114,b04-202-00-05,accused
114,b04-202-00-06,of
114,b04-202-00-07,being
114,b04-202-01-01,only
114,b04-202-01-02,in
114,b04-202-01-03,dead
114,b04-202-01-06,Now
114,b04-202-01-08,has
114,b04-202-02-00,the
114,b04-202-02-02,to
114,b04-202-02-03,show
114,b04-202-02-04,is
114,b04-202-02-05,just
114,b04-202-02-06,as
114,b04-202-02-08,in
114,b04-202-02-09,the
114,b04-202-03-00,living
114,b04-202-03-03,as
114,b04-202-03-04,its
114,b04-202-03-05,rival
114,b04-202-03-07,Oxford
114,b04-202-03-09,has
114,b04-202-03-10,had
114,b04-202-04-00,similar
114,b04-202-04-01,course
114,b04-202-04-02,in
114,b04-202-04-03,farming
114,b04-202-04-04,for
114,b04-202-04-06,years
114,b04-202-05-00,JOHN
114,b04-202-05-01,GLENN
114,b04-202-05-03,Virgil
114,b04-202-05-04,Grissom
114,b04-202-05-06,Alan
114,b04-202-05-07,Shepard
114,b04-202-05-09,One
114,b04-202-05-10,of
114,b04-202-06-00,these
114,b04-202-06-01,three
114,b04-202-06-02,men
114,b04-202-06-03,has
114,b04-202-06-05,date
114,b04-202-06-06,with
114,b04-202-06-07,destiny
114,b04-202-06-09,the
114,b04-202-07-00,first
114,b04-202-07-01,journey
114,b04-202-07-02,into
114,b04-202-07-03,Space
52,a03-043-00-00,However
52,a03-043-00-04,poll
52,a03-043-00-06,that
52,a03-043-01-01,was
52,a03-043-01-02,still
52,a03-043-01-03,ahead
52,a03-043-01-04,in
52,a03-043-01-05,terms
52,a03-043-01-06,of
52,a03-043-02-01,as
52,a03-043-02-02,an
52,a03-043-02-04,leader
52,a03-043-02-06,for
52,a03-043-03-03,per
52,a03-043-03-04,cent
52,a03-043-03-06,for
52,a03-043-04-00,Pearson
52,a03-043-04-02,per
52,a03-043-04-03,cent
52,a03-043-04-06,How
52,a03-043-04-07,far
52,a03-043-04-08,is
52,a03-043-05-00,Lester
52,a03-043-05-01,Pearson
52,a03-043-05-03,to
52,a03-043-05-04,the
52,a03-043-05-05,people
52,a03-043-06-00,of
52,a03-043-06-01,Canada
52,a03-043-06-02,as
52,a03-043-06-04,Prime
52,a03-043-06-07,Many
52,a03-043-07-01,at
52,a03-043-07-02,the
52,a03-043-07-04,rally
52,a03-043-07-05,will
52,a03-043-07-06,be
52,a03-043-08-00,seeking
52,a03-043-08-01,an
52,a03-043-08-02,answer
0,a05-058-00-01,We
0,a05-058-00-02,must
0,a05-058-00-03,not
0,a05-058-00-04,be
0,a05-058-00-05,rattled
0,a05-058-00-06,into
0,a05-058-01-00,but
0,a05-058-01-01,we
0,a05-058-01-02,must
0,a05-058-01-03,not
0,a05-058-01-05,and
0,a05-058-01-07,am
0,a05-058-01-08,not
0,a05-058-01-10,be
0,a05-058-02-00,afraid
0,a05-058-02-01,of
0,a05-058-02-06,Godber
0,a05-058-03-01,of
0,a05-058-03-02,State
0,a05-058-03-04,Foreign
0,a05-058-03-05,Office
0,a05-058-03-07,said
0,a05-058-04-00,earlier
0,a05-058-04-01,that
0,a05-058-04-02,the
0,a05-058-04-04,had
0,a05-058-04-05,asked
0,a05-058-05-00,the
0,a05-058-05-01,Medical
0,a05-058-05-03,Council
0,a05-058-05-04,to
0,a05-058-06-00,the
0,a05-058-06-03,in
0,a05-058-06-04,view
0,a05-058-06-05,of
0,a05-058-06-06,the
0,a05-058-06-07,Russian
0,a05-058-07-00,tests
0,a05-058-07-02,The
0,a05-058-07-05,would
0,a05-058-07-06,be
0,a05-058-08-00,made
0,a05-058-08-01,public
332,g06-042a-00-00,Nor
332,g06-042a-00-01,is
332,g06-042a-00-02,this
332,g06-042a-00-03,to
332,g06-042a-00-04,be
332,g06-042a-00-06,at
332,g06-042a-00-08,for
332,g06-042a-00-09,even
332,g06-042a-00-10,today
332,g06-042a-01-00,in
332,g06-042a-01-01,the
332,g06-042a-01-04,no
332,g06-042a-01-05,cure
332,g06-042a-01-06,has
332,g06-042a-01-07,been
332,g06-042a-01-08,found
332,g06-042a-01-09,for
332,g06-042a-02-00,the
332,g06-042a-02-04,As
332,g06-042a-02-05,early
332,g06-042a-02-06,as
332,g06-042a-02-09,when
332,g06-042a-03-02,himself
332,g06-042a-03-03,to
332,g06-042a-03-04,be
332,g06-042a-03-05,on
332,g06-042a-03-06,the
332,g06-042a-03-07,point
332,g06-042a-04-00,of
332,g06-042a-04-01,death
332,g06-042a-04-03,the
332,g06-042a-04-04,new
332,g06-042a-04-05,German
332,g06-042a-04-07,method
332,g06-042a-05-00,known
332,g06-042a-05-01,as
332,g06-042a-05-03,had
332,g06-042a-05-04,been
332,g06-042a-05-05,brought
332,g06-042a-05-06,to
332,g06-042a-06-00,his
332,g06-042a-06-01,notice
132,c06-091-00-00,It
132,c06-091-00-03,that
132,c06-091-00-04,the
132,c06-091-00-05,budge
132,c06-091-00-06,takes
132,c06-091-00-07,to
132,c06-091-00-08,the
132,c06-091-00-09,bottle
132,c06-091-00-11,but
132,c06-091-01-01,think
132,c06-091-01-02,it
132,c06-091-01-03,was
132,c06-091-01-04,through
132,c06-091-01-05,boredom
132,c06-091-01-07,The
132,c06-091-01-08,film
132,c06-091-01-09,is
132,c06-091-01-10,funny
132,c06-091-01-11,enough
132,c06-091-02-00,in
132,c06-091-02-01,places
132,c06-091-02-02,and
132,c06-091-02-03,has
132,c06-091-02-05,line
132,c06-091-02-06,or
132,c06-091-02-07,two
132,c06-091-02-08,of
132,c06-091-02-09,painful
132,c06-091-02-10,home
132,c06-091-02-11,truths
132,c06-091-03-00,thrown
132,c06-091-03-01,in
132,c06-091-03-06,want
132,c06-091-03-07,to
132,c06-091-03-08,talk
132,c06-091-03-09,like
132,c06-091-03-10,an
132,c06-091-03-11,adult
132,c06-091-03-14,screams
132,c06-091-04-00,Gina
132,c06-091-04-02,walking
132,c06-091-04-03,out
132,c06-091-04-04,on
132,c06-091-04-05,the
132,c06-091-04-06,man
132,c06-091-04-07,who
132,c06-091-04-08,has
132,c06-091-04-09,so
132,c06-091-04-10,far
132,c06-091-05-00,failed
132,c06-091-05-01,to
132,c06-091-05-02,make
132,c06-091-05-03,an
132,c06-091-05-04,honest
132,c06-091-05-05,woman
132,c06-091-05-06,of
132,c06-091-05-07,her
0,a03-071-00-00,But
0,a03-071-00-02,at
0,a03-071-00-03,the
0,a03-071-00-04,same
0,a03-071-00-05,time
0,a03-071-00-07,there
0,a03-071-00-08,is
0,a03-071-00-09,reason
0,a03-071-00-10,to
0,a03-071-01-00,believe
0,a03-071-01-01,that
0,a03-071-01-02,the
0,a03-071-01-03,Federal
0,a03-071-01-05,is
0,a03-071-01-06,not
0,a03-071-02-02,on
0,a03-071-02-03,the
0,a03-071-02-04,basis
0,a03-071-02-05,of
0,a03-071-02-06,the
0,a03-071-03-00,it
0,a03-071-03-01,has
0,a03-071-03-02,so
0,a03-071-03-03,far
0,a03-071-03-05,that
0,a03-071-03-06,such
0,a03-071-03-08,project
0,a03-071-03-09,would
0,a03-071-04-00,be
0,a03-071-04-02,from
0,a03-071-04-05,point
0,a03-071-04-06,of
0,a03-071-04-07,view
0,a03-071-05-00,and
0,a03-071-05-01,not
0,a03-071-05-02,merely
0,a03-071-06-03,to
0,a03-071-06-04,some
0,a03-071-06-05,extent
0,a03-071-07-00,efforts
0,a03-071-07-02,as
0,a03-071-07-03,Die
0,a03-071-07-04,Welt
0,a03-071-07-06,today
0,a03-071-07-07,in
0,a03-071-08-01,highly
0,a03-071-08-04,article
135,c01-009-00-00,The
135,c01-009-00-02,by
135,c01-009-00-03,Bill
135,c01-009-00-04,Duncalf
135,c01-009-01-02,long
135,c01-009-01-03,and
135,c01-009-02-00,story
135,c01-009-02-01,into
135,c01-009-03-00,survey
135,c01-009-03-01,of
135,c01-009-03-03,life
135,c01-009-03-04,work
135,c01-009-03-09,HANS
135,c01-009-03-10,WERNER
135,c01-009-04-02,Elegy
135,c01-009-04-03,for
135,c01-009-04-04,Young
135,c01-009-04-05,Lovers
135,c01-009-04-07,is
135,c01-009-04-08,the
135,c01-009-04-09,first
135,c01-009-05-04,work
135,c01-009-05-05,to
135,c01-009-05-06,be
135,c01-009-06-01,to
135,c01-009-06-02,the
135,c01-009-06-04,canon
135,c01-009-06-06,By
135,c01-009-06-07,no
135,c01-009-07-00,means
135,c01-009-07-04,it
135,c01-009-07-05,is
135,c01-009-07-06,in
135,c01-009-07-07,many
135,c01-009-08-02,modern
135,c01-009-08-03,work
135,c01-009-08-04,and
135,c01-009-08-05,the
135,c01-009-09-00,is
135,c01-009-09-02,highly
135,c01-009-09-03,skilled
135,c01-009-09-05,of
135,c01-009-10-00,idi
135,c01-009-10-02,with
135,c01-009-10-04,strong
135,c01-009-10-05,sense
135,c01-009-10-06,of
135,c01-009-10-07,words
135,c01-009-10-08,and
61,a04-054-00-00,That
61,a04-054-00-02,did
61,a04-054-00-03,not
61,a04-054-00-04,apply
61,a04-054-00-05,to
61,a04-054-00-06,the
61,a04-054-00-07,Polaris
61,a04-054-01-00,So
61,a04-054-01-01,long
61,a04-054-01-02,as
61,a04-054-01-03,the
61,a04-054-01-04,Soviet
61,a04-054-01-05,Union
61,a04-054-01-06,had
61,a04-054-01-07,nuclear
61,a04-054-01-08,weapons
61,a04-054-02-00,the
61,a04-054-02-01,West
61,a04-054-02-05,must
61,a04-054-02-06,have
61,a04-054-02-07,them
61,a04-054-02-08,too
61,a04-054-02-10,It
61,a04-054-03-00,was
61,a04-054-03-01,far
61,a04-054-03-02,better
61,a04-054-03-03,for
61,a04-054-03-05,weapon
61,a04-054-03-06,used
61,a04-054-03-07,for
61,a04-054-04-01,to
61,a04-054-04-02,be
61,a04-054-04-03,under
61,a04-054-04-04,the
61,a04-054-04-05,sea
61,a04-054-04-06,rather
61,a04-054-04-07,than
61,a04-054-04-08,on
61,a04-054-04-09,land
61,a04-054-05-00,This
61,a04-054-05-01,was
61,a04-054-05-02,why
61,a04-054-05-03,the
61,a04-054-05-04,Labour
61,a04-054-05-05,Party
61,a04-054-05-06,did
61,a04-054-05-07,not
61,a04-054-05-08,think
61,a04-054-05-09,it
61,a04-054-05-10,right
61,a04-054-06-00,to
61,a04-054-06-01,oppose
61,a04-054-06-02,the
61,a04-054-06-03,Polaris
61,a04-054-06-04,depot
61,a04-054-06-05,ship
262,f02-036-00-00,The
262,f02-036-00-01,Lord
262,f02-036-00-02,Provost
262,f02-036-00-04,having
262,f02-036-00-05,studied
262,f02-036-00-06,the
262,f02-036-00-07,report
262,f02-036-00-08,on
262,f02-036-00-10,The
262,f02-036-00-11,Morale
262,f02-036-00-12,and
262,f02-036-01-00,Health
262,f02-036-01-01,of
262,f02-036-01-02,Retired
262,f02-036-01-03,Workers
262,f02-036-01-06,and
262,f02-036-01-07,being
262,f02-036-01-09,that
262,f02-036-01-10,the
262,f02-036-01-11,matters
262,f02-036-02-00,raised
262,f02-036-02-01,were
262,f02-036-02-02,of
262,f02-036-02-05,to
262,f02-036-02-06,the
262,f02-036-02-08,of
262,f02-036-03-00,Glasgow
262,f02-036-03-01,and
262,f02-036-03-03,further
262,f02-036-03-04,study
262,f02-036-03-06,set
262,f02-036-03-07,an
262,f02-036-04-02,of
262,f02-036-04-03,bodies
262,f02-036-04-06,with
262,f02-036-05-00,the
262,f02-036-05-01,welfare
262,f02-036-05-02,of
262,f02-036-05-03,older
262,f02-036-05-04,people
262,f02-036-05-05,to
262,f02-036-05-06,examine
262,f02-036-05-07,the
262,f02-036-05-08,report
262,f02-036-05-09,and
262,f02-036-06-00,its
262,f02-036-06-02,and
262,f02-036-06-03,to
262,f02-036-06-05,the
262,f02-036-06-07,of
262,f02-036-07-03,on
262,f02-036-07-05,for
262,f02-036-07-06,and
262,f02-036-08-02,on
337,g06-011f-00-00,By
337,g06-011f-00-01,the
337,g06-011f-00-02,end
337,g06-011f-00-03,of
337,g06-011f-00-04,the
337,g06-011f-00-05,month
337,g06-011f-00-06,he
337,g06-011f-00-07,still
337,g06-011f-00-09,in
337,g06-011f-00-10,Naples
337,g06-011f-00-12,He
337,g06-011f-01-00,told
337,g06-011f-01-02,that
337,g06-011f-01-03,he
337,g06-011f-01-04,enjoyed
337,g06-011f-01-05,it
337,g06-011f-01-06,as
337,g06-011f-01-07,much
337,g06-011f-01-08,as
337,g06-011f-01-09,his
337,g06-011f-01-10,health
337,g06-011f-02-00,him
337,g06-011f-02-01,to
337,g06-011f-02-02,enjoy
337,g06-011f-02-06,The
337,g06-011f-02-07,Pearl
337,g06-011f-02-10,he
337,g06-011f-02-11,wrote
337,g06-011f-02-14,is
337,g06-011f-02-15,arrived
337,g06-011f-02-17,which
337,g06-011f-02-18,is
337,g06-011f-03-01,great
337,g06-011f-03-05,seems
337,g06-011f-03-06,to
337,g06-011f-03-07,be
337,g06-011f-03-08,tired
337,g06-011f-03-10,he
337,g06-011f-03-11,is
337,g06-011f-03-12,going
337,g06-011f-03-13,out
337,g06-011f-04-00,fast
337,g06-011f-04-03,What
337,g06-011f-04-05,gay
337,g06-011f-04-07,lively
337,g06-011f-04-08,people
337,g06-011f-04-10,and
337,g06-011f-04-11,what
337,g06-011f-04-13,busy
337,g06-011f-04-14,town
337,g06-011f-04-16,At
337,g06-011f-05-00,Rome
337,g06-011f-05-02,every
337,g06-011f-05-03,other
337,g06-011f-05-04,man
337,g06-011f-05-05,was
337,g06-011f-05-07,priest
337,g06-011f-05-09,here
337,g06-011f-05-10,the
337,g06-011f-05-11,priest
337,g06-011f-05-12,is
337,g06-011f-06-00,by
337,g06-011f-06-01,the
337,g06-011f-06-02,soldier
337,g06-011f-06-06,change
337,g06-011f-06-07,in
337,g06-011f-06-08,my
337,g06-011f-06-09,eye
337,g06-011f-06-12,as
337,g06-011f-07-00,the
337,g06-011f-07-01,troops
337,g06-011f-07-02,are
337,g06-011f-07-03,very
337,g06-011f-07-04,fine
64,a04-099-00-01,Such
64,a04-099-00-03,might
64,a04-099-00-05,and
64,a04-099-00-07,would
64,a04-099-01-00,destroy
64,a04-099-01-01,the
64,a04-099-01-02,whole
64,a04-099-01-04,of
64,a04-099-01-05,Britain
64,a04-099-01-06,in
64,a04-099-02-00,the
64,a04-099-02-01,course
64,a04-099-02-02,of
64,a04-099-02-04,at
64,a04-099-02-05,the
64,a04-099-02-06,most
64,a04-099-02-08,an
64,a04-099-02-09,hour
64,a04-099-02-11,without
64,a04-099-03-04,Earl
64,a04-099-03-05,Russell
64,a04-099-04-03,It
64,a04-099-04-04,is
64,a04-099-04-05,very
64,a04-099-04-07,whether
64,a04-099-05-00,British
64,a04-099-05-02,of
64,a04-099-05-03,Nato
64,a04-099-05-04,and
64,a04-099-05-05,British
64,a04-099-06-01,of
64,a04-099-06-03,bases
64,a04-099-06-04,on
64,a04-099-06-05,our
64,a04-099-07-00,add
64,a04-099-07-02,to
64,a04-099-07-03,the
64,a04-099-07-05,of
64,a04-099-07-06,America
64,a04-099-08-00,while
64,a04-099-08-02,on
64,a04-099-08-03,the
64,a04-099-08-06,they
64,a04-099-08-07,impose
64,a04-099-08-08,upon
64,a04-099-09-00,America
64,a04-099-09-01,an
64,a04-099-09-02,onerous
64,a04-099-09-04,which
64,a04-099-09-05,it
64,a04-099-10-00,may
64,a04-099-10-01,prove
64,a04-099-10-03,to
64,a04-099-10-04,fulfil
26,a02-037-00-00,The
26,a02-037-00-01,urge
26,a02-037-00-02,came
26,a02-037-00-03,from
26,a02-037-00-06,of
26,a02-037-00-08,of
26,a02-037-01-02,Party
26,a02-037-01-04,after
26,a02-037-02-00,by
26,a02-037-02-02,Krobo
26,a02-037-02-03,Edusei
26,a02-037-02-05,Tawia
26,a02-037-02-09,and
26,a02-037-03-00,others
26,a02-037-03-02,Strong
26,a02-037-03-03,deeds
26,a02-037-03-05,strong
26,a02-037-03-06,words
26,a02-037-03-08,In
26,a02-037-04-02,limited
26,a02-037-04-03,state
26,a02-037-04-04,of
26,a02-037-04-07,was
26,a02-037-04-10,giving
26,a02-037-05-00,the
26,a02-037-05-03,power
26,a02-037-05-04,to
26,a02-037-05-06,all
26,a02-037-06-02,and
26,a02-037-06-03,ensure
26,a02-037-06-04,food
26,a02-037-06-07,Thus
26,a02-037-06-08,it
26,a02-037-07-00,becomes
26,a02-037-07-01,an
26,a02-037-07-02,offence
26,a02-037-07-04,with
26,a02-037-08-00,for
26,a02-037-08-01,anyone
26,a02-037-08-02,who
26,a02-037-08-06,report
26,a02-037-08-07,likely
26,a02-037-08-08,to
26,a02-037-08-09,cause
26,a02-037-09-00,alarm
26,a02-037-09-01,or
26,a02-037-09-03,to
26,a02-037-09-04,public
26,a02-037-09-05,safety
650,r02-109-00-00,Cecil
650,r02-109-00-01,gritted
650,r02-109-00-02,his
650,r02-109-00-03,teeth
650,r02-109-00-04,and
650,r02-109-00-06,at
650,r02-109-00-07,the
650,r02-109-01-01,of
650,r02-109-01-02,Miss
650,r02-109-01-05,bathing
650,r02-109-02-00,in
650,r02-109-02-03,whilst
650,r02-109-02-04,he
650,r02-109-02-05,had
650,r02-109-02-06,to
650,r02-109-02-07,go
650,r02-109-03-00,easy
650,r02-109-03-01,on
650,r02-109-03-02,the
650,r02-109-03-04,heater
650,r02-109-03-07,What
650,r02-109-03-08,is
650,r02-109-03-09,it
650,r02-109-04-00,Cecil
650,r02-109-04-03,you
650,r02-109-04-04,feel
650,r02-109-04-05,well
650,r02-109-04-08,his
650,r02-109-04-09,mother
650,r02-109-05-00,asked
650,r02-109-05-04,You
650,r02-109-05-05,do
650,r02-109-05-06,look
650,r02-109-05-07,tired
650,r02-109-06-00,Go
650,r02-109-06-01,and
650,r02-109-06-02,get
650,r02-109-06-05,drink
650,r02-109-07-00,fuss
650,r02-109-07-02,mother
650,r02-109-07-06,quite
650,r02-109-07-07,well
650,r02-109-07-08,and
650,r02-109-07-09,no
650,r02-109-07-10,more
650,r02-109-08-00,tired
650,r02-109-08-01,than
650,r02-109-08-02,usual
650,r02-109-08-04,and
650,r02-109-08-05,we
650,r02-109-08-07,the
650,r02-109-08-08,gin
650,r02-109-09-00,last
650,r02-109-09-01,week
650,r02-109-09-03,you
650,r02-109-09-04,know
650,r02-109-09-05,that
244,e07-003-00-05,as
244,e07-003-00-06,it
244,e07-003-01-00,does
244,e07-003-01-01,the
244,e07-003-01-02,balance
244,e07-003-01-03,of
244,e07-003-01-04,nature
244,e07-003-01-05,by
244,e07-003-01-06,killing
244,e07-003-01-07,both
244,e07-003-01-08,pests
244,e07-003-02-00,and
244,e07-003-02-03,is
244,e07-003-02-04,viewed
244,e07-003-02-05,with
244,e07-003-02-06,concern
244,e07-003-02-07,by
244,e07-003-03-00,number
244,e07-003-03-01,of
244,e07-003-03-03,State
244,e07-003-03-07,Not
244,e07-003-04-00,content
244,e07-003-04-01,with
244,e07-003-04-02,issuing
244,e07-003-04-04,on
244,e07-003-04-05,the
244,e07-003-04-06,dangers
244,e07-003-05-00,of
244,e07-003-05-01,the
244,e07-003-05-02,misuse
244,e07-003-05-03,of
244,e07-003-05-05,in
244,e07-003-06-00,some
244,e07-003-06-02,are
244,e07-003-06-04,out
244,e07-003-06-05,useful
244,e07-003-06-07,on
244,e07-003-07-00,pest
244,e07-003-07-01,control
244,e07-003-07-02,by
244,e07-003-07-04,means
244,e07-003-07-06,Both
244,e07-003-07-07,native
244,e07-003-07-08,and
244,e07-003-08-02,insects
244,e07-003-08-03,and
244,e07-003-08-04,insect
244,e07-003-09-00,are
244,e07-003-09-01,used
244,e07-003-09-02,in
244,e07-003-09-03,field
244,e07-003-09-04,trial
244,e07-003-09-05,tests
652,r02-127-00-00,Cecil
652,r02-127-00-03,under
652,r02-127-00-04,the
652,r02-127-01-00,of
652,r02-127-01-02,mother
652,r02-127-01-03,who
652,r02-127-01-04,had
652,r02-127-01-05,failed
652,r02-127-01-06,to
652,r02-127-01-07,realise
652,r02-127-01-08,that
652,r02-127-01-10,son
652,r02-127-02-00,who
652,r02-127-02-01,is
652,r02-127-02-02,nearly
652,r02-127-02-03,bald
652,r02-127-02-04,is
652,r02-127-02-05,no
652,r02-127-02-06,longer
652,r02-127-02-08,baby
652,r02-127-02-10,He
652,r02-127-02-11,started
652,r02-127-02-12,to
652,r02-127-03-00,climb
652,r02-127-03-01,the
652,r02-127-03-02,stairs
652,r02-127-03-05,with
652,r02-127-03-07,vigour
652,r02-127-03-08,upon
652,r02-127-04-00,the
652,r02-127-04-01,treads
652,r02-127-04-04,And
652,r02-127-04-06,wipe
652,r02-127-04-07,the
652,r02-127-04-08,dirt
652,r02-127-04-09,off
652,r02-127-04-10,on
652,r02-127-04-11,the
652,r02-127-05-00,towel
652,r02-127-05-01,like
652,r02-127-05-02,you
652,r02-127-05-03,did
333,g06-047b-00-00,This
333,g06-047b-00-02,man
333,g06-047b-00-03,of
333,g06-047b-00-06,whom
333,g06-047b-00-07,Sir
333,g06-047b-00-08,Francis
333,g06-047b-01-00,Burdett
333,g06-047b-01-02,to
333,g06-047b-01-05,year
333,g06-047b-01-06,or
333,g06-047b-01-07,two
333,g06-047b-02-00,later
333,g06-047b-02-01,as
333,g06-047b-02-03,more
333,g06-047b-02-04,like
333,g06-047b-02-06,God
333,g06-047b-02-07,upon
333,g06-047b-02-08,earth
333,g06-047b-02-09,than
333,g06-047b-03-01,human
333,g06-047b-03-02,being
333,g06-047b-03-05,had
333,g06-047b-03-06,an
333,g06-047b-03-08,number
333,g06-047b-04-00,of
333,g06-047b-04-02,among
333,g06-047b-04-04,medical
333,g06-047b-04-05,men
333,g06-047b-05-00,in
333,g06-047b-05-01,the
333,g06-047b-05-02,cities
333,g06-047b-05-03,of
333,g06-047b-05-04,Europe
333,g06-047b-05-06,One
333,g06-047b-05-07,of
333,g06-047b-05-08,these
333,g06-047b-06-00,was
333,g06-047b-06-01,the
333,g06-047b-06-04,Dr
333,g06-047b-06-06,Mauro
333,g06-047b-07-00,whom
333,g06-047b-07-03,in
333,g06-047b-07-04,May
151,c03-096b-00-00,Only
151,c03-096b-00-03,actions
151,c03-096b-00-07,arose
151,c03-096b-01-01,from
151,c03-096b-01-03,motives
151,c03-096b-01-05,The
151,c03-096b-02-00,rest
151,c03-096b-02-02,one
151,c03-096b-02-03,feels
151,c03-096b-02-05,were
151,c03-096b-02-06,driven
151,c03-096b-02-07,to
151,c03-096b-02-09,action
151,c03-096b-03-00,by
151,c03-096b-03-01,the
151,c03-096b-03-02,author
151,c03-096b-03-03,in
151,c03-096b-03-04,spite
151,c03-096b-03-05,of
151,c03-096b-03-06,the
151,c03-096b-04-00,with
151,c03-096b-04-01,which
151,c03-096b-04-02,he
151,c03-096b-04-03,had
151,c03-096b-04-04,endowed
151,c03-096b-04-05,them
151,c03-096b-04-07,One
151,c03-096b-04-08,hopes
151,c03-096b-05-00,that
151,c03-096b-05-01,he
151,c03-096b-05-02,is
151,c03-096b-05-03,not
151,c03-096b-05-04,asking
151,c03-096b-05-05,us
151,c03-096b-05-06,to
151,c03-096b-05-07,believe
151,c03-096b-05-08,that
151,c03-096b-06-00,because
151,c03-096b-06-01,of
151,c03-096b-06-02,their
151,c03-096b-06-03,odd
151,c03-096b-06-04,accents
151,c03-096b-06-06,they
151,c03-096b-06-07,act
151,c03-096b-06-08,oddly
151,c03-096b-07-00,like
151,c03-096b-07-01,the
151,c03-096b-07-02,queer
151,c03-096b-07-04,of
124,b06-049-00-00,When
124,b06-049-00-02,carried
124,b06-049-00-03,our
124,b06-049-00-04,point
124,b06-049-00-05,of
124,b06-049-00-06,view
124,b06-049-01-00,we
124,b06-049-01-01,were
124,b06-049-01-05,more
124,b06-049-01-06,so
124,b06-049-01-07,because
124,b06-049-02-00,the
124,b06-049-02-02,had
124,b06-049-02-03,been
124,b06-049-02-04,put
124,b06-049-02-05,clearly
124,b06-049-02-06,to
124,b06-049-02-07,the
124,b06-049-03-02,which
124,b06-049-03-03,had
124,b06-049-03-04,then
124,b06-049-03-05,chosen
124,b06-049-04-05,and
124,b06-049-05-01,policy
124,b06-049-05-03,Hopes
124,b06-049-05-04,rose
124,b06-049-05-05,as
124,b06-049-05-06,we
124,b06-049-05-07,saw
124,b06-049-06-01,of
124,b06-049-06-02,sharp
124,b06-049-06-04,based
124,b06-049-06-05,on
124,b06-049-07-00,lines
124,b06-049-07-01,of
124,b06-049-07-03,with
124,b06-049-07-04,the
124,b06-049-07-05,Tories
124,b06-049-07-07,Many
124,b06-049-07-08,members
124,b06-049-08-01,that
124,b06-049-08-02,the
124,b06-049-09-00,of
124,b06-049-09-01,the
124,b06-049-09-02,union
124,b06-049-09-03,would
124,b06-049-09-04,become
124,b06-049-09-05,easier
124,b06-049-09-06,in
124,b06-049-09-07,the
124,b06-049-09-08,context
274,g04-026-00-00,First
274,g04-026-00-01,of
274,g04-026-00-02,all
274,g04-026-00-03,simple
274,g04-026-00-07,found
274,g04-026-00-08,only
274,g04-026-00-09,one
274,g04-026-00-10,member
274,g04-026-00-11,who
274,g04-026-00-12,had
274,g04-026-01-00,any
274,g04-026-01-01,idea
274,g04-026-01-02,of
274,g04-026-01-03,reading
274,g04-026-01-04,music
274,g04-026-01-06,This
274,g04-026-01-07,was
274,g04-026-01-08,the
274,g04-026-01-09,village
274,g04-026-01-10,doctor
274,g04-026-01-11,who
274,g04-026-01-12,was
274,g04-026-01-13,an
274,g04-026-02-00,old
274,g04-026-02-01,school
274,g04-026-02-02,friend
274,g04-026-02-03,at
274,g04-026-02-04,Clifton
274,g04-026-02-06,He
274,g04-026-02-07,could
274,g04-026-02-08,sustain
274,g04-026-02-09,the
274,g04-026-02-10,tenor
274,g04-026-02-11,part
274,g04-026-02-12,quite
274,g04-026-02-13,well
274,g04-026-03-00,and
274,g04-026-03-01,lead
274,g04-026-03-02,the
274,g04-026-03-03,others
274,g04-026-03-05,As
274,g04-026-03-06,for
274,g04-026-03-07,basses
274,g04-026-03-08,and
274,g04-026-03-09,altos
274,g04-026-03-10,the
274,g04-026-03-12,had
274,g04-026-03-13,to
274,g04-026-04-00,teach
274,g04-026-04-01,by
274,g04-026-04-02,singing
274,g04-026-04-03,the
274,g04-026-04-04,parts
274,g04-026-04-05,with
274,g04-026-04-06,them
274,g04-026-04-08,It
274,g04-026-04-09,was
274,g04-026-04-10,very
274,g04-026-04-11,amusing
274,g04-026-04-13,and
274,g04-026-04-14,by
274,g04-026-05-00,the
274,g04-026-05-01,end
274,g04-026-05-02,of
274,g04-026-05-04,few
274,g04-026-05-05,months
274,g04-026-05-06,an
274,g04-026-05-08,choir
274,g04-026-05-09,of
274,g04-026-05-10,men
274,g04-026-05-11,and
274,g04-026-05-12,women
274,g04-026-06-00,could
274,g04-026-06-01,render
274,g04-026-06-02,simple
274,g04-026-06-05,well
107,b04-010-00-00,Who
107,b04-010-00-01,will
107,b04-010-00-02,speak
107,b04-010-00-03,for
107,b04-010-00-04,Belgium
107,b04-010-00-06,Who
107,b04-010-00-07,else
107,b04-010-00-08,but
107,b04-010-01-00,Britain
107,b04-010-01-02,We
107,b04-010-01-03,have
107,b04-010-01-04,fought
107,b04-010-01-05,beside
107,b04-010-01-06,Belgium
107,b04-010-02-00,in
107,b04-010-02-01,two
107,b04-010-02-02,world
107,b04-010-02-03,wars
107,b04-010-02-05,We
107,b04-010-02-06,are
107,b04-010-02-07,allies
107,b04-010-02-08,still
107,b04-010-03-00,Britain
107,b04-010-03-01,should
107,b04-010-03-03,Belgium
107,b04-010-03-05,Not
107,b04-010-04-00,with
107,b04-010-04-01,the
107,b04-010-04-02,careful
107,b04-010-04-04,hooded
107,b04-010-04-06,of
107,b04-010-05-00,but
107,b04-010-05-01,boldly
107,b04-010-05-02,and
107,b04-010-05-05,It
107,b04-010-05-06,is
107,b04-010-05-07,time
107,b04-010-05-08,to
107,b04-010-06-00,show
107,b04-010-06-01,the
107,b04-010-06-02,world
107,b04-010-06-03,that
107,b04-010-06-04,this
107,b04-010-06-05,country
107,b04-010-06-06,does
107,b04-010-06-07,not
107,b04-010-07-00,desert
107,b04-010-07-01,her
107,b04-010-07-02,friends
107,b04-010-07-04,HAPPY
107,b04-010-07-06,happy
107,b04-010-08-02,Never
107,b04-010-08-03,before
107,b04-010-08-04,have
107,b04-010-09-00,larders
107,b04-010-09-01,been
107,b04-010-09-02,so
107,b04-010-09-03,well
107,b04-010-09-04,stocked
37,a02-111-00-00,Instead
37,a02-111-00-02,the
37,a02-111-00-03,kings
37,a02-111-00-04,will
37,a02-111-00-05,remain
37,a02-111-00-06,in
37,a02-111-00-07,London
37,a02-111-01-00,and
37,a02-111-01-01,wait
37,a02-111-01-02,to
37,a02-111-01-03,hear
37,a02-111-01-04,the
37,a02-111-02-00,Then
37,a02-111-02-01,their
37,a02-111-02-02,views
37,a02-111-02-03,will
37,a02-111-02-04,be
37,a02-111-02-06,back
37,a02-111-03-01,BUTLER
37,a02-111-03-03,the
37,a02-111-03-04,Home
37,a02-111-03-07,has
37,a02-111-03-08,decided
37,a02-111-04-00,to
37,a02-111-04-01,meet
37,a02-111-04-03,the
37,a02-111-04-04,biggest
37,a02-111-04-06,to
37,a02-111-05-02,yet
37,a02-111-05-04,by
37,a02-111-05-05,the
37,a02-111-06-05,Police
37,a02-111-06-06,leave
37,a02-111-07-00,has
37,a02-111-07-01,been
37,a02-111-07-03,and
37,a02-111-07-04,secret
37,a02-111-07-05,plans
37,a02-111-08-00,to
37,a02-111-08-01,deal
37,a02-111-08-02,with
37,a02-111-08-03,the
37,a02-111-08-04,mass
37,a02-111-08-06,rally
37,a02-111-08-07,planned
37,a02-111-09-00,for
37,a02-111-09-01,Sunday
37,a02-111-09-02,in
37,a02-111-09-04,by
37,a02-111-09-05,the
37,a02-111-10-01,of
37,a02-111-10-04,the
37,a02-111-10-06,arms
37,a02-111-11-00,group
671,r06-103-00-00,The
671,r06-103-00-01,sister
671,r06-103-00-03,able
671,r06-103-00-04,to
671,r06-103-00-05,swim
671,r06-103-00-07,had
671,r06-103-01-00,to
671,r06-103-01-01,the
671,r06-103-01-02,shore
671,r06-103-01-04,but
671,r06-103-01-05,instead
671,r06-103-01-06,of
671,r06-103-02-00,to
671,r06-103-02-01,her
671,r06-103-02-04,with
671,r06-103-02-05,whom
671,r06-103-03-00,she
671,r06-103-03-01,had
671,r06-103-03-02,an
671,r06-103-03-03,illicit
671,r06-103-03-07,she
671,r06-103-04-00,went
671,r06-103-04-01,to
671,r06-103-04-02,her
671,r06-103-04-04,house
671,r06-103-04-05,and
671,r06-103-05-03,Her
671,r06-103-06-01,her
671,r06-103-06-02,to
671,r06-103-06-03,the
671,r06-103-06-04,police
671,r06-103-06-06,and
671,r06-103-06-07,then
671,r06-103-06-08,jumped
671,r06-103-07-00,off
671,r06-103-07-02,cliff
671,r06-103-07-03,near
671,r06-103-07-04,Monte
671,r06-103-07-05,Carlo
110,b04-089-00-00,Who
110,b04-089-00-01,are
110,b04-089-00-02,they
110,b04-089-00-04,The
110,b04-089-00-05,trade
110,b04-089-00-06,union
110,b04-089-00-08,of
110,b04-089-00-09,Britain
110,b04-089-01-00,Men
110,b04-089-01-01,who
110,b04-089-01-02,earn
110,b04-089-01-03,only
110,b04-089-01-06,of
110,b04-089-01-07,what
110,b04-089-01-08,their
110,b04-089-02-00,talents
110,b04-089-02-01,and
110,b04-089-02-03,could
110,b04-089-02-04,bring
110,b04-089-02-05,in
110,b04-089-02-06,the
110,b04-089-02-07,open
110,b04-089-03-00,labour
110,b04-089-03-01,market
110,b04-089-03-03,The
110,b04-089-03-04,unions
110,b04-089-03-05,are
110,b04-089-03-07,indeed
110,b04-089-03-08,to
110,b04-089-04-00,find
110,b04-089-04-02,leaders
110,b04-089-04-03,at
110,b04-089-04-05,prices
110,b04-089-04-07,But
110,b04-089-04-08,it
110,b04-089-04-09,is
110,b04-089-05-00,time
110,b04-089-05-01,the
110,b04-089-05-02,members
110,b04-089-05-03,decided
110,b04-089-05-04,to
110,b04-089-05-05,pay
110,b04-089-05-06,up
110,b04-089-05-07,and
110,b04-089-05-08,be
110,b04-089-05-09,good
110,b04-089-06-02,THE
110,b04-089-06-03,Labour
110,b04-089-06-04,Party
110,b04-089-06-05,says
110,b04-089-06-06,that
110,b04-089-06-07,the
110,b04-089-06-08,Tory
110,b04-089-07-01,is
110,b04-089-07-03,the
110,b04-089-07-04,social
154,c03-016e-00-00,But
154,c03-016e-00-01,there
154,c03-016e-00-02,is
154,c03-016e-00-03,heart
154,c03-016e-00-04,in
154,c03-016e-00-05,the
154,c03-016e-00-06,telling
154,c03-016e-00-08,and
154,c03-016e-00-09,an
154,c03-016e-01-00,intense
154,c03-016e-01-01,realism
154,c03-016e-01-02,in
154,c03-016e-01-03,the
154,c03-016e-01-07,young
154,c03-016e-02-00,girl
154,c03-016e-02-01,lives
154,c03-016e-02-02,in
154,c03-016e-02-04,single
154,c03-016e-02-05,dingy
154,c03-016e-02-06,room
154,c03-016e-02-07,with
154,c03-016e-02-08,her
154,c03-016e-03-03,mother
154,c03-016e-03-05,In
154,c03-016e-03-06,such
154,c03-016e-04-01,she
154,c03-016e-04-02,learns
154,c03-016e-04-03,sex
154,c03-016e-04-04,is
154,c03-016e-05-00,sordid
154,c03-016e-05-02,and
154,c03-016e-05-03,when
154,c03-016e-05-04,she
154,c03-016e-05-06,it
154,c03-016e-05-07,for
154,c03-016e-05-08,the
154,c03-016e-06-00,first
154,c03-016e-06-01,time
154,c03-016e-06-02,herself
154,c03-016e-06-03,it
154,c03-016e-06-04,is
154,c03-016e-07-02,but
154,c03-016e-07-03,half
154,c03-016e-07-04,shyly
154,c03-016e-07-05,and
154,c03-016e-07-06,half
154,c03-016e-08-02,As
154,c03-016e-08-03,is
154,c03-016e-08-04,the
154,c03-016e-08-05,case
154,c03-016e-08-06,in
154,c03-016e-08-07,Fanny
154,c03-016e-08-08,her
154,c03-016e-09-00,first
154,c03-016e-09-01,lover
154,c03-016e-09-02,is
154,c03-016e-09-04,sailor
154,c03-016e-09-05,who
154,c03-016e-09-06,leaves
154,c03-016e-09-07,her
154,c03-016e-09-08,to
154,c03-016e-10-00,bear
154,c03-016e-10-01,his
154,c03-016e-10-02,child
154,c03-016e-10-03,and
154,c03-016e-10-04,sails
154,c03-016e-10-05,away
247,e07-079-00-00,The
247,e07-079-00-01,storage
247,e07-079-00-02,problem
247,e07-079-00-03,puts
247,e07-079-00-04,clay
247,e07-079-00-05,pots
247,e07-079-00-06,at
247,e07-079-01-03,They
247,e07-079-01-04,are
247,e07-079-01-05,fairly
247,e07-079-01-06,heavy
247,e07-079-02-00,and
247,e07-079-02-02,things
247,e07-079-02-03,to
247,e07-079-02-05,and
247,e07-079-03-00,they
247,e07-079-03-01,must
247,e07-079-03-02,have
247,e07-079-03-03,some
247,e07-079-03-05,from
247,e07-079-03-06,severe
247,e07-079-04-00,weather
247,e07-079-04-02,which
247,e07-079-04-03,can
247,e07-079-04-04,be
247,e07-079-04-05,quite
247,e07-079-04-08,in
247,e07-079-05-01,small
247,e07-079-05-02,garden
247,e07-079-05-04,While
247,e07-079-05-06,that
247,e07-079-06-00,broken
247,e07-079-06-01,pots
247,e07-079-06-02,have
247,e07-079-06-03,on
247,e07-079-07-00,artists
247,e07-079-07-01,with
247,e07-079-07-03,studies
247,e07-079-07-05,there
247,e07-079-07-06,is
247,e07-079-07-07,no
247,e07-079-08-00,doubt
247,e07-079-08-01,that
247,e07-079-08-03,pile
247,e07-079-08-04,of
247,e07-079-08-05,badly
247,e07-079-08-06,stacked
247,e07-079-09-01,pots
247,e07-079-09-02,is
247,e07-079-09-03,an
247,e07-079-09-05,sight
247,e07-079-10-00,from
247,e07-079-10-01,any
247,e07-079-10-02,point
247,e07-079-10-03,of
247,e07-079-10-04,view
129,c06-138-00-00,The
129,c06-138-00-01,plain
129,c06-138-00-03,sober
129,c06-138-00-04,manner
129,c06-138-00-05,of
129,c06-138-00-06,its
129,c06-138-01-00,style
129,c06-138-01-01,all
129,c06-138-01-02,the
129,c06-138-01-03,more
129,c06-138-02-00,points
129,c06-138-02-01,up
129,c06-138-02-02,not
129,c06-138-02-03,only
129,c06-138-02-04,the
129,c06-138-02-05,horror
129,c06-138-03-00,of
129,c06-138-03-01,the
129,c06-138-03-02,case
129,c06-138-03-03,itself
129,c06-138-03-05,which
129,c06-138-04-01,on
129,c06-138-04-02,to
129,c06-138-04-03,the
129,c06-138-05-00,four
129,c06-138-05-01,years
129,c06-138-05-02,later
129,c06-138-05-03,of
129,c06-138-06-00,born
129,c06-138-06-01,Bronx
129,c06-138-06-03,named
129,c06-138-07-00,Bruno
129,c06-138-07-01,Richard
129,c06-138-07-04,but
129,c06-138-08-00,to
129,c06-138-08-01,the
129,c06-138-09-00,and
129,c06-138-09-02,of
129,c06-138-09-03,that
129,c06-138-10-00,era
235,e04-043-00-00,Here
235,e04-043-00-01,are
235,e04-043-00-02,the
235,e04-043-00-03,plans
235,e04-043-00-04,of
235,e04-043-00-06,very
235,e04-043-00-08,little
235,e04-043-01-00,rowing
235,e04-043-01-01,dinghy
235,e04-043-01-02,many
235,e04-043-01-03,of
235,e04-043-01-04,which
235,e04-043-01-06,have
235,e04-043-01-07,built
235,e04-043-01-08,and
235,e04-043-02-00,sold
235,e04-043-02-02,It
235,e04-043-02-03,is
235,e04-043-02-06,for
235,e04-043-02-08,in
235,e04-043-03-03,and
235,e04-043-03-05,of
235,e04-043-03-06,weight
235,e04-043-04-00,and
235,e04-043-04-05,by
235,e04-043-04-08,She
235,e04-043-05-00,weighs
235,e04-043-05-01,only
235,e04-043-05-04,but
235,e04-043-05-05,can
235,e04-043-05-06,carry
235,e04-043-05-07,three
235,e04-043-05-08,people
235,e04-043-06-00,and
235,e04-043-06-01,an
235,e04-043-06-03,motor
235,e04-043-06-04,with
235,e04-043-07-00,margin
235,e04-043-07-01,of
333,g06-045b-00-00,In
333,g06-045b-00-01,April
333,g06-045b-00-02,of
333,g06-045b-00-03,that
333,g06-045b-00-04,year
333,g06-045b-00-05,his
333,g06-045b-00-06,first
333,g06-045b-01-02,the
333,g06-045b-01-04,Lord
333,g06-045b-02-02,had
333,g06-045b-02-03,written
333,g06-045b-02-04,to
333,g06-045b-02-05,advise
333,g06-045b-02-07,to
333,g06-045b-03-00,give
333,g06-045b-03-01,the
333,g06-045b-03-02,system
333,g06-045b-03-04,trial
333,g06-045b-03-06,adding
333,g06-045b-03-07,that
333,g06-045b-03-08,it
333,g06-045b-04-00,was
333,g06-045b-04-01,being
333,g06-045b-04-03,with
333,g06-045b-05-00,success
333,g06-045b-05-01,in
333,g06-045b-05-02,France
333,g06-045b-05-03,and
333,g06-045b-05-04,Italy
333,g06-045b-05-06,and
333,g06-045b-05-07,that
333,g06-045b-06-00,he
333,g06-045b-06-01,himself
333,g06-045b-06-02,was
333,g06-045b-06-03,being
333,g06-045b-06-04,treated
333,g06-045b-06-05,under
333,g06-045b-07-00,doctor
333,g06-045b-07-01,who
333,g06-045b-07-02,had
333,g06-045b-07-03,studied
333,g06-045b-07-04,under
333,g06-045b-07-05,its
333,g06-045b-08-00,founder
333,g06-045b-08-02,the
333,g06-045b-08-03,aged
333,g06-045b-08-05,Samuel
344,g06-026m-00-02,life
344,g06-026m-00-03,truly
344,g06-026m-00-06,It
344,g06-026m-00-07,so
344,g06-026m-00-08,happens
344,g06-026m-00-09,that
344,g06-026m-01-01,have
344,g06-026m-01-02,an
344,g06-026m-01-03,Italian
344,g06-026m-01-04,who
344,g06-026m-01-05,is
344,g06-026m-01-06,perhaps
344,g06-026m-01-07,the
344,g06-026m-01-08,best
344,g06-026m-02-00,Valet
344,g06-026m-02-01,de
344,g06-026m-02-02,Chambre
344,g06-026m-02-03,that
344,g06-026m-02-04,ever
344,g06-026m-02-05,was
344,g06-026m-02-07,But
344,g06-026m-02-08,he
344,g06-026m-02-09,has
344,g06-026m-03-00,not
344,g06-026m-03-01,one
344,g06-026m-03-02,word
344,g06-026m-03-03,of
344,g06-026m-03-04,English
344,g06-026m-03-07,While
344,g06-026m-03-08,he
344,g06-026m-03-09,was
344,g06-026m-03-10,writing
344,g06-026m-04-00,this
344,g06-026m-04-01,letter
344,g06-026m-04-02,he
344,g06-026m-04-03,heard
344,g06-026m-04-04,of
344,g06-026m-04-05,the
344,g06-026m-04-06,fall
344,g06-026m-04-07,of
344,g06-026m-04-08,the
344,g06-026m-04-09,Whigs
344,g06-026m-04-11,and
344,g06-026m-05-00,the
344,g06-026m-05-03,of
344,g06-026m-05-04,the
344,g06-026m-06-00,by
344,g06-026m-06-01,the
344,g06-026m-06-02,Duke
344,g06-026m-06-03,of
670,r06-049-00-02,house
670,r06-049-00-03,was
670,r06-049-01-01,by
670,r06-049-01-02,firemen
670,r06-049-01-03,and
670,r06-049-01-04,other
670,r06-049-02-00,but
670,r06-049-02-01,there
670,r06-049-02-02,was
670,r06-049-02-03,no
670,r06-049-02-06,He
670,r06-049-03-01,few
670,r06-049-03-02,minutes
670,r06-049-03-03,later
670,r06-049-03-04,from
670,r06-049-03-06,nearby
670,r06-049-03-07,village
670,r06-049-04-01,for
670,r06-049-04-02,the
670,r06-049-04-03,trouble
670,r06-049-04-05,but
670,r06-049-05-00,that
670,r06-049-05-01,the
670,r06-049-05-02,walls
670,r06-049-05-03,were
670,r06-049-05-04,porous
670,r06-049-05-05,and
670,r06-049-05-06,the
670,r06-049-06-00,gas
670,r06-049-06-01,had
670,r06-049-06-02,escaped
670,r06-049-06-04,General
670,r06-049-06-05,relief
670,r06-049-06-06,was
670,r06-049-07-02,but
670,r06-049-07-06,this
670,r06-049-07-07,was
670,r06-049-08-02,in
670,r06-049-08-03,the
670,r06-049-08-04,next
670,r06-049-08-05,issue
670,r06-049-09-00,home
670,r06-049-09-01,and
670,r06-049-09-02,shot
670,r06-049-09-03,himself
670,r06-049-09-05,leaving
670,r06-049-09-07,note
670,r06-049-10-00,which
670,r06-049-10-01,again
670,r06-049-10-02,left
670,r06-049-10-03,his
670,r06-049-10-05,goods
334,g06-047c-00-00,This
334,g06-047c-00-02,man
334,g06-047c-00-03,of
334,g06-047c-00-06,whom
334,g06-047c-00-07,Sir
334,g06-047c-00-08,Francis
334,g06-047c-01-00,Burdett
334,g06-047c-01-02,to
334,g06-047c-01-05,year
334,g06-047c-01-06,or
334,g06-047c-01-07,two
334,g06-047c-02-00,later
334,g06-047c-02-01,as
334,g06-047c-02-03,more
334,g06-047c-02-04,like
334,g06-047c-02-06,God
334,g06-047c-02-07,upon
334,g06-047c-02-08,earth
334,g06-047c-02-09,than
334,g06-047c-03-01,human
334,g06-047c-03-02,being
334,g06-047c-03-05,had
334,g06-047c-03-06,an
334,g06-047c-03-08,number
334,g06-047c-03-09,of
334,g06-047c-04-01,among
334,g06-047c-04-03,medical
334,g06-047c-04-04,men
334,g06-047c-04-05,in
334,g06-047c-04-06,the
334,g06-047c-05-00,cities
334,g06-047c-05-01,of
334,g06-047c-05-02,Europe
334,g06-047c-05-04,One
334,g06-047c-05-05,of
334,g06-047c-05-06,these
334,g06-047c-05-07,was
334,g06-047c-05-08,the
334,g06-047c-06-02,Dr
334,g06-047c-06-04,Mauro
334,g06-047c-06-06,whom
334,g06-047c-07-01,in
334,g06-047c-07-02,May
20,a01-132-00-01,That
20,a01-132-00-02,cannot
20,a01-132-00-04,without
20,a01-132-00-05,either
20,a01-132-01-01,being
20,a01-132-01-02,limited
20,a01-132-01-03,or
20,a01-132-01-04,an
20,a01-132-02-01,being
20,a01-132-02-02,made
20,a01-132-02-03,in
20,a01-132-03-00,The
20,a01-132-03-02,decided
20,a01-132-03-03,to
20,a01-132-03-04,adjust
20,a01-132-04-00,the
20,a01-132-04-03,which
20,a01-132-04-05,Powell
20,a01-132-05-00,claimed
20,a01-132-05-01,was
20,a01-132-05-04,not
20,a01-132-06-02,the
20,a01-132-06-03,service
20,a01-132-06-06,the
20,a01-132-07-00,attack
20,a01-132-07-01,on
20,a01-132-07-04,charges
20,a01-132-07-06,for
20,a01-132-07-07,welfare
20,a01-132-08-00,foods
20,a01-132-08-03,Powell
20,a01-132-08-04,said
20,a01-132-08-05,that
20,a01-132-08-06,all
20,a01-132-08-07,these
20,a01-132-09-00,foods
20,a01-132-09-01,would
20,a01-132-09-02,still
20,a01-132-09-03,be
20,a01-132-09-04,free
20,a01-132-09-05,in
20,a01-132-10-01,regular
20,a01-132-11-00,grants
124,c06-111-00-00,This
124,c06-111-00-01,sort
124,c06-111-00-02,of
124,c06-111-00-04,calls
124,c06-111-00-05,for
124,c06-111-00-06,some
124,c06-111-00-07,subtle
124,c06-111-01-04,It
124,c06-111-01-06,get
124,c06-111-01-07,it
124,c06-111-01-09,But
124,c06-111-02-00,The
124,c06-111-02-02,is
124,c06-111-02-03,not
124,c06-111-02-06,waste
124,c06-111-02-07,of
124,c06-111-03-00,time
124,c06-111-03-03,learned
124,c06-111-03-04,from
124,c06-111-03-05,it
124,c06-111-03-06,that
124,c06-111-03-07,in
124,c06-111-03-08,the
124,c06-111-03-10,of
124,c06-111-04-00,Studies
124,c06-111-04-02,to
124,c06-111-04-03,some
124,c06-111-05-00,the
124,c06-111-05-01,subject
124,c06-111-05-02,Social
124,c06-111-05-04,used
124,c06-111-05-05,to
124,c06-111-05-06,be
124,c06-111-05-07,called
124,c06-111-06-01,and
124,c06-111-06-02,is
124,c06-111-06-03,now
124,c06-111-06-04,known
124,c06-111-06-05,as
147,c02-078-00-00,It
147,c02-078-00-01,has
147,c02-078-00-03,great
147,c02-078-00-04,look
147,c02-078-00-05,of
147,c02-078-00-06,speed
147,c02-078-00-07,and
147,c02-078-00-09,fun
147,c02-078-01-00,about
147,c02-078-01-01,it
147,c02-078-01-03,of
147,c02-078-01-08,and
147,c02-078-02-00,above
147,c02-078-02-01,all
147,c02-078-02-02,of
147,c02-078-02-04,sense
147,c02-078-02-06,Much
147,c02-078-02-07,of
147,c02-078-02-08,it
147,c02-078-02-09,has
147,c02-078-03-00,that
147,c02-078-03-01,air
147,c02-078-03-02,of
147,c02-078-03-05,as
147,c02-078-03-06,of
147,c02-078-04-00,living
147,c02-078-04-02,that
147,c02-078-04-03,once
147,c02-078-04-04,seemed
147,c02-078-04-05,so
147,c02-078-04-06,new
147,c02-078-04-07,and
147,c02-078-04-08,so
147,c02-078-05-02,The
147,c02-078-05-03,story
147,c02-078-05-05,not
147,c02-078-05-06,that
147,c02-078-05-07,the
147,c02-078-05-08,story
147,c02-078-05-10,in
147,c02-078-05-11,the
147,c02-078-06-00,sense
147,c02-078-06-01,of
147,c02-078-06-02,plot
147,c02-078-06-04,matters
147,c02-078-06-05,much
147,c02-078-06-07,but
147,c02-078-06-08,in
147,c02-078-06-09,the
147,c02-078-06-10,sense
147,c02-078-06-11,of
147,c02-078-07-01,and
147,c02-078-07-03,it
147,c02-078-07-04,matters
147,c02-078-07-06,lot
147,c02-078-07-08,is
147,c02-078-08-00,that
147,c02-078-08-01,of
147,c02-078-08-03,man
147,c02-078-08-04,on
147,c02-078-08-05,the
147,c02-078-08-06,run
147,c02-078-09-00,who
147,c02-078-09-01,spends
147,c02-078-09-03,few
147,c02-078-09-04,days
147,c02-078-09-05,with
147,c02-078-09-06,an
147,c02-078-09-08,girl
336,g06-011e-00-00,By
336,g06-011e-00-01,the
336,g06-011e-00-02,end
336,g06-011e-00-03,of
336,g06-011e-00-04,the
336,g06-011e-00-05,month
336,g06-011e-00-06,he
336,g06-011e-00-07,still
336,g06-011e-00-09,in
336,g06-011e-00-10,Naples
336,g06-011e-01-00,He
336,g06-011e-01-01,told
336,g06-011e-01-03,that
336,g06-011e-01-04,he
336,g06-011e-01-05,enjoyed
336,g06-011e-01-06,it
336,g06-011e-01-07,as
336,g06-011e-01-08,much
336,g06-011e-01-09,as
336,g06-011e-01-10,his
336,g06-011e-02-00,health
336,g06-011e-02-02,him
336,g06-011e-02-03,to
336,g06-011e-02-04,enjoy
336,g06-011e-02-08,The
336,g06-011e-02-09,Pearl
336,g06-011e-02-12,he
336,g06-011e-03-00,wrote
336,g06-011e-03-03,is
336,g06-011e-03-04,arrived
336,g06-011e-03-06,which
336,g06-011e-03-07,is
336,g06-011e-03-09,great
336,g06-011e-04-00,seems
336,g06-011e-04-01,to
336,g06-011e-04-02,be
336,g06-011e-04-03,tired
336,g06-011e-04-05,he
336,g06-011e-04-06,is
336,g06-011e-04-07,going
336,g06-011e-04-08,out
336,g06-011e-04-09,fast
336,g06-011e-04-12,What
336,g06-011e-04-14,gay
336,g06-011e-05-00,lively
336,g06-011e-05-01,people
336,g06-011e-05-03,and
336,g06-011e-05-04,what
336,g06-011e-05-06,busy
336,g06-011e-05-07,town
336,g06-011e-05-09,At
336,g06-011e-05-10,Rome
336,g06-011e-05-12,every
336,g06-011e-06-00,other
336,g06-011e-06-01,man
336,g06-011e-06-02,was
336,g06-011e-06-04,priest
336,g06-011e-06-06,here
336,g06-011e-06-07,the
336,g06-011e-06-08,priest
336,g06-011e-06-09,is
336,g06-011e-06-11,by
336,g06-011e-07-00,the
336,g06-011e-07-01,soldier
336,g06-011e-07-05,change
336,g06-011e-07-06,in
336,g06-011e-07-07,my
336,g06-011e-07-08,eye
336,g06-011e-08-00,as
336,g06-011e-08-01,the
336,g06-011e-08-02,troops
336,g06-011e-08-03,are
336,g06-011e-08-04,very
336,g06-011e-08-05,fine
0,a05-094-00-00,The
0,a05-094-00-01,trouble
0,a05-094-00-02,about
0,a05-094-00-03,such
0,a05-094-00-04,debates
0,a05-094-00-05,is
0,a05-094-00-06,that
0,a05-094-01-00,they
0,a05-094-01-01,range
0,a05-094-01-02,too
0,a05-094-01-03,widely
0,a05-094-01-05,They
0,a05-094-01-06,remind
0,a05-094-01-07,one
0,a05-094-01-08,of
0,a05-094-02-00,the
0,a05-094-02-01,Rugby
0,a05-094-02-02,match
0,a05-094-02-03,in
0,a05-094-02-05,Tom
0,a05-094-03-00,in
0,a05-094-03-01,which
0,a05-094-03-02,all
0,a05-094-03-03,the
0,a05-094-03-04,boys
0,a05-094-03-05,were
0,a05-094-03-06,welcome
0,a05-094-03-07,to
0,a05-094-04-00,take
0,a05-094-04-01,part
0,a05-094-04-03,and
0,a05-094-04-04,only
0,a05-094-04-05,those
0,a05-094-04-06,who
0,a05-094-04-08,really
0,a05-094-04-09,meant
0,a05-094-05-02,removed
0,a05-094-05-03,their
0,a05-094-05-04,jackets
0,a05-094-05-06,Not
0,a05-094-05-07,many
0,a05-094-06-01,braces
0,a05-094-06-02,were
0,a05-094-06-03,visible
0,a05-094-06-04,in
0,a05-094-06-05,the
0,a05-094-07-00,early
0,a05-094-07-01,stages
0,a05-094-07-02,of
0,a05-094-07-04,debate
0,a05-094-08-00,Healey
0,a05-094-08-01,had
0,a05-094-08-02,another
0,a05-094-08-03,tilt
0,a05-094-08-04,at
0,a05-094-08-05,the
0,a05-094-08-06,Prime
0,a05-094-09-01,Press
0,a05-094-09-04,which
0,a05-094-09-05,he
0,a05-094-10-01,as
0,a05-094-10-04,display
0,a05-094-10-05,of
0,a05-094-10-06,flabby
0,a05-094-10-07,and
130,b06-059-00-00,It
130,b06-059-00-01,would
130,b06-059-00-02,become
130,b06-059-00-03,easy
130,b06-059-00-04,to
130,b06-059-00-05,become
130,b06-059-00-06,cynical
130,b06-059-00-07,and
130,b06-059-01-00,to
130,b06-059-01-01,despair
130,b06-059-01-03,And
130,b06-059-01-04,yet
130,b06-059-01-07,the
130,b06-059-01-08,issues
130,b06-059-01-09,were
130,b06-059-01-10,put
130,b06-059-02-00,clearly
130,b06-059-02-03,of
130,b06-059-02-04,the
130,b06-059-02-07,their
130,b06-059-03-01,stand
130,b06-059-03-03,Only
130,b06-059-03-04,where
130,b06-059-03-05,the
130,b06-059-03-06,issues
130,b06-059-03-07,were
130,b06-059-04-00,posed
130,b06-059-04-01,so
130,b06-059-04-02,as
130,b06-059-04-03,to
130,b06-059-04-04,cause
130,b06-059-04-05,doubt
130,b06-059-04-06,and
130,b06-059-05-00,were
130,b06-059-05-02,lost
130,b06-059-05-04,It
130,b06-059-05-05,is
130,b06-059-05-06,my
130,b06-059-05-07,view
130,b06-059-05-08,that
130,b06-059-05-09,this
130,b06-059-06-02,hides
130,b06-059-06-03,the
130,b06-059-06-04,fact
130,b06-059-06-05,that
130,b06-059-06-06,the
130,b06-059-07-00,Peace
130,b06-059-07-02,is
130,b06-059-07-03,still
130,b06-059-07-05,and
130,b06-059-07-06,that
130,b06-059-08-01,of
130,b06-059-08-02,the
130,b06-059-08-03,issues
130,b06-059-08-04,can
130,b06-059-08-05,bring
130,b06-059-09-01,to
130,b06-059-09-03,secure
130,b06-059-09-04,the
661,r03-035-00-01,Of
661,r03-035-00-02,course
661,r03-035-00-03,you
661,r03-035-00-04,must
661,r03-035-00-05,count
661,r03-035-00-06,about
661,r03-035-00-07,two
661,r03-035-00-08,hundred
661,r03-035-01-00,for
661,r03-035-01-01,legal
661,r03-035-01-02,charges
661,r03-035-01-03,and
661,r03-035-01-04,stamp
661,r03-035-01-05,duties
661,r03-035-02-00,maybe
661,r03-035-02-01,less
661,r03-035-02-04,on
661,r03-035-02-05,the
661,r03-035-02-06,price
661,r03-035-02-07,of
661,r03-035-02-08,the
661,r03-035-03-00,house
661,r03-035-03-02,and
661,r03-035-03-03,whether
661,r03-035-03-04,it
661,r03-035-03-05,has
661,r03-035-03-06,been
661,r03-035-04-00,tered
661,r03-035-04-03,take
661,r03-035-04-04,it
661,r03-035-04-05,you
661,r03-035-04-06,have
661,r03-035-04-09,lined
661,r03-035-05-00,up
661,r03-035-05-02,then
661,r03-035-05-06,er
661,r03-035-05-08,Buttery
661,r03-035-05-12,Not
661,r03-035-05-13,yet
661,r03-035-06-00,but
661,r03-035-06-01,the
661,r03-035-06-02,bank
661,r03-035-06-03,would
661,r03-035-06-04,give
661,r03-035-06-05,me
661,r03-035-06-07,loan
661,r03-035-07-00,sure
661,r03-035-07-04,Er
661,r03-035-07-06,yes
661,r03-035-07-08,You
661,r03-035-07-09,have
661,r03-035-07-10,some
661,r03-035-08-00,then
140,c02-012-00-00,Every
140,c02-012-00-02,detail
140,c02-012-00-04,all
140,c02-012-00-06,local
140,c02-012-01-01,must
140,c02-012-01-02,be
140,c02-012-01-05,He
140,c02-012-01-06,does
140,c02-012-01-07,not
140,c02-012-02-00,want
140,c02-012-02-01,the
140,c02-012-02-03,of
140,c02-012-02-05,police
140,c02-012-03-00,but
140,c02-012-03-01,rather
140,c02-012-03-02,he
140,c02-012-03-03,wants
140,c02-012-03-04,to
140,c02-012-03-05,show
140,c02-012-03-06,the
140,c02-012-03-07,eternal
140,c02-012-03-08,in
140,c02-012-04-00,every
140,c02-012-04-01,instant
140,c02-012-04-04,The
140,c02-012-04-06,horror
140,c02-012-04-07,of
140,c02-012-05-00,chias
140,c02-012-05-02,is
140,c02-012-05-03,due
140,c02-012-05-04,as
140,c02-012-05-05,much
140,c02-012-05-06,to
140,c02-012-05-07,Wicki
140,c02-012-05-08,the
140,c02-012-06-00,grapher
140,c02-012-06-01,as
140,c02-012-06-02,to
140,c02-012-06-03,Wicki
140,c02-012-06-04,the
140,c02-012-06-07,His
140,c02-012-06-08,earlier
140,c02-012-07-00,film
140,c02-012-07-03,Die
140,c02-012-07-07,was
140,c02-012-07-08,equally
140,c02-012-08-00,but
140,c02-012-08-01,here
140,c02-012-08-02,the
140,c02-012-08-04,moves
140,c02-012-08-05,out
140,c02-012-08-06,of
140,c02-012-08-07,the
140,c02-012-08-08,world
140,c02-012-09-00,of
140,c02-012-09-01,reality
140,c02-012-09-02,into
140,c02-012-09-03,an
140,c02-012-09-04,icy
140,c02-012-09-06,vacuum
157,c04-000-00-00,NEXT
157,c04-000-00-01,month
157,c04-000-00-02,that
157,c04-000-00-07,Frankie
157,c04-000-01-00,Vaughan
157,c04-000-01-01,will
157,c04-000-01-02,burst
157,c04-000-01-03,on
157,c04-000-01-04,to
157,c04-000-01-05,the
157,c04-000-01-06,London
157,c04-000-01-08,stage
157,c04-000-02-00,in
157,c04-000-02-02,new
157,c04-000-02-03,show
157,c04-000-02-05,To
157,c04-000-02-07,his
157,c04-000-02-09,ditty
157,c04-000-03-01,He
157,c04-000-03-03,have
157,c04-000-03-04,the
157,c04-000-03-07,they
157,c04-000-03-09,give
157,c04-000-03-10,him
157,c04-000-03-11,the
157,c04-000-03-12,girls
157,c04-000-04-00,and
157,c04-000-04-01,leave
157,c04-000-04-02,the
157,c04-000-04-03,rest
157,c04-000-04-04,to
157,c04-000-04-05,him
0,a01-077u-00-00,And
0,a01-077u-00-02,since
0,a01-077u-00-03,this
0,a01-077u-00-04,is
0,a01-077u-00-06,year
0,a01-077u-00-07,in
0,a01-077u-00-08,West
0,a01-077u-01-00,Germany
0,a01-077u-01-04,is
0,a01-077u-01-05,in
0,a01-077u-01-07,tough
0,a01-077u-01-08,spot
0,a01-077u-02-00,Joyce
0,a01-077u-02-02,cables
0,a01-077u-02-05,Kennedy
0,a01-077u-03-00,at
0,a01-077u-03-01,his
0,a01-077u-03-03,Press
0,a01-077u-04-00,he
0,a01-077u-04-01,did
0,a01-077u-04-02,not
0,a01-077u-04-03,know
0,a01-077u-04-04,whether
0,a01-077u-04-05,America
0,a01-077u-04-06,was
0,a01-077u-05-00,lagging
0,a01-077u-05-01,behind
0,a01-077u-05-02,Russia
0,a01-077u-05-03,in
0,a01-077u-05-04,missile
0,a01-077u-05-05,power
0,a01-077u-06-00,He
0,a01-077u-06-01,said
0,a01-077u-06-02,he
0,a01-077u-06-03,was
0,a01-077u-06-04,waiting
0,a01-077u-06-05,for
0,a01-077u-06-06,his
0,a01-077u-06-07,senior
0,a01-077u-07-01,aides
0,a01-077u-07-02,to
0,a01-077u-07-03,come
0,a01-077u-07-04,up
0,a01-077u-07-05,with
0,a01-077u-07-06,the
0,a01-077u-07-07,answer
0,a01-077u-08-00,on
272,f04-011-00-00,The
272,f04-011-00-01,body
272,f04-011-00-02,was
272,f04-011-00-05,and
272,f04-011-00-06,it
272,f04-011-00-07,was
272,f04-011-01-01,that
272,f04-011-01-02,no
272,f04-011-01-03,sexual
272,f04-011-01-04,assault
272,f04-011-01-05,had
272,f04-011-01-06,taken
272,f04-011-01-07,place
272,f04-011-02-00,It
272,f04-011-02-01,seemed
272,f04-011-02-03,that
272,f04-011-02-04,the
272,f04-011-02-05,motive
272,f04-011-02-06,had
272,f04-011-02-07,been
272,f04-011-03-00,robbery
272,f04-011-03-02,and
272,f04-011-03-03,this
272,f04-011-03-04,was
272,f04-011-03-05,further
272,f04-011-03-07,when
272,f04-011-04-00,check
272,f04-011-04-01,was
272,f04-011-04-02,made
272,f04-011-04-03,with
272,f04-011-04-04,the
272,f04-011-04-07,in
272,f04-011-05-02,Miss
272,f04-011-05-03,Camp
272,f04-011-05-04,had
272,f04-011-05-05,been
272,f04-011-05-06,the
272,f04-011-05-08,at
272,f04-011-05-09,the
272,f04-011-06-00,Good
272,f04-011-06-01,Intent
272,f04-011-06-05,in
272,f04-011-06-08,Her
272,f04-011-06-09,day
272,f04-011-07-00,off
272,f04-011-07-01,was
272,f04-011-07-04,and
272,f04-011-07-05,before
272,f04-011-07-06,coming
272,f04-011-07-07,up
272,f04-011-07-08,to
272,f04-011-07-09,London
272,f04-011-08-00,in
272,f04-011-08-01,the
272,f04-011-08-02,evening
272,f04-011-08-03,she
272,f04-011-08-04,had
272,f04-011-08-05,called
272,f04-011-08-06,on
272,f04-011-08-07,her
272,f04-011-08-08,two
272,f04-011-08-09,sisters
272,f04-011-09-00,one
272,f04-011-09-01,of
272,f04-011-09-02,whom
272,f04-011-09-03,lived
272,f04-011-09-04,at
272,f04-011-09-06,and
272,f04-011-09-07,the
272,f04-011-10-00,other
272,f04-011-10-01,at
272,f04-011-10-04,where
272,f04-011-10-05,she
272,f04-011-10-06,kept
272,f04-011-10-08,shop
212,e01-035-00-00,For
212,e01-035-00-01,in
212,e01-035-00-02,the
212,e01-035-00-03,old
212,e01-035-00-04,order
212,e01-035-00-05,of
212,e01-035-00-06,things
212,e01-035-00-08,men
212,e01-035-01-00,and
212,e01-035-01-01,worked
212,e01-035-01-02,lace
212,e01-035-01-03,as
212,e01-035-01-04,well
212,e01-035-01-05,as
212,e01-035-01-06,women
212,e01-035-01-07,and
212,e01-035-02-00,special
212,e01-035-02-01,schools
212,e01-035-02-02,were
212,e01-035-02-03,set
212,e01-035-02-04,up
212,e01-035-02-05,to
212,e01-035-02-06,teach
212,e01-035-03-00,making
212,e01-035-03-01,not
212,e01-035-03-02,only
212,e01-035-03-03,to
212,e01-035-03-04,young
212,e01-035-03-05,girls
212,e01-035-03-07,but
212,e01-035-03-08,to
212,e01-035-03-09,little
212,e01-035-04-00,boys
212,e01-035-04-01,as
212,e01-035-04-02,well
212,e01-035-04-04,Whole
212,e01-035-04-06,made
212,e01-035-04-07,their
212,e01-035-05-01,by
212,e01-035-05-03,and
212,e01-035-06-02,of
212,e01-035-06-03,song
212,e01-035-06-06,and
212,e01-035-06-08,grew
212,e01-035-07-00,up
212,e01-035-07-01,around
212,e01-035-07-02,the
212,e01-035-07-03,lace
121,b05-083-00-00,In
121,b05-083-00-01,no
121,b05-083-00-02,other
121,b05-083-00-04,country
121,b05-083-00-06,not
121,b05-083-00-07,even
121,b05-083-01-00,Poland
121,b05-083-01-02,had
121,b05-083-01-03,the
121,b05-083-01-04,Germans
121,b05-083-01-05,begun
121,b05-083-01-06,with
121,b05-083-01-07,such
121,b05-083-02-00,drastic
121,b05-083-02-01,step
121,b05-083-02-03,There
121,b05-083-02-04,is
121,b05-083-02-05,no
121,b05-083-02-06,doubt
121,b05-083-02-07,that
121,b05-083-02-08,the
121,b05-083-03-00,of
121,b05-083-03-02,would
121,b05-083-03-03,have
121,b05-083-03-04,been
121,b05-083-03-05,as
121,b05-083-03-06,good
121,b05-083-03-07,as
121,b05-083-03-08,their
121,b05-083-04-00,evil
121,b05-083-04-01,word
121,b05-083-04-03,THE
121,b05-083-04-04,Inland
121,b05-083-04-05,Revenue
121,b05-083-04-06,people
121,b05-083-04-07,have
121,b05-083-05-01,task
121,b05-083-05-03,But
121,b05-083-05-04,they
121,b05-083-05-05,do
121,b05-083-05-06,not
121,b05-083-05-07,make
121,b05-083-06-01,less
121,b05-083-06-03,by
121,b05-083-06-04,their
121,b05-083-07-00,to
121,b05-083-07-01,their
121,b05-083-07-04,who
121,b05-083-08-00,pay
121,b05-083-08-01,their
89,b01-038-00-02,the
89,b01-038-00-03,rise
89,b01-038-00-04,is
89,b01-038-00-05,very
89,b01-038-00-06,small
89,b01-038-00-08,But
89,b01-038-00-09,it
89,b01-038-00-10,is
89,b01-038-00-12,step
89,b01-038-01-00,in
89,b01-038-01-01,the
89,b01-038-01-03,of
89,b01-038-01-06,Hopes
89,b01-038-02-00,will
89,b01-038-02-01,now
89,b01-038-02-02,grow
89,b01-038-02-04,of
89,b01-038-02-05,further
89,b01-038-03-02,which
89,b01-038-03-03,is
89,b01-038-03-04,the
89,b01-038-03-05,only
89,b01-038-03-06,way
89,b01-038-03-07,to
89,b01-038-03-08,solve
89,b01-038-03-09,the
89,b01-038-04-02,that
89,b01-038-04-03,upset
89,b01-038-04-04,the
89,b01-038-04-05,Western
89,b01-038-04-06,world
89,b01-038-05-00,Britain
89,b01-038-05-01,and
89,b01-038-05-02,the
89,b01-038-05-05,which
89,b01-038-05-06,have
89,b01-038-05-08,with
89,b01-038-06-00,their
89,b01-038-06-03,will
89,b01-038-06-04,gain
89,b01-038-06-05,some
89,b01-038-06-07,help
89,b01-038-07-00,What
89,b01-038-07-01,it
89,b01-038-07-02,means
89,b01-038-07-03,in
89,b01-038-07-05,terms
89,b01-038-07-06,is
89,b01-038-07-07,that
89,b01-038-07-08,our
89,b01-038-08-00,exports
89,b01-038-08-01,to
89,b01-038-08-02,Germany
89,b01-038-08-03,will
89,b01-038-08-04,now
89,b01-038-08-05,be
89,b01-038-08-07,little
89,b01-038-08-08,cheaper
89,b01-038-09-00,for
89,b01-038-09-01,Germans
89,b01-038-09-02,to
89,b01-038-09-03,buy
89,b01-038-09-05,while
89,b01-038-09-06,the
89,b01-038-09-07,goods
89,b01-038-09-08,which
89,b01-038-10-00,Germany
89,b01-038-10-01,exports
89,b01-038-10-02,will
89,b01-038-10-03,be
89,b01-038-10-04,made
89,b01-038-10-06,little
89,b01-038-10-07,dearer
78,a06-075-00-01,After
78,a06-075-00-02,long
78,a06-075-00-03,and
78,a06-075-00-04,earnest
78,a06-075-00-07,Her
78,a06-075-01-02,have
78,a06-075-01-03,come
78,a06-075-01-04,to
78,a06-075-01-05,the
78,a06-075-02-01,that
78,a06-075-02-02,it
78,a06-075-02-03,would
78,a06-075-02-04,be
78,a06-075-02-05,right
78,a06-075-02-06,for
78,a06-075-03-00,Britain
78,a06-075-03-01,to
78,a06-075-03-02,make
78,a06-075-03-04,formal
78,a06-075-04-00,for
78,a06-075-04-02,with
78,a06-075-04-04,view
78,a06-075-04-05,to
78,a06-075-04-06,joining
78,a06-075-05-00,the
78,a06-075-05-04,At
78,a06-075-05-05,this
78,a06-075-05-06,point
78,a06-075-05-09,Paul
78,a06-075-06-06,called
78,a06-075-06-07,out
78,a06-075-07-01,Shame
78,a06-075-07-06,is
78,a06-075-07-08,close
78,a06-075-08-01,of
78,a06-075-08-03,Fell
19,a01-128-00-00,When
19,a01-128-00-02,Brown
19,a01-128-00-03,sat
19,a01-128-00-04,down
19,a01-128-00-05,Labour
19,a01-128-00-07,cheered
19,a01-128-00-08,for
19,a01-128-01-01,full
19,a01-128-01-02,minute
19,a01-128-01-04,and
19,a01-128-01-05,even
19,a01-128-01-06,his
19,a01-128-02-00,on
19,a01-128-02-01,defence
19,a01-128-02-02,joined
19,a01-128-02-03,in
19,a01-128-02-06,Powell
19,a01-128-02-07,devoted
19,a01-128-02-08,half
19,a01-128-02-09,his
19,a01-128-02-10,speech
19,a01-128-03-00,to
19,a01-128-03-01,giving
19,a01-128-03-02,details
19,a01-128-03-03,of
19,a01-128-03-04,plans
19,a01-128-03-05,for
19,a01-128-03-07,the
19,a01-128-03-09,service
19,a01-128-04-00,on
19,a01-128-04-01,which
19,a01-128-04-02,indeed
19,a01-128-04-03,the
19,a01-128-04-05,is
19,a01-128-04-06,making
19,a01-128-05-00,His
19,a01-128-05-01,basic
19,a01-128-05-02,defence
19,a01-128-05-03,of
19,a01-128-05-04,the
19,a01-128-05-05,Health
19,a01-128-05-06,Service
19,a01-128-05-07,cuts
19,a01-128-05-08,was
19,a01-128-05-09,that
19,a01-128-06-01,even
19,a01-128-06-02,after
19,a01-128-06-03,the
19,a01-128-06-05,changes
19,a01-128-06-06,the
19,a01-128-06-07,net
19,a01-128-06-08,cost
19,a01-128-06-09,of
19,a01-128-06-10,the
19,a01-128-07-00,service
19,a01-128-07-01,to
19,a01-128-07-02,the
19,a01-128-07-04,will
19,a01-128-07-05,have
19,a01-128-07-07,over
19,a01-128-08-00,three
19,a01-128-08-01,years
19,a01-128-08-02,by
19,a01-128-08-04,per
87,b01-000-00-00,Prime
87,b01-000-00-02,after
87,b01-000-00-03,Prime
87,b01-000-00-05,speaks
87,b01-000-00-06,out
87,b01-000-01-00,in
87,b01-000-01-02,against
87,b01-000-01-03,the
87,b01-000-01-04,South
87,b01-000-01-05,African
87,b01-000-02-01,policy
87,b01-000-02-02,of
87,b01-000-02-04,as
87,b01-000-02-05,we
87,b01-000-02-06,wait
87,b01-000-03-00,for
87,b01-000-03-01,the
87,b01-000-03-02,curtain
87,b01-000-03-03,to
87,b01-000-03-04,rise
87,b01-000-03-05,on
87,b01-000-03-06,the
87,b01-000-04-01,in
87,b01-000-04-02,London
87,b01-000-04-04,Will
87,b01-000-04-05,it
87,b01-000-04-06,end
87,b01-000-04-07,with
87,b01-000-05-00,South
87,b01-000-05-03,from
87,b01-000-05-04,the
87,b01-000-06-02,The
87,b01-000-06-03,issue
87,b01-000-06-04,is
87,b01-000-06-05,touch
87,b01-000-06-06,and
87,b01-000-06-07,go
138,c02-003-00-00,It
138,c02-003-00-01,would
138,c02-003-00-02,now
138,c02-003-00-03,seem
138,c02-003-00-04,that
138,c02-003-00-06,name
138,c02-003-00-07,must
138,c02-003-01-00,be
138,c02-003-01-01,added
138,c02-003-01-02,to
138,c02-003-01-03,this
138,c02-003-01-04,list
138,c02-003-01-06,for
138,c02-003-01-07,his
138,c02-003-01-08,new
138,c02-003-01-09,film
138,c02-003-02-00,may
138,c02-003-02-01,well
138,c02-003-02-02,be
138,c02-003-02-05,in
138,c02-003-02-06,the
138,c02-003-03-00,sation
138,c02-003-03-01,of
138,c02-003-03-02,the
138,c02-003-03-03,German
138,c02-003-03-04,cinema
138,c02-003-03-06,Wicki
138,c02-003-03-07,is
138,c02-003-04-00,not
138,c02-003-04-01,only
138,c02-003-04-05,He
138,c02-003-04-06,began
138,c02-003-04-07,his
138,c02-003-04-08,career
138,c02-003-05-00,as
138,c02-003-05-01,an
138,c02-003-05-02,actor
138,c02-003-05-04,had
138,c02-003-05-05,his
138,c02-003-05-06,first
138,c02-003-06-00,film
138,c02-003-06-02,in
138,c02-003-06-05,Die
138,c02-003-06-06,letzt
138,c02-003-07-03,and
138,c02-003-07-04,he
138,c02-003-07-05,also
138,c02-003-07-06,appears
138,c02-003-07-07,in
138,c02-003-07-08,the
138,c02-003-08-00,new
138,c02-003-08-02,film
153,c03-003d-00-00,This
153,c03-003d-00-01,is
153,c03-003d-00-02,not
153,c03-003d-00-04,filmed
153,c03-003d-00-05,play
153,c03-003d-00-07,It
153,c03-003d-00-08,has
153,c03-003d-00-09,been
153,c03-003d-01-01,in
153,c03-003d-01-02,terms
153,c03-003d-01-03,of
153,c03-003d-01-04,the
153,c03-003d-01-05,cinema
153,c03-003d-01-07,and
153,c03-003d-01-08,again
153,c03-003d-02-00,and
153,c03-003d-02-01,again
153,c03-003d-02-02,it
153,c03-003d-02-03,is
153,c03-003d-02-04,the
153,c03-003d-02-05,visual
153,c03-003d-02-07,of
153,c03-003d-02-08,the
153,c03-003d-03-00,story
153,c03-003d-03-02,and
153,c03-003d-03-03,the
153,c03-003d-03-05,of
153,c03-003d-03-06,the
153,c03-003d-03-07,central
153,c03-003d-04-00,ters
153,c03-003d-04-01,to
153,c03-003d-04-02,their
153,c03-003d-04-05,which
153,c03-003d-04-06,bring
153,c03-003d-04-07,the
153,c03-003d-05-00,film
153,c03-003d-05-01,so
153,c03-003d-05-02,vividly
153,c03-003d-05-03,to
153,c03-003d-05-04,life
153,c03-003d-05-06,In
153,c03-003d-05-07,Fanny
153,c03-003d-05-09,which
153,c03-003d-06-00,also
153,c03-003d-06-01,has
153,c03-003d-06-02,its
153,c03-003d-06-06,the
153,c03-003d-07-01,Joshua
153,c03-003d-07-02,Logan
153,c03-003d-07-05,but
153,c03-003d-07-06,failed
153,c03-003d-07-07,to
153,c03-003d-08-00,create
153,c03-003d-08-01,the
153,c03-003d-08-03,of
153,c03-003d-08-05,city
665,r03-084-00-02,afraid
665,r03-084-00-03,we
665,r03-084-00-05,take
665,r03-084-00-06,yours
665,r03-084-00-07,into
665,r03-084-00-08,account
665,r03-084-01-00,at
665,r03-084-01-01,all
665,r03-084-01-03,It
665,r03-084-01-06,rule
665,r03-084-01-07,of
665,r03-084-01-09,You
665,r03-084-01-10,see
665,r03-084-01-12,you
665,r03-084-02-00,might
665,r03-084-02-01,stop
665,r03-084-02-02,work
665,r03-084-02-03,to
665,r03-084-02-04,have
665,r03-084-02-06,well
665,r03-084-02-08,for
665,r03-084-02-09,all
665,r03-084-02-10,sorts
665,r03-084-02-11,of
665,r03-084-03-00,reasons
665,r03-084-03-02,or
665,r03-084-03-03,you
665,r03-084-03-04,might
665,r03-084-03-05,leave
665,r03-084-03-06,him
665,r03-084-03-10,But
665,r03-084-03-11,how
665,r03-084-04-00,utterly
665,r03-084-04-04,said
665,r03-084-04-05,Serena
665,r03-084-04-06,angrily
665,r03-084-05-01,you
665,r03-084-05-02,must
665,r03-084-05-03,be
665,r03-084-05-04,living
665,r03-084-05-05,in
665,r03-084-05-06,the
665,r03-084-05-08,century
665,r03-084-06-01,Oh
665,r03-084-06-03,but
665,r03-084-06-04,it
665,r03-084-06-07,very
665,r03-084-06-08,general
665,r03-084-06-09,rule
665,r03-084-06-12,Buttery
665,r03-084-07-00,you
665,r03-084-07-02,find
665,r03-084-07-03,that
665,r03-084-07-04,no
665,r03-084-08-00,or
665,r03-084-08-04,for
665,r03-084-08-05,that
665,r03-084-08-06,matter
665,r03-084-08-08,will
665,r03-084-09-00,allow
665,r03-084-09-01,for
665,r03-084-09-02,the
671,r06-126-00-00,For
671,r06-126-00-01,his
671,r06-126-00-02,sake
671,r06-126-00-03,we
671,r06-126-00-04,chose
671,r06-126-00-05,the
671,r06-126-00-06,more
671,r06-126-01-00,serious
671,r06-126-01-01,of
671,r06-126-01-02,the
671,r06-126-01-03,two
671,r06-126-01-04,films
671,r06-126-01-05,that
671,r06-126-01-06,were
671,r06-126-02-00,showing
671,r06-126-02-01,in
671,r06-126-02-02,the
671,r06-126-02-03,little
671,r06-126-02-04,town
671,r06-126-02-06,It
671,r06-126-02-07,was
671,r06-126-03-00,about
671,r06-126-03-02,good
671,r06-126-03-03,priest
671,r06-126-03-04,who
671,r06-126-03-05,helped
671,r06-126-04-00,minals
671,r06-126-04-01,in
671,r06-126-04-02,New
671,r06-126-04-03,York
671,r06-126-04-05,His
671,r06-126-05-00,ever
671,r06-126-05-02,was
671,r06-126-05-03,not
671,r06-126-05-04,enough
671,r06-126-05-05,to
671,r06-126-05-06,prevent
671,r06-126-05-07,one
671,r06-126-06-00,of
671,r06-126-06-01,them
671,r06-126-06-02,from
671,r06-126-06-03,being
671,r06-126-06-04,sent
671,r06-126-06-05,to
671,r06-126-06-06,the
671,r06-126-06-07,gas
671,r06-126-07-00,chamber
671,r06-126-07-02,and
671,r06-126-07-03,Philip
671,r06-126-07-04,and
671,r06-126-07-06,waited
671,r06-126-07-07,with
671,r06-126-08-01,in
671,r06-126-08-02,the
671,r06-126-08-03,dark
671,r06-126-08-04,until
671,r06-126-08-05,she
671,r06-126-08-06,had
671,r06-126-08-07,stopped
671,r06-126-09-00,crying
671,r06-126-09-01,and
671,r06-126-09-02,could
671,r06-126-09-03,face
671,r06-126-09-04,the
671,r06-126-09-05,light
671,r06-126-09-06,of
671,r06-126-09-08,golden
671,r06-126-10-00,evening
112,b04-134-00-00,For
112,b04-134-00-02,today
112,b04-134-00-03,means
112,b04-134-00-04,still
112,b04-134-00-05,greater
112,b04-134-01-04,RUSSELL
112,b04-134-02-00,the
112,b04-134-02-03,bearer
112,b04-134-02-04,of
112,b04-134-02-05,the
112,b04-134-03-01,crusade
112,b04-134-03-03,has
112,b04-134-03-04,devoted
112,b04-134-04-01,march
112,b04-134-04-02,with
112,b04-134-04-03,him
112,b04-134-04-05,and
112,b04-134-04-06,sit
112,b04-134-04-07,with
112,b04-134-04-08,him
112,b04-134-05-00,too
112,b04-134-05-02,It
112,b04-134-05-03,is
112,b04-134-05-04,said
112,b04-134-05-05,by
112,b04-134-05-06,some
112,b04-134-05-07,that
112,b04-134-05-08,he
112,b04-134-05-09,is
112,b04-134-05-11,saint
112,b04-134-05-13,by
112,b04-134-06-00,others
112,b04-134-06-01,that
112,b04-134-06-02,he
112,b04-134-06-03,is
112,b04-134-06-05,prophet
112,b04-134-06-07,He
112,b04-134-06-08,is
112,b04-134-06-10,in
112,b04-134-06-11,fact
112,b04-134-07-01,with
112,b04-134-07-03,highly
112,b04-134-07-05,sense
112,b04-134-07-06,of
112,b04-134-08-00,who
112,b04-134-08-01,has
112,b04-134-08-02,been
112,b04-134-08-04,wrong
112,b04-134-08-05,on
112,b04-134-08-06,the
112,b04-134-08-07,great
112,b04-134-09-00,issues
112,b04-134-09-01,of
112,b04-134-09-02,our
112,b04-134-09-03,time
153,c03-000d-00-00,The
153,c03-000d-00-01,film
153,c03-000d-00-02,version
153,c03-000d-00-03,of
153,c03-000d-00-04,Miss
153,c03-000d-00-05,Shelagh
153,c03-000d-01-00,play
153,c03-000d-01-02,Taste
153,c03-000d-01-03,of
153,c03-000d-01-04,Honey
153,c03-000d-01-05,opens
153,c03-000d-01-06,at
153,c03-000d-01-07,the
153,c03-000d-02-00,Square
153,c03-000d-02-01,Theatre
153,c03-000d-02-04,It
153,c03-000d-02-05,has
153,c03-000d-02-06,been
153,c03-000d-03-00,duced
153,c03-000d-03-01,and
153,c03-000d-03-03,by
153,c03-000d-03-05,Tony
153,c03-000d-04-00,who
153,c03-000d-04-01,is
153,c03-000d-04-02,also
153,c03-000d-04-04,with
153,c03-000d-04-05,Miss
153,c03-000d-04-06,Delaney
153,c03-000d-05-00,of
153,c03-000d-05-01,the
153,c03-000d-05-02,script
153,c03-000d-05-04,and
153,c03-000d-05-05,the
153,c03-000d-05-06,great
153,c03-000d-05-08,to
153,c03-000d-06-00,be
153,c03-000d-06-01,derived
153,c03-000d-06-02,from
153,c03-000d-06-03,this
153,c03-000d-06-04,unity
153,c03-000d-06-05,of
153,c03-000d-06-07,and
153,c03-000d-07-00,control
153,c03-000d-07-01,are
145,c02-056-00-00,This
145,c02-056-00-02,is
145,c02-056-00-03,at
145,c02-056-00-04,last
145,c02-056-00-05,being
145,c02-056-00-07,and
145,c02-056-01-00,given
145,c02-056-01-01,his
145,c02-056-01-02,proper
145,c02-056-01-03,place
145,c02-056-01-04,in
145,c02-056-01-05,the
145,c02-056-01-06,history
145,c02-056-01-07,of
145,c02-056-01-08,the
145,c02-056-02-00,German
145,c02-056-02-01,film
145,c02-056-02-03,Most
145,c02-056-02-05,was
145,c02-056-02-06,his
145,c02-056-03-08,five
145,c02-056-03-09,ghost
145,c02-056-03-10,stories
145,c02-056-04-00,with
145,c02-056-04-02,light
145,c02-056-04-03,touch
145,c02-056-04-05,and
145,c02-056-04-06,there
145,c02-056-04-07,was
145,c02-056-04-08,much
145,c02-056-04-09,to
145,c02-056-04-10,admire
145,c02-056-05-00,in
145,c02-056-05-02,Dreyfus
145,c02-056-05-07,and
145,c02-056-05-08,the
145,c02-056-05-10,unknown
145,c02-056-06-00,but
145,c02-056-06-10,which
145,c02-056-07-00,tries
145,c02-056-07-01,to
145,c02-056-07-02,show
145,c02-056-07-03,that
145,c02-056-07-04,it
145,c02-056-07-05,took
145,c02-056-07-06,more
145,c02-056-07-07,than
145,c02-056-07-08,just
145,c02-056-08-00,Germany
145,c02-056-08-01,to
145,c02-056-08-02,start
145,c02-056-08-03,the
145,c02-056-08-04,First
145,c02-056-08-05,World
145,c02-056-08-06,War
339,g06-047h-00-00,This
339,g06-047h-00-02,man
339,g06-047h-00-03,of
339,g06-047h-00-06,whom
339,g06-047h-00-07,Sir
339,g06-047h-00-08,Francis
339,g06-047h-01-00,Burdett
339,g06-047h-01-02,to
339,g06-047h-01-05,year
339,g06-047h-01-06,or
339,g06-047h-01-07,two
339,g06-047h-01-08,later
339,g06-047h-01-09,as
339,g06-047h-02-01,more
339,g06-047h-02-02,like
339,g06-047h-02-04,God
339,g06-047h-02-05,upon
339,g06-047h-02-06,earth
339,g06-047h-02-07,than
339,g06-047h-02-09,human
339,g06-047h-02-10,being
339,g06-047h-03-00,had
339,g06-047h-03-01,an
339,g06-047h-03-03,number
339,g06-047h-03-04,of
339,g06-047h-03-06,among
339,g06-047h-04-01,medical
339,g06-047h-04-02,men
339,g06-047h-04-03,in
339,g06-047h-04-04,the
339,g06-047h-04-05,cities
339,g06-047h-04-06,of
339,g06-047h-04-07,Europe
339,g06-047h-05-00,One
339,g06-047h-05-01,of
339,g06-047h-05-02,these
339,g06-047h-05-03,was
339,g06-047h-05-04,the
339,g06-047h-05-07,Dr
339,g06-047h-05-09,Mauro
339,g06-047h-06-00,whom
339,g06-047h-06-03,in
339,g06-047h-06-04,May
63,a04-089-00-00,Earl
63,a04-089-00-01,Russell
63,a04-089-00-04,of
63,a04-089-00-05,the
63,a04-089-01-00,of
63,a04-089-01-03,told
63,a04-089-01-04,Kennedy
63,a04-089-01-05,that
63,a04-089-01-06,he
63,a04-089-01-07,should
63,a04-089-02-00,take
63,a04-089-02-01,notice
63,a04-089-02-02,of
63,a04-089-02-04,that
63,a04-089-02-05,very
63,a04-089-02-06,large
63,a04-089-02-07,and
63,a04-089-03-00,growing
63,a04-089-03-01,section
63,a04-089-03-02,which
63,a04-089-03-03,is
63,a04-089-03-04,opposed
63,a04-089-03-05,to
63,a04-089-04-00,the
63,a04-089-04-02,of
63,a04-089-04-04,Polaris
63,a04-089-04-05,base
63,a04-089-05-00,whether
63,a04-089-05-01,at
63,a04-089-05-02,Holy
63,a04-089-05-03,Loch
63,a04-089-05-04,or
63,a04-089-05-06,on
63,a04-089-06-00,British
63,a04-089-06-04,He
63,a04-089-06-05,pointed
63,a04-089-06-06,out
63,a04-089-06-07,that
63,a04-089-07-00,already
63,a04-089-07-01,there
63,a04-089-07-02,have
63,a04-089-07-03,been
63,a04-089-07-05,but
63,a04-089-08-00,that
63,a04-089-08-02,very
63,a04-089-08-03,much
63,a04-089-08-04,larger
63,a04-089-08-06,are
63,a04-089-08-07,to
63,a04-089-09-00,be
63,a04-089-09-02,and
63,a04-089-09-03,are
63,a04-089-09-04,being
63,a04-089-09-05,planned
148,c02-082-00-02,at
148,c02-082-00-03,the
148,c02-082-00-04,Paris
148,c02-082-00-05,Pullman
148,c02-082-01-00,in
148,c02-082-02-00,lated
148,c02-082-02-01,into
148,c02-082-02-02,Seven
148,c02-082-02-03,Days
148,c02-082-02-05,Seven
148,c02-082-02-06,Nights
148,c02-082-03-04,Peter
148,c02-082-03-06,film
148,c02-082-03-07,made
148,c02-082-04-00,in
148,c02-082-04-01,France
148,c02-082-04-02,and
148,c02-082-04-03,shown
148,c02-082-04-04,last
148,c02-082-04-05,autumn
148,c02-082-04-06,at
148,c02-082-05-00,the
148,c02-082-05-01,London
148,c02-082-05-02,Film
148,c02-082-05-05,In
148,c02-082-05-06,spite
148,c02-082-05-07,of
148,c02-082-06-02,from
148,c02-082-06-03,him
148,c02-082-06-04,and
148,c02-082-07-00,from
148,c02-082-07-01,Jeanne
148,c02-082-07-02,Moreau
148,c02-082-07-04,this
148,c02-082-07-05,has
148,c02-082-07-06,been
148,c02-082-07-07,fairly
148,c02-082-08-00,well
148,c02-082-08-02,by
148,c02-082-08-03,the
148,c02-082-08-04,critics
148,c02-082-08-06,it
148,c02-082-09-00,has
148,c02-082-09-05,even
148,c02-082-09-06,slow
59,a04-019-00-00,It
59,a04-019-00-01,said
59,a04-019-00-02,that
59,a04-019-00-03,the
59,a04-019-00-05,and
59,a04-019-00-06,Premier
59,a04-019-00-07,noted
59,a04-019-00-09,with
59,a04-019-00-12,the
59,a04-019-01-01,in
59,a04-019-01-02,Vienna
59,a04-019-01-03,on
59,a04-019-01-04,the
59,a04-019-01-05,need
59,a04-019-01-06,for
59,a04-019-01-07,an
59,a04-019-01-09,Laos
59,a04-019-02-00,which
59,a04-019-02-01,should
59,a04-019-02-02,lead
59,a04-019-02-03,to
59,a04-019-02-05,toward
59,a04-019-02-07,Laos
59,a04-019-02-09,at
59,a04-019-02-10,the
59,a04-019-03-00,Geneva
59,a04-019-03-06,was
59,a04-019-03-07,also
59,a04-019-03-08,given
59,a04-019-03-09,to
59,a04-019-03-10,the
59,a04-019-04-00,nuclear
59,a04-019-04-01,tests
59,a04-019-04-03,and
59,a04-019-04-04,to
59,a04-019-04-05,the
59,a04-019-04-07,of
59,a04-019-04-11,The
59,a04-019-05-01,in
59,a04-019-05-02,regard
59,a04-019-05-03,to
59,a04-019-05-04,Germany
59,a04-019-05-05,was
59,a04-019-05-08,and
59,a04-019-05-09,there
59,a04-019-05-10,was
59,a04-019-05-11,full
59,a04-019-06-01,on
59,a04-019-06-02,the
59,a04-019-06-04,of
59,a04-019-06-06,the
59,a04-019-06-07,rights
59,a04-019-06-08,and
59,a04-019-07-01,of
59,a04-019-07-02,the
59,a04-019-07-03,allied
59,a04-019-07-05,in
59,a04-019-07-06,Berlin
0,a01-122u-00-02,Powell
0,a01-122u-00-03,finds
0,a01-122u-00-04,it
0,a01-122u-00-05,easier
0,a01-122u-00-06,to
0,a01-122u-00-07,take
0,a01-122u-00-08,it
0,a01-122u-00-09,out
0,a01-122u-01-00,of
0,a01-122u-01-01,mothers
0,a01-122u-01-04,and
0,a01-122u-01-05,sick
0,a01-122u-01-06,people
0,a01-122u-01-07,than
0,a01-122u-02-00,to
0,a01-122u-02-01,take
0,a01-122u-02-02,on
0,a01-122u-02-03,this
0,a01-122u-02-04,vast
0,a01-122u-03-00,Brown
0,a01-122u-03-02,icily
0,a01-122u-03-05,Let
0,a01-122u-03-06,us
0,a01-122u-03-07,have
0,a01-122u-04-00,full
0,a01-122u-04-01,inquiry
0,a01-122u-04-02,into
0,a01-122u-04-03,the
0,a01-122u-04-04,cost
0,a01-122u-04-05,of
0,a01-122u-04-06,drugs
0,a01-122u-04-07,and
0,a01-122u-05-00,the
0,a01-122u-05-05,The
0,a01-122u-05-06,health
0,a01-122u-06-00,of
0,a01-122u-06-02,today
0,a01-122u-06-03,owed
0,a01-122u-06-04,much
0,a01-122u-06-05,to
0,a01-122u-06-06,the
0,a01-122u-06-07,welfare
0,a01-122u-07-00,food
0,a01-122u-07-01,scheme
0,a01-122u-07-03,It
0,a01-122u-07-04,was
0,a01-122u-07-06,during
0,a01-122u-08-00,the
0,a01-122u-08-01,war
0,a01-122u-08-03,Now
0,a01-122u-08-04,in
0,a01-122u-08-06,of
0,a01-122u-08-07,Tory
0,a01-122u-09-01,it
0,a01-122u-09-02,seemed
0,a01-122u-09-03,it
0,a01-122u-09-04,could
0,a01-122u-09-05,not
0,a01-122u-09-06,be
0,a01-122u-10-00,carried
0,a01-122u-10-01,on
64,a04-096-00-00,The
64,a04-096-00-01,second
64,a04-096-00-02,reason
64,a04-096-00-03,is
64,a04-096-00-05,with
64,a04-096-00-06,doubts
64,a04-096-01-00,as
64,a04-096-01-01,to
64,a04-096-01-02,the
64,a04-096-01-03,safety
64,a04-096-01-04,of
64,a04-096-01-05,the
64,a04-096-01-06,people
64,a04-096-01-07,of
64,a04-096-01-08,Great
64,a04-096-01-09,Britain
64,a04-096-02-01,in
64,a04-096-02-02,the
64,a04-096-02-03,time
64,a04-096-02-04,of
64,a04-096-02-05,crisis
64,a04-096-02-06,it
64,a04-096-02-07,would
64,a04-096-02-09,be
64,a04-096-03-01,for
64,a04-096-03-02,the
64,a04-096-03-03,British
64,a04-096-03-05,to
64,a04-096-04-01,any
64,a04-096-04-02,degree
64,a04-096-04-03,of
64,a04-096-04-04,control
64,a04-096-04-05,over
64,a04-096-04-06,the
64,a04-096-04-07,action
64,a04-096-05-00,of
64,a04-096-05-01,Polaris
64,a04-096-05-05,He
64,a04-096-05-06,argues
64,a04-096-05-07,that
64,a04-096-06-00,there
64,a04-096-06-01,is
64,a04-096-06-05,that
64,a04-096-06-06,so
64,a04-096-06-07,long
64,a04-096-07-00,as
64,a04-096-07-01,there
64,a04-096-07-02,is
64,a04-096-07-04,Polaris
64,a04-096-07-05,base
64,a04-096-07-06,in
64,a04-096-07-07,Britain
64,a04-096-07-08,the
64,a04-096-08-00,Soviet
64,a04-096-08-01,Union
64,a04-096-08-02,might
64,a04-096-08-04,against
64,a04-096-09-00,Britain
64,a04-096-09-01,alone
129,c06-014-00-00,At
129,c06-014-00-01,last
129,c06-014-00-02,Brendan
129,c06-014-00-04,to
129,c06-014-00-05,the
129,c06-014-01-00,relief
129,c06-014-01-02,turns
129,c06-014-01-03,his
129,c06-014-01-05,to
129,c06-014-02-00,the
129,c06-014-02-01,writing
129,c06-014-02-02,scene
129,c06-014-02-04,He
129,c06-014-02-06,to
129,c06-014-03-00,place
129,c06-014-03-01,himself
129,c06-014-03-02,in
129,c06-014-03-03,the
129,c06-014-04-03,myself
129,c06-014-04-06,he
129,c06-014-04-07,says
129,c06-014-04-11,cut
129,c06-014-05-00,above
129,c06-014-05-01,Evelyn
129,c06-014-05-02,Waugh
129,c06-014-05-06,cut
129,c06-014-06-00,above
129,c06-014-06-01,Nancy
129,c06-014-06-02,Mitford
129,c06-014-07-00,cut
129,c06-014-07-01,above
129,c06-014-07-02,Frank
129,c06-014-07-03,Haxell
129,c06-014-08-01,But
129,c06-014-08-04,he
129,c06-014-08-08,the
129,c06-014-08-10,is
129,c06-014-09-00,Shelagh
129,c06-014-09-01,Delaney
129,c06-014-09-03,Just
129,c06-014-09-04,because
129,c06-014-09-06,Taste
0,a01-011u-00-01,from
0,a01-011u-00-03,Kenneth
0,a01-011u-01-00,United
0,a01-011u-01-03,Party
0,a01-011u-02-02,members
0,a01-011u-02-04,and
0,a01-011u-02-06,Harry
0,a01-011u-03-00,African
0,a01-011u-03-06,will
0,a01-011u-04-00,meet
0,a01-011u-04-01,in
0,a01-011u-04-02,London
0,a01-011u-04-03,today
0,a01-011u-04-04,to
0,a01-011u-04-05,discuss
0,a01-011u-04-07,common
0,a01-011u-05-00,course
0,a01-011u-05-01,of
0,a01-011u-05-02,action
0,a01-011u-05-04,Sir
0,a01-011u-05-05,Roy
0,a01-011u-05-06,is
0,a01-011u-06-00,opposed
0,a01-011u-06-01,to
0,a01-011u-06-03,getting
0,a01-011u-06-04,an
0,a01-011u-06-05,elected
0,a01-011u-07-01,in
0,a01-011u-07-05,but
0,a01-011u-07-06,the
0,a01-011u-08-04,Iain
0,a01-011u-08-05,Macleod
0,a01-011u-09-00,is
0,a01-011u-09-02,on
0,a01-011u-09-04,policy
0,a01-011u-09-05,of
0,a01-011u-09-06,change
217,g01-000-00-02,knight
217,g01-000-00-04,Sir
217,g01-000-00-05,John
217,g01-000-00-06,Mercer
217,g01-000-00-08,was
217,g01-000-01-01,in
217,g01-000-01-02,England
217,g01-000-01-04,His
217,g01-000-01-05,son
217,g01-000-01-07,in
217,g01-000-01-08,revenge
217,g01-000-01-10,was
217,g01-000-02-01,English
217,g01-000-02-03,as
217,g01-000-02-04,far
217,g01-000-02-05,away
217,g01-000-02-06,as
217,g01-000-03-00,and
217,g01-000-03-01,doing
217,g01-000-03-02,it
217,g01-000-03-03,to
217,g01-000-03-04,some
217,g01-000-03-05,purpose
217,g01-000-03-07,John
217,g01-000-03-08,Philpot
217,g01-000-04-00,one
217,g01-000-04-01,of
217,g01-000-04-02,that
217,g01-000-04-03,new
217,g01-000-04-04,class
217,g01-000-04-05,of
217,g01-000-05-00,which
217,g01-000-05-01,the
217,g01-000-05-02,city
217,g01-000-05-03,of
217,g01-000-05-04,London
217,g01-000-05-05,was
217,g01-000-05-06,now
217,g01-000-05-09,fitted
217,g01-000-06-01,and
217,g01-000-06-02,manned
217,g01-000-06-04,fleet
217,g01-000-06-05,from
217,g01-000-06-06,his
217,g01-000-06-07,own
217,g01-000-07-02,and
217,g01-000-07-04,the
217,g01-000-07-05,young
217,g01-000-07-06,Mercer
217,g01-000-07-07,in
217,g01-000-08-01,Channel
217,g01-000-08-02,fight
264,f02-040-00-00,As
264,f02-040-00-02,result
264,f02-040-00-04,the
264,f02-040-00-05,Glasgow
264,f02-040-00-07,Council
264,f02-040-00-08,came
264,f02-040-01-00,into
264,f02-040-01-01,being
264,f02-040-01-02,in
264,f02-040-01-03,April
264,f02-040-01-07,with
264,f02-040-01-09,Andrew
264,f02-040-01-10,Hood
264,f02-040-01-11,as
264,f02-040-02-01,and
264,f02-040-02-03,Andrew
264,f02-040-02-05,as
264,f02-040-02-08,The
264,f02-040-03-00,Council
264,f02-040-03-01,has
264,f02-040-03-02,active
264,f02-040-03-04,on
264,f02-040-03-06,and
264,f02-040-04-01,for
264,f02-040-04-04,and
264,f02-040-04-05,on
264,f02-040-05-00,Centres
264,f02-040-05-02,The
264,f02-040-05-03,former
264,f02-040-05-05,of
264,f02-040-05-07,from
264,f02-040-06-00,the
264,f02-040-06-01,Glasgow
264,f02-040-06-03,Further
264,f02-040-07-00,the
264,f02-040-07-05,the
264,f02-040-08-03,and
264,f02-040-09-00,of
264,f02-040-09-04,and
264,f02-040-09-05,social
264,f02-040-09-06,science
671,r06-090-00-00,It
671,r06-090-00-01,was
671,r06-090-00-02,growing
671,r06-090-00-03,cold
671,r06-090-00-05,We
671,r06-090-00-06,left
671,r06-090-00-07,the
671,r06-090-01-00,crowd
671,r06-090-01-01,and
671,r06-090-01-02,drove
671,r06-090-01-03,back
671,r06-090-01-04,to
671,r06-090-01-05,Vence
671,r06-090-02-00,The
671,r06-090-02-01,cool
671,r06-090-02-02,evening
671,r06-090-02-04,stood
671,r06-090-03-01,at
671,r06-090-03-02,the
671,r06-090-03-03,corners
671,r06-090-03-04,of
671,r06-090-03-05,the
671,r06-090-03-06,roads
671,r06-090-04-00,Mart
671,r06-090-04-01,is
671,r06-090-04-02,unable
671,r06-090-04-03,to
671,r06-090-04-04,smell
671,r06-090-04-06,her
671,r06-090-04-07,sense
671,r06-090-05-00,organs
671,r06-090-05-01,were
671,r06-090-05-03,years
671,r06-090-05-04,ago
671,r06-090-05-07,and
671,r06-090-06-01,had
671,r06-090-06-02,to
671,r06-090-06-03,explain
671,r06-090-06-04,the
671,r06-090-06-05,low
671,r06-090-06-07,sharp
671,r06-090-06-08,and
671,r06-090-07-00,sweet
671,r06-090-07-01,signals
671,r06-090-07-02,in
671,r06-090-07-03,the
671,r06-090-07-04,air
671,r06-090-07-06,When
671,r06-090-07-07,we
671,r06-090-08-00,got
671,r06-090-08-01,back
671,r06-090-08-02,home
671,r06-090-08-03,we
671,r06-090-08-04,felt
671,r06-090-09-00,London
671,r06-090-09-04,sense
671,r06-090-09-05,of
671,r06-090-09-06,guilt
671,r06-090-10-00,mingled
671,r06-090-10-01,with
671,r06-090-10-02,the
671,r06-090-10-03,memory
671,r06-090-10-04,of
337,g06-050f-00-01,first
337,g06-050f-00-02,action
337,g06-050f-00-03,was
337,g06-050f-00-04,to
337,g06-050f-00-05,write
337,g06-050f-00-06,to
337,g06-050f-00-07,his
337,g06-050f-00-08,revered
337,g06-050f-00-09,master
337,g06-050f-00-10,at
337,g06-050f-01-00,near
337,g06-050f-01-01,Leipzig
337,g06-050f-01-03,asking
337,g06-050f-01-04,for
337,g06-050f-01-05,advice
337,g06-050f-01-07,In
337,g06-050f-01-08,doing
337,g06-050f-01-09,so
337,g06-050f-01-10,he
337,g06-050f-01-12,his
337,g06-050f-02-01,patient
337,g06-050f-02-02,and
337,g06-050f-02-03,his
337,g06-050f-02-06,He
337,g06-050f-02-07,told
337,g06-050f-02-09,that
337,g06-050f-02-10,he
337,g06-050f-03-00,found
337,g06-050f-03-03,strong
337,g06-050f-03-06,man
337,g06-050f-03-07,with
337,g06-050f-03-09,gentle
337,g06-050f-03-10,and
337,g06-050f-04-03,and
337,g06-050f-04-04,sedate
337,g06-050f-04-06,not
337,g06-050f-04-07,easily
337,g06-050f-04-10,patient
337,g06-050f-04-11,and
337,g06-050f-05-03,but
337,g06-050f-05-04,he
337,g06-050f-05-05,appears
337,g06-050f-05-06,to
337,g06-050f-05-07,despair
337,g06-050f-05-08,of
337,g06-050f-05-09,ever
337,g06-050f-05-10,being
337,g06-050f-05-11,cured
94,b01-132-00-00,The
94,b01-132-00-01,shock
94,b01-132-00-02,of
94,b01-132-00-04,from
94,b01-132-00-05,the
94,b01-132-01-01,now
94,b01-132-01-02,seems
94,b01-132-01-03,to
94,b01-132-01-04,be
94,b01-132-01-05,the
94,b01-132-01-06,only
94,b01-132-02-00,way
94,b01-132-02-01,left
94,b01-132-02-02,to
94,b01-132-02-03,try
94,b01-132-02-04,to
94,b01-132-02-05,bring
94,b01-132-02-06,home
94,b01-132-02-07,to
94,b01-132-02-08,the
94,b01-132-02-09,people
94,b01-132-02-10,of
94,b01-132-03-00,South
94,b01-132-03-01,Africa
94,b01-132-03-02,that
94,b01-132-03-05,is
94,b01-132-03-06,leading
94,b01-132-03-07,them
94,b01-132-04-00,to
94,b01-132-04-03,It
94,b01-132-04-04,may
94,b01-132-04-05,be
94,b01-132-04-06,that
94,b01-132-04-07,the
94,b01-132-05-00,Prime
94,b01-132-05-02,will
94,b01-132-05-03,decide
94,b01-132-05-04,against
94,b01-132-05-05,this
94,b01-132-05-06,final
94,b01-132-06-00,step
94,b01-132-06-02,If
94,b01-132-06-03,that
94,b01-132-06-04,is
94,b01-132-06-05,their
94,b01-132-06-07,they
94,b01-132-06-08,should
94,b01-132-06-09,also
94,b01-132-07-00,go
94,b01-132-07-02,on
94,b01-132-07-03,record
94,b01-132-07-04,that
94,b01-132-07-05,they
94,b01-132-07-06,regard
94,b01-132-08-01,as
94,b01-132-08-02,evil
94,b01-132-08-03,and
124,b06-075-00-00,At
124,b06-075-00-01,the
124,b06-075-00-02,same
124,b06-075-00-03,time
124,b06-075-00-04,that
124,b06-075-00-05,unity
124,b06-075-00-06,cannot
124,b06-075-00-07,be
124,b06-075-01-01,on
124,b06-075-01-03,false
124,b06-075-01-04,basis
124,b06-075-01-06,or
124,b06-075-01-07,by
124,b06-075-02-00,further
124,b06-075-02-02,within
124,b06-075-02-03,the
124,b06-075-02-06,Unity
124,b06-075-03-00,will
124,b06-075-03-01,never
124,b06-075-03-02,be
124,b06-075-03-04,on
124,b06-075-03-05,the
124,b06-075-03-06,basis
124,b06-075-03-07,of
124,b06-075-03-08,leaders
124,b06-075-04-00,being
124,b06-075-04-02,law
124,b06-075-04-03,unto
124,b06-075-04-05,and
124,b06-075-05-02,when
124,b06-075-05-03,it
124,b06-075-05-04,suits
124,b06-075-05-05,their
124,b06-075-05-06,own
124,b06-075-06-02,Unity
124,b06-075-06-03,can
124,b06-075-06-04,never
124,b06-075-06-05,be
124,b06-075-06-07,by
124,b06-075-07-00,any
124,b06-075-07-01,formula
124,b06-075-07-02,uniting
124,b06-075-07-03,those
124,b06-075-07-04,who
124,b06-075-07-05,oppose
124,b06-075-07-06,German
124,b06-075-08-00,troops
124,b06-075-08-01,being
124,b06-075-08-02,trained
124,b06-075-08-03,on
124,b06-075-08-04,British
124,b06-075-08-05,soil
124,b06-075-08-06,and
124,b06-075-08-07,Polaris
124,b06-075-09-00,and
124,b06-075-09-01,those
124,b06-075-09-02,who
124,b06-075-09-03,are
124,b06-075-09-04,for
124,b06-075-09-05,this
124,b06-075-09-06,policy
124,b06-075-09-08,which
124,b06-075-09-09,is
124,b06-075-09-10,the
124,b06-075-10-00,same
124,b06-075-10-01,as
124,b06-075-10-02,that
124,b06-075-10-03,of
124,b06-075-10-04,the
124,b06-075-10-05,Tory
334,g06-037c-00-00,God
334,g06-037c-00-01,grant
334,g06-037c-00-03,however
334,g06-037c-00-05,that
334,g06-037c-00-07,may
334,g06-037c-00-08,be
334,g06-037c-00-10,false
334,g06-037c-00-11,prophet
334,g06-037c-01-01,that
334,g06-037c-01-02,all
334,g06-037c-01-03,may
334,g06-037c-01-04,go
334,g06-037c-01-05,well
334,g06-037c-01-07,Sir
334,g06-037c-01-09,Peel
334,g06-037c-01-10,was
334,g06-037c-01-11,here
334,g06-037c-02-03,but
334,g06-037c-02-04,an
334,g06-037c-02-05,express
334,g06-037c-02-06,took
334,g06-037c-02-07,him
334,g06-037c-03-00,off
334,g06-037c-04-00,While
334,g06-037c-04-01,he
334,g06-037c-04-02,was
334,g06-037c-04-03,in
334,g06-037c-04-04,Naples
334,g06-037c-04-05,there
334,g06-037c-04-06,had
334,g06-037c-04-07,opened
334,g06-037c-04-09,new
334,g06-037c-05-00,chapter
334,g06-037c-05-01,in
334,g06-037c-05-02,the
334,g06-037c-05-03,history
334,g06-037c-05-04,of
334,g06-037c-05-07,search
334,g06-037c-06-00,for
334,g06-037c-06-01,an
334,g06-037c-06-04,of
334,g06-037c-06-05,his
334,g06-037c-06-06,painful
334,g06-037c-06-07,malady
334,g06-037c-07-00,
334,g06-037c-07-01,of
334,g06-037c-07-02,the
334,g06-037c-07-06,to
334,g06-037c-07-07,which
334,g06-037c-08-00,he
334,g06-037c-08-01,had
334,g06-037c-08-02,been
334,g06-037c-08-04,ever
334,g06-037c-08-05,since
334,g06-037c-08-06,the
334,g06-037c-08-08,had
334,g06-037c-09-00,first
334,g06-037c-09-01,shown
334,g06-037c-09-04,years
334,g06-037c-09-05,before
334,g06-037c-09-06,had
334,g06-037c-10-00,had
334,g06-037c-10-01,the
334,g06-037c-10-03,effect
117,b05-038-00-00,Hence
117,b05-038-00-01,the
117,b05-038-00-03,to
117,b05-038-00-05,and
117,b05-038-01-00,the
117,b05-038-01-03,methods
117,b05-038-01-04,that
117,b05-038-02-00,have
117,b05-038-02-02,led
117,b05-038-02-03,to
117,b05-038-02-07,Now
117,b05-038-02-09,new
117,b05-038-03-00,threat
117,b05-038-03-01,to
117,b05-038-03-02,those
117,b05-038-03-03,who
117,b05-038-03-04,toil
117,b05-038-03-05,and
117,b05-038-03-06,spin
117,b05-038-03-07,has
117,b05-038-03-08,been
117,b05-038-04-01,by
117,b05-038-04-03,firm
117,b05-038-04-05,in
117,b05-038-05-00,in
117,b05-038-05-01,Los
117,b05-038-05-02,Angeles
117,b05-038-05-04,They
117,b05-038-05-05,have
117,b05-038-05-08,new
117,b05-038-06-00,system
117,b05-038-06-01,whereby
117,b05-038-06-04,workers
117,b05-038-07-00,can
117,b05-038-07-01,be
117,b05-038-07-02,taught
117,b05-038-07-03,their
117,b05-038-07-04,trade
117,b05-038-07-05,by
117,b05-038-07-06,means
117,b05-038-07-07,of
117,b05-038-07-08,tape
117,b05-038-08-01,and
668,r03-110-00-01,You
668,r03-110-00-02,see
668,r03-110-00-05,she
668,r03-110-00-07,to
668,r03-110-00-08,Rupert
668,r03-110-00-09,after
668,r03-110-00-10,her
668,r03-110-00-11,last
668,r03-110-00-12,patient
668,r03-110-01-00,had
668,r03-110-01-01,gone
668,r03-110-01-04,we
668,r03-110-01-05,can
668,r03-110-01-06,get
668,r03-110-01-07,three
668,r03-110-01-09,three
668,r03-110-01-10,fifty
668,r03-110-02-00,perhaps
668,r03-110-02-02,little
668,r03-110-02-03,more
668,r03-110-02-04,if
668,r03-110-02-05,we
668,r03-110-02-06,can
668,r03-110-02-07,cheat
668,r03-110-02-08,your
668,r03-110-03-01,bit
668,r03-110-03-05,sure
668,r03-110-03-06,you
668,r03-110-03-07,could
668,r03-110-03-08,raise
668,r03-110-03-09,the
668,r03-110-03-10,rest
668,r03-110-03-11,from
668,r03-110-04-00,one
668,r03-110-04-01,of
668,r03-110-04-02,your
668,r03-110-04-05,get
668,r03-110-04-06,two
668,r03-110-04-07,books
668,r03-110-05-00,and
668,r03-110-05-01,write
668,r03-110-05-02,them
668,r03-110-05-03,later
668,r03-110-05-07,got
668,r03-110-05-09,bit
668,r03-110-05-10,owing
668,r03-110-05-11,too
668,r03-110-06-00,Now
668,r03-110-06-03,saw
668,r03-110-06-04,some
668,r03-110-06-05,flats
668,r03-110-06-06,in
668,r03-110-06-07,Hendon
668,r03-110-06-08,for
668,r03-110-06-09,four
668,r03-110-06-10,thou
668,r03-110-07-00,and
668,r03-110-07-01,some
668,r03-110-07-02,in
668,r03-110-07-03,West
668,r03-110-07-05,for
668,r03-110-07-06,four
668,r03-110-07-07,two
668,r03-110-07-08,fifty
668,r03-110-08-00,two
668,r03-110-08-01,beds
668,r03-110-08-03,two
668,r03-110-08-07,and
668,r03-110-08-10,just
668,r03-110-08-11,think
668,r03-110-09-00,our
668,r03-110-09-01,own
0,a05-080-00-03,that
0,a05-080-00-04,he
0,a05-080-00-05,had
0,a05-080-01-00,ately
0,a05-080-01-02,during
0,a05-080-01-03,the
0,a05-080-01-04,summer
0,a05-080-01-05,from
0,a05-080-02-02,or
0,a05-080-03-00,by
0,a05-080-03-03,such
0,a05-080-03-04,as
0,a05-080-03-05,would
0,a05-080-03-06,be
0,a05-080-04-01,to
0,a05-080-04-02,bring
0,a05-080-04-03,the
0,a05-080-04-04,British
0,a05-080-04-05,Army
0,a05-080-04-06,of
0,a05-080-04-07,the
0,a05-080-04-08,Rhine
0,a05-080-05-00,on
0,a05-080-05-01,to
0,a05-080-05-03,fully
0,a05-080-05-04,active
0,a05-080-05-05,footing
0,a05-080-05-07,That
0,a05-080-06-00,would
0,a05-080-06-01,have
0,a05-080-06-02,created
0,a05-080-07-00,sirable
0,a05-080-07-02,of
0,a05-080-07-03,panic
0,a05-080-07-05,He
0,a05-080-07-06,thought
0,a05-080-08-00,that
0,a05-080-08-01,the
0,a05-080-08-03,was
0,a05-080-08-04,rather
0,a05-080-08-05,more
0,a05-080-09-00,hopeful
334,g06-026c-00-02,life
334,g06-026c-00-03,truly
334,g06-026c-00-06,It
334,g06-026c-00-07,so
334,g06-026c-00-08,happens
334,g06-026c-00-09,that
334,g06-026c-00-11,have
334,g06-026c-00-12,an
334,g06-026c-01-00,Italian
334,g06-026c-01-01,who
334,g06-026c-01-02,is
334,g06-026c-01-03,perhaps
334,g06-026c-01-04,the
334,g06-026c-01-05,best
334,g06-026c-01-06,Valet
334,g06-026c-01-07,de
334,g06-026c-01-08,Chambre
334,g06-026c-01-09,that
334,g06-026c-02-00,ever
334,g06-026c-02-01,was
334,g06-026c-02-03,But
334,g06-026c-02-04,he
334,g06-026c-02-05,has
334,g06-026c-02-06,not
334,g06-026c-02-07,one
334,g06-026c-02-08,word
334,g06-026c-02-09,of
334,g06-026c-02-10,English
334,g06-026c-03-00,While
334,g06-026c-03-01,he
334,g06-026c-03-02,was
334,g06-026c-03-03,writing
334,g06-026c-03-04,this
334,g06-026c-03-05,letter
334,g06-026c-03-06,he
334,g06-026c-03-07,heard
334,g06-026c-03-08,of
334,g06-026c-03-09,the
334,g06-026c-03-10,fall
334,g06-026c-04-00,of
334,g06-026c-04-01,the
334,g06-026c-04-02,Whigs
334,g06-026c-04-04,and
334,g06-026c-04-05,the
334,g06-026c-04-08,of
334,g06-026c-05-00,the
334,g06-026c-05-02,by
334,g06-026c-05-03,the
334,g06-026c-05-04,Duke
334,g06-026c-05-05,of
141,c02-026-00-01,summary
141,c02-026-00-02,of
141,c02-026-00-03,the
141,c02-026-00-04,story
141,c02-026-00-05,can
141,c02-026-00-06,give
141,c02-026-00-07,almost
141,c02-026-01-01,of
141,c02-026-01-02,the
141,c02-026-01-03,scope
141,c02-026-01-04,of
141,c02-026-01-08,He
141,c02-026-02-00,tells
141,c02-026-02-01,his
141,c02-026-02-02,story
141,c02-026-02-03,best
141,c02-026-02-04,in
141,c02-026-02-05,the
141,c02-026-02-06,faces
141,c02-026-02-07,of
141,c02-026-02-08,his
141,c02-026-02-09,crowds
141,c02-026-03-01,every
141,c02-026-03-02,wrinkle
141,c02-026-03-03,and
141,c02-026-03-04,drop
141,c02-026-03-05,of
141,c02-026-03-06,sweat
141,c02-026-04-00,with
141,c02-026-04-01,brutal
141,c02-026-04-02,honesty
141,c02-026-04-05,up
141,c02-026-04-06,to
141,c02-026-05-01,climax
141,c02-026-05-02,in
141,c02-026-05-03,the
141,c02-026-05-04,island
141,c02-026-05-05,orgy
141,c02-026-06-00,Here
141,c02-026-06-02,the
141,c02-026-06-03,guests
141,c02-026-06-04,arrive
141,c02-026-06-05,in
141,c02-026-06-07,yachts
141,c02-026-07-00,the
141,c02-026-07-01,wildly
141,c02-026-07-03,white
141,c02-026-07-04,sails
141,c02-026-07-05,slashed
141,c02-026-07-06,by
141,c02-026-08-00,the
141,c02-026-08-01,glaring
141,c02-026-08-02,beacon
141,c02-026-08-03,of
240,e04-086-00-00,The
240,e04-086-00-01,chine
240,e04-086-00-02,is
240,e04-086-00-03,the
240,e04-086-00-04,long
240,e04-086-00-06,on
240,e04-086-00-07,each
240,e04-086-00-08,side
240,e04-086-00-09,which
240,e04-086-01-00,is
240,e04-086-01-01,joined
240,e04-086-01-02,to
240,e04-086-01-03,both
240,e04-086-01-05,and
240,e04-086-01-06,lies
240,e04-086-01-07,in
240,e04-086-01-08,the
240,e04-086-01-09,grooves
240,e04-086-02-00,cut
240,e04-086-02-01,in
240,e04-086-02-02,the
240,e04-086-02-03,moulds
240,e04-086-02-05,Each
240,e04-086-02-06,chine
240,e04-086-02-07,is
240,e04-086-02-08,made
240,e04-086-02-09,of
240,e04-086-02-10,oak
240,e04-086-03-00,ash
240,e04-086-03-02,spruce
240,e04-086-03-03,or
240,e04-086-03-04,any
240,e04-086-03-05,long
240,e04-086-03-06,grained
240,e04-086-03-08,wood
240,e04-086-04-00,prefer
240,e04-086-04-01,spruce
240,e04-086-04-02,when
240,e04-086-04-05,As
240,e04-086-04-06,will
240,e04-086-04-07,be
240,e04-086-04-08,seen
240,e04-086-05-00,in
240,e04-086-05-01,the
240,e04-086-05-02,plan
240,e04-086-05-04,the
240,e04-086-05-06,have
240,e04-086-05-08,frame
240,e04-086-05-11,by
240,e04-086-06-00,on
240,e04-086-06-01,each
240,e04-086-06-02,side
332,g06-050a-00-01,first
332,g06-050a-00-02,action
332,g06-050a-00-03,was
332,g06-050a-00-04,to
332,g06-050a-00-05,write
332,g06-050a-00-06,to
332,g06-050a-00-07,his
332,g06-050a-00-08,revered
332,g06-050a-01-00,master
332,g06-050a-01-01,at
332,g06-050a-01-04,near
332,g06-050a-01-05,Leipzig
332,g06-050a-01-07,asking
332,g06-050a-01-08,for
332,g06-050a-01-09,advice
332,g06-050a-02-00,In
332,g06-050a-02-01,doing
332,g06-050a-02-02,so
332,g06-050a-02-03,he
332,g06-050a-02-05,his
332,g06-050a-02-07,patient
332,g06-050a-03-00,and
332,g06-050a-03-01,his
332,g06-050a-03-04,He
332,g06-050a-03-05,told
332,g06-050a-03-07,that
332,g06-050a-03-08,he
332,g06-050a-04-00,found
332,g06-050a-04-03,strong
332,g06-050a-04-06,man
332,g06-050a-04-07,with
332,g06-050a-05-00,gentle
332,g06-050a-05-01,and
332,g06-050a-06-00,and
332,g06-050a-06-01,sedate
332,g06-050a-06-03,not
332,g06-050a-06-04,easily
332,g06-050a-06-07,patient
332,g06-050a-06-08,and
332,g06-050a-07-03,but
332,g06-050a-07-04,he
332,g06-050a-07-05,appears
332,g06-050a-07-06,to
332,g06-050a-07-07,despair
332,g06-050a-07-08,of
332,g06-050a-07-09,ever
332,g06-050a-08-01,being
332,g06-050a-08-02,cured
167,c04-105-00-00,NEW
167,c04-105-00-01,boy
167,c04-105-00-02,on
167,c04-105-00-03,the
167,c04-105-00-04,vocal
167,c04-105-00-05,front
167,c04-105-00-06,is
167,c04-105-01-00,Rolly
167,c04-105-01-01,Daniels
167,c04-105-01-03,who
167,c04-105-01-04,comes
167,c04-105-01-06,miles
167,c04-105-02-00,from
167,c04-105-02-01,India
167,c04-105-02-02,to
167,c04-105-02-03,seek
167,c04-105-02-04,disc
167,c04-105-02-05,fame
167,c04-105-02-08,Hal
167,c04-105-03-00,Monty
167,c04-105-03-01,saw
167,c04-105-03-02,him
167,c04-105-03-03,in
167,c04-105-03-04,Bombay
167,c04-105-03-06,became
167,c04-105-03-07,his
167,c04-105-03-08,manager
167,c04-105-04-00,And
167,c04-105-04-01,such
167,c04-105-04-02,is
167,c04-105-04-04,faith
167,c04-105-04-05,that
167,c04-105-04-06,he
167,c04-105-04-07,brings
167,c04-105-04-08,him
167,c04-105-04-09,to
167,c04-105-05-00,Europe
167,c04-105-05-02,Now
167,c04-105-05-03,Rolly
167,c04-105-05-04,gets
167,c04-105-05-05,his
167,c04-105-05-06,big
167,c04-105-05-07,break
167,c04-105-06-00,record
167,c04-105-06-02,the
167,c04-105-06-03,modern
167,c04-105-06-05,lamp
167,c04-105-06-06,of
167,c04-105-07-00,show
150,c03-094a-00-01,William
150,c03-094a-00-02,Lucas
150,c03-094a-00-04,Morris
150,c03-094a-00-06,is
150,c03-094a-00-07,always
150,c03-094a-01-00,tively
150,c03-094a-01-01,pushing
150,c03-094a-01-03,Miss
150,c03-094a-01-04,Sheila
150,c03-094a-01-05,Allen
150,c03-094a-01-06,his
150,c03-094a-01-07,wife
150,c03-094a-02-00,always
150,c03-094a-02-01,palely
150,c03-094a-02-05,James
150,c03-094a-02-06,Maxwell
150,c03-094a-03-00,the
150,c03-094a-03-01,editor
150,c03-094a-03-03,always
150,c03-094a-03-05,abashed
150,c03-094a-03-06,by
150,c03-094a-03-07,the
150,c03-094a-04-00,events
150,c03-094a-04-02,and
150,c03-094a-04-04,Aubrey
150,c03-094a-04-07,the
150,c03-094a-05-00,law
150,c03-094a-05-02,always
150,c03-094a-05-06,they
150,c03-094a-05-07,were
150,c03-094a-06-00,not
150,c03-094a-06-01,asked
150,c03-094a-06-02,to
150,c03-094a-06-04,from
150,c03-094a-06-05,their
150,c03-094a-06-06,set
150,c03-094a-06-07,moods
150,c03-094a-07-00,but
150,c03-094a-07-01,played
150,c03-094a-07-02,with
150,c03-094a-07-03,proper
150,c03-094a-07-05,and
150,c03-094a-07-07,in
150,c03-094a-08-00,the
150,c03-094a-08-01,case
150,c03-094a-08-02,of
150,c03-094a-08-06,with
150,c03-094a-08-07,lavish
150,c03-094a-08-08,and
150,c03-094a-09-01,gaudy
150,c03-094a-09-02,colour
109,b04-054-00-02,puts
109,b04-054-00-03,the
109,b04-054-00-05,on
109,b04-054-00-06,trial
109,b04-054-01-00,His
109,b04-054-01-03,decides
109,b04-054-01-04,that
109,b04-054-01-05,Cyprus
109,b04-054-01-06,will
109,b04-054-01-07,join
109,b04-054-01-08,it
109,b04-054-01-09,for
109,b04-054-02-00,five
109,b04-054-02-01,years
109,b04-054-02-03,During
109,b04-054-02-04,this
109,b04-054-02-05,period
109,b04-054-02-06,Britain
109,b04-054-02-07,will
109,b04-054-02-08,be
109,b04-054-03-00,to
109,b04-054-03-02,and
109,b04-054-03-03,defend
109,b04-054-03-04,the
109,b04-054-03-07,They
109,b04-054-03-08,will
109,b04-054-03-09,enjoy
109,b04-054-04-00,all
109,b04-054-04-01,the
109,b04-054-04-02,trading
109,b04-054-04-04,of
109,b04-054-04-08,It
109,b04-054-04-09,is
109,b04-054-05-00,safe
109,b04-054-05-01,bet
109,b04-054-05-02,that
109,b04-054-05-03,at
109,b04-054-05-04,the
109,b04-054-05-05,end
109,b04-054-05-06,of
109,b04-054-05-07,five
109,b04-054-05-08,years
109,b04-054-05-10,and
109,b04-054-06-00,company
109,b04-054-06-01,will
109,b04-054-06-02,sign
109,b04-054-06-03,on
109,b04-054-06-04,again
237,e04-062-00-00,This
237,e04-062-00-01,is
237,e04-062-00-02,hot
237,e04-062-00-03,pressed
237,e04-062-00-04,and
237,e04-062-00-05,resin
237,e04-062-00-06,bonded
237,e04-062-00-07,to
237,e04-062-00-08,ensure
237,e04-062-01-02,water
237,e04-062-01-03,proof
237,e04-062-01-04,glue
237,e04-062-01-05,line
237,e04-062-01-07,Be
237,e04-062-01-08,sure
237,e04-062-01-09,to
237,e04-062-02-00,see
237,e04-062-02-01,that
237,e04-062-02-02,the
237,e04-062-02-03,edge
237,e04-062-02-04,bears
237,e04-062-02-05,the
237,e04-062-02-06,mark
237,e04-062-03-00,This
237,e04-062-03-01,may
237,e04-062-03-02,be
237,e04-062-03-03,bought
237,e04-062-03-04,at
237,e04-062-03-05,any
237,e04-062-03-06,good
237,e04-062-03-07,timber
237,e04-062-04-00,The
237,e04-062-04-02,can
237,e04-062-04-03,be
237,e04-062-04-04,made
237,e04-062-04-05,of
237,e04-062-04-06,any
237,e04-062-04-07,sound
237,e04-062-05-00,wood
237,e04-062-05-01,of
237,e04-062-05-02,the
237,e04-062-05-03,same
237,e04-062-05-04,make
237,e04-062-05-06,or
237,e04-062-05-07,oak
237,e04-062-05-08,or
237,e04-062-05-11,For
237,e04-062-05-12,the
237,e04-062-06-00,last
237,e04-062-06-01,one
237,e04-062-06-03,made
237,e04-062-06-06,used
237,e04-062-06-07,the
237,e04-062-06-08,two
237,e04-062-06-09,flaps
237,e04-062-06-10,from
237,e04-062-06-11,an
237,e04-062-06-12,old
237,e04-062-07-01,table
237,e04-062-07-02,which
237,e04-062-07-04,bought
237,e04-062-07-05,at
237,e04-062-07-07,sale
237,e04-062-07-08,for
237,e04-062-07-09,one
239,k04-017-00-01,Are
239,k04-017-00-02,you
239,k04-017-00-06,Olimpia
239,k04-017-00-09,she
239,k04-017-01-00,asked
239,k04-017-01-01,idly
239,k04-017-01-03,tapping
239,k04-017-01-04,the
239,k04-017-01-06,cheek
239,k04-017-01-07,lightly
239,k04-017-01-08,with
239,k04-017-02-00,her
239,k04-017-02-01,fan
239,k04-017-02-03,in
239,k04-017-02-04,passing
239,k04-017-02-06,but
239,k04-017-02-07,she
239,k04-017-02-08,did
239,k04-017-02-09,not
239,k04-017-02-10,wait
239,k04-017-02-11,for
239,k04-017-03-00,the
239,k04-017-03-01,answer
239,k04-017-03-04,by
239,k04-017-03-05,vague
239,k04-017-03-08,she
239,k04-017-04-00,was
239,k04-017-04-02,whether
239,k04-017-04-03,Olimpia
239,k04-017-04-04,had
239,k04-017-04-05,been
239,k04-017-05-01,her
239,k04-017-05-02,talk
239,k04-017-05-03,with
239,k04-017-05-04,Orsini
239,k04-017-05-06,Surely
239,k04-017-05-07,she
239,k04-017-06-00,could
239,k04-017-06-01,not
239,k04-017-06-02,have
239,k04-017-06-05,they
239,k04-017-07-00,said
239,k04-017-07-06,her
239,k04-017-08-00,on
239,k04-017-08-01,that
239,k04-017-08-02,point
239,k04-017-08-04,for
239,k04-017-08-05,she
239,k04-017-08-06,was
239,k04-017-08-07,certain
239,k04-017-08-08,no
239,k04-017-08-09,one
239,k04-017-09-00,had
239,k04-017-09-01,been
239,k04-017-09-03,near
239,k04-017-09-04,them
67,a06-008-00-01,Harold
67,a06-008-00-02,Wilson
67,a06-008-00-04,Shadow
67,a06-008-00-07,jumped
67,a06-008-00-08,up
67,a06-008-00-09,to
67,a06-008-01-00,offer
67,a06-008-01-01,the
67,a06-008-01-03,an
67,a06-008-01-04,easy
67,a06-008-01-05,passage
67,a06-008-01-06,for
67,a06-008-01-07,such
67,a06-008-02-03,Why
67,a06-008-02-05,you
67,a06-008-02-06,make
67,a06-008-02-08,to
67,a06-008-03-00,in
67,a06-008-03-01,the
67,a06-008-03-02,autumn
67,a06-008-03-06,Wilson
67,a06-008-03-07,asked
67,a06-008-03-10,We
67,a06-008-03-12,call
67,a06-008-04-00,it
67,a06-008-04-01,an
67,a06-008-04-02,Autumn
67,a06-008-04-03,Budget
67,a06-008-04-05,You
67,a06-008-04-06,can
67,a06-008-04-07,call
67,a06-008-04-08,it
67,a06-008-05-01,Bill
67,a06-008-05-03,if
67,a06-008-05-04,you
67,a06-008-05-05,like
67,a06-008-05-08,While
67,a06-008-05-10,Wilson
67,a06-008-06-00,was
67,a06-008-06-03,the
67,a06-008-06-04,Prime
67,a06-008-06-06,and
67,a06-008-06-08,Lloyd
67,a06-008-07-00,had
58,a04-006-00-01,Kennedy
58,a04-006-00-02,told
58,a04-006-00-05,that
58,a04-006-00-06,he
58,a04-006-00-07,still
58,a04-006-01-00,wanted
58,a04-006-01-01,him
58,a04-006-01-02,to
58,a04-006-01-03,apply
58,a04-006-01-04,for
58,a04-006-01-06,of
58,a04-006-01-07,the
58,a04-006-01-08,Common
58,a04-006-02-00,Market
58,a04-006-02-02,even
58,a04-006-02-03,if
58,a04-006-02-04,it
58,a04-006-02-05,meant
58,a04-006-02-06,an
58,a04-006-03-00,There
58,a04-006-03-01,were
58,a04-006-03-02,also
58,a04-006-03-03,brief
58,a04-006-03-05,on
58,a04-006-03-06,Laos
58,a04-006-03-08,Berlin
58,a04-006-04-00,and
58,a04-006-04-01,other
58,a04-006-04-02,foreign
58,a04-006-04-05,after
58,a04-006-04-07,Kennedy
58,a04-006-04-08,had
58,a04-006-05-03,of
58,a04-006-05-04,his
58,a04-006-05-06,with
58,a04-006-06-02,With
58,a04-006-06-03,the
58,a04-006-06-05,of
58,a04-006-06-07,minutes
58,a04-006-06-08,when
58,a04-006-07-00,Lord
58,a04-006-07-01,Home
58,a04-006-07-03,Foreign
58,a04-006-07-06,and
58,a04-006-08-00,Bundy
58,a04-006-08-02,the
58,a04-006-08-04,special
58,a04-006-08-06,for
58,a04-006-09-01,affairs
58,a04-006-09-03,were
58,a04-006-09-04,brought
58,a04-006-09-05,in
58,a04-006-09-07,the
58,a04-006-09-08,two
58,a04-006-10-00,men
58,a04-006-10-01,talked
58,a04-006-10-02,alone
94,b01-127-00-00,The
94,b01-127-00-01,views
94,b01-127-00-02,of
94,b01-127-00-03,the
94,b01-127-00-06,who
94,b01-127-00-07,has
94,b01-127-01-01,an
94,b01-127-01-03,witness
94,b01-127-01-04,to
94,b01-127-01-05,what
94,b01-127-02-01,really
94,b01-127-02-02,means
94,b01-127-02-04,must
94,b01-127-02-05,carry
94,b01-127-02-06,weight
94,b01-127-02-08,But
94,b01-127-03-00,what
94,b01-127-03-02,in
94,b01-127-03-03,fact
94,b01-127-03-05,can
94,b01-127-03-06,the
94,b01-127-03-07,other
94,b01-127-04-00,do
94,b01-127-04-01,to
94,b01-127-04-02,bring
94,b01-127-04-03,support
94,b01-127-04-04,and
94,b01-127-04-05,comfort
94,b01-127-04-06,to
94,b01-127-04-07,this
94,b01-127-04-08,gallant
94,b01-127-05-02,THERE
94,b01-127-05-03,is
94,b01-127-05-04,no
94,b01-127-05-06,that
94,b01-127-05-07,the
94,b01-127-06-00,policy
94,b01-127-06-01,of
94,b01-127-06-03,has
94,b01-127-06-05,the
94,b01-127-07-00,actions
94,b01-127-07-01,of
94,b01-127-07-02,the
94,b01-127-07-05,On
94,b01-127-07-06,the
94,b01-127-08-01,is
94,b01-127-08-02,being
94,b01-127-08-03,applied
94,b01-127-08-04,ever
94,b01-127-08-05,more
112,b04-154-00-00,GOOD
112,b04-154-00-01,for
112,b04-154-00-02,Sir
112,b04-154-00-03,Roy
112,b04-154-00-06,The
112,b04-154-00-07,tough
112,b04-154-01-01,Premier
112,b04-154-01-02,of
112,b04-154-01-03,the
112,b04-154-02-00,shakes
112,b04-154-02-01,the
112,b04-154-02-02,life
112,b04-154-02-03,out
112,b04-154-02-04,of
112,b04-154-02-05,his
112,b04-154-02-06,critics
112,b04-154-02-08,He
112,b04-154-02-09,calls
112,b04-154-02-10,them
112,b04-154-03-04,He
112,b04-154-03-06,to
112,b04-154-04-00,against
112,b04-154-04-01,African
112,b04-154-04-03,and
112,b04-154-04-04,woolly
112,b04-154-04-05,minded
112,b04-154-05-01,in
112,b04-154-05-02,the
112,b04-154-05-03,West
112,b04-154-05-05,Some
112,b04-154-05-06,may
112,b04-154-05-07,ask
112,b04-154-05-09,Is
112,b04-154-06-02,in
112,b04-154-06-03,being
112,b04-154-06-04,so
112,b04-154-06-05,harsh
112,b04-154-06-06,to
112,b04-154-06-07,those
112,b04-154-06-08,who
112,b04-154-07-01,with
112,b04-154-07-02,him
112,b04-154-07-04,The
112,b04-154-07-05,facts
112,b04-154-07-06,answer
112,b04-154-07-07,that
222,e02-025-00-00,Note
222,e02-025-00-01,that
222,e02-025-00-02,squared
222,e02-025-00-03,lines
222,e02-025-00-04,marking
222,e02-025-01-00,the
222,e02-025-01-01,top
222,e02-025-01-02,member
222,e02-025-01-03,of
222,e02-025-01-04,the
222,e02-025-01-05,toe
222,e02-025-01-06,are
222,e02-025-02-00,needed
222,e02-025-02-01,as
222,e02-025-02-02,well
222,e02-025-02-03,as
222,e02-025-02-04,the
222,e02-025-02-05,upper
222,e02-025-03-00,tent
222,e02-025-03-01,of
222,e02-025-03-02,the
222,e02-025-03-03,taper
222,e02-025-03-05,and
222,e02-025-03-06,in
222,e02-025-04-00,this
222,e02-025-04-01,case
222,e02-025-04-02,it
222,e02-025-04-03,is
222,e02-025-04-05,to
222,e02-025-05-00,mark
222,e02-025-05-01,in
222,e02-025-05-02,the
222,e02-025-05-03,line
222,e02-025-05-04,of
222,e02-025-05-05,the
222,e02-025-05-06,taper
222,e02-025-06-00,with
222,e02-025-06-01,pencil
222,e02-025-06-02,and
222,e02-025-07-00,as
222,e02-025-07-01,at
222,e02-025-07-10,saw
222,e02-025-07-11,cut
222,e02-025-07-12,is
222,e02-025-08-00,made
222,e02-025-08-01,at
222,e02-025-08-02,the
222,e02-025-08-03,upper
222,e02-025-08-04,toe
222,e02-025-08-05,line
222,e02-025-09-00,exactly
222,e02-025-09-01,down
222,e02-025-09-02,to
222,e02-025-09-03,the
222,e02-025-09-04,taper
222,e02-025-09-05,line
222,e02-025-10-00,no
222,e02-025-10-01,farther
249,e07-112-00-00,They
249,e07-112-00-01,are
249,e07-112-00-03,more
249,e07-112-00-05,to
249,e07-112-01-00,manage
249,e07-112-01-02,however
249,e07-112-01-04,until
249,e07-112-01-06,little
249,e07-112-02-00,has
249,e07-112-02-01,been
249,e07-112-02-02,gained
249,e07-112-02-03,with
249,e07-112-02-04,them
249,e07-112-02-06,Plastic
249,e07-112-02-07,pots
249,e07-112-03-00,are
249,e07-112-03-01,usually
249,e07-112-03-02,more
249,e07-112-03-04,than
249,e07-112-03-05,clay
249,e07-112-03-06,ones
249,e07-112-04-00,but
249,e07-112-04-01,they
249,e07-112-04-02,are
249,e07-112-04-03,almost
249,e07-112-04-05,and
249,e07-112-05-00,will
249,e07-112-05-01,last
249,e07-112-05-03,long
249,e07-112-05-04,time
249,e07-112-05-05,with
249,e07-112-05-06,normal
249,e07-112-05-07,care
154,c03-096e-00-00,Only
154,c03-096e-00-03,actions
154,c03-096e-00-07,arose
154,c03-096e-01-01,from
154,c03-096e-01-03,motives
154,c03-096e-01-05,The
154,c03-096e-02-00,rest
154,c03-096e-02-02,one
154,c03-096e-02-03,feels
154,c03-096e-02-05,were
154,c03-096e-02-06,driven
154,c03-096e-02-07,to
154,c03-096e-02-09,action
154,c03-096e-02-10,by
154,c03-096e-03-00,the
154,c03-096e-03-01,author
154,c03-096e-03-02,in
154,c03-096e-03-03,spite
154,c03-096e-03-04,of
154,c03-096e-03-05,the
154,c03-096e-03-07,with
154,c03-096e-04-00,which
154,c03-096e-04-01,he
154,c03-096e-04-02,had
154,c03-096e-04-03,endowed
154,c03-096e-04-04,them
154,c03-096e-04-06,One
154,c03-096e-04-07,hopes
154,c03-096e-04-08,that
154,c03-096e-04-09,he
154,c03-096e-05-00,is
154,c03-096e-05-01,not
154,c03-096e-05-02,asking
154,c03-096e-05-03,us
154,c03-096e-05-04,to
154,c03-096e-05-05,believe
154,c03-096e-05-06,that
154,c03-096e-05-08,because
154,c03-096e-05-09,of
154,c03-096e-06-00,their
154,c03-096e-06-01,odd
154,c03-096e-06-02,accents
154,c03-096e-06-04,they
154,c03-096e-06-05,act
154,c03-096e-06-06,oddly
154,c03-096e-06-07,like
154,c03-096e-06-08,the
154,c03-096e-07-00,queer
154,c03-096e-07-02,of
272,f04-004-00-00,When
272,f04-004-00-01,he
272,f04-004-00-02,learned
272,f04-004-00-03,what
272,f04-004-00-04,was
272,f04-004-00-05,causing
272,f04-004-00-06,the
272,f04-004-00-08,he
272,f04-004-01-00,became
272,f04-004-01-01,greatly
272,f04-004-01-02,alarmed
272,f04-004-01-04,and
272,f04-004-01-05,after
272,f04-004-01-06,the
272,f04-004-01-07,body
272,f04-004-01-08,had
272,f04-004-01-09,been
272,f04-004-02-00,taken
272,f04-004-02-01,to
272,f04-004-02-02,St
272,f04-004-02-05,it
272,f04-004-02-06,was
272,f04-004-02-07,his
272,f04-004-03-01,duty
272,f04-004-03-03,to
272,f04-004-04-00,Camp
272,f04-004-04-02,aged
272,f04-004-04-05,the
272,f04-004-04-06,girl
272,f04-004-04-07,who
272,f04-004-04-08,was
272,f04-004-04-09,to
272,f04-004-04-10,have
272,f04-004-05-00,been
272,f04-004-05-01,his
272,f04-004-05-02,bride
272,f04-004-05-04,There
272,f04-004-05-05,was
272,f04-004-05-06,little
272,f04-004-05-07,doubt
272,f04-004-05-08,of
272,f04-004-05-09,how
272,f04-004-06-00,she
272,f04-004-06-01,had
272,f04-004-06-02,met
272,f04-004-06-03,her
272,f04-004-06-04,death
272,f04-004-06-06,and
272,f04-004-06-07,even
272,f04-004-06-08,less
272,f04-004-06-09,that
272,f04-004-06-10,it
272,f04-004-07-00,had
272,f04-004-07-01,been
272,f04-004-07-02,murder
131,b06-042-00-01,policy
131,b06-042-00-02,which
131,b06-042-00-03,breaks
131,b06-042-00-04,with
131,b06-042-01-01,like
131,b06-042-01-02,Nato
131,b06-042-01-03,and
131,b06-042-01-04,seeks
131,b06-042-02-00,with
131,b06-042-02-01,the
131,b06-042-02-02,Soviet
131,b06-042-02-03,Union
131,b06-042-02-04,can
131,b06-042-02-05,prevent
131,b06-042-02-06,another
131,b06-042-03-01,like
131,b06-042-03-02,that
131,b06-042-03-03,of
131,b06-042-03-04,the
131,b06-042-04-02,writing
131,b06-042-04-03,in
131,b06-042-04-04,his
131,b06-042-05-00,city
131,b06-042-05-05,WAS
131,b06-042-05-06,pleased
131,b06-042-05-07,to
131,b06-042-05-08,read
131,b06-042-06-01,article
131,b06-042-06-03,for
131,b06-042-06-05,as
131,b06-042-06-07,of
131,b06-042-06-09,union
131,b06-042-07-00,which
131,b06-042-07-01,fought
131,b06-042-07-02,for
131,b06-042-07-03,and
131,b06-042-07-04,still
131,b06-042-07-05,stands
131,b06-042-07-06,on
131,b06-042-07-07,the
131,b06-042-08-00,policy
131,b06-042-08-03,at
131,b06-042-08-04,the
131,b06-042-09-00,borough
131,b06-042-09-01,Labour
131,b06-042-09-02,Party
131,b06-042-09-05,am
131,b06-042-10-01,at
131,b06-042-10-02,the
131,b06-042-10-04,of
131,b06-042-10-05,the
131,b06-042-10-06,current
335,g06-047d-00-00,This
335,g06-047d-00-02,man
335,g06-047d-00-03,of
335,g06-047d-00-06,whom
335,g06-047d-00-07,Sir
335,g06-047d-00-08,Francis
335,g06-047d-01-00,Burdett
335,g06-047d-01-02,to
335,g06-047d-01-05,year
335,g06-047d-01-06,or
335,g06-047d-01-07,two
335,g06-047d-01-08,later
335,g06-047d-01-09,as
335,g06-047d-02-01,more
335,g06-047d-02-02,like
335,g06-047d-02-04,God
335,g06-047d-02-05,upon
335,g06-047d-02-06,earth
335,g06-047d-02-07,than
335,g06-047d-02-09,human
335,g06-047d-02-10,being
335,g06-047d-03-00,had
335,g06-047d-03-01,an
335,g06-047d-03-03,number
335,g06-047d-03-04,of
335,g06-047d-03-06,among
335,g06-047d-04-00,medical
335,g06-047d-04-01,men
335,g06-047d-04-02,in
335,g06-047d-04-03,the
335,g06-047d-04-04,cities
335,g06-047d-04-05,of
335,g06-047d-04-06,Europe
335,g06-047d-04-08,One
335,g06-047d-04-09,of
335,g06-047d-04-10,these
335,g06-047d-05-00,was
335,g06-047d-05-01,the
335,g06-047d-05-04,Dr
335,g06-047d-05-06,Mauro
335,g06-047d-05-08,whom
335,g06-047d-06-01,in
335,g06-047d-06-02,May
0,a01-049u-00-00,Senator
0,a01-049u-00-01,Allen
0,a01-049u-00-04,of
0,a01-049u-01-00,sparked
0,a01-049u-01-01,off
0,a01-049u-01-02,the
0,a01-049u-01-04,by
0,a01-049u-01-05,telling
0,a01-049u-02-02,it
0,a01-049u-02-03,was
0,a01-049u-02-05,current
0,a01-049u-03-01,gossip
0,a01-049u-03-03,that
0,a01-049u-03-04,Weaver
0,a01-049u-03-05,once
0,a01-049u-03-06,had
0,a01-049u-04-03,The
0,a01-049u-04-04,Senate
0,a01-049u-04-05,Banking
0,a01-049u-05-02,which
0,a01-049u-05-03,is
0,a01-049u-05-04,headed
0,a01-049u-05-05,by
0,a01-049u-05-06,another
0,a01-049u-06-01,Senator
0,a01-049u-06-03,Willis
0,a01-049u-06-06,of
0,a01-049u-07-02,met
0,a01-049u-07-03,today
0,a01-049u-07-04,in
0,a01-049u-07-05,closed
0,a01-049u-07-06,session
0,a01-049u-07-07,to
0,a01-049u-08-00,discuss
0,a01-049u-08-04,Senator
0,a01-049u-09-01,later
0,a01-049u-09-03,he
0,a01-049u-09-04,had
0,a01-049u-09-05,sent
0,a01-049u-09-07,letter
0,a01-049u-10-00,to
0,a01-049u-10-02,Kennedy
0,a01-049u-10-03,saying
0,a01-049u-10-04,he
0,a01-049u-10-05,had
14,a01-053x-00-00,He
14,a01-053x-00-01,said
14,a01-053x-00-02,these
14,a01-053x-00-06,alleged
14,a01-053x-01-01,with
14,a01-053x-01-05,the
14,a01-053x-02-04,Kennedy
14,a01-053x-02-05,rushed
14,a01-053x-02-07,letter
14,a01-053x-03-00,to
14,a01-053x-03-01,Senator
14,a01-053x-03-03,saying
14,a01-053x-03-04,the
14,a01-053x-03-05,Federal
14,a01-053x-03-06,Bureau
14,a01-053x-04-00,of
14,a01-053x-04-02,had
14,a01-053x-04-04,on
14,a01-053x-04-06,Weaver
14,a01-053x-05-00,He
14,a01-053x-05-02,he
14,a01-053x-05-03,would
14,a01-053x-05-04,perform
14,a01-053x-06-00,service
14,a01-053x-06-02,in
14,a01-053x-06-03,his
14,a01-053x-06-04,post
14,a01-053x-06-06,Senator
14,a01-053x-07-01,has
14,a01-053x-07-02,to
14,a01-053x-07-03,pass
14,a01-053x-08-01,before
14,a01-053x-08-02,it
14,a01-053x-08-03,can
14,a01-053x-08-04,be
14,a01-053x-08-06,by
14,a01-053x-08-07,the
14,a01-053x-09-00,full
14,a01-053x-09-01,Senate
332,g06-045a-00-00,In
332,g06-045a-00-01,April
332,g06-045a-00-02,of
332,g06-045a-00-03,that
332,g06-045a-00-04,year
332,g06-045a-00-05,his
332,g06-045a-00-06,first
332,g06-045a-01-00,the
332,g06-045a-01-02,Lord
332,g06-045a-01-05,had
332,g06-045a-01-06,written
332,g06-045a-01-07,to
332,g06-045a-02-00,advise
332,g06-045a-02-02,to
332,g06-045a-02-03,give
332,g06-045a-02-04,the
332,g06-045a-02-05,system
332,g06-045a-02-07,trial
332,g06-045a-02-09,adding
332,g06-045a-03-00,that
332,g06-045a-03-01,it
332,g06-045a-03-02,was
332,g06-045a-03-03,being
332,g06-045a-03-05,with
332,g06-045a-04-00,success
332,g06-045a-04-01,in
332,g06-045a-04-02,France
332,g06-045a-04-03,and
332,g06-045a-04-04,Italy
332,g06-045a-04-06,and
332,g06-045a-04-07,that
332,g06-045a-04-08,he
332,g06-045a-05-00,himself
332,g06-045a-05-01,was
332,g06-045a-05-02,being
332,g06-045a-05-03,treated
332,g06-045a-05-04,under
332,g06-045a-05-06,doctor
332,g06-045a-05-07,who
332,g06-045a-06-00,had
332,g06-045a-06-01,studied
332,g06-045a-06-02,under
332,g06-045a-06-03,its
332,g06-045a-06-04,founder
332,g06-045a-06-06,the
332,g06-045a-06-07,aged
332,g06-045a-07-01,Samuel
270,f03-191-00-00,May
270,f03-191-00-02,suggest
270,f03-191-00-03,that
270,f03-191-00-04,you
270,f03-191-00-05,have
270,f03-191-00-06,proved
270,f03-191-00-07,that
270,f03-191-01-00,right
270,f03-191-01-04,And
270,f03-191-01-05,away
270,f03-191-01-06,you
270,f03-191-01-07,go
270,f03-191-01-08,into
270,f03-191-02-00,your
270,f03-191-02-01,speech
270,f03-191-02-03,Take
270,f03-191-02-04,some
270,f03-191-02-05,thought
270,f03-191-02-07,too
270,f03-191-02-09,for
270,f03-191-02-10,your
270,f03-191-02-11,ending
270,f03-191-03-00,Thank
270,f03-191-03-01,you
270,f03-191-03-02,for
270,f03-191-03-04,to
270,f03-191-03-05,me
270,f03-191-03-06,so
270,f03-191-04-01,often
270,f03-191-04-02,used
270,f03-191-04-03,that
270,f03-191-04-04,finish
270,f03-191-04-06,No
270,f03-191-04-07,wonder
270,f03-191-04-08,he
270,f03-191-05-01,get
270,f03-191-05-02,in
270,f03-191-05-04,Instead
270,f03-191-05-05,he
270,f03-191-05-06,might
270,f03-191-05-07,have
270,f03-191-05-08,ended
270,f03-191-06-00,this
270,f03-191-06-01,way
270,f03-191-06-03,Well
270,f03-191-06-05,those
270,f03-191-06-06,are
270,f03-191-06-07,my
270,f03-191-06-08,views
343,g06-011l-00-00,By
343,g06-011l-00-01,the
343,g06-011l-00-02,end
343,g06-011l-00-03,of
343,g06-011l-00-04,the
343,g06-011l-00-05,month
343,g06-011l-00-06,he
343,g06-011l-00-07,still
343,g06-011l-00-09,in
343,g06-011l-00-10,Naples
343,g06-011l-00-12,He
343,g06-011l-01-00,told
343,g06-011l-01-02,that
343,g06-011l-01-03,he
343,g06-011l-01-04,enjoyed
343,g06-011l-01-05,it
343,g06-011l-01-06,as
343,g06-011l-01-07,much
343,g06-011l-01-08,as
343,g06-011l-01-09,his
343,g06-011l-01-10,health
343,g06-011l-02-01,him
343,g06-011l-02-02,to
343,g06-011l-02-03,enjoy
343,g06-011l-02-07,The
343,g06-011l-02-08,Pearl
343,g06-011l-02-11,he
343,g06-011l-02-12,wrote
343,g06-011l-03-01,is
343,g06-011l-03-02,arrived
343,g06-011l-03-04,which
343,g06-011l-03-05,is
343,g06-011l-03-07,great
343,g06-011l-03-11,seems
343,g06-011l-04-00,to
343,g06-011l-04-01,be
343,g06-011l-04-02,tired
343,g06-011l-04-04,he
343,g06-011l-04-05,is
343,g06-011l-04-06,going
343,g06-011l-04-07,out
343,g06-011l-04-08,fast
343,g06-011l-04-11,What
343,g06-011l-04-13,gay
343,g06-011l-04-15,lively
343,g06-011l-05-00,people
343,g06-011l-05-02,and
343,g06-011l-05-03,what
343,g06-011l-05-05,busy
343,g06-011l-05-06,town
343,g06-011l-05-08,At
343,g06-011l-05-09,Rome
343,g06-011l-05-11,every
343,g06-011l-05-12,other
343,g06-011l-06-00,man
343,g06-011l-06-01,was
343,g06-011l-06-03,priest
343,g06-011l-06-05,here
343,g06-011l-06-06,the
343,g06-011l-06-07,priest
343,g06-011l-06-08,is
343,g06-011l-06-10,by
343,g06-011l-06-11,the
343,g06-011l-07-00,soldier
343,g06-011l-07-04,change
343,g06-011l-07-05,in
343,g06-011l-07-06,my
343,g06-011l-07-07,eye
343,g06-011l-07-10,as
343,g06-011l-08-00,the
343,g06-011l-08-01,troops
343,g06-011l-08-02,are
343,g06-011l-08-03,very
343,g06-011l-08-04,fine
213,e01-059-00-00,In
213,e01-059-00-01,some
213,e01-059-00-02,of
213,e01-059-00-03,the
213,e01-059-00-04,elegant
213,e01-059-00-06,of
213,e01-059-00-07,Paris
213,e01-059-01-01,blouses
213,e01-059-01-04,fine
213,e01-059-01-05,in
213,e01-059-02-00,texture
213,e01-059-02-02,are
213,e01-059-02-03,sold
213,e01-059-02-04,at
213,e01-059-02-06,very
213,e01-059-02-07,high
213,e01-059-02-08,price
213,e01-059-02-10,With
213,e01-059-03-00,little
213,e01-059-03-01,time
213,e01-059-03-02,and
213,e01-059-03-04,the
213,e01-059-03-05,woman
213,e01-059-03-06,at
213,e01-059-03-07,home
213,e01-059-03-08,can
213,e01-059-04-00,produce
213,e01-059-04-01,fashion
213,e01-059-04-03,as
213,e01-059-04-04,elegant
213,e01-059-04-05,as
213,e01-059-04-06,those
213,e01-059-04-07,of
213,e01-059-05-00,Paris
213,e01-059-05-03,blouse
213,e01-059-05-06,gloves
213,e01-059-05-07,or
213,e01-059-05-09,fine
213,e01-059-06-00,edging
213,e01-059-06-01,for
213,e01-059-06-02,collar
213,e01-059-06-04,cuffs
213,e01-059-06-05,or
642,r02-054-00-00,It
642,r02-054-00-01,was
642,r02-054-00-02,locked
642,r02-054-00-04,Eager
642,r02-054-00-05,fingers
642,r02-054-00-06,felt
642,r02-054-00-07,bulky
642,r02-054-00-09,and
642,r02-054-01-00,when
642,r02-054-01-01,he
642,r02-054-01-02,shook
642,r02-054-01-03,the
642,r02-054-01-04,case
642,r02-054-01-05,there
642,r02-054-01-06,was
642,r02-054-01-09,thud
642,r02-054-02-00,of
642,r02-054-02-01,wads
642,r02-054-02-02,of
642,r02-054-02-03,paper
642,r02-054-02-06,Cor
642,r02-054-02-09,he
642,r02-054-02-11,aloud
642,r02-054-02-14,there
642,r02-054-03-00,five
642,r02-054-03-02,at
642,r02-054-03-03,least
642,r02-054-03-06,He
642,r02-054-03-07,felt
642,r02-054-03-08,in
642,r02-054-03-09,his
642,r02-054-03-10,jacket
642,r02-054-03-11,pocket
642,r02-054-04-00,and
642,r02-054-04-01,pulled
642,r02-054-04-02,out
642,r02-054-04-04,key
642,r02-054-04-05,ring
642,r02-054-04-07,In
642,r02-054-04-09,he
642,r02-054-04-10,tried
642,r02-054-05-00,his
642,r02-054-05-01,own
642,r02-054-05-03,key
642,r02-054-05-07,key
642,r02-054-05-08,and
642,r02-054-06-00,device
642,r02-054-06-02,to
642,r02-054-06-03,lock
66,a06-004-00-00,Sir
66,a06-004-00-01,Edward
66,a06-004-00-02,Boyle
66,a06-004-01-00,to
66,a06-004-01-01,the
66,a06-004-01-04,said
66,a06-004-01-06,that
66,a06-004-01-07,the
66,a06-004-02-01,does
66,a06-004-02-02,not
66,a06-004-02-03,like
66,a06-004-03-00,He
66,a06-004-03-01,went
66,a06-004-03-02,on
66,a06-004-03-03,to
66,a06-004-03-05,the
66,a06-004-03-06,kind
66,a06-004-03-07,of
66,a06-004-04-00,people
66,a06-004-04-01,the
66,a06-004-04-03,hopes
66,a06-004-04-04,to
66,a06-004-04-05,tax
66,a06-004-04-07,These
66,a06-004-05-00,are
66,a06-004-05-01,people
66,a06-004-05-02,buying
66,a06-004-05-03,and
66,a06-004-05-04,selling
66,a06-004-05-05,shares
66,a06-004-05-06,within
66,a06-004-06-01,short
66,a06-004-06-02,period
66,a06-004-06-04,those
66,a06-004-06-08,on
66,a06-004-06-10,new
66,a06-004-06-11,issue
66,a06-004-07-00,and
66,a06-004-07-02,dealers
66,a06-004-07-03,who
66,a06-004-07-04,form
66,a06-004-07-06,chain
66,a06-004-07-07,of
66,a06-004-08-01,and
66,a06-004-08-02,put
66,a06-004-08-03,one
66,a06-004-08-05,deal
66,a06-004-08-06,through
66,a06-004-09-00,each
0,a03-080-00-00,The
0,a03-080-00-01,Foreign
0,a03-080-00-04,added
0,a03-080-01-00,today
0,a03-080-01-02,however
0,a03-080-01-04,that
0,a03-080-01-05,the
0,a03-080-01-07,Treaty
0,a03-080-02-00,was
0,a03-080-02-03,because
0,a03-080-02-05,on
0,a03-080-02-06,the
0,a03-080-03-00,various
0,a03-080-03-01,rocket
0,a03-080-03-02,stages
0,a03-080-03-03,had
0,a03-080-03-04,already
0,a03-080-03-05,been
0,a03-080-04-02,and
0,a03-080-04-03,only
0,a03-080-04-05,on
0,a03-080-04-06,the
0,a03-080-04-07,type
0,a03-080-05-00,of
0,a03-080-05-01,capsule
0,a03-080-05-02,was
0,a03-080-05-06,lesser
0,a03-080-06-00,to
0,a03-080-06-01,German
0,a03-080-06-03,is
0,a03-080-06-04,the
0,a03-080-06-05,absence
0,a03-080-06-06,of
0,a03-080-07-00,any
0,a03-080-07-02,or
0,a03-080-08-00,for
0,a03-080-08-01,it
0,a03-080-08-03,and
0,a03-080-08-05,of
0,a03-080-08-06,any
0,a03-080-08-07,budget
0,a03-080-09-00,under
0,a03-080-09-01,which
0,a03-080-09-02,funds
0,a03-080-09-03,could
0,a03-080-09-04,be
212,e01-029-00-00,It
212,e01-029-00-01,will
212,e01-029-00-02,be
212,e01-029-00-03,seen
212,e01-029-00-04,how
212,e01-029-00-06,with
212,e01-029-00-07,bold
212,e01-029-00-08,design
212,e01-029-01-00,and
212,e01-029-01-01,rich
212,e01-029-01-02,colour
212,e01-029-01-06,crochet
212,e01-029-01-07,and
212,e01-029-02-00,tatting
212,e01-029-02-01,in
212,e01-029-02-02,fine
212,e01-029-02-03,and
212,e01-029-02-05,cottons
212,e01-029-03-00,can
212,e01-029-03-01,give
212,e01-029-03-04,to
212,e01-029-03-05,many
212,e01-029-03-06,things
212,e01-029-04-00,in
212,e01-029-04-01,the
212,e01-029-04-02,home
212,e01-029-05-00,to
212,e01-029-05-01,mention
212,e01-029-05-02,only
212,e01-029-05-03,three
212,e01-029-05-05,how
212,e01-029-05-07,it
212,e01-029-05-08,is
212,e01-029-06-00,to
212,e01-029-06-01,avoid
212,e01-029-06-02,the
212,e01-029-06-04,in
212,e01-029-06-05,these
212,e01-029-06-06,and
212,e01-029-06-07,by
212,e01-029-07-01,own
212,e01-029-07-03,produce
212,e01-029-08-00,that
212,e01-029-08-02,true
212,e01-029-08-04,talent
155,c03-096f-00-00,Only
155,c03-096f-00-03,actions
155,c03-096f-00-07,arose
155,c03-096f-01-01,from
155,c03-096f-01-03,motives
155,c03-096f-01-05,The
155,c03-096f-02-00,rest
155,c03-096f-02-02,one
155,c03-096f-02-03,feels
155,c03-096f-02-05,were
155,c03-096f-02-06,driven
155,c03-096f-02-07,to
155,c03-096f-03-00,action
155,c03-096f-03-01,by
155,c03-096f-03-02,the
155,c03-096f-03-03,author
155,c03-096f-03-04,in
155,c03-096f-03-05,spite
155,c03-096f-03-06,of
155,c03-096f-03-07,the
155,c03-096f-04-01,with
155,c03-096f-04-02,which
155,c03-096f-04-03,he
155,c03-096f-04-04,had
155,c03-096f-04-05,endowed
155,c03-096f-05-00,them
155,c03-096f-05-02,One
155,c03-096f-05-03,hopes
155,c03-096f-05-04,that
155,c03-096f-05-05,he
155,c03-096f-05-06,is
155,c03-096f-05-07,not
155,c03-096f-05-08,asking
155,c03-096f-05-09,us
155,c03-096f-06-00,to
155,c03-096f-06-01,believe
155,c03-096f-06-02,that
155,c03-096f-06-04,because
155,c03-096f-06-05,of
155,c03-096f-06-06,their
155,c03-096f-06-07,odd
155,c03-096f-07-00,accents
155,c03-096f-07-02,they
155,c03-096f-07-03,act
155,c03-096f-07-04,oddly
155,c03-096f-07-05,like
155,c03-096f-07-06,the
155,c03-096f-07-07,queer
155,c03-096f-08-01,of
266,f02-076-00-02,Are
266,f02-076-00-03,there
266,f02-076-00-05,in
266,f02-076-00-07,to
266,f02-076-00-08,ageing
266,f02-076-01-00,and
266,f02-076-01-03,to
266,f02-076-01-04,the
266,f02-076-02-00,level
266,f02-076-02-01,of
266,f02-076-02-06,If
266,f02-076-02-07,so
266,f02-076-02-09,which
266,f02-076-03-00,levels
266,f02-076-03-01,are
266,f02-076-03-02,the
266,f02-076-03-03,better
266,f02-076-03-04,or
266,f02-076-03-05,the
266,f02-076-03-06,poorer
266,f02-076-04-00,for
266,f02-076-04-03,to
266,f02-076-04-05,and
266,f02-076-05-00,in
266,f02-076-05-01,what
266,f02-076-05-02,aspects
266,f02-076-05-06,Does
266,f02-076-05-07,the
266,f02-076-06-01,support
266,f02-076-06-04,for
266,f02-076-07-03,and
266,f02-076-08-01,to
266,f02-076-08-02,the
266,f02-076-08-03,needs
266,f02-076-08-04,of
266,f02-076-08-05,older
266,f02-076-09-00,of
266,f02-076-09-03,levels
151,c03-007b-00-00,In
151,c03-007b-00-02,Taste
151,c03-007b-00-03,of
151,c03-007b-00-04,Honey
151,c03-007b-00-07,has
151,c03-007b-00-08,taken
151,c03-007b-01-00,town
151,c03-007b-01-01,in
151,c03-007b-01-02,the
151,c03-007b-01-04,North
151,c03-007b-01-05,of
151,c03-007b-01-06,England
151,c03-007b-01-07,and
151,c03-007b-02-00,has
151,c03-007b-02-01,made
151,c03-007b-02-02,it
151,c03-007b-02-03,live
151,c03-007b-02-05,The
151,c03-007b-02-06,shabby
151,c03-007b-02-07,streets
151,c03-007b-02-08,and
151,c03-007b-02-09,wet
151,c03-007b-03-00,the
151,c03-007b-03-01,school
151,c03-007b-03-04,the
151,c03-007b-03-05,public
151,c03-007b-03-07,and
151,c03-007b-04-00,the
151,c03-007b-04-01,rubbish
151,c03-007b-04-02,strewn
151,c03-007b-04-03,canals
151,c03-007b-04-05,even
151,c03-007b-04-06,the
151,c03-007b-04-07,worn
151,c03-007b-05-01,in
151,c03-007b-05-02,the
151,c03-007b-05-06,sacred
151,c03-007b-05-07,to
151,c03-007b-05-08,the
151,c03-007b-06-00,memory
151,c03-007b-06-01,of
151,c03-007b-06-04,are
151,c03-007b-06-05,seen
151,c03-007b-06-06,as
151,c03-007b-06-07,an
151,c03-007b-06-09,part
151,c03-007b-06-10,of
151,c03-007b-07-00,the
151,c03-007b-07-01,story
246,e07-066-00-03,reader
246,e07-066-00-04,living
246,e07-066-00-05,in
246,e07-066-01-02,Lincs
246,e07-066-01-04,kindly
246,e07-066-01-05,offered
246,e07-066-01-06,to
246,e07-066-02-01,with
246,e07-066-02-02,me
246,e07-066-02-03,in
246,e07-066-02-05,praying
246,e07-066-03-00,mantis
246,e07-066-03-01,as
246,e07-066-03-03,pest
246,e07-066-03-04,control
246,e07-066-03-05,in
246,e07-066-03-06,the
246,e07-066-03-07,cold
246,e07-066-04-02,Of
246,e07-066-04-03,the
246,e07-066-04-04,dozen
246,e07-066-04-05,Spanish
246,e07-066-04-06,mantis
246,e07-066-05-00,sent
246,e07-066-05-01,him
246,e07-066-05-02,by
246,e07-066-05-03,post
246,e07-066-05-04,on
246,e07-066-05-05,June
246,e07-066-05-08,only
246,e07-066-05-09,two
246,e07-066-05-10,or
246,e07-066-06-00,three
246,e07-066-06-02,the
246,e07-066-06-03,journey
246,e07-066-06-05,one
246,e07-066-06-06,thrived
246,e07-066-07-00,and
246,e07-066-07-01,the
246,e07-066-07-02,latest
246,e07-066-07-03,report
246,e07-066-07-05,have
246,e07-066-07-06,is
246,e07-066-07-07,that
246,e07-066-08-00,this
246,e07-066-08-01,mantis
246,e07-066-08-02,is
246,e07-066-08-03,still
246,e07-066-08-04,alive
250,f01-053-00-00,The
250,f01-053-00-01,job
250,f01-053-00-02,of
250,f01-053-00-03,the
250,f01-053-00-04,teacher
250,f01-053-00-05,is
250,f01-053-00-06,to
250,f01-053-00-07,set
250,f01-053-00-08,the
250,f01-053-01-01,to
250,f01-053-01-02,work
250,f01-053-01-03,on
250,f01-053-01-04,the
250,f01-053-01-06,store
250,f01-053-02-00,so
250,f01-053-02-01,as
250,f01-053-02-02,to
250,f01-053-02-03,make
250,f01-053-02-04,it
250,f01-053-02-05,grow
250,f01-053-02-07,He
250,f01-053-02-08,does
250,f01-053-02-09,not
250,f01-053-03-00,simply
250,f01-053-03-01,pack
250,f01-053-03-02,new
250,f01-053-03-03,things
250,f01-053-03-04,into
250,f01-053-03-05,the
250,f01-053-03-06,store
250,f01-053-04-00,The
250,f01-053-04-02,learner
250,f01-053-04-03,has
250,f01-053-04-04,to
250,f01-053-04-05,find
250,f01-053-04-06,out
250,f01-053-05-00,how
250,f01-053-05-01,to
250,f01-053-05-02,do
250,f01-053-05-03,this
250,f01-053-05-04,for
250,f01-053-05-05,himself
250,f01-053-05-07,with
250,f01-053-05-08,the
250,f01-053-05-09,help
250,f01-053-06-00,of
250,f01-053-06-01,books
250,f01-053-06-03,He
250,f01-053-06-04,uses
250,f01-053-06-05,his
250,f01-053-06-07,to
250,f01-053-07-00,ask
250,f01-053-07-02,and
250,f01-053-07-03,uses
250,f01-053-07-04,the
250,f01-053-07-05,books
250,f01-053-07-06,to
250,f01-053-08-00,find
250,f01-053-08-01,the
250,f01-053-08-02,answers
158,c04-013-00-00,He
158,c04-013-00-02,the
158,c04-013-00-03,five
158,c04-013-00-04,pals
158,c04-013-00-05,with
158,c04-013-00-06,whom
158,c04-013-00-07,he
158,c04-013-00-08,lives
158,c04-013-01-00,cheats
158,c04-013-01-04,Juliet
158,c04-013-01-05,Prowse
158,c04-013-01-07,and
158,c04-013-01-09,uses
158,c04-013-02-04,Martha
158,c04-013-02-05,Hyer
158,c04-013-02-07,to
158,c04-013-02-08,get
158,c04-013-02-09,ahead
158,c04-013-03-00,Frankie
158,c04-013-03-01,Vaughan
158,c04-013-03-02,is
158,c04-013-03-03,too
158,c04-013-03-04,nice
158,c04-013-03-06,chap
158,c04-013-03-07,to
158,c04-013-03-08,ring
158,c04-013-03-09,quite
158,c04-013-04-00,true
158,c04-013-04-01,as
158,c04-013-04-06,Yank
158,c04-013-04-08,His
158,c04-013-05-00,best
158,c04-013-05-01,moments
158,c04-013-05-02,are
158,c04-013-05-03,when
158,c04-013-05-04,he
158,c04-013-05-05,swings
158,c04-013-05-07,into
158,c04-013-05-08,the
158,c04-013-06-00,title
158,c04-013-06-01,song
655,r02-146-00-01,But
655,r02-146-00-04,NOT
655,r02-146-00-08,He
655,r02-146-00-09,rushed
655,r02-146-00-10,down
655,r02-146-01-00,the
655,r02-146-01-01,stairs
655,r02-146-01-02,and
655,r02-146-01-05,the
655,r02-146-01-06,case
655,r02-146-01-08,ran
655,r02-146-01-09,back
655,r02-146-02-01,with
655,r02-146-02-02,it
655,r02-146-02-05,And
655,r02-146-02-08,NOT
655,r02-146-02-09,been
655,r02-146-03-04,Naughty
655,r02-146-03-07,she
655,r02-146-03-08,called
655,r02-146-04-00,after
655,r02-146-04-01,him
655,r02-146-04-04,Mother
655,r02-146-04-05,knows
655,r02-146-04-06,her
655,r02-146-04-07,boy
655,r02-146-05-00,Arnold
655,r02-146-05-01,Olner
121,b05-098-00-00,It
121,b05-098-00-01,was
121,b05-098-00-02,called
121,b05-098-00-04,Abou
121,b05-098-00-05,Ben
121,b05-098-00-06,Adhem
121,b05-098-00-07,and
121,b05-098-00-08,the
121,b05-098-01-00,Angel
121,b05-098-01-05,know
121,b05-098-01-06,why
121,b05-098-01-08,was
121,b05-098-01-09,so
121,b05-098-02-01,with
121,b05-098-02-02,this
121,b05-098-02-03,poem
121,b05-098-02-04,but
121,b05-098-02-06,on
121,b05-098-03-02,it
121,b05-098-03-03,might
121,b05-098-03-04,be
121,b05-098-03-05,that
121,b05-098-03-07,took
121,b05-098-04-00,guilty
121,b05-098-04-02,in
121,b05-098-04-03,the
121,b05-098-05-00,ness
121,b05-098-05-03,may
121,b05-098-05-04,well
121,b05-098-05-05,have
121,b05-098-05-06,felt
121,b05-098-05-07,that
121,b05-098-05-09,was
121,b05-098-06-01,under
121,b05-098-06-03,strict
121,b05-098-07-01,and
121,b05-098-07-05,might
121,b05-098-08-00,come
121,b05-098-08-01,through
121,b05-098-08-02,the
121,b05-098-08-03,sugary
121,b05-098-09-00,of
121,b05-098-09-02,Abou
121,b05-098-09-03,Ben
121,b05-098-09-04,Adhem
669,r03-115-00-00,Much
669,r03-115-00-01,more
669,r03-115-00-03,than
669,r03-115-00-04,that
669,r03-115-00-05,poky
669,r03-115-00-06,little
669,r03-115-00-07,cottage
669,r03-115-01-00,which
669,r03-115-01-03,bit
669,r03-115-01-05,really
669,r03-115-01-07,the
669,r03-115-02-01,room
669,r03-115-02-02,was
669,r03-115-02-03,too
669,r03-115-02-04,small
669,r03-115-02-05,when
669,r03-115-02-06,divided
669,r03-115-03-00,and
669,r03-115-03-01,too
669,r03-115-03-02,big
669,r03-115-03-03,when
669,r03-115-03-04,not
338,g06-047g-00-00,This
338,g06-047g-00-02,man
338,g06-047g-00-03,of
338,g06-047g-00-06,whom
338,g06-047g-00-07,Sir
338,g06-047g-00-08,Francis
338,g06-047g-01-00,Burdett
338,g06-047g-01-02,to
338,g06-047g-01-05,year
338,g06-047g-01-06,or
338,g06-047g-01-07,two
338,g06-047g-01-08,later
338,g06-047g-01-09,as
338,g06-047g-02-01,more
338,g06-047g-02-02,like
338,g06-047g-02-04,God
338,g06-047g-02-05,upon
338,g06-047g-02-06,earth
338,g06-047g-02-07,than
338,g06-047g-02-09,human
338,g06-047g-02-10,being
338,g06-047g-02-13,had
338,g06-047g-02-14,an
338,g06-047g-03-01,number
338,g06-047g-03-02,of
338,g06-047g-03-04,among
338,g06-047g-03-06,medical
338,g06-047g-04-00,men
338,g06-047g-04-01,in
338,g06-047g-04-02,the
338,g06-047g-04-03,cities
338,g06-047g-04-04,of
338,g06-047g-04-05,Europe
338,g06-047g-04-07,One
338,g06-047g-04-08,of
338,g06-047g-04-09,these
338,g06-047g-04-10,was
338,g06-047g-04-11,the
338,g06-047g-05-00,Dr
338,g06-047g-05-02,Mauro
338,g06-047g-05-04,whom
338,g06-047g-05-07,in
338,g06-047g-05-08,May
327,g04-081-00-00,On
327,g04-081-00-01,hearing
327,g04-081-00-02,that
327,g04-081-00-04,was
327,g04-081-00-05,to
327,g04-081-00-06,leave
327,g04-081-00-08,and
327,g04-081-00-09,come
327,g04-081-00-10,to
327,g04-081-01-00,Purley
327,g04-081-01-01,she
327,g04-081-01-02,offered
327,g04-081-01-03,to
327,g04-081-01-04,come
327,g04-081-01-05,and
327,g04-081-01-06,look
327,g04-081-01-07,after
327,g04-081-01-08,me
327,g04-081-01-10,She
327,g04-081-01-11,was
327,g04-081-02-01,real
327,g04-081-02-04,of
327,g04-081-02-05,yeoman
327,g04-081-02-06,stock
327,g04-081-02-07,and
327,g04-081-02-08,clever
327,g04-081-02-09,in
327,g04-081-02-10,all
327,g04-081-03-00,things
327,g04-081-03-03,widow
327,g04-081-03-04,who
327,g04-081-03-05,knew
327,g04-081-03-06,how
327,g04-081-03-07,to
327,g04-081-03-08,look
327,g04-081-03-09,after
327,g04-081-03-10,the
327,g04-081-03-12,boy
327,g04-081-04-00,who
327,g04-081-04-01,was
327,g04-081-04-02,the
327,g04-081-04-03,only
327,g04-081-04-04,other
327,g04-081-04-06,of
327,g04-081-04-07,the
327,g04-081-04-08,house
327,g04-081-04-09,when
327,g04-081-05-01,Evitt
327,g04-081-05-02,had
327,g04-081-05-03,gone
133,c06-080-00-00,The
133,c06-080-00-02,of
133,c06-080-00-03,our
133,c06-080-01-01,friend
133,c06-080-01-02,is
133,c06-080-01-03,not
133,c06-080-01-04,the
133,c06-080-01-05,only
133,c06-080-02-00,good
133,c06-080-02-01,thing
133,c06-080-02-04,the
133,c06-080-02-05,one
133,c06-080-03-00,touch
133,c06-080-03-02,in
133,c06-080-03-03,the
133,c06-080-03-04,film
133,c06-080-03-06,which
133,c06-080-03-07,is
133,c06-080-04-01,glossy
133,c06-080-04-02,comedy
133,c06-080-05-00,styled
133,c06-080-05-03,set
133,c06-080-05-05,Most
133,c06-080-05-06,of
133,c06-080-05-07,it
133,c06-080-05-08,has
133,c06-080-06-00,been
133,c06-080-06-01,shot
133,c06-080-06-02,in
133,c06-080-06-03,and
133,c06-080-06-04,around
133,c06-080-06-05,the
133,c06-080-07-01,of
133,c06-080-07-02,the
133,c06-080-07-03,Hotel
133,c06-080-07-06,renamed
133,c06-080-08-00,the
133,c06-080-08-01,Dolce
133,c06-080-08-02,Vista
133,c06-080-08-03,for
133,c06-080-08-04,the
133,c06-080-08-05,picture
133,c06-080-08-07,in
133,c06-080-09-02,and
133,c06-080-09-03,if
133,c06-080-09-04,there
133,c06-080-09-07,better
133,c06-080-09-08,view
117,b05-042-00-00,What
117,b05-042-00-01,happens
117,b05-042-00-02,is
117,b05-042-00-03,that
117,b05-042-00-04,the
117,b05-042-00-06,worker
117,b05-042-01-00,is
117,b05-042-01-03,by
117,b05-042-01-06,to
117,b05-042-02-01,on
117,b05-042-02-02,how
117,b05-042-02-03,to
117,b05-042-02-04,do
117,b05-042-02-05,the
117,b05-042-02-06,job
117,b05-042-02-07,coupled
117,b05-042-02-08,with
117,b05-042-03-01,TV
117,b05-042-03-04,into
117,b05-042-03-07,highly
117,b05-042-04-00,skilled
117,b05-042-04-04,in
117,b05-042-04-05,no
117,b05-042-04-06,time
117,b05-042-04-07,at
117,b05-042-04-08,all
117,b05-042-05-00,Not
117,b05-042-05-01,only
117,b05-042-05-02,can
117,b05-042-05-03,the
117,b05-042-05-04,raw
117,b05-042-05-05,human
117,b05-042-05-06,mind
117,b05-042-05-07,be
117,b05-042-06-02,very
117,b05-042-06-03,quickly
117,b05-042-06-04,to
117,b05-042-06-05,do
117,b05-042-06-06,one
117,b05-042-07-00,set
117,b05-042-07-01,of
117,b05-042-07-02,skilled
117,b05-042-07-05,in
117,b05-042-07-06,one
117,b05-042-08-00,trade
117,b05-042-08-01,but
117,b05-042-08-03,by
117,b05-042-08-04,being
117,b05-042-08-05,given
117,b05-042-08-06,another
117,b05-042-08-07,of
117,b05-042-08-08,the
117,b05-042-08-09,new
117,b05-042-09-04,he
117,b05-042-09-05,can
117,b05-042-09-06,be
117,b05-042-10-00,to
117,b05-042-10-04,if
117,b05-042-10-05,he
117,b05-042-10-06,just
117,b05-042-10-07,gives
117,b05-042-10-08,in
117,b05-042-10-09,and
151,c03-000b-00-00,The
151,c03-000b-00-01,film
151,c03-000b-00-02,version
151,c03-000b-00-03,of
151,c03-000b-00-04,Miss
151,c03-000b-00-05,Shelagh
151,c03-000b-00-07,play
151,c03-000b-01-00,Taste
151,c03-000b-01-01,of
151,c03-000b-01-02,Honey
151,c03-000b-01-03,opens
151,c03-000b-01-04,at
151,c03-000b-01-05,the
151,c03-000b-01-07,Square
151,c03-000b-01-08,Theatre
151,c03-000b-02-02,It
151,c03-000b-02-03,has
151,c03-000b-02-04,been
151,c03-000b-02-06,and
151,c03-000b-02-08,by
151,c03-000b-03-01,Tony
151,c03-000b-03-04,who
151,c03-000b-03-05,is
151,c03-000b-03-06,also
151,c03-000b-03-08,with
151,c03-000b-04-00,Miss
151,c03-000b-04-01,Delaney
151,c03-000b-04-02,of
151,c03-000b-04-03,the
151,c03-000b-04-04,script
151,c03-000b-04-06,and
151,c03-000b-04-07,the
151,c03-000b-04-08,great
151,c03-000b-05-00,to
151,c03-000b-05-01,be
151,c03-000b-05-02,derived
151,c03-000b-05-03,from
151,c03-000b-05-04,this
151,c03-000b-05-05,unity
151,c03-000b-05-06,of
151,c03-000b-05-08,and
151,c03-000b-05-09,control
151,c03-000b-06-00,are
165,c04-128-00-02,feel
165,c04-128-00-05,done
165,c04-128-00-06,all
165,c04-128-00-08,can
165,c04-128-00-09,at
165,c04-128-00-10,the
165,c04-128-00-14,he
165,c04-128-01-00,told
165,c04-128-01-01,me
165,c04-128-01-04,We
165,c04-128-01-06,agreed
165,c04-128-01-07,to
165,c04-128-01-08,part
165,c04-128-02-02,is
165,c04-128-02-04,guest
165,c04-128-02-05,in
165,c04-128-03-00,show
165,c04-128-03-01,tonight
165,c04-128-03-03,Boxing
165,c04-128-03-04,fans
165,c04-128-03-05,can
165,c04-128-03-06,see
165,c04-128-03-07,an
165,c04-128-04-01,contest
165,c04-128-04-02,between
165,c04-128-04-03,Chris
165,c04-128-04-04,Elliot
165,c04-128-04-05,and
165,c04-128-05-00,Harry
165,c04-128-05-01,Carroll
165,c04-128-05-02,from
165,c04-128-06-01,medley
165,c04-128-06-02,is
165,c04-128-06-03,sung
165,c04-128-06-04,by
165,c04-128-06-05,David
165,c04-128-07-00,Hughes
165,c04-128-07-01,in
165,c04-128-07-02,his
165,c04-128-07-04,Make
165,c04-128-07-05,Mine
165,c04-128-07-06,Music
274,h04-025-00-00,For
274,h04-025-00-01,all
274,h04-025-00-02,foods
274,h04-025-00-03,the
274,h04-025-00-04,range
274,h04-025-00-05,was
274,h04-025-00-06,from
274,h04-025-00-08,per
274,h04-025-00-09,cent
274,h04-025-00-10,above
274,h04-025-00-11,the
274,h04-025-00-13,average
274,h04-025-01-00,in
274,h04-025-01-01,younger
274,h04-025-01-04,to
274,h04-025-01-06,per
274,h04-025-01-07,cent
274,h04-025-01-08,below
274,h04-025-01-09,in
274,h04-025-01-11,with
274,h04-025-02-00,four
274,h04-025-02-01,or
274,h04-025-02-02,more
274,h04-025-02-06,with
274,h04-025-02-08,to
274,h04-025-02-10,per
274,h04-025-02-11,cent
274,h04-025-02-12,in
274,h04-025-03-00,and
274,h04-025-03-02,to
274,h04-025-03-04,per
274,h04-025-03-05,cent
274,h04-025-03-06,in
274,h04-025-03-09,As
274,h04-025-03-10,with
274,h04-025-03-11,the
274,h04-025-03-12,price
274,h04-025-03-13,of
274,h04-025-03-14,energy
274,h04-025-03-15,index
274,h04-025-04-00,the
274,h04-025-04-01,only
274,h04-025-04-03,change
274,h04-025-04-04,was
274,h04-025-04-05,for
274,h04-025-04-07,with
274,h04-025-04-08,three
274,h04-025-05-00,in
274,h04-025-05-01,which
274,h04-025-05-02,the
274,h04-025-05-03,index
274,h04-025-05-04,fell
274,h04-025-05-05,by
274,h04-025-05-07,to
274,h04-025-05-09,per
274,h04-025-05-10,cent
274,h04-025-05-11,of
274,h04-025-05-12,the
274,h04-025-05-13,average
274,h04-025-05-14,for
274,h04-025-06-00,all
274,h04-025-06-02,in
274,h04-025-06-03,the
274,h04-025-06-04,sample
151,c03-084b-00-01,Bryan
151,c03-084b-00-04,is
151,c03-084b-00-05,quietly
151,c03-084b-01-02,giving
151,c03-084b-01-03,full
151,c03-084b-01-04,value
151,c03-084b-01-05,to
151,c03-084b-01-06,the
151,c03-084b-01-07,formal
151,c03-084b-02-00,of
151,c03-084b-02-02,writing
151,c03-084b-02-03,without
151,c03-084b-03-00,them
151,c03-084b-03-02,Last
151,c03-084b-03-04,play
151,c03-084b-03-05,in
151,c03-084b-03-06,the
151,c03-084b-03-08,Play
151,c03-084b-03-09,of
151,c03-084b-03-10,the
151,c03-084b-04-00,Week
151,c03-084b-04-02,series
151,c03-084b-04-03,on
151,c03-084b-04-07,Then
151,c03-084b-05-00,We
151,c03-084b-05-01,Fall
151,c03-084b-05-03,by
151,c03-084b-05-05,Paul
151,c03-084b-05-06,Ferris
151,c03-084b-05-08,was
151,c03-084b-06-00,on
151,c03-084b-06-01,the
151,c03-084b-06-02,not
151,c03-084b-06-04,theme
151,c03-084b-06-05,of
151,c03-084b-06-06,the
151,c03-084b-07-00,power
151,c03-084b-07-01,of
339,g06-031h-00-01,What
339,g06-031h-00-04,event
339,g06-031h-00-07,he
339,g06-031h-00-08,wrote
339,g06-031h-00-12,tremble
339,g06-031h-00-14,What
339,g06-031h-01-04,am
339,g06-031h-01-07,but
339,g06-031h-01-09,really
339,g06-031h-02-00,tremble
339,g06-031h-02-01,for
339,g06-031h-02-02,my
339,g06-031h-02-03,country
339,g06-031h-02-06,may
339,g06-031h-02-07,be
339,g06-031h-03-02,cannot
339,g06-031h-03-03,but
339,g06-031h-03-04,fear
339,g06-031h-03-05,that
339,g06-031h-03-06,the
339,g06-031h-04-00,of
339,g06-031h-04-01,the
339,g06-031h-04-02,People
339,g06-031h-04-03,will
339,g06-031h-04-04,be
339,g06-031h-04-05,so
339,g06-031h-04-06,great
339,g06-031h-04-07,at
339,g06-031h-04-08,the
339,g06-031h-04-09,return
339,g06-031h-04-10,of
339,g06-031h-05-02,that
339,g06-031h-05-03,the
339,g06-031h-05-04,Commons
339,g06-031h-05-05,House
339,g06-031h-05-06,upon
339,g06-031h-06-02,which
339,g06-031h-06-03,must
339,g06-031h-06-04,be
339,g06-031h-06-05,had
339,g06-031h-06-07,will
339,g06-031h-06-08,be
339,g06-031h-06-10,mass
339,g06-031h-07-00,of
339,g06-031h-07-04,then
339,g06-031h-07-05,God
339,g06-031h-07-06,knows
339,g06-031h-07-07,what
339,g06-031h-07-08,may
339,g06-031h-08-00,happen
0,a05-029-00-00,Sir
0,a05-029-00-01,Francis
0,a05-029-00-02,is
0,a05-029-00-03,to
0,a05-029-00-04,hand
0,a05-029-00-05,over
0,a05-029-00-06,to
0,a05-029-00-07,Sir
0,a05-029-00-08,Richard
0,a05-029-01-00,as
0,a05-029-01-01,from
0,a05-029-01-05,The
0,a05-029-01-08,due
0,a05-029-01-09,in
0,a05-029-02-02,was
0,a05-029-02-03,delayed
0,a05-029-02-04,because
0,a05-029-02-05,of
0,a05-029-02-06,the
0,a05-029-03-00,Berlin
0,a05-029-03-01,crisis
0,a05-029-03-05,and
0,a05-029-03-06,his
0,a05-029-04-00,felt
0,a05-029-04-01,the
0,a05-029-04-02,change
0,a05-029-04-03,would
0,a05-029-04-04,be
0,a05-029-04-05,unwise
0,a05-029-04-06,at
0,a05-029-05-00,moment
0,a05-029-05-02,when
0,a05-029-05-04,had
0,a05-029-05-05,to
0,a05-029-05-06,be
0,a05-029-06-01,on
0,a05-029-06-03,need
0,a05-029-06-04,for
0,a05-029-07-03,For
0,a05-029-07-04,this
0,a05-029-07-05,reason
0,a05-029-07-06,Sir
0,a05-029-08-00,Francis
0,a05-029-08-01,stayed
0,a05-029-08-02,on
0,a05-029-08-04,and
0,a05-029-09-00,his
0,a05-029-09-01,leave
653,r02-131-00-00,Your
653,r02-131-00-01,Auntie
653,r02-131-00-02,Edie
653,r02-131-00-04,coming
653,r02-131-00-05,in
653,r02-131-00-06,for
653,r02-131-00-08,cup
653,r02-131-00-09,of
653,r02-131-00-10,tea
653,r02-131-00-11,later
653,r02-131-00-12,and
653,r02-131-01-00,you
653,r02-131-01-01,know
653,r02-131-01-02,how
653,r02-131-01-03,she
653,r02-131-01-04,has
653,r02-131-01-06,good
653,r02-131-01-07,look
653,r02-131-01-08,round
653,r02-131-01-12,There
653,r02-131-01-13,was
653,r02-131-02-01,tinkle
653,r02-131-02-02,and
653,r02-131-02-04,thud
653,r02-131-02-05,from
653,r02-131-02-06,beside
653,r02-131-02-07,the
653,r02-131-02-08,coat
653,r02-131-03-00,mother
653,r02-131-03-01,turned
653,r02-131-03-02,around
653,r02-131-03-03,in
653,r02-131-03-04,time
653,r02-131-03-05,to
653,r02-131-03-06,see
653,r02-131-03-07,the
653,r02-131-04-00,against
653,r02-131-04-01,the
653,r02-131-04-02,brass
653,r02-131-04-04,stand
653,r02-131-04-07,Well
653,r02-131-04-08,now
653,r02-131-04-11,She
653,r02-131-04-12,hurried
653,r02-131-05-00,towards
653,r02-131-05-01,it
653,r02-131-05-02,and
653,r02-131-05-03,picked
653,r02-131-05-04,it
653,r02-131-05-05,up
16,a01-077-00-00,And
16,a01-077-00-02,since
16,a01-077-00-03,this
16,a01-077-00-04,is
16,a01-077-00-06,year
16,a01-077-00-07,in
16,a01-077-00-08,West
16,a01-077-01-00,Germany
16,a01-077-01-04,is
16,a01-077-01-05,in
16,a01-077-01-07,tough
16,a01-077-02-00,spot
16,a01-077-02-02,Joyce
16,a01-077-02-04,cables
16,a01-077-03-00,Kennedy
16,a01-077-03-01,at
16,a01-077-03-02,his
16,a01-077-03-04,Press
16,a01-077-04-00,ference
16,a01-077-04-02,he
16,a01-077-04-03,did
16,a01-077-04-04,not
16,a01-077-04-05,know
16,a01-077-05-00,whether
16,a01-077-05-01,America
16,a01-077-05-02,was
16,a01-077-05-03,lagging
16,a01-077-05-04,behind
16,a01-077-06-00,Russia
16,a01-077-06-01,in
16,a01-077-06-02,missile
16,a01-077-06-03,power
16,a01-077-06-05,He
16,a01-077-06-06,said
16,a01-077-06-07,he
16,a01-077-07-00,was
16,a01-077-07-01,waiting
16,a01-077-07-02,for
16,a01-077-07-03,his
16,a01-077-07-04,senior
16,a01-077-08-00,aides
16,a01-077-08-01,to
16,a01-077-08-02,come
16,a01-077-08-03,up
16,a01-077-08-04,with
16,a01-077-08-05,the
16,a01-077-08-06,answer
16,a01-077-08-07,on
37,a02-124-00-01,agreed
37,a02-124-00-02,so
37,a02-124-00-03,far
37,a02-124-00-04,include
37,a02-124-00-09,mass
37,a02-124-01-01,of
37,a02-124-01-02,police
37,a02-124-01-04,special
37,a02-124-02-00,and
37,a02-124-02-03,with
37,a02-124-02-06,posted
37,a02-124-03-00,from
37,a02-124-03-03,to
37,a02-124-03-05,in
37,a02-124-04-00,the
37,a02-124-04-01,area
37,a02-124-04-03,West
37,a02-124-04-04,End
37,a02-124-04-05,Central
37,a02-124-05-00,and
76,a06-064-00-00,Most
76,a06-064-00-01,MPs
76,a06-064-00-02,agreed
76,a06-064-00-03,that
76,a06-064-00-06,attack
76,a06-064-00-07,had
76,a06-064-00-09,if
76,a06-064-01-02,rallied
76,a06-064-01-03,support
76,a06-064-01-04,to
76,a06-064-01-05,the
76,a06-064-01-06,Prime
76,a06-064-02-00,This
76,a06-064-02-03,was
76,a06-064-03-00,He
76,a06-064-03-02,his
76,a06-064-03-03,reply
76,a06-064-03-04,to
76,a06-064-03-05,the
76,a06-064-04-00,that
76,a06-064-04-02,Fell
76,a06-064-04-03,had
76,a06-064-04-07,his
76,a06-064-05-00,support
76,a06-064-05-03,There
76,a06-064-05-04,were
76,a06-064-05-05,no
76,a06-064-05-06,other
76,a06-064-05-07,attacks
76,a06-064-06-00,of
76,a06-064-06-01,such
76,a06-064-06-04,But
76,a06-064-06-05,there
76,a06-064-06-06,was
76,a06-064-06-07,ample
76,a06-064-07-01,of
76,a06-064-07-03,and
76,a06-064-07-04,Labour
76,a06-064-08-02,which
76,a06-064-08-03,will
76,a06-064-08-04,be
76,a06-064-08-05,aired
76,a06-064-08-06,in
76,a06-064-08-07,the
76,a06-064-09-00,debate
76,a06-064-09-02,and
76,a06-064-09-03,on
0,a01-007u-00-00,Since
0,a01-007u-00-04,Labour
0,a01-007u-00-05,life
0,a01-007u-00-06,Peers
0,a01-007u-00-07,and
0,a01-007u-01-01,have
0,a01-007u-01-02,been
0,a01-007u-01-03,created
0,a01-007u-01-05,Most
0,a01-007u-01-06,Labour
0,a01-007u-02-01,would
0,a01-007u-02-02,still
0,a01-007u-02-03,favour
0,a01-007u-02-04,the
0,a01-007u-03-00,of
0,a01-007u-03-01,the
0,a01-007u-03-02,House
0,a01-007u-03-03,of
0,a01-007u-03-04,Lords
0,a01-007u-03-06,but
0,a01-007u-03-07,while
0,a01-007u-03-08,it
0,a01-007u-03-09,remains
0,a01-007u-04-00,Labour
0,a01-007u-04-01,has
0,a01-007u-04-02,to
0,a01-007u-04-03,have
0,a01-007u-04-04,an
0,a01-007u-04-06,number
0,a01-007u-05-00,of
0,a01-007u-05-01,members
0,a01-007u-05-03,THE
0,a01-007u-05-04,two
0,a01-007u-05-05,rival
0,a01-007u-05-06,African
0,a01-007u-06-01,Parties
0,a01-007u-06-02,of
0,a01-007u-07-00,have
0,a01-007u-07-01,agreed
0,a01-007u-07-02,to
0,a01-007u-07-03,get
0,a01-007u-07-05,to
0,a01-007u-07-06,face
0,a01-007u-08-00,the
0,a01-007u-08-02,from
0,a01-007u-08-03,Sir
0,a01-007u-08-04,Roy
0,a01-007u-09-00,the
0,a01-007u-09-01,Federal
0,a01-007u-09-02,Premier
112,b04-140-00-00,BEFORE
112,b04-140-00-01,the
112,b04-140-00-02,war
112,b04-140-00-03,he
112,b04-140-00-04,urged
112,b04-140-00-05,the
112,b04-140-00-06,British
112,b04-140-00-07,people
112,b04-140-01-00,to
112,b04-140-01-01,welcome
112,b04-140-01-03,troops
112,b04-140-01-04,as
112,b04-140-02-00,After
112,b04-140-02-01,the
112,b04-140-02-02,war
112,b04-140-02-03,he
112,b04-140-02-07,war
112,b04-140-02-08,against
112,b04-140-03-00,Russia
112,b04-140-03-02,Now
112,b04-140-03-03,he
112,b04-140-03-04,wants
112,b04-140-03-05,Britain
112,b04-140-03-06,to
112,b04-140-03-08,her
112,b04-140-04-03,the
112,b04-140-04-04,years
112,b04-140-04-05,Lord
112,b04-140-04-06,Russell
112,b04-140-05-00,and
112,b04-140-05-01,his
112,b04-140-05-03,have
112,b04-140-05-04,been
112,b04-140-05-05,able
112,b04-140-05-06,to
112,b04-140-05-07,pursue
112,b04-140-05-08,their
112,b04-140-06-02,in
112,b04-140-06-03,freedom
112,b04-140-06-05,They
112,b04-140-06-06,should
112,b04-140-07-00,ask
112,b04-140-07-02,this
112,b04-140-07-05,How
112,b04-140-07-06,long
112,b04-140-07-07,would
112,b04-140-08-00,that
112,b04-140-08-01,freedom
112,b04-140-08-02,last
112,b04-140-08-03,if
112,b04-140-08-04,their
112,b04-140-08-06,were
112,b04-140-08-07,adopted
329,g04-098-00-00,From
329,g04-098-00-01,then
329,g04-098-00-02,till
329,g04-098-00-03,now
329,g04-098-00-04,the
329,g04-098-00-06,ripened
329,g04-098-00-07,into
329,g04-098-00-09,very
329,g04-098-01-00,deep
329,g04-098-01-02,which
329,g04-098-01-04,have
329,g04-098-01-05,taken
329,g04-098-01-06,with
329,g04-098-01-07,me
329,g04-098-01-08,through
329,g04-098-02-00,all
329,g04-098-02-01,the
329,g04-098-02-02,many
329,g04-098-02-04,of
329,g04-098-02-06,long
329,g04-098-02-10,and
329,g04-098-03-02,have
329,g04-098-03-03,been
329,g04-098-03-04,from
329,g04-098-03-05,the
329,g04-098-03-06,first
329,g04-098-04-00,years
329,g04-098-04-01,of
329,g04-098-04-02,war
329,g04-098-04-04,when
329,g04-098-04-05,most
329,g04-098-04-06,lives
329,g04-098-04-07,were
329,g04-098-04-08,upset
329,g04-098-04-09,and
329,g04-098-05-00,some
329,g04-098-05-01,tempers
329,g04-098-05-02,were
329,g04-098-05-03,easily
329,g04-098-05-04,frayed
329,g04-098-05-06,the
329,g04-098-05-07,most
329,g04-098-06-00,loyal
329,g04-098-06-01,and
329,g04-098-06-02,devoted
329,g04-098-06-03,friends
273,g04-095-00-01,of
273,g04-095-00-03,and
273,g04-095-00-05,leads
273,g04-095-01-00,me
273,g04-095-01-01,at
273,g04-095-01-02,once
273,g04-095-01-03,to
273,g04-095-01-06,most
273,g04-095-01-08,and
273,g04-095-02-00,lasting
273,g04-095-02-02,begun
273,g04-095-02-03,in
273,g04-095-02-05,in
273,g04-095-02-06,Purley
273,g04-095-02-07,and
273,g04-095-03-01,till
273,g04-095-03-02,old
273,g04-095-03-03,age
273,g04-095-03-06,When
273,g04-095-03-08,went
273,g04-095-04-00,to
273,g04-095-04-04,the
273,g04-095-04-05,first
273,g04-095-04-06,contact
273,g04-095-04-08,made
273,g04-095-04-09,was
273,g04-095-05-00,with
273,g04-095-05-01,the
273,g04-095-05-03,Warden
273,g04-095-06-00,and
273,g04-095-06-01,his
273,g04-095-06-02,family
273,g04-095-06-04,the
273,g04-095-06-06,of
273,g04-095-06-07,whose
273,g04-095-06-08,three
273,g04-095-07-00,sons
273,g04-095-07-01,was
273,g04-095-07-02,just
273,g04-095-07-03,coming
273,g04-095-07-04,into
273,g04-095-07-05,the
273,g04-095-07-06,world
273,g04-095-07-07,in
273,g04-095-07-08,this
273,g04-095-07-09,year
273,g04-095-08-00,of
108,b04-040-00-00,There
108,b04-040-00-01,is
108,b04-040-00-02,no
108,b04-040-00-03,reason
108,b04-040-00-05,why
108,b04-040-00-06,he
108,b04-040-00-07,should
108,b04-040-00-09,himself
108,b04-040-00-11,The
108,b04-040-01-00,sisters
108,b04-040-01-01,had
108,b04-040-01-02,to
108,b04-040-01-03,quit
108,b04-040-01-04,as
108,b04-040-01-05,their
108,b04-040-01-06,home
108,b04-040-01-07,was
108,b04-040-01-08,falling
108,b04-040-01-09,down
108,b04-040-01-11,And
108,b04-040-01-13,Crabb
108,b04-040-02-00,did
108,b04-040-02-01,his
108,b04-040-02-02,best
108,b04-040-02-03,for
108,b04-040-02-04,them
108,b04-040-02-06,even
108,b04-040-02-07,driving
108,b04-040-02-08,them
108,b04-040-02-09,to
108,b04-040-02-11,new
108,b04-040-02-12,house
108,b04-040-02-14,John
108,b04-040-03-00,Crabb
108,b04-040-03-01,has
108,b04-040-03-02,the
108,b04-040-03-04,of
108,b04-040-03-06,and
108,b04-040-03-09,Too
108,b04-040-04-00,often
108,b04-040-04-01,lacking
108,b04-040-04-02,in
108,b04-040-04-06,HENRY
108,b04-040-04-07,NEWTON
108,b04-040-04-08,of
108,b04-040-04-09,Acton
108,b04-040-05-00,does
108,b04-040-05-01,not
108,b04-040-05-02,want
108,b04-040-05-03,his
108,b04-040-05-05,to
108,b04-040-05-06,marry
55,a03-063-01-03,the
55,a03-063-01-05,of
55,a03-063-01-08,who
55,a03-063-01-09,arrives
55,a03-063-01-10,in
55,a03-063-02-00,Bonn
55,a03-063-02-02,for
55,a03-063-02-03,talks
55,a03-063-02-04,with
55,a03-063-02-05,the
55,a03-063-02-06,Federal
55,a03-063-02-08,on
55,a03-063-03-01,space
55,a03-063-03-03,project
55,a03-063-03-05,will
55,a03-063-03-06,find
55,a03-063-03-07,the
55,a03-063-03-08,Germans
55,a03-063-04-01,in
55,a03-063-04-02,the
55,a03-063-04-04,of
55,a03-063-04-05,space
55,a03-063-04-08,but
55,a03-063-04-09,rather
55,a03-063-05-01,about
55,a03-063-05-02,British
55,a03-063-05-03,plans
55,a03-063-05-04,for
55,a03-063-05-06,it
55,a03-063-06-00,Stated
55,a03-063-06-01,more
55,a03-063-06-02,bluntly
55,a03-063-06-04,they
55,a03-063-06-05,are
55,a03-063-06-06,still
55,a03-063-06-08,that
55,a03-063-07-00,this
55,a03-063-07-01,is
55,a03-063-07-02,not
55,a03-063-07-04,an
55,a03-063-07-05,effort
55,a03-063-07-06,on
55,a03-063-07-08,part
55,a03-063-07-09,to
55,a03-063-08-00,salve
55,a03-063-08-01,Blue
55,a03-063-08-02,Streak
55,a03-063-08-04,which
55,a03-063-08-05,was
55,a03-063-08-07,last
55,a03-063-08-08,summer
55,a03-063-09-00,as
55,a03-063-09-03,project
55,a03-063-09-05,or
55,a03-063-09-06,that
55,a03-063-09-07,the
55,a03-063-09-09,space
55,a03-063-10-00,is
55,a03-063-10-01,indeed
55,a03-063-10-02,to
55,a03-063-10-03,be
55,a03-063-10-04,purely
55,a03-063-10-06,in
109,b04-075-00-00,They
109,b04-075-00-01,intend
109,b04-075-00-02,to
109,b04-075-00-03,sit
109,b04-075-00-04,outside
109,b04-075-00-05,the
109,b04-075-00-07,of
109,b04-075-00-08,Defence
109,b04-075-00-10,It
109,b04-075-00-11,is
109,b04-075-01-00,their
109,b04-075-01-01,protest
109,b04-075-01-02,against
109,b04-075-01-03,the
109,b04-075-01-06,They
109,b04-075-01-07,ought
109,b04-075-01-08,to
109,b04-075-01-09,have
109,b04-075-02-01,time
109,b04-075-02-03,The
109,b04-075-02-04,weather
109,b04-075-02-06,is
109,b04-075-02-07,good
109,b04-075-02-09,except
109,b04-075-02-10,for
109,b04-075-02-11,them
109,b04-075-03-01,should
109,b04-075-03-02,be
109,b04-075-03-05,And
109,b04-075-03-06,they
109,b04-075-03-07,will
109,b04-075-03-08,have
109,b04-075-03-10,fine
109,b04-075-03-11,view
109,b04-075-04-00,of
109,b04-075-04-03,Park
109,b04-075-04-05,with
109,b04-075-04-06,its
109,b04-075-04-07,placid
109,b04-075-04-08,lake
109,b04-075-05-00,rare
109,b04-075-05-01,ducks
109,b04-075-05-03,and
109,b04-075-05-04,other
109,b04-075-05-05,wild
109,b04-075-05-06,life
154,c03-087e-00-00,It
154,c03-087e-00-01,went
154,c03-087e-00-03,perhaps
154,c03-087e-00-05,some
154,c03-087e-00-07,beyond
154,c03-087e-00-08,most
154,c03-087e-01-01,of
154,c03-087e-01-02,its
154,c03-087e-01-03,subject
154,c03-087e-01-04,by
154,c03-087e-01-06,to
154,c03-087e-03-00,which
154,c03-087e-03-01,left
154,c03-087e-03-02,its
154,c03-087e-03-03,central
154,c03-087e-03-05,and
154,c03-087e-03-06,the
154,c03-087e-03-07,world
154,c03-087e-04-00,around
154,c03-087e-04-01,him
154,c03-087e-04-02,in
154,c03-087e-05-02,We
154,c03-087e-05-03,could
154,c03-087e-05-05,perhaps
154,c03-087e-05-07,say
154,c03-087e-05-08,whether
154,c03-087e-05-09,or
154,c03-087e-05-10,not
154,c03-087e-06-00,the
154,c03-087e-06-01,attempt
154,c03-087e-06-03,if
154,c03-087e-06-04,we
154,c03-087e-06-05,had
154,c03-087e-06-07,little
154,c03-087e-06-08,more
154,c03-087e-07-00,faith
154,c03-087e-07-01,in
154,c03-087e-07-02,the
154,c03-087e-07-03,way
154,c03-087e-07-04,in
154,c03-087e-07-05,which
154,c03-087e-07-07,Ferris
154,c03-087e-08-00,pulated
154,c03-087e-08-01,his
274,g04-032-00-00,Then
274,g04-032-00-01,we
274,g04-032-00-02,went
274,g04-032-00-03,to
274,g04-032-00-04,work
274,g04-032-00-05,on
274,g04-032-01-00,Wedding
274,g04-032-01-01,Feast
274,g04-032-01-05,grew
274,g04-032-01-07,and
274,g04-032-01-08,in
274,g04-032-01-10,few
274,g04-032-01-11,more
274,g04-032-01-12,months
274,g04-032-01-13,we
274,g04-032-02-00,gave
274,g04-032-02-02,concert
274,g04-032-02-03,at
274,g04-032-02-04,which
274,g04-032-02-05,the
274,g04-032-02-07,was
274,g04-032-02-08,the
274,g04-032-02-09,village
274,g04-032-03-00,and
274,g04-032-03-01,the
274,g04-032-03-02,tenor
274,g04-032-03-03,solo
274,g04-032-03-05,Onaway
274,g04-032-03-06,awake
274,g04-032-03-08,was
274,g04-032-03-09,sung
274,g04-032-03-10,by
274,g04-032-03-11,the
274,g04-032-03-12,Rector
274,g04-032-04-00,Friends
274,g04-032-04-01,from
274,g04-032-04-04,in
274,g04-032-04-06,to
274,g04-032-04-07,the
274,g04-032-04-10,came
274,g04-032-04-11,up
274,g04-032-05-00,and
274,g04-032-05-01,we
274,g04-032-05-02,were
274,g04-032-05-03,all
274,g04-032-05-04,happy
226,e02-091-00-00,As
226,e02-091-00-02,still
226,e02-091-00-03,further
226,e02-091-00-06,we
226,e02-091-00-07,follow
226,e02-091-01-00,with
226,e02-091-01-02,good
226,e02-091-01-03,basic
226,e02-091-01-04,kit
226,e02-091-01-06,which
226,e02-091-02-00,the
226,e02-091-02-01,fuller
226,e02-091-02-02,kit
226,e02-091-02-04,which
226,e02-091-02-05,in
226,e02-091-02-06,its
226,e02-091-02-07,turn
226,e02-091-02-09,of
226,e02-091-02-10,course
226,e02-091-03-01,the
226,e02-091-03-02,bare
226,e02-091-03-03,minimum
226,e02-091-03-04,kit
226,e02-091-04-00,With
226,e02-091-04-01,this
226,e02-091-04-02,the
226,e02-091-04-03,vast
226,e02-091-04-05,of
226,e02-091-04-06,jobs
226,e02-091-05-00,can
226,e02-091-05-01,be
226,e02-091-05-02,done
226,e02-091-05-04,though
226,e02-091-05-05,for
226,e02-091-06-00,cabinet
226,e02-091-06-01,work
226,e02-091-06-02,the
226,e02-091-06-04,for
226,e02-091-07-00,certain
226,e02-091-07-01,special
226,e02-091-07-02,tools
226,e02-091-07-03,will
226,e02-091-07-04,become
226,e02-091-08-00,obvious
154,c03-094e-00-01,William
154,c03-094e-00-02,Lucas
154,c03-094e-00-04,Morris
154,c03-094e-00-06,is
154,c03-094e-00-07,always
154,c03-094e-01-01,pushing
154,c03-094e-01-03,Miss
154,c03-094e-01-04,Sheila
154,c03-094e-01-05,Allen
154,c03-094e-01-06,his
154,c03-094e-01-07,wife
154,c03-094e-02-00,always
154,c03-094e-02-01,palely
154,c03-094e-02-05,James
154,c03-094e-02-06,Maxwell
154,c03-094e-03-00,the
154,c03-094e-03-01,editor
154,c03-094e-03-03,always
154,c03-094e-03-05,abashed
154,c03-094e-03-06,by
154,c03-094e-04-00,the
154,c03-094e-04-01,events
154,c03-094e-04-03,and
154,c03-094e-04-05,Aubrey
154,c03-094e-04-08,the
154,c03-094e-05-02,always
154,c03-094e-06-00,they
154,c03-094e-06-01,were
154,c03-094e-06-02,not
154,c03-094e-06-03,asked
154,c03-094e-06-04,to
154,c03-094e-06-06,from
154,c03-094e-07-00,their
154,c03-094e-07-01,set
154,c03-094e-07-02,moods
154,c03-094e-07-03,but
154,c03-094e-07-04,played
154,c03-094e-07-05,with
154,c03-094e-07-06,proper
154,c03-094e-08-01,and
154,c03-094e-08-03,in
154,c03-094e-08-04,the
154,c03-094e-08-05,case
154,c03-094e-08-06,of
154,c03-094e-09-00,with
154,c03-094e-09-01,lavish
154,c03-094e-09-02,and
154,c03-094e-09-04,gaudy
154,c03-094e-09-05,colour
332,g06-031a-00-01,What
332,g06-031a-00-04,event
332,g06-031a-00-07,he
332,g06-031a-00-08,wrote
332,g06-031a-00-12,tremble
332,g06-031a-01-00,What
332,g06-031a-01-05,am
332,g06-031a-01-08,but
332,g06-031a-02-01,really
332,g06-031a-02-02,tremble
332,g06-031a-02-03,for
332,g06-031a-02-04,my
332,g06-031a-02-05,country
332,g06-031a-02-08,may
332,g06-031a-02-09,be
332,g06-031a-03-04,cannot
332,g06-031a-03-05,but
332,g06-031a-03-06,fear
332,g06-031a-03-07,that
332,g06-031a-03-08,the
332,g06-031a-04-01,of
332,g06-031a-04-02,the
332,g06-031a-04-03,People
332,g06-031a-04-04,will
332,g06-031a-04-05,be
332,g06-031a-04-06,so
332,g06-031a-04-07,great
332,g06-031a-04-08,at
332,g06-031a-04-09,the
332,g06-031a-05-00,return
332,g06-031a-05-01,of
332,g06-031a-05-04,that
332,g06-031a-05-05,the
332,g06-031a-05-06,Commons
332,g06-031a-05-07,House
332,g06-031a-06-00,upon
332,g06-031a-06-04,which
332,g06-031a-06-05,must
332,g06-031a-06-06,be
332,g06-031a-06-07,had
332,g06-031a-06-09,will
332,g06-031a-06-10,be
332,g06-031a-07-01,mass
332,g06-031a-07-02,of
332,g06-031a-07-06,then
332,g06-031a-07-07,God
332,g06-031a-07-08,knows
332,g06-031a-08-00,what
332,g06-031a-08-01,may
332,g06-031a-08-02,happen
132,c06-047-00-00,LESS
132,c06-047-00-01,has
132,c06-047-00-02,been
132,c06-047-00-03,heard
132,c06-047-00-04,of
132,c06-047-00-06,work
132,c06-047-00-08,It
132,c06-047-00-09,is
132,c06-047-00-10,now
132,c06-047-01-00,five
132,c06-047-01-01,years
132,c06-047-01-02,since
132,c06-047-01-03,his
132,c06-047-01-04,first
132,c06-047-01-05,play
132,c06-047-01-07,The
132,c06-047-01-08,Quare
132,c06-047-01-09,Fellow
132,c06-047-01-11,was
132,c06-047-02-02,three
132,c06-047-02-03,years
132,c06-047-02-04,since
132,c06-047-02-05,Borstal
132,c06-047-02-06,Boy
132,c06-047-02-07,was
132,c06-047-03-00,and
132,c06-047-03-01,The
132,c06-047-03-02,Hostage
132,c06-047-03-03,was
132,c06-047-03-04,put
132,c06-047-03-05,on
132,c06-047-03-07,What
132,c06-047-03-08,has
132,c06-047-03-10,to
132,c06-047-04-00,the
132,c06-047-04-01,play
132,c06-047-04-04,Cork
132,c06-047-04-05,Leg
132,c06-047-04-07,begun
132,c06-047-04-09,months
132,c06-047-04-10,ago
132,c06-047-05-00,and
132,c06-047-05-01,due
132,c06-047-05-02,for
132,c06-047-05-04,at
132,c06-047-05-05,the
132,c06-047-05-06,Theatre
132,c06-047-05-07,Royal
132,c06-047-06-02,last
132,c06-047-06-03,spring
132,c06-047-06-05,It
132,c06-047-06-06,was
132,c06-047-06-07,never
341,g06-042j-00-00,Nor
341,g06-042j-00-01,is
341,g06-042j-00-02,this
341,g06-042j-00-03,to
341,g06-042j-00-04,be
341,g06-042j-00-06,at
341,g06-042j-00-08,for
341,g06-042j-00-09,even
341,g06-042j-00-10,today
341,g06-042j-01-00,in
341,g06-042j-01-01,the
341,g06-042j-01-04,no
341,g06-042j-01-05,cure
341,g06-042j-01-06,has
341,g06-042j-01-07,been
341,g06-042j-01-08,found
341,g06-042j-01-09,for
341,g06-042j-02-00,the
341,g06-042j-02-04,As
341,g06-042j-02-05,early
341,g06-042j-02-06,as
341,g06-042j-02-09,when
341,g06-042j-03-02,himself
341,g06-042j-03-03,to
341,g06-042j-03-04,be
341,g06-042j-03-05,on
341,g06-042j-03-06,the
341,g06-042j-04-00,point
341,g06-042j-04-01,of
341,g06-042j-04-02,death
341,g06-042j-04-04,the
341,g06-042j-04-05,new
341,g06-042j-04-06,German
341,g06-042j-05-00,method
341,g06-042j-05-01,known
341,g06-042j-05-02,as
341,g06-042j-05-04,had
341,g06-042j-05-05,been
341,g06-042j-06-00,brought
341,g06-042j-06-01,to
341,g06-042j-06-02,his
341,g06-042j-06-03,notice
333,g06-050b-00-01,first
333,g06-050b-00-02,action
333,g06-050b-00-03,was
333,g06-050b-00-04,to
333,g06-050b-00-05,write
333,g06-050b-00-06,to
333,g06-050b-00-07,his
333,g06-050b-00-08,revered
333,g06-050b-01-00,master
333,g06-050b-01-01,at
333,g06-050b-01-04,near
333,g06-050b-01-05,Leipzig
333,g06-050b-01-07,asking
333,g06-050b-01-08,for
333,g06-050b-02-00,advice
333,g06-050b-02-02,In
333,g06-050b-02-03,doing
333,g06-050b-02-04,so
333,g06-050b-02-05,he
333,g06-050b-02-07,his
333,g06-050b-03-00,patient
333,g06-050b-03-01,and
333,g06-050b-03-02,his
333,g06-050b-03-05,He
333,g06-050b-03-06,told
333,g06-050b-04-00,that
333,g06-050b-04-01,he
333,g06-050b-04-02,found
333,g06-050b-04-05,strong
333,g06-050b-04-08,man
333,g06-050b-05-00,with
333,g06-050b-05-02,gentle
333,g06-050b-05-03,and
333,g06-050b-06-01,and
333,g06-050b-06-02,sedate
333,g06-050b-06-04,not
333,g06-050b-06-05,easily
333,g06-050b-07-00,patient
333,g06-050b-07-01,and
333,g06-050b-07-05,but
333,g06-050b-07-06,he
333,g06-050b-07-07,appears
333,g06-050b-07-08,to
333,g06-050b-08-00,despair
333,g06-050b-08-01,of
333,g06-050b-08-02,ever
333,g06-050b-08-03,being
333,g06-050b-08-04,cured
658,r03-002-00-00,In
658,r03-002-00-01,spite
658,r03-002-00-02,of
658,r03-002-00-03,all
658,r03-002-00-04,the
658,r03-002-01-00,she
658,r03-002-01-01,was
658,r03-002-01-02,endowed
658,r03-002-01-03,with
658,r03-002-01-04,by
658,r03-002-01-05,her
658,r03-002-02-00,poor
658,r03-002-02-01,Serena
658,r03-002-02-02,was
658,r03-002-02-03,an
658,r03-002-02-05,as
658,r03-002-03-01,buyer
658,r03-002-03-02,of
658,r03-002-03-05,No
658,r03-002-03-07,not
658,r03-002-03-08,even
658,r03-002-03-09,an
658,r03-002-04-01,but
658,r03-002-04-04,babe
658,r03-002-05-01,piece
658,r03-002-05-02,of
658,r03-002-05-03,frailty
658,r03-002-05-04,in
658,r03-002-05-05,an
658,r03-002-06-00,tent
658,r03-002-06-01,of
658,r03-002-06-02,utter
658,r03-002-06-05,The
658,r03-002-06-07,of
658,r03-002-07-00,that
658,r03-002-07-02,was
658,r03-002-07-05,It
658,r03-002-07-06,had
658,r03-002-07-07,layer
658,r03-002-08-00,after
658,r03-002-08-01,layer
658,r03-002-08-02,of
658,r03-002-08-04,to
658,r03-002-08-05,be
658,r03-002-08-06,peeled
658,r03-002-08-07,off
658,r03-002-08-08,and
658,r03-002-09-01,with
658,r03-002-09-02,sad
333,g06-042b-00-00,Nor
333,g06-042b-00-01,is
333,g06-042b-00-02,this
333,g06-042b-00-03,to
333,g06-042b-00-04,be
333,g06-042b-00-06,at
333,g06-042b-00-08,for
333,g06-042b-00-09,even
333,g06-042b-01-00,today
333,g06-042b-01-02,in
333,g06-042b-01-03,the
333,g06-042b-01-06,no
333,g06-042b-01-07,cure
333,g06-042b-01-08,has
333,g06-042b-01-09,been
333,g06-042b-02-00,found
333,g06-042b-02-01,for
333,g06-042b-02-02,the
333,g06-042b-02-06,As
333,g06-042b-02-07,early
333,g06-042b-03-00,as
333,g06-042b-03-03,when
333,g06-042b-03-06,himself
333,g06-042b-04-00,to
333,g06-042b-04-01,be
333,g06-042b-04-02,on
333,g06-042b-04-03,the
333,g06-042b-04-04,point
333,g06-042b-04-05,of
333,g06-042b-04-06,death
333,g06-042b-04-08,the
333,g06-042b-04-09,new
333,g06-042b-05-00,German
333,g06-042b-05-02,method
333,g06-042b-05-03,known
333,g06-042b-05-04,as
333,g06-042b-06-01,had
333,g06-042b-06-02,been
333,g06-042b-06-03,brought
333,g06-042b-06-04,to
333,g06-042b-07-00,his
333,g06-042b-07-01,notice
119,g05-094-00-00,The
119,g05-094-00-01,Nazi
119,g05-094-00-03,concept
119,g05-094-00-04,turned
119,g05-094-00-05,out
119,g05-094-00-06,to
119,g05-094-00-07,be
119,g05-094-00-08,nothing
119,g05-094-01-00,more
119,g05-094-01-01,than
119,g05-094-01-03,fantasy
119,g05-094-01-05,Thanks
119,g05-094-01-06,to
119,g05-094-01-07,the
119,g05-094-01-08,good
119,g05-094-02-00,sense
119,g05-094-02-01,of
119,g05-094-02-02,the
119,g05-094-02-03,front
119,g05-094-02-04,line
119,g05-094-02-07,the
119,g05-094-03-00,meeting
119,g05-094-03-01,of
119,g05-094-03-02,East
119,g05-094-03-03,and
119,g05-094-03-04,West
119,g05-094-03-05,was
119,g05-094-03-06,marked
119,g05-094-03-07,by
119,g05-094-04-00,the
119,g05-094-04-01,use
119,g05-094-04-02,of
119,g05-094-04-03,no
119,g05-094-04-04,weapon
119,g05-094-04-05,more
119,g05-094-04-06,lethal
119,g05-094-04-07,than
119,g05-094-05-00,vodka
119,g05-094-05-02,And
119,g05-094-05-03,the
119,g05-094-05-04,effect
119,g05-094-05-05,on
119,g05-094-05-06,the
119,g05-094-05-07,German
119,g05-094-05-08,people
119,g05-094-06-00,of
119,g05-094-06-01,the
119,g05-094-06-02,first
119,g05-094-06-03,ten
119,g05-094-06-04,years
119,g05-094-06-05,of
119,g05-094-06-06,the
119,g05-094-07-01,of
119,g05-094-07-02,Nazi
119,g05-094-07-03,rule
119,g05-094-07-05,so
119,g05-094-07-06,far
119,g05-094-07-07,from
119,g05-094-08-01,spirit
119,g05-094-08-02,of
119,g05-094-08-03,warlike
119,g05-094-08-04,frenzy
119,g05-094-08-06,had
119,g05-094-09-02,dull
119,g05-094-09-04,apathy
1,a01-072x-00-00,These
1,a01-072x-00-01,support
1,a01-072x-00-02,costs
1,a01-072x-00-03,are
1,a01-072x-00-05,big
1,a01-072x-00-06,drain
1,a01-072x-00-07,on
1,a01-072x-01-00,dollar
1,a01-072x-01-05,answer
1,a01-072x-01-06,is
1,a01-072x-01-07,the
1,a01-072x-02-01,cash
1,a01-072x-02-02,offer
1,a01-072x-02-03,of
1,a01-072x-03-02,of
1,a01-072x-03-03,it
1,a01-072x-03-04,is
1,a01-072x-03-06,painful
1,a01-072x-03-07,blow
1,a01-072x-03-08,to
1,a01-072x-03-09,the
1,a01-072x-04-00,West
1,a01-072x-04-01,German
1,a01-072x-04-04,It
1,a01-072x-04-05,will
1,a01-072x-04-06,now
1,a01-072x-04-07,have
1,a01-072x-04-08,to
1,a01-072x-04-09,pay
1,a01-072x-05-00,more
1,a01-072x-05-02,and
1,a01-072x-05-05,to
1,a01-072x-05-06,do
1,a01-072x-05-07,so
1,a01-072x-05-09,or
1,a01-072x-06-00,run
1,a01-072x-06-01,the
1,a01-072x-06-02,obvious
1,a01-072x-06-03,risks
1,a01-072x-06-04,in
1,a01-072x-06-06,the
1,a01-072x-06-07,new
0,a01-132x-00-01,That
0,a01-132x-00-02,cannot
0,a01-132x-00-04,without
0,a01-132x-00-05,either
0,a01-132x-01-00,being
0,a01-132x-01-01,limited
0,a01-132x-01-02,or
0,a01-132x-01-03,an
0,a01-132x-01-05,being
0,a01-132x-01-06,made
0,a01-132x-02-00,in
0,a01-132x-02-04,The
0,a01-132x-02-06,decided
0,a01-132x-02-07,to
0,a01-132x-02-08,adjust
0,a01-132x-03-00,the
0,a01-132x-03-03,which
0,a01-132x-03-05,Powell
0,a01-132x-03-06,claimed
0,a01-132x-03-07,was
0,a01-132x-04-02,not
0,a01-132x-04-05,the
0,a01-132x-04-06,service
0,a01-132x-05-01,the
0,a01-132x-05-02,attack
0,a01-132x-05-03,on
0,a01-132x-05-06,charges
0,a01-132x-06-00,for
0,a01-132x-06-01,welfare
0,a01-132x-06-04,Powell
0,a01-132x-06-05,said
0,a01-132x-06-06,that
0,a01-132x-06-07,all
0,a01-132x-06-08,these
0,a01-132x-07-00,foods
0,a01-132x-07-01,would
0,a01-132x-07-02,still
0,a01-132x-07-03,be
0,a01-132x-07-04,free
0,a01-132x-07-05,in
0,a01-132x-08-00,regular
0,a01-132x-08-03,grants
339,g06-050h-00-01,first
339,g06-050h-00-02,action
339,g06-050h-00-03,was
339,g06-050h-00-04,to
339,g06-050h-00-05,write
339,g06-050h-00-06,to
339,g06-050h-00-07,his
339,g06-050h-00-08,revered
339,g06-050h-00-09,master
339,g06-050h-01-00,at
339,g06-050h-01-03,near
339,g06-050h-01-04,Leipzig
339,g06-050h-01-06,asking
339,g06-050h-01-07,for
339,g06-050h-01-08,advice
339,g06-050h-01-10,In
339,g06-050h-01-11,doing
339,g06-050h-02-00,so
339,g06-050h-02-01,he
339,g06-050h-02-03,his
339,g06-050h-02-05,patient
339,g06-050h-02-06,and
339,g06-050h-02-07,his
339,g06-050h-03-02,He
339,g06-050h-03-03,told
339,g06-050h-03-05,that
339,g06-050h-03-06,he
339,g06-050h-03-07,found
339,g06-050h-04-01,strong
339,g06-050h-04-04,man
339,g06-050h-04-05,with
339,g06-050h-04-07,gentle
339,g06-050h-04-08,and
339,g06-050h-05-03,and
339,g06-050h-05-04,sedate
339,g06-050h-05-06,not
339,g06-050h-05-07,easily
339,g06-050h-06-02,patient
339,g06-050h-06-03,and
339,g06-050h-06-07,but
339,g06-050h-06-08,he
339,g06-050h-06-09,appears
339,g06-050h-07-00,to
339,g06-050h-07-01,despair
339,g06-050h-07-02,of
339,g06-050h-07-03,ever
339,g06-050h-07-04,being
339,g06-050h-07-05,cured
0,a01-128u-00-00,When
0,a01-128u-00-02,Brown
0,a01-128u-00-03,sat
0,a01-128u-00-04,down
0,a01-128u-00-05,Labour
0,a01-128u-01-00,cheered
0,a01-128u-01-01,for
0,a01-128u-01-03,full
0,a01-128u-01-04,minute
0,a01-128u-01-06,and
0,a01-128u-01-07,even
0,a01-128u-01-08,his
0,a01-128u-02-02,on
0,a01-128u-02-03,defence
0,a01-128u-02-04,joined
0,a01-128u-02-05,in
0,a01-128u-03-01,Powell
0,a01-128u-03-02,devoted
0,a01-128u-03-03,half
0,a01-128u-03-04,his
0,a01-128u-03-05,speech
0,a01-128u-03-06,to
0,a01-128u-03-07,giving
0,a01-128u-04-00,details
0,a01-128u-04-01,of
0,a01-128u-04-02,plans
0,a01-128u-04-03,for
0,a01-128u-04-05,the
0,a01-128u-05-00,service
0,a01-128u-05-02,on
0,a01-128u-05-03,which
0,a01-128u-05-04,indeed
0,a01-128u-05-05,the
0,a01-128u-05-07,is
0,a01-128u-06-00,making
0,a01-128u-06-03,His
0,a01-128u-06-04,basic
0,a01-128u-06-05,defence
0,a01-128u-06-06,of
0,a01-128u-06-07,the
0,a01-128u-07-00,Health
0,a01-128u-07-01,Service
0,a01-128u-07-02,cuts
0,a01-128u-07-03,was
0,a01-128u-07-04,that
0,a01-128u-07-06,even
0,a01-128u-07-07,after
0,a01-128u-08-00,the
0,a01-128u-08-02,changes
0,a01-128u-08-03,the
0,a01-128u-08-04,net
0,a01-128u-08-05,cost
0,a01-128u-08-06,of
0,a01-128u-08-07,the
0,a01-128u-09-00,service
0,a01-128u-09-01,to
0,a01-128u-09-02,the
0,a01-128u-09-04,will
0,a01-128u-09-05,have
0,a01-128u-10-00,over
0,a01-128u-10-01,three
0,a01-128u-10-02,years
0,a01-128u-10-03,by
0,a01-128u-10-05,per
63,a04-085-00-01,that
63,a04-085-00-03,total
63,a04-085-01-01,of
63,a04-085-01-02,eight
63,a04-085-01-03,million
63,a04-085-01-04,was
63,a04-085-01-07,poor
63,a04-085-02-00,show
63,a04-085-02-03,with
63,a04-085-02-04,some
63,a04-085-02-07,he
63,a04-085-03-00,argued
63,a04-085-03-01,that
63,a04-085-03-02,the
63,a04-085-03-04,needed
63,a04-085-04-00,BEFORE
63,a04-085-04-02,Kennedy
63,a04-085-04-03,met
63,a04-085-05-02,morning
63,a04-085-05-03,he
63,a04-085-05-04,was
63,a04-085-05-05,given
63,a04-085-06-00,the
63,a04-085-06-01,views
63,a04-085-06-02,of
63,a04-085-06-04,wide
63,a04-085-06-05,section
63,a04-085-06-06,of
63,a04-085-06-07,the
63,a04-085-07-00,British
63,a04-085-07-01,people
63,a04-085-07-02,about
63,a04-085-07-03,Polaris
63,a04-085-08-00,bases
63,a04-085-08-01,in
63,a04-085-08-02,this
63,a04-085-08-03,country
63,a04-085-08-05,An
63,a04-085-08-06,open
63,a04-085-08-07,letter
63,a04-085-09-00,written
63,a04-085-09-01,by
63,a04-085-09-02,Earl
63,a04-085-09-03,Russell
63,a04-085-09-04,hoping
63,a04-085-09-05,that
63,a04-085-09-06,the
635,r06-143-00-00,In
635,r06-143-00-01,the
635,r06-143-00-02,train
635,r06-143-00-03,going
635,r06-143-00-04,back
635,r06-143-00-05,to
635,r06-143-00-06,London
635,r06-143-00-08,sat
635,r06-143-01-00,beside
635,r06-143-01-04,She
635,r06-143-01-05,had
635,r06-143-01-06,the
635,r06-143-01-07,stories
635,r06-143-01-08,open
635,r06-143-02-00,in
635,r06-143-02-01,front
635,r06-143-02-02,of
635,r06-143-02-03,her
635,r06-143-02-05,but
635,r06-143-02-06,she
635,r06-143-02-07,said
635,r06-143-02-10,Philip
635,r06-143-02-12,awfully
635,r06-143-02-13,lucky
635,r06-143-03-01,wish
635,r06-143-03-03,went
635,r06-143-03-04,to
635,r06-143-03-05,that
635,r06-143-03-06,school
635,r06-143-03-08,Did
635,r06-143-03-09,you
635,r06-143-03-10,notice
635,r06-143-04-00,that
635,r06-143-04-01,girl
635,r06-143-04-02,who
635,r06-143-04-03,said
635,r06-143-04-04,hullo
635,r06-143-04-05,to
635,r06-143-04-06,him
635,r06-143-04-07,in
635,r06-143-04-08,the
635,r06-143-04-09,garden
342,g06-050k-00-01,first
342,g06-050k-00-02,action
342,g06-050k-00-03,was
342,g06-050k-00-04,to
342,g06-050k-00-05,write
342,g06-050k-00-06,to
342,g06-050k-00-07,his
342,g06-050k-00-08,revered
342,g06-050k-01-00,master
342,g06-050k-01-01,at
342,g06-050k-01-04,near
342,g06-050k-01-05,Leipzig
342,g06-050k-01-07,asking
342,g06-050k-02-00,for
342,g06-050k-02-01,advice
342,g06-050k-02-03,In
342,g06-050k-02-04,doing
342,g06-050k-02-05,so
342,g06-050k-02-06,he
342,g06-050k-02-08,his
342,g06-050k-03-01,patient
342,g06-050k-03-02,and
342,g06-050k-03-03,his
342,g06-050k-03-06,He
342,g06-050k-04-00,told
342,g06-050k-04-02,that
342,g06-050k-04-03,he
342,g06-050k-04-04,found
342,g06-050k-05-00,strong
342,g06-050k-05-03,man
342,g06-050k-05-04,with
342,g06-050k-05-06,gentle
342,g06-050k-05-07,and
342,g06-050k-06-04,and
342,g06-050k-06-05,sedate
342,g06-050k-07-00,not
342,g06-050k-07-01,easily
342,g06-050k-07-04,patient
342,g06-050k-07-05,and
342,g06-050k-08-01,but
342,g06-050k-08-02,he
342,g06-050k-08-03,appears
342,g06-050k-08-04,to
342,g06-050k-08-05,despair
342,g06-050k-08-06,of
342,g06-050k-08-07,ever
342,g06-050k-08-08,being
342,g06-050k-08-09,cured
269,f03-182-00-00,But
269,f03-182-00-01,that
269,f03-182-00-05,way
269,f03-182-00-06,to
269,f03-182-00-07,begin
269,f03-182-00-09,Why
269,f03-182-00-10,tell
269,f03-182-00-11,them
269,f03-182-00-12,you
269,f03-182-01-00,are
269,f03-182-01-02,novice
269,f03-182-01-04,It
269,f03-182-01-06,their
269,f03-182-01-08,you
269,f03-182-01-09,want
269,f03-182-01-11,not
269,f03-182-01-12,their
269,f03-182-02-02,And
269,f03-182-02-03,you
269,f03-182-02-04,want
269,f03-182-02-05,to
269,f03-182-02-06,get
269,f03-182-02-07,it
269,f03-182-02-08,from
269,f03-182-02-09,the
269,f03-182-02-10,word
269,f03-182-03-00,GO
269,f03-182-03-02,Try
269,f03-182-03-04,like
269,f03-182-03-05,this
269,f03-182-03-07,It
269,f03-182-03-08,is
269,f03-182-03-09,said
269,f03-182-03-10,that
269,f03-182-04-00,vision
269,f03-182-04-01,keeps
269,f03-182-04-02,people
269,f03-182-04-03,at
269,f03-182-04-04,home
269,f03-182-04-06,But
269,f03-182-04-07,you
269,f03-182-04-09,at
269,f03-182-04-10,any
269,f03-182-05-00,rate
269,f03-182-05-02,have
269,f03-182-05-03,proved
269,f03-182-05-04,that
269,f03-182-05-05,wrong
269,f03-182-05-07,And
269,f03-182-05-08,they
269,f03-182-05-09,say
269,f03-182-05-11,too
269,f03-182-06-00,that
269,f03-182-06-02,makes
269,f03-182-06-03,its
269,f03-182-06-04,appeal
269,f03-182-06-05,to
269,f03-182-06-06,those
269,f03-182-06-07,of
269,f03-182-06-08,lesser
7,a01-038-00-01,Macleod
7,a01-038-00-02,thought
7,a01-038-00-03,the
7,a01-038-00-04,two
7,a01-038-01-00,parties
7,a01-038-01-01,had
7,a01-038-01-02,refused
7,a01-038-01-03,to
7,a01-038-01-04,attend
7,a01-038-01-05,the
7,a01-038-01-06,talks
7,a01-038-02-00,because
7,a01-038-02-01,Sir
7,a01-038-02-02,Roy
7,a01-038-02-03,had
7,a01-038-02-04,found
7,a01-038-03-00,sent
7,a01-038-03-01,from
7,a01-038-03-02,the
7,a01-038-03-04,were
7,a01-038-04-00,tory
7,a01-038-04-03,African
7,a01-038-04-05,to
7,a01-038-04-06,the
7,a01-038-04-07,talks
7,a01-038-05-00,day
7,a01-038-05-01,called
7,a01-038-05-02,on
7,a01-038-05-05,to
7,a01-038-05-06,cease
7,a01-038-05-07,his
7,a01-038-06-01,with
7,a01-038-06-02,Sir
7,a01-038-07-01,Julius
7,a01-038-07-04,He
7,a01-038-07-05,was
7,a01-038-07-06,at
7,a01-038-08-00,quers
7,a01-038-08-01,last
7,a01-038-08-04,They
7,a01-038-08-05,said
7,a01-038-08-06,they
7,a01-038-09-01,with
7,a01-038-09-03,growing
7,a01-038-09-04,anger
7,a01-038-09-06,the
7,a01-038-09-08,gross
7,a01-038-10-00,and
7,a01-038-10-04,by
7,a01-038-11-00,Sir
7,a01-038-11-02,Federal
7,a01-038-11-04,in
7,a01-038-11-05,the
7,a01-038-12-00,talks
152,c03-007c-00-00,In
152,c03-007c-00-02,Taste
152,c03-007c-00-03,of
152,c03-007c-00-04,Honey
152,c03-007c-00-07,has
152,c03-007c-00-08,taken
152,c03-007c-01-01,town
152,c03-007c-01-02,in
152,c03-007c-01-03,the
152,c03-007c-01-05,North
152,c03-007c-01-06,of
152,c03-007c-01-07,England
152,c03-007c-02-00,and
152,c03-007c-02-01,has
152,c03-007c-02-02,made
152,c03-007c-02-03,it
152,c03-007c-02-04,live
152,c03-007c-02-06,The
152,c03-007c-02-07,shabby
152,c03-007c-02-08,streets
152,c03-007c-03-00,and
152,c03-007c-03-01,wet
152,c03-007c-03-04,the
152,c03-007c-03-05,school
152,c03-007c-04-00,the
152,c03-007c-04-01,public
152,c03-007c-04-03,and
152,c03-007c-04-04,the
152,c03-007c-04-05,rubbish
152,c03-007c-04-06,strewn
152,c03-007c-05-00,canals
152,c03-007c-05-02,even
152,c03-007c-05-03,the
152,c03-007c-05-04,worn
152,c03-007c-05-06,in
152,c03-007c-05-07,the
152,c03-007c-06-03,sacred
152,c03-007c-06-04,to
152,c03-007c-06-05,the
152,c03-007c-06-06,memory
152,c03-007c-06-07,of
152,c03-007c-07-01,are
152,c03-007c-07-02,seen
152,c03-007c-07-03,as
152,c03-007c-07-04,an
152,c03-007c-07-06,part
152,c03-007c-07-07,of
152,c03-007c-07-08,the
152,c03-007c-08-00,story
110,b04-081-00-00,Why
110,b04-081-00-01,not
110,b04-081-00-02,follow
110,b04-081-00-03,Lord
110,b04-081-00-05,lead
110,b04-081-00-06,today
110,b04-081-01-00,Head
110,b04-081-01-01,for
110,b04-081-01-02,the
110,b04-081-01-03,parks
110,b04-081-01-04,to
110,b04-081-01-05,enjoy
110,b04-081-01-06,the
110,b04-081-01-07,sun
110,b04-081-01-09,Not
110,b04-081-01-10,in
110,b04-081-02-01,foolish
110,b04-081-02-02,cause
110,b04-081-02-04,but
110,b04-081-02-05,in
110,b04-081-02-08,one
110,b04-081-02-10,Good
110,b04-081-02-11,health
110,b04-081-03-00,THIS
110,b04-081-03-01,group
110,b04-081-03-02,of
110,b04-081-03-03,men
110,b04-081-03-05,says
110,b04-081-03-07,report
110,b04-081-03-09,work
110,b04-081-03-10,on
110,b04-081-03-11,average
110,b04-081-04-00,between
110,b04-081-04-02,and
110,b04-081-04-04,hours
110,b04-081-04-06,week
110,b04-081-04-08,They
110,b04-081-04-09,also
110,b04-081-04-10,put
110,b04-081-05-00,in
110,b04-081-05-01,an
110,b04-081-05-02,extra
110,b04-081-05-03,two
110,b04-081-05-04,or
110,b04-081-05-05,three
110,b04-081-05-08,And
110,b04-081-05-09,they
110,b04-081-05-10,never
110,b04-081-06-00,go
110,b04-081-06-01,on
110,b04-081-06-02,strike
336,g06-045e-00-00,In
336,g06-045e-00-01,April
336,g06-045e-00-02,of
336,g06-045e-00-03,that
336,g06-045e-00-04,year
336,g06-045e-00-05,his
336,g06-045e-00-06,first
336,g06-045e-00-10,the
336,g06-045e-01-01,Lord
336,g06-045e-01-04,had
336,g06-045e-01-05,written
336,g06-045e-01-06,to
336,g06-045e-01-07,advise
336,g06-045e-02-00,to
336,g06-045e-02-01,give
336,g06-045e-02-02,the
336,g06-045e-02-03,system
336,g06-045e-02-05,trial
336,g06-045e-02-07,adding
336,g06-045e-02-08,that
336,g06-045e-02-09,it
336,g06-045e-02-10,was
336,g06-045e-02-11,being
336,g06-045e-03-01,with
336,g06-045e-03-03,success
336,g06-045e-03-04,in
336,g06-045e-03-05,France
336,g06-045e-03-06,and
336,g06-045e-03-07,Italy
336,g06-045e-04-00,and
336,g06-045e-04-01,that
336,g06-045e-04-02,he
336,g06-045e-04-03,himself
336,g06-045e-04-04,was
336,g06-045e-04-05,being
336,g06-045e-04-06,treated
336,g06-045e-04-07,under
336,g06-045e-04-09,doctor
336,g06-045e-05-00,who
336,g06-045e-05-01,had
336,g06-045e-05-02,studied
336,g06-045e-05-03,under
336,g06-045e-05-04,its
336,g06-045e-05-05,founder
336,g06-045e-05-07,the
336,g06-045e-05-08,aged
336,g06-045e-05-10,Samuel
32,a02-067-00-00,They
32,a02-067-00-01,are
32,a02-067-00-03,to
32,a02-067-00-04,show
32,a02-067-00-05,why
32,a02-067-00-06,they
32,a02-067-01-00,should
32,a02-067-01-01,not
32,a02-067-01-02,be
32,a02-067-01-03,bound
32,a02-067-01-04,over
32,a02-067-01-05,for
32,a02-067-02-00,the
32,a02-067-02-01,peace
32,a02-067-02-02,and
32,a02-067-02-03,for
32,a02-067-02-06,breach
32,a02-067-03-00,of
32,a02-067-03-01,the
32,a02-067-03-02,peace
32,a02-067-03-04,The
32,a02-067-03-06,say
32,a02-067-03-07,they
32,a02-067-04-00,are
32,a02-067-04-02,likely
32,a02-067-04-03,to
32,a02-067-04-05,in
32,a02-067-04-06,such
32,a02-067-05-00,conduct
32,a02-067-05-03,Lord
32,a02-067-05-04,Russell
32,a02-067-05-08,was
32,a02-067-06-00,putting
32,a02-067-06-01,his
32,a02-067-06-02,affairs
32,a02-067-06-03,in
32,a02-067-06-04,order
32,a02-067-06-06,and
32,a02-067-07-00,packing
32,a02-067-07-02,case
32,a02-067-07-04,at
32,a02-067-07-05,his
32,a02-067-07-06,Chelsea
32,a02-067-07-07,home
32,a02-067-08-02,His
32,a02-067-09-01,Ralph
32,a02-067-09-04,said
335,g06-026d-00-02,life
335,g06-026d-00-04,truly
335,g06-026d-00-07,It
335,g06-026d-00-08,so
335,g06-026d-00-09,happens
335,g06-026d-00-10,that
335,g06-026d-00-12,have
335,g06-026d-01-00,an
335,g06-026d-01-01,Italian
335,g06-026d-01-02,who
335,g06-026d-01-03,is
335,g06-026d-01-04,perhaps
335,g06-026d-01-05,the
335,g06-026d-01-06,best
335,g06-026d-01-07,Valet
335,g06-026d-01-08,de
335,g06-026d-01-09,Chambre
335,g06-026d-01-10,that
335,g06-026d-02-00,ever
335,g06-026d-02-01,was
335,g06-026d-02-03,But
335,g06-026d-02-04,he
335,g06-026d-02-05,has
335,g06-026d-02-06,not
335,g06-026d-02-07,one
335,g06-026d-02-08,word
335,g06-026d-02-09,of
335,g06-026d-02-10,English
335,g06-026d-03-00,While
335,g06-026d-03-01,he
335,g06-026d-03-02,was
335,g06-026d-03-03,writing
335,g06-026d-03-04,this
335,g06-026d-03-05,letter
335,g06-026d-03-06,he
335,g06-026d-03-07,heard
335,g06-026d-03-08,of
335,g06-026d-03-09,the
335,g06-026d-03-10,fall
335,g06-026d-03-11,of
335,g06-026d-04-00,the
335,g06-026d-04-01,Whigs
335,g06-026d-04-03,and
335,g06-026d-04-04,the
335,g06-026d-04-07,of
335,g06-026d-04-08,the
335,g06-026d-05-00,ment
335,g06-026d-05-01,by
335,g06-026d-05-02,the
335,g06-026d-05-03,Duke
335,g06-026d-05-04,of
85,a06-134-00-00,The
85,a06-134-00-01,Notes
85,a06-134-00-02,to
85,a06-134-00-03,the
85,a06-134-00-04,Big
85,a06-134-00-05,Three
85,a06-134-00-06,and
85,a06-134-00-09,to
85,a06-134-01-00,West
85,a06-134-01-01,Germany
85,a06-134-01-02,were
85,a06-134-01-04,in
85,a06-134-01-05,Moscow
85,a06-134-01-08,They
85,a06-134-02-00,tell
85,a06-134-02-02,The
85,a06-134-02-05,It
85,a06-134-02-06,is
85,a06-134-02-07,false
85,a06-134-02-08,to
85,a06-134-02-09,say
85,a06-134-02-10,the
85,a06-134-02-11,absence
85,a06-134-02-12,of
85,a06-134-02-14,peace
85,a06-134-03-00,treaty
85,a06-134-03-01,with
85,a06-134-03-02,Germany
85,a06-134-03-03,causes
85,a06-134-03-04,no
85,a06-134-03-05,real
85,a06-134-03-06,danger
85,a06-134-03-08,West
85,a06-134-03-09,Germany
85,a06-134-04-00,with
85,a06-134-04-01,its
85,a06-134-04-03,and
85,a06-134-04-06,is
85,a06-134-05-00,hotbed
85,a06-134-05-01,of
85,a06-134-05-02,war
85,a06-134-05-03,danger
85,a06-134-05-04,in
85,a06-134-05-05,Europe
85,a06-134-05-07,Even
85,a06-134-05-08,now
85,a06-134-05-10,aided
85,a06-134-05-11,by
85,a06-134-06-00,the
85,a06-134-06-03,Britain
85,a06-134-06-04,and
85,a06-134-06-05,France
85,a06-134-06-07,it
85,a06-134-06-08,has
85,a06-134-06-09,more
85,a06-134-06-10,than
85,a06-134-06-11,enough
85,a06-134-07-00,forces
85,a06-134-07-01,and
85,a06-134-07-02,arms
85,a06-134-07-03,to
85,a06-134-07-04,touch
85,a06-134-07-05,off
85,a06-134-07-07,world
85,a06-134-07-08,war
90,b01-049-00-00,There
90,b01-049-00-01,they
90,b01-049-00-02,have
90,b01-049-00-03,stayed
90,b01-049-00-05,locked
90,b01-049-00-06,up
90,b01-049-00-07,because
90,b01-049-01-00,Germany
90,b01-049-01-01,has
90,b01-049-01-02,no
90,b01-049-01-04,of
90,b01-049-01-05,trading
90,b01-049-01-06,abroad
90,b01-049-01-08,In
90,b01-049-02-00,the
90,b01-049-02-02,of
90,b01-049-02-04,trading
90,b01-049-02-06,has
90,b01-049-03-01,to
90,b01-049-03-02,hold
90,b01-049-03-03,marks
90,b01-049-03-04,rather
90,b01-049-03-05,than
90,b01-049-03-06,pounds
90,b01-049-03-07,or
90,b01-049-03-08,dollars
90,b01-049-04-00,hoping
90,b01-049-04-01,for
90,b01-049-04-02,the
90,b01-049-04-03,mark
90,b01-049-04-04,to
90,b01-049-04-05,rise
90,b01-049-04-07,as
90,b01-049-04-08,has
90,b01-049-04-09,now
90,b01-049-05-00,WILL
90,b01-049-05-01,the
90,b01-049-05-02,new
90,b01-049-05-04,be
90,b01-049-05-05,enough
90,b01-049-05-06,to
90,b01-049-05-07,correct
90,b01-049-06-01,massive
90,b01-049-06-02,trading
90,b01-049-06-03,surplus
90,b01-049-06-04,and
90,b01-049-06-05,choke
90,b01-049-07-00,off
90,b01-049-07-02,against
90,b01-049-07-03,dollar
90,b01-049-07-04,and
90,b01-049-07-05,pound
155,c03-007f-00-00,In
155,c03-007f-00-02,Taste
155,c03-007f-00-03,of
155,c03-007f-00-04,Honey
155,c03-007f-00-07,has
155,c03-007f-01-00,taken
155,c03-007f-01-02,town
155,c03-007f-01-03,in
155,c03-007f-01-04,the
155,c03-007f-01-06,North
155,c03-007f-01-07,of
155,c03-007f-02-00,England
155,c03-007f-02-01,and
155,c03-007f-02-02,has
155,c03-007f-02-03,made
155,c03-007f-02-04,it
155,c03-007f-02-05,live
155,c03-007f-02-07,The
155,c03-007f-02-08,shabby
155,c03-007f-03-00,streets
155,c03-007f-03-01,and
155,c03-007f-03-02,wet
155,c03-007f-03-05,the
155,c03-007f-03-06,school
155,c03-007f-04-02,the
155,c03-007f-04-03,public
155,c03-007f-04-05,and
155,c03-007f-05-00,the
155,c03-007f-05-01,rubbish
155,c03-007f-05-02,strewn
155,c03-007f-05-03,canals
155,c03-007f-05-05,even
155,c03-007f-05-06,the
155,c03-007f-05-07,worn
155,c03-007f-06-01,in
155,c03-007f-06-02,the
155,c03-007f-06-06,sacred
155,c03-007f-06-07,to
155,c03-007f-07-00,the
155,c03-007f-07-01,memory
155,c03-007f-07-02,of
155,c03-007f-07-05,are
155,c03-007f-07-06,seen
155,c03-007f-07-07,as
155,c03-007f-07-08,an
155,c03-007f-08-00,gral
155,c03-007f-08-01,part
155,c03-007f-08-02,of
155,c03-007f-08-03,the
155,c03-007f-08-04,story
126,b06-110-00-00,But
126,b06-110-00-01,the
126,b06-110-00-02,Duke
126,b06-110-00-03,is
126,b06-110-00-04,wrong
126,b06-110-00-05,when
126,b06-110-00-06,he
126,b06-110-00-07,implies
126,b06-110-00-08,that
126,b06-110-00-09,young
126,b06-110-00-10,people
126,b06-110-01-00,prefer
126,b06-110-01-02,jobs
126,b06-110-01-05,numbers
126,b06-110-01-06,who
126,b06-110-01-07,want
126,b06-110-02-00,are
126,b06-110-02-01,denied
126,b06-110-02-02,it
126,b06-110-02-04,One
126,b06-110-02-05,area
126,b06-110-02-07,board
126,b06-110-02-08,in
126,b06-110-03-00,offered
126,b06-110-03-01,six
126,b06-110-03-02,craft
126,b06-110-03-04,and
126,b06-110-04-02,of
126,b06-110-04-03,whom
126,b06-110-04-05,were
126,b06-110-04-08,by
126,b06-110-05-00,the
126,b06-110-05-01,board
126,b06-110-05-03,There
126,b06-110-05-04,were
126,b06-110-05-05,only
126,b06-110-05-08,for
126,b06-110-05-09,the
126,b06-110-06-00,boys
126,b06-110-06-01,who
126,b06-110-06-02,passed
126,b06-110-06-03,the
126,b06-110-06-05,exams
126,b06-110-06-06,for
126,b06-110-06-07,Rosyth
126,b06-110-07-01,last
126,b06-110-07-02,year
22,a02-004-00-00,So
22,a02-004-00-01,the
22,a02-004-00-02,idea
22,a02-004-00-03,of
22,a02-004-00-05,mission
22,a02-004-00-06,by
22,a02-004-01-00,the
22,a02-004-01-01,Prime
22,a02-004-01-03,to
22,a02-004-01-04,Paris
22,a02-004-01-05,was
22,a02-004-01-06,dropped
22,a02-004-02-00,Instead
22,a02-004-02-03,will
22,a02-004-02-04,rely
22,a02-004-02-05,on
22,a02-004-03-01,team
22,a02-004-03-02,under
22,a02-004-03-03,the
22,a02-004-03-05,of
22,a02-004-04-00,Sir
22,a02-004-04-01,Pierson
22,a02-004-04-02,Dixon
22,a02-004-04-06,to
22,a02-004-05-00,France
22,a02-004-05-02,to
22,a02-004-05-03,back
22,a02-004-05-05,Edward
22,a02-004-05-06,Heath
22,a02-004-05-08,Lord
22,a02-004-06-00,Privy
22,a02-004-06-01,Seal
22,a02-004-06-03,who
22,a02-004-06-04,is
22,a02-004-06-05,charged
22,a02-004-06-06,with
22,a02-004-06-07,the
22,a02-004-06-08,conduct
22,a02-004-07-00,of
22,a02-004-07-02,with
22,a02-004-07-03,the
22,a02-004-07-04,Six
22,a02-004-07-06,At
22,a02-004-07-07,the
22,a02-004-07-08,same
22,a02-004-08-00,time
22,a02-004-08-01,the
22,a02-004-08-02,Prime
22,a02-004-08-04,has
22,a02-004-08-05,offered
22,a02-004-09-02,every
22,a02-004-09-05,to
22,a02-004-10-01,their
127,c06-106-00-00,The
127,c06-106-00-01,girl
127,c06-106-00-02,is
127,c06-106-00-06,see
127,c06-106-01-00,ture
127,c06-106-01-01,of
127,c06-106-01-02,Julie
127,c06-106-01-03,Newmar
127,c06-106-01-04,for
127,c06-106-02-03,She
127,c06-106-02-04,also
127,c06-106-02-05,has
127,c06-106-02-06,quite
127,c06-106-03-00,mission
127,c06-106-03-01,in
127,c06-106-03-02,mind
127,c06-106-03-04,She
127,c06-106-03-07,younger
127,c06-106-04-04,and
127,c06-106-04-05,more
127,c06-106-05-02,than
127,c06-106-05-03,the
127,c06-106-05-04,wife
127,c06-106-05-06,as
127,c06-106-05-07,she
127,c06-106-06-00,soon
127,c06-106-06-01,tells
127,c06-106-06-02,her
127,c06-106-06-05,wants
127,c06-106-06-06,to
127,c06-106-06-07,have
127,c06-106-06-08,the
127,c06-106-07-00,perfect
127,c06-106-07-01,baby
127,c06-106-07-03,And
127,c06-106-07-04,she
127,c06-106-07-05,has
127,c06-106-07-06,chosen
127,c06-106-08-00,the
127,c06-106-08-01,husband
127,c06-106-08-03,James
127,c06-106-08-04,Mason
127,c06-106-08-07,who
127,c06-106-09-00,is
127,c06-106-09-01,an
127,c06-106-09-03,friend
127,c06-106-09-04,of
127,c06-106-09-05,her
127,c06-106-10-00,Nobel
127,c06-106-10-02,father
127,c06-106-10-03,to
127,c06-106-10-04,be
59,a04-015-00-00,The
59,a04-015-00-01,joint
59,a04-015-00-03,on
59,a04-015-00-06,and
59,a04-015-01-00,third
59,a04-015-01-01,talks
59,a04-015-01-03,the
59,a04-015-01-04,first
59,a04-015-01-05,were
59,a04-015-01-06,at
59,a04-015-01-07,Key
59,a04-015-01-08,West
59,a04-015-01-10,Florida
59,a04-015-01-12,the
59,a04-015-01-13,second
59,a04-015-01-14,in
59,a04-015-02-02,said
59,a04-015-02-05,Their
59,a04-015-02-07,covered
59,a04-015-02-08,the
59,a04-015-02-09,major
59,a04-015-03-00,both
59,a04-015-03-02,and
59,a04-015-03-05,and
59,a04-015-03-07,once
59,a04-015-03-08,again
59,a04-015-03-09,the
59,a04-015-04-00,close
59,a04-015-04-02,of
59,a04-015-04-03,the
59,a04-015-04-04,two
59,a04-015-04-06,in
59,a04-015-04-08,their
59,a04-015-05-00,common
59,a04-015-05-05,was
59,a04-015-05-06,given
59,a04-015-05-07,to
59,a04-015-05-08,review
59,a04-015-05-09,the
59,a04-015-05-10,need
59,a04-015-05-11,for
59,a04-015-06-02,and
59,a04-015-06-04,in
59,a04-015-06-05,the
59,a04-015-06-06,general
59,a04-015-07-00,of
59,a04-015-07-02,and
59,a04-015-07-05,alike
211,e01-025-00-00,But
211,e01-025-00-02,is
211,e01-025-00-03,by
211,e01-025-00-04,no
211,e01-025-00-05,means
211,e01-025-00-07,lost
211,e01-025-01-00,art
211,e01-025-01-02,It
211,e01-025-01-05,decline
211,e01-025-01-06,and
211,e01-025-01-07,fell
211,e01-025-01-08,into
211,e01-025-02-01,low
211,e01-025-02-03,in
211,e01-025-02-04,the
211,e01-025-02-05,fussy
211,e01-025-03-01,of
211,e01-025-03-02,the
211,e01-025-03-04,age
211,e01-025-04-00,but
211,e01-025-04-01,it
211,e01-025-04-02,would
211,e01-025-04-03,take
211,e01-025-04-04,more
211,e01-025-04-05,than
211,e01-025-05-00,lapse
211,e01-025-05-01,in
211,e01-025-05-02,good
211,e01-025-05-03,taste
211,e01-025-05-04,to
211,e01-025-05-05,destroy
211,e01-025-05-06,this
211,e01-025-05-07,lovely
211,e01-025-06-00,viable
211,e01-025-06-01,craft
211,e01-025-06-03,It
211,e01-025-06-04,has
211,e01-025-06-06,in
211,e01-025-06-07,fact
211,e01-025-06-09,readily
211,e01-025-07-00,adapted
211,e01-025-07-01,itself
211,e01-025-07-02,to
211,e01-025-07-03,modern
211,e01-025-07-04,tastes
211,e01-025-07-05,and
211,e01-025-07-06,the
211,e01-025-08-01,in
211,e01-025-08-02,the
211,e01-025-08-04,pages
211,e01-025-08-05,will
211,e01-025-08-06,show
211,e01-025-09-00,how
211,e01-025-09-02,it
211,e01-025-09-03,is
211,e01-025-09-04,in
211,e01-025-09-06,with
98,b02-102-00-00,To
98,b02-102-00-02,Western
98,b02-102-00-03,allies
98,b02-102-00-04,the
98,b02-102-00-06,has
98,b02-102-00-07,been
98,b02-102-01-02,down
98,b02-102-01-03,and
98,b02-102-01-04,almost
98,b02-102-01-06,their
98,b02-102-02-00,efforts
98,b02-102-02-01,to
98,b02-102-02-02,work
98,b02-102-02-03,out
98,b02-102-02-05,ways
98,b02-102-02-06,of
98,b02-102-02-07,dealing
98,b02-102-02-08,with
98,b02-102-03-00,the
98,b02-102-03-01,Berlin
98,b02-102-03-02,crisis
98,b02-102-03-04,It
98,b02-102-03-05,need
98,b02-102-03-06,not
98,b02-102-03-07,have
98,b02-102-03-08,been
98,b02-102-03-09,such
98,b02-102-03-11,burden
98,b02-102-04-00,if
98,b02-102-04-01,Western
98,b02-102-04-03,had
98,b02-102-04-04,not
98,b02-102-04-05,been
98,b02-102-05-00,that
98,b02-102-05-01,they
98,b02-102-05-02,must
98,b02-102-05-03,do
98,b02-102-05-04,nothing
98,b02-102-05-05,to
98,b02-102-05-06,harm
98,b02-102-05-07,even
98,b02-102-05-09,Dr
98,b02-102-06-01,chances
98,b02-102-06-02,of
98,b02-102-06-03,being
98,b02-102-06-05,as
13,a01-058-00-01,KENNEDY
13,a01-058-00-02,is
13,a01-058-00-03,ready
13,a01-058-00-04,to
13,a01-058-00-05,get
13,a01-058-00-06,tough
13,a01-058-01-00,over
13,a01-058-01-01,West
13,a01-058-01-03,cash
13,a01-058-01-04,offer
13,a01-058-01-05,to
13,a01-058-01-06,help
13,a01-058-02-01,balance
13,a01-058-02-02,of
13,a01-058-03-00,He
13,a01-058-03-01,said
13,a01-058-03-02,bluntly
13,a01-058-03-03,in
13,a01-058-04-00,day
13,a01-058-04-01,that
13,a01-058-04-02,the
13,a01-058-04-03,offer
13,a01-058-04-07,was
13,a01-058-05-00,not
13,a01-058-05-01,good
13,a01-058-05-02,enough
13,a01-058-05-04,And
13,a01-058-05-05,he
13,a01-058-06-00,that
13,a01-058-06-01,his
13,a01-058-06-03,would
13,a01-058-06-04,try
13,a01-058-06-05,to
13,a01-058-06-06,get
13,a01-058-07-00,Germany
13,a01-058-07-01,to
13,a01-058-07-02,pay
13,a01-058-07-03,more
13,a01-058-07-05,He
13,a01-058-07-06,did
13,a01-058-07-07,not
13,a01-058-08-00,mention
13,a01-058-08-02,talks
13,a01-058-08-03,with
13,a01-058-09-02,the
13,a01-058-09-03,West
13,a01-058-09-04,German
342,g06-045k-00-00,In
342,g06-045k-00-01,April
342,g06-045k-00-02,of
342,g06-045k-00-03,that
342,g06-045k-00-04,year
342,g06-045k-00-05,his
342,g06-045k-00-06,first
342,g06-045k-01-00,the
342,g06-045k-01-02,Lord
342,g06-045k-01-05,had
342,g06-045k-01-06,written
342,g06-045k-01-07,to
342,g06-045k-01-08,advise
342,g06-045k-02-01,to
342,g06-045k-02-02,give
342,g06-045k-02-03,the
342,g06-045k-02-04,system
342,g06-045k-02-06,trial
342,g06-045k-02-08,adding
342,g06-045k-02-09,that
342,g06-045k-02-10,it
342,g06-045k-03-00,was
342,g06-045k-03-01,being
342,g06-045k-03-03,with
342,g06-045k-03-05,success
342,g06-045k-03-06,in
342,g06-045k-04-00,France
342,g06-045k-04-01,and
342,g06-045k-04-02,Italy
342,g06-045k-04-04,and
342,g06-045k-04-05,that
342,g06-045k-04-06,he
342,g06-045k-04-07,himself
342,g06-045k-04-08,was
342,g06-045k-04-09,being
342,g06-045k-05-00,treated
342,g06-045k-05-01,under
342,g06-045k-05-03,doctor
342,g06-045k-05-04,who
342,g06-045k-05-05,had
342,g06-045k-05-06,studied
342,g06-045k-05-07,under
342,g06-045k-06-00,its
342,g06-045k-06-01,founder
342,g06-045k-06-03,the
342,g06-045k-06-04,aged
342,g06-045k-06-06,Samuel
330,g04-108-00-01,could
330,g04-108-00-02,at
330,g04-108-00-03,once
330,g04-108-00-04,notice
330,g04-108-00-05,the
330,g04-108-00-06,great
330,g04-108-01-00,between
330,g04-108-01-01,the
330,g04-108-01-03,and
330,g04-108-01-04,the
330,g04-108-01-06,who
330,g04-108-01-07,openly
330,g04-108-02-00,scorned
330,g04-108-02-01,these
330,g04-108-02-02,more
330,g04-108-02-03,simple
330,g04-108-02-04,country
330,g04-108-02-05,folk
154,c03-021e-00-00,In
154,c03-021e-00-01,Fanny
154,c03-021e-00-02,the
154,c03-021e-00-04,girl
154,c03-021e-00-05,is
154,c03-021e-01-00,by
154,c03-021e-01-01,an
154,c03-021e-01-02,old
154,c03-021e-01-03,man
154,c03-021e-01-05,Here
154,c03-021e-01-06,it
154,c03-021e-01-07,is
154,c03-021e-01-09,young
154,c03-021e-02-00,sexual
154,c03-021e-02-03,from
154,c03-021e-02-04,women
154,c03-021e-02-05,but
154,c03-021e-02-06,yet
154,c03-021e-02-07,moved
154,c03-021e-03-00,by
154,c03-021e-03-02,strong
154,c03-021e-03-05,to
154,c03-021e-03-06,the
154,c03-021e-03-07,unborn
154,c03-021e-04-00,child
154,c03-021e-04-01,as
154,c03-021e-04-02,much
154,c03-021e-04-03,as
154,c03-021e-04-04,to
154,c03-021e-04-05,the
154,c03-021e-04-07,mother
154,c03-021e-05-00,who
154,c03-021e-05-01,acts
154,c03-021e-05-02,as
154,c03-021e-05-05,and
154,c03-021e-05-07,to
154,c03-021e-06-00,her
154,c03-021e-06-01,in
154,c03-021e-06-02,her
154,c03-021e-06-03,hour
154,c03-021e-06-04,of
154,c03-021e-06-05,need
154,c03-021e-06-07,He
154,c03-021e-06-08,shares
154,c03-021e-06-09,her
154,c03-021e-06-10,room
154,c03-021e-07-00,and
154,c03-021e-07-01,gives
154,c03-021e-07-02,her
154,c03-021e-07-03,his
154,c03-021e-07-04,forlorn
154,c03-021e-07-05,gift
154,c03-021e-07-06,of
154,c03-021e-08-01,and
154,c03-021e-08-05,you
154,c03-021e-08-06,need
154,c03-021e-08-07,someone
154,c03-021e-09-00,to
154,c03-021e-09-01,love
154,c03-021e-09-02,you
154,c03-021e-09-03,while
154,c03-021e-09-04,you
154,c03-021e-09-05,are
154,c03-021e-09-06,looking
154,c03-021e-09-07,for
154,c03-021e-10-00,someone
154,c03-021e-10-01,to
154,c03-021e-10-02,love
330,h04-021-00-00,As
330,h04-021-00-01,in
330,h04-021-00-04,younger
330,h04-021-00-05,couples
330,h04-021-00-06,paid
330,h04-021-00-07,some
330,h04-021-00-10,per
330,h04-021-00-11,cent
330,h04-021-01-00,more
330,h04-021-01-01,per
330,h04-021-01-02,calorie
330,h04-021-01-03,than
330,h04-021-01-04,the
330,h04-021-01-06,average
330,h04-021-01-08,and
330,h04-021-02-00,with
330,h04-021-02-01,four
330,h04-021-02-02,or
330,h04-021-02-03,more
330,h04-021-02-06,per
330,h04-021-02-07,cent
330,h04-021-02-08,less
330,h04-021-02-10,The
330,h04-021-02-11,only
330,h04-021-03-01,change
330,h04-021-03-02,was
330,h04-021-03-03,in
330,h04-021-03-05,with
330,h04-021-03-06,three
330,h04-021-04-00,for
330,h04-021-04-01,whom
330,h04-021-04-02,the
330,h04-021-04-03,index
330,h04-021-04-05,from
330,h04-021-04-07,to
330,h04-021-04-10,Table
330,h04-021-05-00,also
330,h04-021-05-01,shows
330,h04-021-05-02,the
330,h04-021-05-04,values
330,h04-021-05-05,of
330,h04-021-05-06,an
330,h04-021-05-07,index
330,h04-021-05-08,which
330,h04-021-06-01,the
330,h04-021-06-02,prices
330,h04-021-06-03,paid
330,h04-021-06-04,by
330,h04-021-06-06,types
330,h04-021-06-07,of
330,h04-021-07-00,for
330,h04-021-07-01,the
330,h04-021-07-04,the
330,h04-021-07-05,average
330,h04-021-08-00,diet
330,h04-021-08-01,in
11,a01-043x-00-01,talks
11,a01-043x-00-02,at
11,a01-043x-00-04,House
11,a01-043x-00-05,will
11,a01-043x-00-06,resume
11,a01-043x-01-00,today
11,a01-043x-01-03,KENNEDY
11,a01-043x-01-04,today
11,a01-043x-02-00,the
11,a01-043x-02-02,of
11,a01-043x-02-04,Negro
11,a01-043x-02-05,as
11,a01-043x-02-06,his
11,a01-043x-02-07,Housing
11,a01-043x-03-00,It
11,a01-043x-03-01,has
11,a01-043x-03-02,aroused
11,a01-043x-03-03,strong
11,a01-043x-03-05,from
11,a01-043x-03-06,the
11,a01-043x-04-01,of
11,a01-043x-04-02,the
11,a01-043x-04-03,Deep
11,a01-043x-04-04,South
11,a01-043x-04-06,The
11,a01-043x-04-07,negro
11,a01-043x-04-08,is
11,a01-043x-05-00,Robert
11,a01-043x-05-01,Weaver
11,a01-043x-05-02,of
11,a01-043x-05-03,New
11,a01-043x-05-04,York
11,a01-043x-05-06,One
11,a01-043x-05-07,of
11,a01-043x-05-08,his
11,a01-043x-05-09,tasks
11,a01-043x-06-00,will
11,a01-043x-06-01,be
11,a01-043x-06-02,to
11,a01-043x-06-03,see
11,a01-043x-06-04,there
11,a01-043x-06-05,is
11,a01-043x-06-06,no
11,a01-043x-06-07,racial
11,a01-043x-07-00,in
11,a01-043x-07-02,and
11,a01-043x-07-03,State
11,a01-043x-07-04,housing
339,g06-045h-00-00,In
339,g06-045h-00-01,April
339,g06-045h-00-02,of
339,g06-045h-00-03,that
339,g06-045h-00-04,year
339,g06-045h-00-05,his
339,g06-045h-00-06,first
339,g06-045h-01-00,the
339,g06-045h-01-02,Lord
339,g06-045h-01-05,had
339,g06-045h-01-06,written
339,g06-045h-01-07,to
339,g06-045h-02-00,advise
339,g06-045h-02-02,to
339,g06-045h-02-03,give
339,g06-045h-02-04,the
339,g06-045h-02-05,system
339,g06-045h-02-07,trial
339,g06-045h-02-09,adding
339,g06-045h-03-00,that
339,g06-045h-03-01,it
339,g06-045h-03-02,was
339,g06-045h-03-03,being
339,g06-045h-03-05,with
339,g06-045h-04-00,success
339,g06-045h-04-01,in
339,g06-045h-04-02,France
339,g06-045h-04-03,and
339,g06-045h-04-04,Italy
339,g06-045h-04-06,and
339,g06-045h-04-07,that
339,g06-045h-04-08,he
339,g06-045h-05-00,himself
339,g06-045h-05-01,was
339,g06-045h-05-02,being
339,g06-045h-05-03,treated
339,g06-045h-05-04,under
339,g06-045h-05-06,doctor
339,g06-045h-05-07,who
339,g06-045h-06-00,had
339,g06-045h-06-01,studied
339,g06-045h-06-02,under
339,g06-045h-06-03,its
339,g06-045h-06-04,founder
339,g06-045h-06-06,the
339,g06-045h-06-07,aged
339,g06-045h-07-01,Samuel
126,b06-036-00-00,Now
126,b06-036-00-01,the
126,b06-036-00-03,is
126,b06-036-00-04,being
126,b06-036-00-05,used
126,b06-036-00-06,that
126,b06-036-00-07,Nato
126,b06-036-00-08,must
126,b06-036-00-09,be
126,b06-036-01-00,and
126,b06-036-01-01,Britain
126,b06-036-01-02,must
126,b06-036-01-03,stay
126,b06-036-01-04,in
126,b06-036-01-05,it
126,b06-036-01-06,to
126,b06-036-01-07,keep
126,b06-036-01-08,the
126,b06-036-01-09,Germans
126,b06-036-01-10,in
126,b06-036-02-00,control
126,b06-036-02-02,Nato
126,b06-036-02-04,far
126,b06-036-02-05,from
126,b06-036-02-06,being
126,b06-036-02-08,means
126,b06-036-02-09,of
126,b06-036-03-00,the
126,b06-036-03-01,German
126,b06-036-03-04,is
126,b06-036-03-06,in
126,b06-036-03-07,fact
126,b06-036-03-09,the
126,b06-036-03-10,cover
126,b06-036-03-11,for
126,b06-036-04-01,up
126,b06-036-04-02,their
126,b06-036-04-03,power
126,b06-036-04-05,What
126,b06-036-04-06,must
126,b06-036-04-07,Britain
126,b06-036-04-08,do
126,b06-036-04-10,Today
126,b06-036-05-00,again
126,b06-036-05-02,she
126,b06-036-05-03,has
126,b06-036-05-05,key
126,b06-036-05-06,role
126,b06-036-05-08,Let
126,b06-036-05-09,her
126,b06-036-05-10,tell
126,b06-036-05-11,men
126,b06-036-05-12,like
126,b06-036-05-13,Strauss
126,b06-036-06-00,that
126,b06-036-06-01,he
126,b06-036-06-02,shall
126,b06-036-06-03,have
126,b06-036-06-04,no
126,b06-036-06-05,bases
126,b06-036-06-06,or
126,b06-036-06-11,no
126,b06-036-06-12,help
126,b06-036-06-13,in
126,b06-036-07-00,his
126,b06-036-07-01,quest
126,b06-036-07-02,for
126,b06-036-07-03,atomic
126,b06-036-07-04,arms
65,a05-004-00-00,Short
65,a05-004-00-01,of
65,a05-004-00-02,wearing
65,a05-004-00-03,the
65,a05-004-00-04,same
65,a05-004-00-05,uniform
65,a05-004-00-07,which
65,a05-004-00-08,is
65,a05-004-01-00,not
65,a05-004-01-03,the
65,a05-004-01-04,Navy
65,a05-004-01-06,Army
65,a05-004-01-07,and
65,a05-004-01-08,Royal
65,a05-004-02-00,Air
65,a05-004-02-01,Force
65,a05-004-02-02,would
65,a05-004-02-03,become
65,a05-004-02-05,for
65,a05-004-03-01,single
65,a05-004-03-02,defence
65,a05-004-03-03,force
65,a05-004-03-05,There
65,a05-004-03-06,would
65,a05-004-03-07,be
65,a05-004-04-02,at
65,a05-004-04-03,all
65,a05-004-04-04,levels
65,a05-004-04-05,in
65,a05-004-05-00,and
65,a05-004-05-03,This
65,a05-004-05-04,would
65,a05-004-05-05,apply
65,a05-004-05-06,also
65,a05-004-05-07,in
65,a05-004-05-08,the
65,a05-004-06-00,command
65,a05-004-06-02,and
65,a05-004-06-03,central
65,a05-004-07-06,of
65,a05-004-07-07,Defence
65,a05-004-08-00,has
65,a05-004-08-01,been
65,a05-004-08-02,working
65,a05-004-08-03,on
65,a05-004-08-04,the
65,a05-004-08-05,plan
65,a05-004-08-06,for
65,a05-004-08-07,some
65,a05-004-08-08,months
65,a05-004-09-00,with
65,a05-004-09-01,the
65,a05-004-09-02,Prime
559,n02-000-00-01,had
559,n02-000-00-03,like
559,n02-000-00-05,curtain
559,n02-000-00-06,by
559,n02-000-00-07,the
559,n02-000-01-00,time
559,n02-000-01-01,they
559,n02-000-01-02,docked
559,n02-000-01-03,at
559,n02-000-01-06,And
559,n02-000-01-07,though
559,n02-000-01-08,Guy
559,n02-000-02-00,made
559,n02-000-02-01,nervous
559,n02-000-02-02,by
559,n02-000-02-04,silence
559,n02-000-02-06,drove
559,n02-000-02-07,at
559,n02-000-03-00,speed
559,n02-000-03-01,to
559,n02-000-03-02,the
559,n02-000-03-03,Villa
559,n02-000-03-05,it
559,n02-000-03-06,was
559,n02-000-03-07,quickly
559,n02-000-03-08,evident
559,n02-000-03-09,that
559,n02-000-04-00,the
559,n02-000-04-01,party
559,n02-000-04-02,was
559,n02-000-04-03,over
559,n02-000-04-05,Piers
559,n02-000-04-06,came
559,n02-000-04-08,out
559,n02-000-04-09,to
559,n02-000-05-00,meet
559,n02-000-05-01,the
559,n02-000-05-02,Deanes
559,n02-000-05-04,and
559,n02-000-05-05,as
559,n02-000-05-06,soon
559,n02-000-05-07,as
559,n02-000-05-08,Guy
559,n02-000-05-09,had
559,n02-000-06-00,driven
559,n02-000-06-01,away
559,n02-000-06-03,invited
559,n02-000-06-04,them
559,n02-000-06-06,to
559,n02-000-06-07,come
559,n02-000-06-08,to
559,n02-000-07-00,his
559,n02-000-07-01,flat
559,n02-000-07-02,for
559,n02-000-07-04,drink
559,n02-016-00-01,Oh
559,n02-016-00-03,she
559,n02-016-00-04,was
559,n02-016-00-05,due
559,n02-016-00-08,And
559,n02-016-00-09,then
559,n02-016-00-10,he
559,n02-016-00-11,added
559,n02-016-00-12,in
559,n02-016-00-13,the
559,n02-016-00-14,same
559,n02-016-01-00,casual
559,n02-016-01-01,tone
559,n02-016-01-04,She
559,n02-016-01-06,not
559,n02-016-01-08,to
559,n02-016-01-09,her
559,n02-016-01-10,family
559,n02-016-01-12,She
559,n02-016-02-00,going
559,n02-016-02-01,to
559,n02-016-02-02,live
559,n02-016-02-03,with
559,n02-016-02-04,friends
559,n02-016-02-05,of
559,n02-016-02-06,the
559,n02-016-02-07,bank
559,n02-016-02-08,manager
559,n02-016-02-10,just
559,n02-016-03-00,this
559,n02-016-03-01,side
559,n02-016-03-02,of
559,n02-016-03-07,Deane
559,n02-016-03-08,made
559,n02-016-04-00,comment
559,n02-016-04-02,but
559,n02-016-04-03,Beryl
559,n02-016-04-04,said
559,n02-016-04-05,nothing
559,n02-016-04-07,She
559,n02-016-04-08,was
559,n02-016-04-09,trying
559,n02-016-05-00,to
559,n02-016-05-01,sort
559,n02-016-05-02,things
559,n02-016-05-03,out
559,n02-016-05-04,in
559,n02-016-05-05,her
559,n02-016-05-06,mind
559,n02-016-05-08,That
559,n02-016-05-09,beneath
559,n02-016-05-10,his
559,n02-016-06-01,smooth
559,n02-016-06-03,Piers
559,n02-016-06-04,was
559,n02-016-07-00,with
559,n02-016-07-01,anger
559,n02-016-07-02,against
559,n02-016-07-03,her
559,n02-016-07-04,she
559,n02-016-07-05,had
559,n02-016-07-06,no
559,n02-016-07-07,doubt
551,m06-019-00-00,Though
551,m06-019-00-01,your
551,m06-019-00-02,wings
551,m06-019-00-03,and
551,m06-019-00-04,your
551,m06-019-00-05,scars
551,m06-019-00-06,are
551,m06-019-00-07,new
551,m06-019-01-00,you
551,m06-019-01-01,may
551,m06-019-01-02,join
551,m06-019-01-03,us
551,m06-019-01-08,am
551,m06-019-01-11,We
551,m06-019-01-12,three
551,m06-019-02-00,are
551,m06-019-02-01,humans
551,m06-019-02-03,You
551,m06-019-02-04,are
551,m06-019-02-05,only
551,m06-019-02-06,flymen
551,m06-019-02-08,We
551,m06-019-02-09,will
551,m06-019-03-00,not
551,m06-019-03-01,join
551,m06-019-03-02,you
551,m06-019-03-05,The
551,m06-019-03-07,grunted
551,m06-019-03-08,in
551,m06-019-03-09,boredom
551,m06-019-04-00,The
551,m06-019-04-01,Chief
551,m06-019-04-02,Captive
551,m06-019-04-03,spoke
551,m06-019-04-04,again
551,m06-019-04-07,Always
551,m06-019-04-08,this
551,m06-019-05-00,talk
551,m06-019-05-01,from
551,m06-019-05-02,you
551,m06-019-05-03,of
551,m06-019-05-04,the
551,m06-019-05-05,Heavy
551,m06-019-05-06,World
551,m06-019-05-08,You
551,m06-019-05-09,have
551,m06-019-06-00,joined
551,m06-019-06-01,us
551,m06-019-06-03,You
551,m06-019-06-04,are
551,m06-019-06-05,flymen
551,m06-019-06-07,we
551,m06-019-06-08,are
551,m06-019-06-09,human
551,m06-019-06-11,You
551,m06-019-07-00,know
551,m06-019-07-01,little
551,m06-019-07-03,we
551,m06-019-07-04,know
551,m06-019-07-05,much
551,n06-148-00-01,saw
551,n06-148-00-02,several
551,n06-148-00-03,men
551,n06-148-00-04,running
551,n06-148-00-05,down
551,n06-148-00-06,towards
551,n06-148-01-00,the
551,n06-148-01-01,shack
551,n06-148-01-03,They
551,n06-148-01-04,were
551,n06-148-01-05,all
551,n06-148-01-06,armed
551,n06-148-01-07,with
551,n06-148-01-08,rifles
551,n06-148-02-00,As
551,n06-148-02-01,the
551,n06-148-02-02,nearest
551,n06-148-02-03,of
551,n06-148-02-04,them
551,n06-148-02-05,came
551,n06-148-02-06,round
551,n06-148-02-07,the
551,n06-148-03-00,shack
551,n06-148-03-02,his
551,n06-148-03-03,rifle
551,n06-148-03-04,at
551,n06-148-03-05,the
551,n06-148-03-06,ready
551,n06-148-03-09,saw
551,n06-148-03-10,it
551,n06-148-03-11,was
551,n06-148-03-12,Nick
551,n06-148-04-00,Dowd
551,n06-148-04-02,still
551,n06-148-04-03,wearing
551,n06-148-04-04,his
551,n06-148-04-05,blue
551,n06-148-04-06,check
551,n06-148-04-07,shirt
551,n06-148-04-09,He
551,n06-148-05-00,came
551,n06-148-05-01,up
551,n06-148-05-02,close
551,n06-148-05-04,eyeing
551,n06-148-05-05,us
551,n06-148-05-09,We
551,n06-148-06-00,come
551,n06-148-06-05,said
551,n06-148-06-09,see
551,n06-148-06-10,no
551,n06-148-06-11,reason
551,n06-148-07-00,for
551,n06-148-07-01,calling
551,n06-148-07-04,he
551,n06-148-07-05,said
551,n06-148-07-08,Still
551,n06-148-07-09,long
551,n06-148-07-10,as
551,n06-148-07-11,you
551,n06-148-07-13,here
551,n06-148-08-00,you
551,n06-148-08-01,may
551,n06-148-08-02,as
551,n06-148-08-03,well
551,n06-148-08-04,stay
551,n06-148-08-06,while
551,n06-156-00-02,come
551,n06-156-00-03,on
551,n06-156-00-04,in
551,n06-156-00-07,We
551,n06-156-00-09,and
551,n06-156-01-00,one
551,n06-156-01-01,of
551,n06-156-01-02,the
551,n06-156-01-03,miners
551,n06-156-01-04,who
551,n06-156-01-06,come
551,n06-156-01-07,along
551,n06-156-01-08,with
551,n06-156-02-00,Nick
551,n06-156-02-01,Dowd
551,n06-156-02-02,took
551,n06-156-02-03,our
551,n06-156-02-04,horses
551,n06-156-02-05,off
551,n06-156-02-06,to
551,n06-156-02-07,water
551,n06-156-03-00,We
551,n06-156-03-02,Nick
551,n06-156-03-03,Dowd
551,n06-156-03-04,into
551,n06-156-03-05,the
551,n06-156-03-06,shack
551,n06-156-04-00,They
551,n06-156-04-02,rigged
551,n06-156-04-03,up
551,n06-156-04-05,stove
551,n06-156-04-06,of
551,n06-156-04-07,sorts
551,n06-156-04-08,and
551,n06-156-04-09,on
551,n06-156-04-10,it
551,n06-156-05-01,huge
551,n06-156-05-04,steamed
551,n06-156-05-06,Other
551,n06-156-06-00,miners
551,n06-156-06-02,in
551,n06-156-06-03,at
551,n06-156-06-04,our
551,n06-156-06-05,heels
551,n06-156-06-07,Nick
551,n06-156-06-08,Dowd
551,n06-156-07-00,found
551,n06-156-07-01,us
551,n06-156-07-03,couple
551,n06-156-07-04,of
551,n06-156-07-05,boxes
551,n06-156-07-06,to
551,n06-156-07-07,sit
551,n06-156-07-08,on
551,n06-163-00-01,small
551,n06-163-00-02,man
551,n06-163-00-03,in
551,n06-163-00-04,bib
551,n06-163-00-06,and
551,n06-163-01-00,Derby
551,n06-163-01-01,hat
551,n06-163-01-02,fussed
551,n06-163-01-03,around
551,n06-163-01-04,the
551,n06-163-01-05,stove
551,n06-163-02-00,exactly
551,n06-163-02-01,the
551,n06-163-02-02,Ritz
551,n06-163-02-03,Hotel
551,n06-163-02-04,but
551,n06-163-02-05,we
551,n06-163-02-07,got
551,n06-163-02-08,our
551,n06-163-02-09,little
551,n06-163-03-03,said
551,n06-163-03-04,Dowd
551,n06-163-03-06,He
551,n06-163-03-08,the
551,n06-163-03-09,men
551,n06-163-04-00,who
551,n06-163-04-02,come
551,n06-163-04-03,in
551,n06-163-04-04,as
551,n06-163-04-05,Roper
551,n06-163-04-06,Smith
551,n06-163-04-08,Shorty
551,n06-163-04-10,Mick
551,n06-163-05-02,Swede
551,n06-163-05-03,and
551,n06-163-05-04,the
551,n06-163-05-07,This
551,n06-163-05-08,last
551,n06-163-05-09,was
551,n06-163-06-00,the
551,n06-163-06-01,little
551,n06-163-06-02,hombre
551,n06-163-06-03,in
551,n06-163-06-04,big
551,n06-163-06-07,Very
551,n06-163-06-08,soon
551,n06-163-06-09,he
551,n06-163-07-00,had
551,n06-163-07-01,tin
551,n06-163-07-02,mugs
551,n06-163-07-03,filled
551,n06-163-07-04,with
551,n06-163-07-05,hot
551,n06-163-07-06,black
551,n06-163-07-07,coffee
551,n06-163-08-01,with
551,n06-163-08-03,for
551,n06-163-08-04,all
551,n06-163-08-05,and
551,n06-163-08-06,for
551,n06-163-08-07,us
551,n06-163-09-00,there
551,n06-163-09-01,were
551,n06-163-09-02,two
551,n06-163-09-03,plates
551,n06-163-09-04,of
551,n06-163-09-05,beans
551,n06-169-00-01,They
551,n06-169-00-02,gives
551,n06-169-00-03,you
551,n06-169-00-04,the
551,n06-169-00-05,wind
551,n06-169-00-08,said
551,n06-169-00-09,the
551,n06-169-01-00,handing
551,n06-169-01-01,them
551,n06-169-01-02,to
551,n06-169-01-03,us
551,n06-169-01-06,but
551,n06-169-01-07,it
551,n06-169-01-09,all
551,n06-169-01-10,we
551,n06-169-01-11,got
551,n06-169-02-00,as
551,n06-169-02-01,of
551,n06-169-02-02,now
551,n06-169-02-04,apart
551,n06-169-02-05,from
551,n06-169-02-07,few
551,n06-169-02-08,sacks
551,n06-169-02-09,of
551,n06-169-02-10,gold
551,n06-169-03-00,dust
551,n06-169-03-03,He
551,n06-169-03-04,winked
551,n06-169-03-05,at
551,n06-169-03-06,his
551,n06-169-03-09,They
551,n06-169-03-10,all
551,n06-169-04-00,watched
551,n06-169-04-01,us
551,n06-169-04-02,as
551,n06-169-04-03,we
551,n06-169-04-04,ate
551,n06-169-04-05,the
551,n06-169-04-06,beans
551,n06-169-04-08,Then
551,n06-169-04-09,when
551,n06-169-05-00,we
551,n06-169-05-03,and
551,n06-169-05-06,rolled
551,n06-169-06-00,the
551,n06-169-06-01,man
551,n06-169-06-02,called
551,n06-169-06-03,Shorty
551,n06-169-06-04,said
551,n06-169-06-07,You
551,n06-169-06-08,were
551,n06-169-06-09,saying
551,n06-169-06-10,when
551,n06-169-07-00,you
551,n06-169-07-01,came
551,n06-169-07-02,in
551,n06-169-07-03,that
551,n06-169-07-06,last
551,n06-169-08-00,night
551,n06-175-00-01,Yes
551,n06-175-00-05,said
551,n06-175-00-10,all
551,n06-175-00-11,right
551,n06-175-01-00,After
551,n06-175-01-01,you
551,n06-175-01-03,left
551,n06-175-01-04,the
551,n06-175-01-05,meeting
551,n06-175-01-07,mister
551,n06-175-02-00,looked
551,n06-175-02-01,across
551,n06-175-02-02,at
551,n06-175-02-03,Nick
551,n06-175-02-04,Dowd
551,n06-175-02-07,someone
551,n06-175-02-08,cut
551,n06-175-03-00,down
551,n06-175-03-01,William
551,n06-175-03-03,outside
551,n06-175-03-04,the
551,n06-175-03-05,Palace
551,n06-175-04-00,with
551,n06-175-04-02,shotgun
551,n06-175-04-06,paused
551,n06-175-04-07,and
551,n06-175-04-08,watched
551,n06-175-04-09,my
551,n06-175-05-00,words
551,n06-175-05-01,affect
551,n06-175-05-02,them
551,n06-175-05-03,in
551,n06-175-05-04,their
551,n06-175-05-06,ways
551,n06-175-06-01,That
551,n06-175-06-03,sure
551,n06-175-06-04,bad
551,n06-175-06-05,news
551,n06-175-06-08,said
551,n06-175-06-09,Dowd
551,n06-175-07-01,It
551,n06-175-07-03,about
551,n06-175-07-04,leaves
551,n06-175-07-06,wide
551,n06-175-07-07,open
551,n06-175-08-00,for
551,n06-175-08-02,Pell
551,n06-175-08-03,and
551,n06-175-08-04,his
551,n06-175-08-05,bunch
551,n06-175-09-00,Shorty
551,n06-182-00-00,The
551,n06-182-00-01,rest
551,n06-182-00-02,of
551,n06-182-00-03,the
551,n06-182-00-04,men
551,n06-182-00-05,there
551,n06-182-00-06,said
551,n06-182-00-07,nothing
551,n06-182-00-08,but
551,n06-182-01-00,you
551,n06-182-01-01,could
551,n06-182-01-02,see
551,n06-182-01-03,they
551,n06-182-01-04,were
551,n06-182-01-05,hard
551,n06-182-01-06,hit
551,n06-182-01-08,They
551,n06-182-01-09,were
551,n06-182-02-00,simple
551,n06-182-02-01,men
551,n06-182-02-02,who
551,n06-182-02-03,knew
551,n06-182-02-05,lot
551,n06-182-02-06,maybe
551,n06-182-02-07,about
551,n06-182-03-00,digging
551,n06-182-03-01,for
551,n06-182-03-02,gold
551,n06-182-03-03,but
551,n06-182-03-04,were
551,n06-182-03-05,babes
551,n06-182-03-06,in
551,n06-182-03-07,arms
551,n06-182-04-00,when
551,n06-182-04-01,it
551,n06-182-04-02,came
551,n06-182-04-03,to
551,n06-182-04-04,dealing
551,n06-182-04-05,with
551,n06-182-04-07,and
551,n06-182-05-01,like
551,n06-182-05-02,Pell
551,n06-182-05-03,and
551,n06-182-05-04,Fenton
551,n06-182-05-05,and
551,n06-182-05-06,the
551,n06-182-06-00,rest
551,n06-182-06-04,guess
551,n06-182-06-05,we
551,n06-182-06-07,better
551,n06-182-06-08,hold
551,n06-182-06-09,onto
551,n06-182-06-10,the
551,n06-182-06-11,gold
551,n06-182-07-00,right
551,n06-182-07-03,Nick
551,n06-182-07-06,said
551,n06-182-07-07,the
551,n06-186-00-01,Yeah
551,n06-186-00-04,said
551,n06-186-00-05,Dowd
551,n06-186-00-10,we
551,n06-186-01-00,better
551,n06-186-01-04,Dan
551,n06-186-01-05,Maffrey
551,n06-186-01-06,came
551,n06-186-01-07,in
551,n06-186-01-08,at
551,n06-186-02-00,that
551,n06-186-02-01,point
551,n06-186-02-04,If
551,n06-186-02-05,you
551,n06-186-02-06,do
551,n06-186-02-09,he
551,n06-186-02-10,said
551,n06-186-02-13,you
551,n06-186-02-15,be
551,n06-186-03-00,sure
551,n06-186-03-01,asking
551,n06-186-03-02,for
551,n06-186-03-03,trouble
551,n06-186-03-05,They
551,n06-186-03-07,be
551,n06-186-03-08,on
551,n06-186-03-09,your
551,n06-186-04-00,necks
551,n06-186-04-01,before
551,n06-186-04-02,you
551,n06-186-04-03,can
551,n06-186-04-04,say
551,n06-186-04-06,knife
551,n06-186-04-09,It
551,n06-186-05-00,be
551,n06-186-05-01,the
551,n06-186-05-02,first
551,n06-186-05-03,time
551,n06-186-05-04,they
551,n06-186-05-06,held
551,n06-186-05-07,up
551,n06-186-06-00,at
551,n06-186-06-01,gun
551,n06-186-06-02,point
551,n06-186-06-03,either
551,n06-186-06-05,They
551,n06-186-06-07,done
551,n06-186-06-08,it
551,n06-186-06-09,before
551,n06-186-07-00,and
551,n06-186-07-01,got
551,n06-186-07-02,away
551,n06-186-07-03,with
551,n06-186-07-04,it
551,n06-194-00-01,You
551,n06-194-00-06,mister
551,n06-194-00-09,said
551,n06-194-00-10,the
551,n06-194-00-11,man
551,n06-194-01-00,called
551,n06-194-01-01,Roper
551,n06-194-01-02,Smith
551,n06-194-01-05,We
551,n06-194-01-07,got
551,n06-194-01-08,five
551,n06-194-01-09,rifles
551,n06-194-01-10,among
551,n06-194-02-00,us
551,n06-194-02-01,and
551,n06-194-02-03,few
551,n06-194-02-06,But
551,n06-194-02-07,most
551,n06-194-02-08,of
551,n06-194-02-09,us
551,n06-194-03-02,in
551,n06-194-03-05,It
551,n06-194-03-07,be
551,n06-194-04-06,If
551,n06-194-04-07,you
551,n06-194-04-09,take
551,n06-194-04-11,chance
551,n06-194-05-00,on
551,n06-194-05-01,getting
551,n06-194-05-02,your
551,n06-194-05-03,gold
551,n06-194-05-04,to
551,n06-194-05-05,the
551,n06-194-05-06,bank
551,n06-194-05-08,then
551,n06-194-05-09,we
551,n06-194-06-00,abide
551,n06-194-06-01,by
551,n06-194-06-02,what
551,n06-194-06-03,we
551,n06-194-06-04,said
551,n06-194-06-05,at
551,n06-194-06-06,the
551,n06-194-06-07,meeting
551,n06-194-07-00,said
551,n06-194-07-01,Dan
551,n06-194-07-04,We
551,n06-194-07-06,watch
551,n06-194-07-07,the
551,n06-194-07-08,stage
551,n06-194-07-09,out
551,n06-194-07-10,of
551,n06-194-07-11,reach
551,n06-201-00-02,quite
551,n06-201-00-03,see
551,n06-201-00-04,how
551,n06-201-00-05,all
551,n06-201-00-06,this
551,n06-201-00-07,fitted
551,n06-201-00-08,in
551,n06-201-01-00,with
551,n06-201-01-01,Dan
551,n06-201-01-03,aim
551,n06-201-01-04,to
551,n06-201-01-05,avenge
551,n06-201-01-06,himself
551,n06-201-02-00,on
551,n06-201-02-01,the
551,n06-201-02-02,Fenton
551,n06-201-02-03,bunch
551,n06-201-02-04,but
551,n06-201-02-05,still
551,n06-201-02-06,it
551,n06-201-02-07,was
551,n06-201-03-01,offer
551,n06-201-03-02,so
551,n06-201-03-04,chimed
551,n06-201-03-05,in
551,n06-201-03-06,too
551,n06-201-03-09,That
551,n06-201-04-00,goes
551,n06-201-04-01,for
551,n06-201-04-02,me
551,n06-201-04-08,said
551,n06-201-04-11,If
551,n06-201-04-12,they
551,n06-201-04-13,do
551,n06-201-04-14,try
551,n06-201-05-00,and
551,n06-201-05-01,hold
551,n06-201-05-02,up
551,n06-201-05-03,the
551,n06-201-05-04,stage
551,n06-201-05-06,it
551,n06-201-05-08,be
551,n06-201-05-10,couple
551,n06-201-05-11,or
551,n06-201-06-00,three
551,n06-201-06-01,of
551,n06-201-06-02,them
551,n06-201-06-04,no
551,n06-201-06-05,more
551,n06-201-06-08,reckon
551,n06-201-06-09,we
551,n06-201-06-10,can
551,n06-201-06-11,deal
551,n06-201-07-00,with
551,n06-201-07-01,them
551,n06-201-07-02,all
551,n06-201-07-03,right
529,m02-083-00-00,Peron
529,m02-083-00-01,entered
529,m02-083-00-04,large
529,m02-083-00-05,man
529,m02-083-00-07,who
529,m02-083-00-08,had
529,m02-083-00-09,once
529,m02-083-00-10,been
529,m02-083-01-01,but
529,m02-083-01-02,was
529,m02-083-01-03,now
529,m02-083-02-00,from
529,m02-083-02-03,In
529,m02-083-02-04,the
529,m02-083-02-07,he
529,m02-083-03-00,wore
529,m02-083-03-02,and
529,m02-083-03-03,kept
529,m02-083-03-04,on
529,m02-083-03-05,indoors
529,m02-083-03-08,fifty
529,m02-083-03-09,gallon
529,m02-083-03-10,hat
529,m02-083-03-12,Harry
529,m02-083-03-13,was
529,m02-083-04-01,for
529,m02-083-04-05,for
529,m02-083-04-06,this
529,m02-083-04-07,was
529,m02-083-05-00,the
529,m02-083-05-01,Senator
529,m02-083-05-02,who
529,m02-083-05-03,had
529,m02-083-05-04,annoyed
529,m02-083-05-05,the
529,m02-083-05-06,United
529,m02-083-05-07,States
529,m02-083-06-00,by
529,m02-083-06-02,how
529,m02-083-06-03,he
529,m02-083-06-04,had
529,m02-083-06-05,once
529,m02-083-06-06,won
529,m02-083-06-08,trick
529,m02-083-06-09,from
529,m02-083-07-01,by
529,m02-083-07-03,to
529,m02-083-07-04,loose
529,m02-083-07-05,off
529,m02-083-07-06,one
529,m02-083-07-07,of
529,m02-083-07-08,his
529,m02-083-08-00,rockets
529,m02-083-08-02,an
529,m02-083-08-04,which
529,m02-083-08-05,would
529,m02-083-08-07,help
529,m02-083-09-00,bluff
529,m02-083-09-01,to
529,m02-083-09-02,succeed
529,m02-083-09-03,the
529,m02-083-09-04,next
529,m02-083-09-05,time
529,m02-083-09-07,and
529,m02-083-09-09,lately
529,m02-083-09-11,by
529,m02-083-10-00,saying
529,m02-083-10-01,that
529,m02-083-10-02,if
529,m02-083-10-03,Mo
529,m02-083-10-05,had
529,m02-083-10-06,to
529,m02-083-10-07,come
529,m02-083-10-08,to
529,m02-083-10-09,the
529,m02-083-10-10,aid
529,m02-083-11-00,of
529,m02-083-11-01,the
529,m02-083-11-04,in
529,m02-083-11-05,the
529,m02-083-11-06,Panama
529,m02-083-11-07,region
611,p02-155-00-02,made
611,p02-155-00-03,it
611,p02-155-00-04,myself
611,p02-155-00-07,Gay
611,p02-155-00-08,tried
611,p02-155-00-09,to
611,p02-155-00-10,speak
511,m01-090-00-00,After
511,m01-090-00-01,what
511,m01-090-00-02,seemed
511,m01-090-00-03,an
511,m01-090-00-04,undue
511,m01-090-00-05,period
511,m01-090-00-06,of
511,m01-090-00-09,the
511,m01-090-00-10,voice
511,m01-090-01-00,went
511,m01-090-01-01,on
511,m01-090-01-02,to
511,m01-090-01-04,the
511,m01-090-01-05,landing
511,m01-090-01-06,of
511,m01-090-01-07,the
511,m01-090-01-08,Thetan
511,m01-090-01-09,colony
511,m01-090-02-00,in
511,m01-090-02-01,Sussex
511,m01-090-02-03,in
511,m01-090-02-04,all
511,m01-090-02-05,its
511,m01-090-02-06,obscene
511,m01-090-02-07,details
511,m01-090-02-09,Then
511,m01-090-02-10,the
511,m01-090-02-11,radio
511,m01-090-03-00,went
511,m01-090-03-01,dead
511,m01-090-03-02,again
511,m01-090-03-04,and
511,m01-090-03-05,Steve
511,m01-090-03-06,had
511,m01-090-03-07,no
511,m01-090-03-08,stomach
511,m01-090-03-09,for
511,m01-090-04-02,It
511,m01-090-04-03,was
511,m01-090-04-06,day
511,m01-090-04-08,as
511,m01-090-05-00,should
511,m01-090-05-01,be
511,m01-090-05-03,Steve
511,m01-090-05-04,got
511,m01-090-05-05,out
511,m01-090-05-06,the
511,m01-090-05-07,car
511,m01-090-05-08,and
511,m01-090-05-10,the
511,m01-090-06-00,same
511,m01-090-06-01,empty
511,m01-090-06-02,streets
511,m01-090-06-03,as
511,m01-090-06-04,he
511,m01-090-06-05,had
511,m01-090-06-06,the
511,m01-090-06-07,night
511,m01-090-06-08,before
511,m01-090-07-00,to
511,m01-090-07-01,keep
511,m01-090-07-02,an
511,m01-090-07-04,with
511,m01-090-07-05,Heather
515,m01-115-00-01,Now
515,m01-115-00-03,to
515,m01-115-00-05,what
515,m01-115-00-07,think
515,m01-115-00-08,our
515,m01-115-01-00,course
515,m01-115-01-01,of
515,m01-115-01-02,action
515,m01-115-01-03,should
515,m01-115-01-04,be
515,m01-115-01-06,First
515,m01-115-01-08,to
515,m01-115-01-09,avoid
515,m01-115-01-10,the
515,m01-115-02-00,Thetans
515,m01-115-02-01,like
515,m01-115-02-02,the
515,m01-115-02-03,plague
515,m01-115-02-05,for
515,m01-115-02-06,they
515,m01-115-02-07,must
515,m01-115-02-08,not
515,m01-115-03-00,find
515,m01-115-03-01,us
515,m01-115-03-02,out
515,m01-115-03-04,Second
515,m01-115-03-06,to
515,m01-115-03-07,tread
515,m01-115-03-08,pretty
515,m01-115-03-09,warily
515,m01-115-04-00,among
515,m01-115-04-01,our
515,m01-115-04-02,own
515,m01-115-04-03,people
515,m01-115-04-05,finding
515,m01-115-04-06,out
515,m01-115-04-07,just
515,m01-115-04-08,how
515,m01-115-05-00,much
515,m01-115-05-01,freedom
515,m01-115-05-02,we
515,m01-115-05-03,can
515,m01-115-05-04,take
515,m01-115-05-05,with
515,m01-115-05-06,safety
515,m01-115-06-00,And
515,m01-115-06-01,third
515,m01-115-06-03,to
515,m01-115-06-04,study
515,m01-115-06-05,these
515,m01-115-06-06,damned
515,m01-115-06-07,Thetans
515,m01-115-07-00,We
515,m01-115-07-01,must
515,m01-115-07-02,learn
515,m01-115-07-03,all
515,m01-115-07-04,we
515,m01-115-07-05,can
515,m01-115-07-06,about
515,m01-115-08-00,them
197,d04-117-00-00,Leaning
197,d04-117-00-01,back
197,d04-117-00-02,carries
197,d04-117-00-03,the
197,d04-117-00-05,message
197,d04-117-00-07,And
197,d04-117-00-08,we
197,d04-117-01-00,start
197,d04-117-01-01,the
197,d04-117-01-02,Seder
197,d04-117-01-03,showing
197,d04-117-01-04,the
197,d04-117-01-05,Matzos
197,d04-117-01-07,that
197,d04-117-01-08,they
197,d04-117-02-00,resent
197,d04-117-02-01,the
197,d04-117-02-03,Bread
197,d04-117-02-04,of
197,d04-117-02-05,Poverty
197,d04-117-02-07,which
197,d04-117-02-08,our
197,d04-117-03-00,were
197,d04-117-03-01,eating
197,d04-117-03-02,in
197,d04-117-03-05,to
197,d04-117-03-06,show
197,d04-117-03-07,they
197,d04-117-03-08,were
197,d04-117-03-09,willing
197,d04-117-03-10,to
197,d04-117-03-11,learn
197,d04-117-04-00,and
197,d04-117-04-01,we
197,d04-117-04-02,invite
197,d04-117-04-03,anybody
197,d04-117-04-04,who
197,d04-117-04-05,wishes
197,d04-117-04-06,to
197,d04-117-04-07,partake
197,d04-117-04-08,in
197,d04-117-04-09,our
197,d04-117-05-02,saying
197,d04-117-05-05,Anybody
197,d04-117-05-06,who
197,d04-117-05-07,is
197,d04-117-05-08,hungry
197,d04-117-05-10,let
197,d04-117-05-11,him
197,d04-117-05-12,come
197,d04-117-06-00,and
197,d04-117-06-01,eat
197,d04-117-06-03,Anybody
197,d04-117-06-04,who
197,d04-117-06-05,is
197,d04-117-06-06,thirsty
197,d04-117-06-08,let
197,d04-117-06-09,him
197,d04-117-06-10,come
197,d04-117-06-11,and
197,d04-117-07-00,drink
197,d04-121-00-00,And
197,d04-121-00-01,we
197,d04-121-00-02,want
197,d04-121-00-03,all
197,d04-121-00-04,to
197,d04-121-00-05,eat
197,d04-121-00-06,and
197,d04-121-00-07,drink
197,d04-121-00-08,His
197,d04-121-00-09,Great
197,d04-121-00-11,of
197,d04-121-00-12,the
197,d04-121-01-00,four
197,d04-121-01-01,ways
197,d04-121-01-02,of
197,d04-121-01-06,Hence
197,d04-121-01-08,four
197,d04-121-01-12,which
197,d04-121-01-13,are
197,d04-121-02-00,really
197,d04-121-02-02,to
197,d04-121-02-03,examine
197,d04-121-02-04,into
197,d04-121-02-05,the
197,d04-121-02-07,of
197,d04-121-02-08,the
197,d04-121-02-09,four
197,d04-121-03-01,are
197,d04-121-03-02,asked
197,d04-121-03-03,at
197,d04-121-03-04,the
197,d04-121-03-06,about
197,d04-121-03-07,these
197,d04-121-03-09,four
197,d04-121-04-00,symbols
197,d04-121-04-03,the
197,d04-121-04-07,And
197,d04-121-04-08,the
197,d04-121-04-09,person
197,d04-121-04-10,who
197,d04-121-04-11,asks
197,d04-121-04-12,these
197,d04-121-05-01,is
197,d04-121-05-02,seeking
197,d04-121-05-03,the
197,d04-121-05-04,opinion
197,d04-121-05-05,of
197,d04-121-05-06,the
197,d04-121-05-07,one
197,d04-121-05-08,who
197,d04-121-05-09,is
197,d04-121-06-01,the
197,d04-121-06-02,Seder
540,m03-062-00-00,Small
540,m03-062-00-04,they
540,m03-062-00-05,were
540,m03-062-01-00,with
540,m03-062-01-01,black
540,m03-062-01-03,matted
540,m03-062-01-04,hair
540,m03-062-01-05,and
540,m03-062-02-01,to
540,m03-062-02-02,the
540,m03-062-02-03,shrunk
540,m03-062-02-04,heads
540,m03-062-02-05,we
540,m03-062-02-06,had
540,m03-062-03-00,gazed
540,m03-062-03-01,at
540,m03-062-03-04,and
540,m03-062-03-06,have
540,m03-062-03-07,no
540,m03-062-04-01,in
540,m03-062-04-02,saying
540,m03-062-04-03,that
540,m03-062-04-04,they
540,m03-062-04-05,would
540,m03-062-04-06,have
540,m03-062-05-00,made
540,m03-062-05-01,an
540,m03-062-05-02,end
540,m03-062-05-03,of
540,m03-062-05-04,us
540,m03-062-05-05,but
540,m03-062-05-06,for
540,m03-062-05-07,an
540,m03-062-06-00,so
540,m03-062-06-03,so
540,m03-062-06-04,unusual
540,m03-062-06-06,that
540,m03-062-06-07,only
540,m03-062-06-08,the
540,m03-062-07-01,of
540,m03-062-07-03,my
540,m03-062-08-00,compels
540,m03-062-08-01,me
540,m03-062-08-02,to
540,m03-062-08-03,mention
540,m03-062-08-04,it
606,p02-131-00-00,Now
606,p02-131-00-01,let
606,p02-131-00-02,him
606,p02-131-00-03,go
606,p02-131-00-04,and
606,p02-131-00-05,you
606,p02-131-00-07,have
606,p02-131-00-08,to
606,p02-131-00-09,wait
606,p02-131-01-00,long
606,p02-131-01-01,for
606,p02-131-01-02,the
606,p02-131-01-03,right
606,p02-131-01-04,man
606,p02-131-01-05,for
606,p02-131-01-06,you
606,p02-131-01-07,to
606,p02-131-01-08,come
606,p02-131-02-00,along
606,p02-131-02-02,If
606,p02-131-02-04,was
606,p02-131-02-05,thirty
606,p02-131-02-06,years
606,p02-131-02-07,younger
606,p02-131-02-08,and
606,p02-131-03-00,married
606,p02-131-03-01,to
606,p02-131-03-02,the
606,p02-131-03-04,wife
606,p02-131-03-05,in
606,p02-131-03-06,the
606,p02-131-03-07,world
606,p02-131-04-02,marry
606,p02-131-04-03,you
606,p02-131-04-04,myself
606,p02-131-04-07,Gay
606,p02-131-04-08,laughed
606,p02-131-04-10,Doc
606,p02-131-04-11,was
606,p02-131-05-00,so
606,p02-131-05-01,kind
606,p02-131-05-02,and
606,p02-131-05-03,nice
606,p02-131-05-04,and
606,p02-131-05-05,she
606,p02-131-05-06,hoped
606,p02-131-05-07,that
606,p02-131-05-08,one
606,p02-131-06-00,day
606,p02-131-06-01,she
606,p02-131-06-02,would
606,p02-131-06-03,be
606,p02-131-06-04,able
606,p02-131-06-05,to
606,p02-131-06-06,see
606,p02-131-06-07,the
606,p02-131-07-00,as
606,p02-131-07-01,it
606,p02-131-07-04,to
606,p02-131-07-06,else
527,m02-075-00-00,Know
527,m02-075-00-01,how
527,m02-075-00-02,he
527,m02-075-00-03,did
527,m02-075-00-04,it
527,m02-075-00-06,He
527,m02-075-00-08,clever
527,m02-075-00-09,on
527,m02-075-01-00,the
527,m02-075-01-03,So
527,m02-075-01-04,when
527,m02-075-01-05,he
527,m02-075-01-06,visited
527,m02-075-01-07,some
527,m02-075-02-01,on
527,m02-075-02-02,Face
527,m02-075-02-04,ours
527,m02-075-02-05,is
527,m02-075-02-06,an
527,m02-075-03-01,area
527,m02-075-03-03,the
527,m02-075-03-04,cry
527,m02-075-03-05,would
527,m02-075-03-06,go
527,m02-075-03-07,up
527,m02-075-04-00,as
527,m02-075-04-01,soon
527,m02-075-04-02,as
527,m02-075-04-03,he
527,m02-075-04-04,had
527,m02-075-04-05,spoken
527,m02-075-04-07,few
527,m02-075-05-01,of
527,m02-075-05-02,his
527,m02-075-05-03,speech
527,m02-075-05-06,Cut
527,m02-075-05-07,the
527,m02-075-06-02,Lester
527,m02-075-06-04,give
527,m02-075-06-05,us
527,m02-075-06-07,on
527,m02-075-07-00,your
527,m02-106-00-00,But
527,m02-106-00-01,since
527,m02-106-00-04,would
527,m02-106-00-05,depend
527,m02-106-00-06,on
527,m02-106-00-07,grade
527,m02-106-01-00,or
527,m02-106-01-02,in
527,m02-106-01-03,the
527,m02-106-01-04,finals
527,m02-106-01-05,next
527,m02-106-01-06,May
527,m02-106-01-08,and
527,m02-106-01-09,since
527,m02-106-01-10,mating
527,m02-106-02-01,would
527,m02-106-02-02,depend
527,m02-106-02-03,upon
527,m02-106-02-07,for
527,m02-106-03-00,these
527,m02-106-03-01,fine
527,m02-106-03-02,young
527,m02-106-03-03,people
527,m02-106-03-04,was
527,m02-106-03-05,closely
527,m02-106-03-06,geared
527,m02-106-03-07,to
527,m02-106-04-01,and
527,m02-106-04-03,ends
527,m02-106-04-04,which
527,m02-106-05-00,were
527,m02-106-05-01,really
527,m02-106-05-02,means
527,m02-106-05-04,So
527,m02-106-05-06,seeing
527,m02-106-05-07,them
527,m02-106-05-08,revolve
527,m02-106-05-09,in
527,m02-106-06-00,circles
527,m02-106-06-02,Harry
527,m02-106-06-03,had
527,m02-106-06-04,the
527,m02-106-06-05,feeling
527,m02-106-06-06,that
527,m02-106-06-07,Moke
527,m02-106-06-09,or
527,m02-106-06-10,what
527,m02-106-07-00,Moke
527,m02-106-07-02,or
527,m02-106-08-00,way
527,m02-106-08-01,in
527,m02-106-08-03,mind
527,m02-106-08-05,had
527,m02-106-08-06,these
527,m02-106-08-08,young
527,m02-106-09-00,people
527,m02-106-09-01,by
527,m02-106-09-02,the
527,m02-106-09-03,short
527,m02-106-09-04,hairs
527,m02-106-09-06,and
527,m02-106-09-07,was
527,m02-106-09-09,them
624,p03-121-00-02,going
624,p03-121-00-03,with
624,p03-121-00-06,party
624,p03-121-00-08,What
624,p03-121-00-09,else
624,p03-121-00-10,can
624,p03-121-00-12,do
624,p03-121-01-00,at
624,p03-121-01-01,this
624,p03-121-01-02,time
624,p03-121-01-03,of
624,p03-121-01-04,year
624,p03-121-01-08,ask
624,p03-121-01-09,you
624,p03-121-01-10,up
624,p03-121-01-11,because
624,p03-121-01-12,it
624,p03-121-02-02,stag
624,p03-121-02-03,affair
624,p03-121-02-08,know
624,p03-121-02-12,expect
624,p03-121-02-16,Well
624,p03-121-03-01,keep
624,p03-121-03-02,hinting
624,p03-121-03-04,then
624,p03-121-03-06,You
624,p03-121-03-07,wish
624,p03-121-03-08,you
624,p03-121-03-09,could
624,p03-121-04-00,come
624,p03-121-04-01,with
624,p03-121-04-02,me
624,p03-121-04-04,you
624,p03-121-04-05,hope
624,p03-121-04-08,miss
624,p03-121-04-09,you
624,p03-121-04-11,you
624,p03-121-05-01,imagine
624,p03-121-05-02,the
624,p03-121-05-04,without
624,p03-121-05-05,me
624,p03-121-05-06,for
624,p03-121-06-00,three
624,p03-121-06-01,weeks
519,m01-160-00-00,After
519,m01-160-00-02,long
519,m01-160-00-03,wait
519,m01-160-00-05,bus
519,m01-160-00-07,and
519,m01-160-00-08,they
519,m01-160-01-01,the
519,m01-160-01-02,beaming
519,m01-160-01-03,Dan
519,m01-160-01-04,aboard
519,m01-160-01-06,taking
519,m01-160-02-00,seats
519,m01-160-02-01,some
519,m01-160-02-02,rows
519,m01-160-02-03,behind
519,m01-160-02-04,him
519,m01-160-02-06,Steve
519,m01-160-02-07,was
519,m01-160-03-01,to
519,m01-160-03-02,find
519,m01-160-03-03,the
519,m01-160-03-08,happy
519,m01-160-04-00,faces
519,m01-160-04-01,very
519,m01-160-04-04,and
519,m01-160-04-05,looking
519,m01-160-04-06,at
519,m01-160-05-00,Heather
519,m01-160-05-01,he
519,m01-160-05-02,found
519,m01-160-05-04,welcome
519,m01-160-05-05,relief
519,m01-160-05-06,in
519,m01-160-05-07,her
519,m01-160-06-01,long
519,m01-160-06-02,doleful
519,m01-160-06-03,one
289,f07-028b-00-00,When
289,f07-028b-00-02,however
289,f07-028b-00-04,the
289,f07-028b-00-05,Greeks
289,f07-028b-00-06,did
289,f07-028b-00-07,learn
289,f07-028b-00-08,the
289,f07-028b-01-00,art
289,f07-028b-01-01,of
289,f07-028b-01-02,making
289,f07-028b-01-05,from
289,f07-028b-02-00,the
289,f07-028b-02-03,their
289,f07-028b-02-04,cookery
289,f07-028b-02-05,made
289,f07-028b-02-06,rapid
289,f07-028b-03-02,because
289,f07-028b-03-03,they
289,f07-028b-03-04,were
289,f07-028b-03-05,men
289,f07-028b-03-06,of
289,f07-028b-03-07,taste
289,f07-028b-04-00,and
289,f07-028b-04-06,in
289,f07-028b-05-00,the
289,f07-028b-05-02,of
289,f07-028b-05-03,the
289,f07-028b-05-04,ancient
289,f07-028b-05-05,world
289,f07-028b-05-06,was
289,f07-028b-05-07,the
289,f07-028b-06-00,fact
289,f07-028b-06-01,that
289,f07-028b-06-02,they
289,f07-028b-06-03,did
289,f07-028b-06-04,not
289,f07-028b-06-05,confine
289,f07-028b-06-06,the
289,f07-028b-07-00,of
289,f07-028b-07-01,the
289,f07-028b-07-02,table
289,f07-028b-07-03,to
289,f07-028b-07-04,the
289,f07-028b-07-06,of
289,f07-028b-07-07,one
289,f07-028b-08-00,sense
289,f07-028b-08-01,alone
289,f07-028b-08-03,Having
289,f07-028b-08-05,their
289,f07-028b-09-00,in
289,f07-028b-09-01,the
289,f07-028b-09-03,of
289,f07-028b-09-05,for
289,f07-028b-09-06,the
289,f07-028b-10-00,palate
289,f07-028b-10-02,they
289,f07-028b-10-03,broke
289,f07-028b-10-04,fresh
289,f07-028b-10-05,ground
289,f07-028b-10-06,and
289,f07-028b-10-07,called
289,f07-028b-11-00,another
289,f07-028b-11-01,sense
289,f07-028b-11-02,to
289,f07-028b-11-03,their
289,f07-028b-11-04,aid
289,f07-032b-00-00,By
289,f07-032b-00-03,of
289,f07-032b-00-04,odours
289,f07-032b-00-05,and
289,f07-032b-01-03,these
289,f07-032b-01-04,refined
289,f07-032b-02-00,aroused
289,f07-032b-02-01,the
289,f07-032b-02-04,and
289,f07-032b-02-05,added
289,f07-032b-03-00,more
289,f07-032b-03-02,and
289,f07-032b-03-05,to
289,f07-032b-04-00,the
289,f07-032b-04-01,grosser
289,f07-032b-04-03,of
289,f07-032b-04-04,the
289,f07-032b-04-05,board
289,f07-032b-04-07,The
289,f07-032b-05-01,of
289,f07-032b-05-02,the
289,f07-032b-05-03,sense
289,f07-032b-05-04,of
289,f07-032b-05-06,was
289,f07-032b-06-00,subject
289,f07-032b-06-01,of
289,f07-032b-06-02,no
289,f07-032b-06-03,little
289,f07-032b-06-05,to
289,f07-032b-06-06,the
289,f07-032b-06-07,Romans
289,f07-032b-07-00,They
289,f07-032b-07-02,flowers
289,f07-032b-07-03,as
289,f07-032b-07-04,forming
289,f07-032b-07-06,very
289,f07-032b-08-01,article
289,f07-032b-08-02,in
289,f07-032b-08-03,their
289,f07-032b-08-04,festal
289,f07-032b-09-00,and
289,f07-032b-09-01,it
289,f07-032b-09-02,is
289,f07-032b-09-03,the
289,f07-032b-09-04,opinion
289,f07-032b-09-05,of
289,f07-032b-09-06,Bassius
289,f07-032b-09-07,that
289,f07-032b-10-00,at
289,f07-032b-10-01,their
289,f07-032b-10-03,the
289,f07-032b-10-04,number
289,f07-032b-10-05,of
289,f07-032b-10-06,flowers
289,f07-032b-11-00,far
289,f07-032b-11-02,the
289,f07-032b-11-03,number
289,f07-032b-11-04,of
289,f07-032b-11-05,fruits
289,f07-036-00-00,When
289,f07-036-00-01,Nero
289,f07-036-00-02,supped
289,f07-036-00-03,in
289,f07-036-00-05,his
289,f07-036-00-06,Golden
289,f07-036-00-07,House
289,f07-036-01-01,mingled
289,f07-036-01-02,shower
289,f07-036-01-03,of
289,f07-036-01-04,flowers
289,f07-036-01-05,and
289,f07-036-01-06,odorous
289,f07-036-02-01,fell
289,f07-036-02-02,upon
289,f07-036-02-03,him
289,f07-036-02-05,and
289,f07-036-02-06,one
289,f07-036-02-07,of
289,f07-036-02-08,the
289,f07-036-03-01,of
289,f07-036-03-03,was
289,f07-036-03-04,to
289,f07-036-04-00,smother
289,f07-036-04-01,his
289,f07-036-04-03,with
289,f07-036-04-04,flowers
289,f07-036-04-06,Nor
289,f07-036-04-07,was
289,f07-036-05-00,it
289,f07-036-05-02,as
289,f07-036-05-03,an
289,f07-036-05-04,object
289,f07-036-05-05,of
289,f07-036-05-06,luxury
289,f07-036-05-07,that
289,f07-036-05-08,the
289,f07-036-06-01,made
289,f07-036-06-02,use
289,f07-036-06-03,of
289,f07-036-06-04,flowers
289,f07-036-06-06,they
289,f07-036-06-07,were
289,f07-036-07-01,to
289,f07-036-07-02,possess
289,f07-036-07-04,and
289,f07-039b-00-01,to
289,f07-039b-00-02,Pliny
289,f07-039b-00-04,and
289,f07-039b-00-05,others
289,f07-039b-00-07,certain
289,f07-039b-01-00,herbs
289,f07-039b-01-01,and
289,f07-039b-01-02,flowers
289,f07-039b-01-03,proved
289,f07-039b-01-04,of
289,f07-039b-02-00,power
289,f07-039b-02-01,in
289,f07-039b-02-03,the
289,f07-039b-02-05,of
289,f07-039b-03-00,ebriety
289,f07-039b-03-02,or
289,f07-039b-03-04,as
289,f07-039b-03-05,Bassius
289,f07-039b-03-06,less
289,f07-039b-03-07,clearly
289,f07-039b-04-01,it
289,f07-039b-04-03,in
289,f07-039b-04-05,the
289,f07-039b-05-00,of
289,f07-039b-05-01,the
289,f07-039b-05-02,brain
289,f07-039b-05-04,It
289,f07-039b-05-05,is
289,f07-039b-05-06,said
289,f07-039b-05-07,that
289,f07-039b-05-08,there
289,f07-039b-05-09,is
289,f07-039b-06-00,nothing
289,f07-039b-06-01,new
289,f07-039b-06-02,under
289,f07-039b-06-03,the
289,f07-039b-06-04,sun
289,f07-039b-06-06,but
289,f07-039b-07-01,the
289,f07-039b-08-02,certain
289,f07-039b-08-03,measure
289,f07-039b-08-04,of
289,f07-039b-08-05,novelty
289,f07-042b-00-00,In
289,f07-042b-00-01,China
289,f07-042b-00-03,for
289,f07-042b-00-06,dried
289,f07-042b-00-07,rats
289,f07-042b-00-08,are
289,f07-042b-01-04,The
289,f07-042b-01-05,visitor
289,f07-042b-01-06,is
289,f07-042b-01-07,told
289,f07-042b-02-00,that
289,f07-042b-02-01,they
289,f07-042b-02-02,restore
289,f07-042b-02-03,the
289,f07-042b-02-04,hair
289,f07-042b-02-05,of
289,f07-042b-02-06,the
289,f07-042b-02-07,bald
289,f07-042b-03-00,and
289,f07-042b-03-01,that
289,f07-042b-03-03,stewed
289,f07-042b-03-04,black
289,f07-042b-03-05,rat
289,f07-042b-03-06,will
289,f07-042b-03-07,ward
289,f07-042b-04-00,off
289,f07-042b-04-02,fever
289,f07-042b-04-05,number
289,f07-042b-04-06,of
289,f07-042b-05-00,white
289,f07-042b-05-01,mice
289,f07-042b-05-02,served
289,f07-042b-05-03,alive
289,f07-042b-05-05,dipped
289,f07-042b-05-06,in
289,f07-042b-05-07,treacle
289,f07-042b-06-00,and
289,f07-042b-06-02,like
289,f07-042b-06-04,prairie
289,f07-042b-06-05,oyster
289,f07-042b-06-06,is
289,f07-042b-07-02,piece
289,f07-042b-07-03,of
548,m04-145-00-00,But
548,m04-145-00-01,the
548,m04-145-00-02,jet
548,m04-145-00-04,was
548,m04-145-00-05,already
548,m04-145-00-06,miles
548,m04-145-00-07,away
548,m04-145-01-01,down
548,m04-145-01-02,to
548,m04-145-01-03,the
548,m04-145-01-05,earth
548,m04-145-01-08,It
548,m04-145-02-00,passed
548,m04-145-02-01,me
548,m04-145-02-02,at
548,m04-145-02-03,fifty
548,m04-145-02-05,feet
548,m04-145-02-07,sir
548,m04-145-02-09,It
548,m04-145-02-10,was
548,m04-145-03-04,Group
548,m04-145-03-05,Captain
548,m04-145-03-07,Jones
548,m04-145-03-09,Officer
548,m04-145-04-02,Station
548,m04-145-04-04,Dinas
548,m04-145-04-06,looked
548,m04-145-04-07,keenly
548,m04-145-04-08,at
548,m04-145-04-09,the
548,m04-145-05-00,Flying
548,m04-145-05-01,Officer
548,m04-145-05-02,who
548,m04-145-05-03,had
548,m04-145-05-04,burst
548,m04-145-05-05,so
548,m04-145-05-07,into
548,m04-145-05-08,his
548,m04-145-06-00,office
548,m04-145-06-03,And
548,m04-145-06-04,what
548,m04-145-06-05,did
548,m04-145-06-06,it
548,m04-145-06-07,look
548,m04-145-06-08,like
548,m04-145-06-12,Some
548,m04-145-07-00,sort
548,m04-145-07-01,of
548,m04-145-07-02,rocket
548,m04-152-00-00,Flying
548,m04-152-00-01,Officer
548,m04-152-00-04,his
548,m04-152-00-05,feet
548,m04-152-01-01,Well
548,m04-152-01-05,sir
548,m04-152-01-07,it
548,m04-152-01-08,looked
548,m04-152-01-09,like
548,m04-152-01-11,like
548,m04-152-01-13,bus
548,m04-152-02-04,he
548,m04-152-02-07,Daggers
548,m04-152-02-09,the
548,m04-152-03-00,Group
548,m04-152-03-01,Captain
548,m04-152-03-02,looked
548,m04-152-03-08,he
548,m04-152-03-09,said
548,m04-152-03-10,silkily
548,m04-152-04-02,they
548,m04-152-04-03,teach
548,m04-152-04-04,you
548,m04-152-04-05,at
548,m04-152-04-07,that
548,m04-152-04-08,buses
548,m04-152-04-09,are
548,m04-152-05-04,fly
548,m04-152-06-00,Buses
548,m04-152-06-01,crawl
548,m04-152-06-04,Very
548,m04-152-06-05,pale
548,m04-152-06-08,was
548,m04-152-06-10,But
548,m04-152-07-03,It
548,m04-152-07-04,was
548,m04-152-07-06,bus
548,m04-152-07-08,sir
548,m04-164-00-00,They
548,m04-164-00-02,got
548,m04-164-00-03,the
548,m04-164-00-04,lights
548,m04-164-00-05,on
548,m04-164-00-07,There
548,m04-164-00-08,were
548,m04-164-00-09,people
548,m04-164-00-10,inside
548,m04-164-01-00,Waving
548,m04-164-01-03,Like
548,m04-164-01-04,gimlets
548,m04-164-01-06,the
548,m04-164-01-07,Station
548,m04-164-01-09,eyes
548,m04-164-02-01,Did
548,m04-164-02-02,you
548,m04-164-02-03,see
548,m04-164-02-04,the
548,m04-164-02-06,board
548,m04-164-02-10,Yes
548,m04-164-02-12,sir
548,m04-164-02-16,And
548,m04-164-03-00,what
548,m04-164-03-01,did
548,m04-164-03-02,it
548,m04-164-03-03,say
548,m04-164-03-05,Mystery
548,m04-164-03-06,Tour
548,m04-164-03-09,Oh
548,m04-164-03-11,very
548,m04-164-03-12,caustic
548,m04-164-03-14,that
548,m04-164-04-00,Group
548,m04-164-04-01,Captain
548,m04-164-04-03,But
548,m04-164-04-05,stood
548,m04-164-04-06,his
548,m04-164-04-07,ground
548,m04-164-04-10,No
548,m04-164-05-00,sir
548,m04-164-05-02,It
548,m04-164-05-03,said
548,m04-164-05-08,Jones
548,m04-164-05-09,sat
548,m04-164-06-00,back
548,m04-164-06-01,in
548,m04-164-06-02,his
548,m04-164-06-03,chair
548,m04-164-06-07,see
548,m04-164-06-09,So
548,m04-164-06-10,you
548,m04-164-06-11,met
548,m04-164-06-13,bus
548,m04-164-06-14,at
548,m04-164-07-00,fifty
548,m04-164-07-02,feet
548,m04-180-00-00,All
548,m04-180-00-01,lit
548,m04-180-00-02,up
548,m04-180-00-04,Full
548,m04-180-00-05,of
548,m04-180-00-06,people
548,m04-180-00-07,waving
548,m04-180-00-08,as
548,m04-180-00-09,you
548,m04-180-00-10,went
548,m04-180-00-11,past
548,m04-180-01-01,he
548,m04-180-01-03,forward
548,m04-180-01-08,if
548,m04-180-01-10,thought
548,m04-180-02-00,there
548,m04-180-02-01,were
548,m04-180-02-03,in
548,m04-180-02-06,to
548,m04-180-02-07,cover
548,m04-180-02-08,this
548,m04-180-03-02,have
548,m04-180-03-03,you
548,m04-180-03-06,But
548,m04-180-03-08,know
548,m04-180-03-09,there
548,m04-180-04-03,he
548,m04-180-04-04,ended
548,m04-180-04-05,sadly
548,m04-180-04-09,tried
548,m04-180-04-10,to
548,m04-180-04-11,read
548,m04-180-04-12,the
548,m04-180-05-01,number
548,m04-180-05-03,sir
548,m04-180-05-05,But
548,m04-180-05-06,it
548,m04-180-05-07,was
548,m04-180-05-08,getting
548,m04-180-05-09,dark
548,m04-180-06-00,He
548,m04-180-06-01,waited
548,m04-180-06-03,But
548,m04-180-06-04,his
548,m04-180-06-06,officer
548,m04-180-06-08,to
548,m04-180-07-00,have
548,m04-180-07-02,him
548,m04-251-00-01,Then
548,m04-251-00-02,we
548,m04-251-00-03,are
548,m04-251-00-04,saved
548,m04-251-00-07,cried
548,m04-251-00-08,the
548,m04-251-00-10,Edwards
548,m04-251-01-00,Shyly
548,m04-251-01-02,Morfydd
548,m04-251-01-03,Owen
548,m04-251-01-06,block
548,m04-251-01-07,of
320,g04-036-00-00,IN
320,g04-036-00-03,Burge
320,g04-036-00-05,Bishop
320,g04-036-00-06,of
320,g04-036-00-09,asked
320,g04-036-00-10,me
320,g04-036-00-11,to
320,g04-036-00-12,go
320,g04-036-00-13,as
320,g04-036-01-00,Vicar
320,g04-036-01-01,of
320,g04-036-01-07,Purley
320,g04-036-01-10,new
320,g04-036-01-11,church
320,g04-036-01-12,built
320,g04-036-02-00,by
320,g04-036-02-01,the
320,g04-036-02-05,George
320,g04-036-02-07,Prynne
320,g04-036-03-00,who
320,g04-036-03-01,was
320,g04-036-03-02,to
320,g04-036-03-03,become
320,g04-036-03-05,very
320,g04-036-03-07,friend
320,g04-036-03-09,and
320,g04-036-03-11,was
320,g04-036-04-00,later
320,g04-036-04-01,on
320,g04-036-04-02,joint
320,g04-036-04-04,of
320,g04-036-04-05,his
320,g04-036-04-06,estate
320,g04-036-04-07,with
320,g04-036-04-08,his
320,g04-036-05-01,cousin
320,g04-036-05-03,As
320,g04-036-05-04,Bishop
320,g04-036-05-05,Talbot
320,g04-036-05-06,had
320,g04-036-05-07,told
320,g04-036-05-08,me
320,g04-036-05-09,that
320,g04-036-06-00,ought
320,g04-036-06-01,not
320,g04-036-06-02,to
320,g04-036-06-03,spend
320,g04-036-06-04,many
320,g04-036-06-05,years
320,g04-036-06-06,in
320,g04-036-06-09,we
320,g04-036-06-10,held
320,g04-036-07-00,great
320,g04-036-07-01,family
320,g04-039-00-00,My
320,g04-039-00-01,eldest
320,g04-039-00-02,brother
320,g04-039-00-03,was
320,g04-039-00-04,then
320,g04-039-00-05,living
320,g04-039-00-06,in
320,g04-039-00-08,with
320,g04-039-01-00,his
320,g04-039-01-01,family
320,g04-039-01-03,and
320,g04-039-01-04,found
320,g04-039-01-06,very
320,g04-039-01-08,house
320,g04-039-01-09,nearby
320,g04-039-02-00,where
320,g04-039-02-01,my
320,g04-039-02-02,mother
320,g04-039-02-03,settled
320,g04-039-02-05,and
320,g04-039-02-07,died
320,g04-039-02-08,in
320,g04-039-03-00,at
320,g04-039-03-01,the
320,g04-039-03-02,age
320,g04-039-03-03,of
320,g04-039-03-07,Burge
320,g04-039-03-08,was
320,g04-039-03-09,not
320,g04-039-03-10,able
320,g04-039-03-11,to
320,g04-039-03-12,be
320,g04-039-03-13,present
320,g04-039-04-00,at
320,g04-039-04-01,the
320,g04-039-04-03,and
320,g04-039-04-05,Service
320,g04-039-04-06,in
320,g04-039-05-00,This
320,g04-039-05-01,was
320,g04-039-05-02,taken
320,g04-039-05-03,by
320,g04-039-05-04,the
320,g04-039-05-06,Bishop
320,g04-039-05-07,of
320,g04-039-06-01,John
320,g04-039-06-02,Leake
320,g04-039-06-04,who
320,g04-039-06-05,lived
320,g04-039-06-06,at
320,g04-039-06-09,and
320,g04-039-06-10,was
320,g04-039-07-01,close
320,g04-039-07-02,friend
320,g04-039-07-03,of
320,g04-039-07-04,ours
323,g04-055-00-00,We
323,g04-055-00-01,also
323,g04-055-00-02,had
323,g04-055-00-04,little
323,g04-055-00-05,Mission
323,g04-055-00-06,Hall
323,g04-055-00-07,leading
323,g04-055-00-08,off
323,g04-055-01-00,the
323,g04-055-01-02,Road
323,g04-055-01-04,in
323,g04-055-01-06,street
323,g04-055-01-07,full
323,g04-055-01-08,of
323,g04-055-01-09,small
323,g04-055-01-10,houses
323,g04-055-02-00,This
323,g04-055-02-01,was
323,g04-055-02-02,called
323,g04-055-02-03,Ellen
323,g04-055-02-04,Avenue
323,g04-055-02-05,when
323,g04-055-02-07,first
323,g04-055-02-08,went
323,g04-055-03-00,there
323,g04-055-03-02,but
323,g04-055-03-03,was
323,g04-055-03-04,soon
323,g04-055-03-05,changed
323,g04-055-03-06,into
323,g04-055-03-07,the
323,g04-055-04-01,name
323,g04-055-04-02,of
323,g04-055-04-04,Road
323,g04-055-04-06,There
323,g04-055-05-00,were
323,g04-055-05-01,lots
323,g04-055-05-02,of
323,g04-055-05-04,there
323,g04-055-05-06,and
323,g04-055-05-07,we
323,g04-055-05-08,had
323,g04-055-06-02,Sunday
323,g04-055-06-03,School
323,g04-055-06-04,and
323,g04-055-06-05,an
323,g04-055-06-06,evening
323,g04-055-07-00,service
323,g04-055-07-03,soon
323,g04-055-07-04,saw
323,g04-055-07-05,that
323,g04-055-07-06,the
323,g04-055-07-07,parish
323,g04-055-07-08,needed
323,g04-055-08-00,more
323,g04-055-08-01,help
323,g04-055-08-02,both
323,g04-055-08-03,at
323,g04-055-08-04,the
323,g04-055-08-05,church
323,g04-055-08-06,and
323,g04-055-08-07,Mission
531,m02-090-00-00,The
531,m02-090-00-01,motive
531,m02-090-00-02,would
531,m02-090-00-03,be
531,m02-090-00-04,the
531,m02-090-00-05,same
531,m02-090-00-06,in
531,m02-090-00-07,both
531,m02-090-00-08,cases
531,m02-090-00-10,to
531,m02-090-01-00,serve
531,m02-090-01-01,this
531,m02-090-01-02,home
531,m02-090-01-03,of
531,m02-090-01-04,his
531,m02-090-01-06,in
531,m02-090-01-07,which
531,m02-090-01-08,his
531,m02-090-01-09,heart
531,m02-090-01-10,lay
531,m02-090-02-00,Here
531,m02-090-02-01,the
531,m02-090-02-02,rocket
531,m02-090-02-04,charm
531,m02-090-02-05,was
531,m02-090-02-08,Yet
531,m02-090-03-00,when
531,m02-090-03-01,the
531,m02-090-03-02,time
531,m02-090-03-03,came
531,m02-090-03-04,to
531,m02-090-03-05,leave
531,m02-090-03-07,Harry
531,m02-090-03-08,felt
531,m02-090-03-09,as
531,m02-090-04-00,pressed
531,m02-090-04-01,as
531,m02-090-04-02,when
531,m02-090-04-03,he
531,m02-090-04-04,left
531,m02-090-04-07,office
531,m02-090-05-00,exactly
531,m02-090-05-02,month
531,m02-090-05-03,ago
531,m02-090-05-05,If
531,m02-090-05-06,even
531,m02-090-05-07,Mo
531,m02-090-05-09,only
531,m02-090-06-00,did
531,m02-090-06-01,what
531,m02-090-06-02,they
531,m02-090-06-03,had
531,m02-090-06-04,to
531,m02-090-06-05,do
531,m02-090-06-06,to
531,m02-090-06-07,get
531,m02-090-06-08,GO
531,m02-090-06-09,on
531,m02-090-06-10,an
531,m02-090-07-00,ding
531,m02-090-07-01,scale
531,m02-090-07-03,and
531,m02-090-07-04,left
531,m02-090-07-05,the
531,m02-090-07-07,of
531,m02-090-07-08,their
531,m02-090-07-09,actions
531,m02-090-08-00,and
531,m02-090-08-01,their
531,m02-090-08-02,lunar
531,m02-090-08-03,and
531,m02-090-08-04,earthly
531,m02-090-08-07,to
531,m02-090-08-08,luck
531,m02-090-09-01,or
531,m02-090-09-02,to
531,m02-090-09-03,Moke
531,m02-090-09-06,there
531,m02-090-09-07,was
531,m02-090-09-09,vacuum
531,m02-090-09-10,where
531,m02-090-09-11,there
531,m02-090-09-12,should
531,m02-090-10-00,be
531,m02-090-10-02,centre
531,m02-090-10-03,of
531,m02-090-10-04,trust
531,m02-090-10-07,for
531,m02-090-10-08,the
202,d06-000-00-00,In
202,d06-000-00-01,the
202,d06-000-00-02,first
202,d06-000-00-03,place
202,d06-000-00-04,it
202,d06-000-00-05,is
202,d06-000-00-06,not
202,d06-000-00-08,great
202,d06-000-00-09,deal
202,d06-000-01-00,of
202,d06-000-01-01,use
202,d06-000-01-02,telling
202,d06-000-01-03,even
202,d06-000-01-06,as
202,d06-000-01-08,have
202,d06-000-02-00,already
202,d06-000-02-03,not
202,d06-000-02-04,to
202,d06-000-02-05,be
202,d06-000-02-06,silly
202,d06-000-02-07,or
202,d06-000-03-00,to
202,d06-000-03-01,pull
202,d06-000-03-05,Far
202,d06-000-03-06,better
202,d06-000-04-00,to
202,d06-000-04-01,help
202,d06-000-04-02,them
202,d06-000-04-03,to
202,d06-000-04-04,face
202,d06-000-04-06,it
202,d06-000-04-07,is
202,d06-000-04-08,that
202,d06-000-05-00,is
202,d06-000-05-02,them
202,d06-000-05-04,to
202,d06-000-05-05,find
202,d06-000-05-06,the
202,d06-000-06-00,cause
202,d06-000-06-01,and
202,d06-000-06-02,then
202,d06-000-06-03,deal
202,d06-000-06-04,with
202,d06-000-06-05,it
202,d06-000-06-07,show
202,d06-000-06-08,it
202,d06-000-07-00,up
202,d06-000-07-01,either
202,d06-000-07-02,for
202,d06-000-07-03,the
202,d06-000-07-04,sham
202,d06-000-07-05,it
202,d06-000-07-06,is
202,d06-000-07-08,and
202,d06-000-07-09,many
202,d06-000-08-00,fears
202,d06-000-08-01,are
202,d06-000-08-02,based
202,d06-000-08-03,upon
202,d06-000-09-02,notions
202,d06-000-09-04,or
202,d06-000-09-05,to
202,d06-091-00-00,There
202,d06-091-00-01,may
202,d06-091-00-02,be
202,d06-091-00-03,some
202,d06-091-00-04,who
202,d06-091-00-05,will
202,d06-091-00-06,argue
202,d06-091-00-07,that
202,d06-091-01-00,routine
202,d06-091-01-02,the
202,d06-091-01-03,soul
202,d06-091-01-05,It
202,d06-091-01-06,is
202,d06-091-01-07,so
202,d06-091-01-08,easy
202,d06-091-02-00,they
202,d06-091-02-01,say
202,d06-091-02-03,to
202,d06-091-02-04,get
202,d06-091-02-05,into
202,d06-091-02-07,rut
202,d06-091-02-09,Save
202,d06-091-02-10,us
202,d06-091-03-00,from
202,d06-091-03-01,the
202,d06-091-03-02,school
202,d06-091-03-04,and
202,d06-091-03-05,even
202,d06-091-04-00,worse
202,d06-091-04-01,the
202,d06-091-04-02,school
202,d06-091-04-03,system
202,d06-091-04-04,whereby
202,d06-091-04-05,for
202,d06-091-05-00,meals
202,d06-091-05-02,knows
202,d06-091-06-00,exactly
202,d06-091-06-01,what
202,d06-091-06-03,on
202,d06-091-06-04,any
202,d06-091-06-05,given
202,d06-091-06-06,day
202,d06-091-06-07,of
202,d06-091-06-08,the
202,d06-091-07-00,week
202,d06-091-07-02,they
202,d06-091-07-03,are
202,d06-091-07-04,going
202,d06-091-07-05,to
202,d06-091-07-06,have
202,d06-091-07-08,If
202,d06-091-07-10,such
202,d06-091-08-01,critic
202,d06-091-08-02,may
202,d06-091-08-03,say
202,d06-091-08-05,you
202,d06-091-08-06,are
202,d06-091-08-07,calling
202,d06-091-09-00,us
202,d06-091-09-01,to
202,d06-091-09-04,do
202,d06-091-09-05,not
202,d06-091-09-07,us
202,d06-091-09-08,before
202,d06-091-10-00,we
202,d06-091-10-01,start
202,d06-091-10-02,by
202,d06-091-10-03,putting
202,d06-091-10-04,us
202,d06-091-10-05,into
202,e06-006-00-00,The
202,e06-006-00-01,effect
202,e06-006-00-02,of
202,e06-006-00-03,bottom
202,e06-006-00-05,due
202,e06-006-00-06,to
202,e06-006-01-00,the
202,e06-006-01-01,light
202,e06-006-01-03,is
202,e06-006-01-05,mixed
202,e06-006-02-00,with
202,e06-006-02-01,that
202,e06-006-02-02,of
202,e06-006-02-03,the
202,e06-006-02-05,of
202,e06-006-02-06,ground
202,e06-006-03-00,for
202,e06-006-03-03,Both
202,e06-006-03-04,result
202,e06-006-03-05,in
202,e06-006-04-00,so
202,e06-006-04-01,there
202,e06-006-04-02,is
202,e06-006-04-03,no
202,e06-006-04-04,need
202,e06-006-04-05,to
202,e06-006-04-06,try
202,e06-006-04-07,to
202,e06-006-05-00,them
202,e06-006-05-02,thank
202,e06-006-05-03,Heaven
202,e06-006-05-06,good
202,e06-006-05-07,picture
202,e06-006-05-08,of
202,e06-006-06-00,this
202,e06-006-06-01,is
202,e06-006-06-02,seen
202,e06-006-06-03,on
202,e06-006-06-04,the
202,e06-006-06-06,miles
202,e06-006-06-07,of
202,e06-006-07-00,grounds
202,e06-006-07-01,from
202,e06-006-07-02,the
202,e06-006-07-03,Viking
202,e06-006-07-04,in
202,e06-006-07-05,the
202,e06-006-07-06,north
202,e06-006-07-07,down
202,e06-006-08-00,to
202,e06-006-08-01,the
202,e06-006-08-03,and
202,e06-006-08-04,the
202,e06-006-08-05,Reef
202,e06-006-08-06,along
202,e06-006-09-00,the
202,e06-006-09-01,western
202,e06-006-09-02,edge
202,e06-006-09-03,of
202,e06-006-09-04,the
202,e06-006-10-00,Deep
202,e06-037-00-00,The
202,e06-037-00-01,East
202,e06-037-00-02,Anglian
202,e06-037-00-05,see
202,e06-037-01-00,has
202,e06-037-01-01,always
202,e06-037-01-03,from
202,e06-037-01-04,that
202,e06-037-01-05,of
202,e06-037-01-06,the
202,e06-037-02-00,summer
202,e06-037-02-03,There
202,e06-037-02-04,is
202,e06-037-02-05,the
202,e06-037-02-07,swim
202,e06-037-03-00,at
202,e06-037-03-01,slack
202,e06-037-03-02,waters
202,e06-037-03-04,even
202,e06-037-03-05,in
202,e06-037-04-02,and
202,e06-037-04-03,the
202,e06-037-04-04,high
202,e06-037-05-00,when
202,e06-037-05-01,fish
202,e06-037-05-02,are
202,e06-037-05-03,caught
202,e06-037-05-04,only
202,e06-037-05-05,in
202,e06-037-05-06,the
202,e06-037-05-07,top
202,e06-037-06-00,few
202,e06-037-06-01,yards
202,e06-037-06-02,of
202,e06-037-06-03,netting
202,e06-037-06-05,These
202,e06-037-06-06,and
202,e06-037-06-07,other
202,e06-037-07-03,are
202,e06-037-08-00,to
202,e06-037-08-01,this
202,e06-037-08-02,fishery
202,e06-037-08-04,which
202,e06-037-08-06,seems
202,e06-037-09-00,to
202,e06-037-09-01,be
202,e06-037-09-02,dying
202,e06-037-09-03,out
202,e06-037-09-05,but
202,e06-037-09-07,full
202,e06-037-09-09,of
202,e06-037-10-00,them
202,e06-037-10-01,is
202,e06-037-10-02,beyond
202,e06-037-10-03,the
202,e06-037-10-04,present
202,e06-037-10-05,scope
202,e06-041-00-00,The
202,e06-041-00-02,Theory
202,e06-041-00-04,This
202,e06-041-00-05,assumes
202,e06-041-01-00,that
202,e06-041-01-01,all
202,e06-041-01-02,fishing
202,e06-041-01-03,gear
202,e06-041-01-05,when
202,e06-041-01-06,moving
202,e06-041-02-00,sends
202,e06-041-02-01,before
202,e06-041-02-02,it
202,e06-041-02-04,kind
202,e06-041-02-05,of
202,e06-041-02-06,scaring
202,e06-041-02-07,effect
202,e06-041-03-01,through
202,e06-041-03-02,waves
202,e06-041-03-03,or
202,e06-041-03-05,in
202,e06-041-04-00,the
202,e06-041-04-01,water
202,e06-041-04-02,or
202,e06-041-04-03,along
202,e06-041-04-04,the
202,e06-041-04-05,ground
202,e06-041-05-01,films
202,e06-041-05-02,suggest
202,e06-041-05-03,that
202,e06-041-05-04,the
202,e06-041-06-01,of
202,e06-041-06-03,trawl
202,e06-041-06-04,does
202,e06-041-06-05,this
202,e06-041-06-07,Films
202,e06-041-07-00,have
202,e06-041-07-01,also
202,e06-041-07-02,shown
202,e06-041-07-03,plaice
202,e06-041-07-04,moving
202,e06-041-07-05,before
202,e06-041-08-01,seine
202,e06-041-08-02,net
202,e06-041-08-03,in
202,e06-041-08-04,just
202,e06-041-08-05,the
202,e06-041-08-06,same
202,e06-041-08-07,way
202,e06-041-08-08,after
202,e06-041-09-00,being
202,e06-041-09-02,inwards
202,e06-041-09-03,by
202,e06-041-09-04,the
202,e06-041-09-05,ropes
184,d04-005-00-01,to
184,d04-005-00-02,the
184,d04-005-00-03,legend
184,d04-005-00-05,Solomon
184,d04-005-00-06,had
184,d04-005-00-07,asked
184,d04-005-00-08,the
184,d04-005-01-00,Prince
184,d04-005-01-01,of
184,d04-005-01-02,the
184,d04-005-01-03,Demons
184,d04-005-01-08,to
184,d04-005-01-09,bring
184,d04-005-01-10,him
184,d04-005-02-00,the
184,d04-005-02-01,Shamir
184,d04-005-02-02,and
184,d04-005-02-04,told
184,d04-005-02-05,him
184,d04-005-02-06,that
184,d04-005-02-07,the
184,d04-005-03-00,Shamir
184,d04-005-03-01,had
184,d04-005-03-02,not
184,d04-005-03-03,been
184,d04-005-03-04,placed
184,d04-005-03-05,under
184,d04-005-03-06,his
184,d04-005-03-07,charge
184,d04-005-03-09,as
184,d04-005-04-00,there
184,d04-005-04-01,is
184,d04-005-04-02,no
184,d04-005-04-03,Shamir
184,d04-005-04-04,in
184,d04-005-04-05,Gehenna
184,d04-005-04-07,Hell
184,d04-005-04-10,An
184,d04-005-04-11,eagle
184,d04-005-05-00,brought
184,d04-005-05-01,the
184,d04-005-05-02,Shamir
184,d04-005-05-03,to
184,d04-005-05-04,Solomon
184,d04-005-05-05,from
184,d04-005-05-06,Eden
184,d04-005-06-00,the
184,d04-005-06-03,the
184,d04-005-06-04,only
184,d04-005-06-05,place
184,d04-005-06-06,where
184,d04-005-06-07,the
184,d04-005-06-08,Shamir
184,d04-005-07-00,could
184,d04-005-07-01,be
184,d04-005-07-02,found
184,d04-008-00-00,The
184,d04-008-00-01,Talmud
184,d04-008-00-03,that
184,d04-008-00-04,the
184,d04-008-00-05,Shamir
184,d04-008-00-06,lives
184,d04-008-00-07,in
184,d04-008-01-03,and
184,d04-008-01-04,only
184,d04-008-01-05,some
184,d04-008-01-06,rare
184,d04-008-01-07,birds
184,d04-008-01-08,know
184,d04-008-02-00,the
184,d04-008-02-02,of
184,d04-008-02-03,it
184,d04-008-02-05,These
184,d04-008-02-06,birds
184,d04-008-02-07,are
184,d04-008-02-09,the
184,d04-008-03-00,and
184,d04-008-03-01,the
184,d04-008-03-04,We
184,d04-008-03-05,are
184,d04-008-03-06,also
184,d04-008-03-07,told
184,d04-008-03-08,that
184,d04-008-03-09,the
184,d04-008-03-10,Shamir
184,d04-008-04-00,is
184,d04-008-04-01,the
184,d04-008-04-02,stylus
184,d04-008-04-03,used
184,d04-008-04-04,by
184,d04-008-04-05,Moses
184,d04-008-04-07,and
184,d04-008-04-08,this
184,d04-008-04-09,stylus
184,d04-008-04-10,is
184,d04-008-05-00,as
184,d04-008-05-02,very
184,d04-008-05-05,and
184,d04-008-05-06,very
184,d04-008-05-07,adamant
178,d01-056-00-00,The
178,d01-056-00-01,most
178,d01-056-00-03,one
178,d01-056-00-04,for
178,d01-056-00-05,the
178,d01-056-00-06,authors
178,d01-056-01-00,has
178,d01-056-01-01,been
178,d01-056-01-02,the
178,d01-056-01-03,text
178,d01-056-01-04,of
178,d01-056-01-06,Souter
178,d01-056-01-08,In
178,d01-056-01-09,this
178,d01-056-02-00,version
178,d01-056-02-01,of
178,d01-056-02-02,the
178,d01-056-02-03,text
178,d01-056-02-04,the
178,d01-056-02-05,Fourth
178,d01-056-02-06,Gospel
178,d01-056-02-07,is
178,d01-056-03-00,printed
178,d01-056-03-01,as
178,d01-056-03-02,just
178,d01-056-03-03,over
178,d01-056-03-06,nouns
178,d01-056-04-00,verbs
178,d01-056-04-02,and
178,d01-056-04-03,other
178,d01-056-04-04,parts
178,d01-056-04-05,of
178,d01-056-04-06,speech
178,d01-056-05-01,times
178,d01-056-05-02,in
178,d01-056-05-03,their
178,d01-056-06-00,forms
178,d01-056-06-02,There
178,d01-056-06-03,are
178,d01-056-06-04,other
178,d01-056-06-05,texts
178,d01-056-06-06,which
178,d01-056-06-07,could
178,d01-056-07-00,have
178,d01-056-07-01,been
178,d01-056-07-02,used
178,d01-056-07-04,and
178,d01-056-07-06,as
178,d01-056-07-07,shown
178,d01-056-07-08,in
178,d01-056-07-09,Table
178,d01-056-08-00,it
178,d01-056-08-01,is
178,d01-056-08-02,not
178,d01-056-08-04,matter
178,d01-056-08-05,of
178,d01-056-08-06,the
178,d01-056-09-00,which
178,d01-056-09-01,text
178,d01-056-09-02,is
178,d01-056-09-03,used
178,d01-060-00-00,At
178,d01-060-00-01,first
178,d01-060-00-02,sight
178,d01-060-00-03,the
178,d01-060-00-05,between
178,d01-060-01-00,Souter
178,d01-060-01-01,and
178,d01-060-01-02,the
178,d01-060-01-03,other
178,d01-060-01-04,texts
178,d01-060-01-05,is
178,d01-060-01-06,rather
178,d01-060-02-00,large
178,d01-060-02-02,But
178,d01-060-02-03,the
178,d01-060-02-04,British
178,d01-060-02-05,text
178,d01-060-03-00,the
178,d01-060-03-04,the
178,d01-060-03-05,Woman
178,d01-060-04-00,taken
178,d01-060-04-01,in
178,d01-060-04-04,and
178,d01-060-04-05,this
178,d01-060-05-00,for
178,d01-060-05-02,words
178,d01-060-05-03,out
178,d01-060-05-04,of
178,d01-060-05-07,which
178,d01-060-05-08,is
178,d01-060-06-00,the
178,d01-060-06-02,between
178,d01-060-06-03,the
178,d01-060-06-05,words
178,d01-060-07-00,of
178,d01-060-07-02,text
178,d01-060-07-03,and
178,d01-060-07-04,the
178,d01-060-07-06,of
178,d01-060-08-00,The
178,d01-060-08-02,or
178,d01-060-08-04,of
178,d01-060-08-05,this
178,d01-060-09-00,is
178,d01-060-09-02,matter
178,d01-060-09-03,of
178,d01-060-09-06,rather
613,p03-009-00-01,If
613,p03-009-00-03,were
613,p03-009-00-05,tramp
613,p03-009-00-07,would
613,p03-009-00-08,simply
613,p03-009-00-09,blow
613,p03-009-01-00,feather
613,p03-009-01-03,she
613,p03-009-01-04,decided
613,p03-009-01-06,rather
613,p03-009-01-07,envying
613,p03-009-01-08,the
613,p03-009-02-00,man
613,p03-009-02-01,of
613,p03-009-02-02,the
613,p03-009-02-03,road
613,p03-009-02-04,his
613,p03-009-02-05,freedom
613,p03-009-02-06,of
613,p03-009-02-09,and
613,p03-009-03-00,wishing
613,p03-009-03-01,life
613,p03-009-03-02,would
613,p03-009-03-04,allow
613,p03-009-04-00,women
613,p03-009-04-01,doctors
613,p03-009-04-02,to
613,p03-009-04-03,blow
613,p03-009-04-05,feather
613,p03-009-04-06,and
613,p03-009-04-07,follow
613,p03-009-04-08,its
613,p03-009-05-00,airy
613,p03-009-05-05,If
613,p03-009-05-07,were
613,p03-009-05-08,needing
613,p03-009-06-00,job
613,p03-009-06-03,go
613,p03-009-06-04,to
613,p03-009-06-05,London
613,p03-009-06-07,of
613,p03-009-06-08,course
613,p03-009-06-11,she
613,p03-009-06-12,went
613,p03-009-06-13,on
627,p03-151-00-02,it
627,p03-151-00-05,he
627,p03-151-00-06,rose
627,p03-151-00-07,and
627,p03-151-00-09,himself
627,p03-151-01-00,down
627,p03-151-01-03,Ask
627,p03-151-01-04,any
627,p03-151-01-07,Anyhow
627,p03-151-02-00,that
627,p03-151-02-02,problem
627,p03-151-02-04,looming
627,p03-151-02-05,at
627,p03-151-03-00,the
627,p03-151-03-01,moment
627,p03-151-03-03,thank
627,p03-151-03-04,God
627,p03-151-03-07,Problem
627,p03-151-04-00,looming
627,p03-151-04-04,Are
627,p03-151-04-05,we
627,p03-151-05-00,or
627,p03-151-05-02,burial
627,p03-151-05-05,she
627,p03-151-05-06,asked
627,p03-151-05-08,hardly
627,p03-151-06-00,he
627,p03-151-06-01,could
627,p03-151-06-02,be
627,p03-151-06-03,serious
627,p03-151-06-06,Surely
627,p03-151-07-00,me
627,p03-151-07-02,going
627,p03-151-07-03,to
627,p03-151-07-04,be
627,p03-151-07-05,all
627,p03-151-07-06,that
627,p03-151-07-07,bad
176,d01-024-00-00,Most
176,d01-024-00-01,of
176,d01-024-00-02,those
176,d01-024-00-03,who
176,d01-024-00-04,expound
176,d01-024-00-06,theory
176,d01-024-00-07,of
176,d01-024-00-08,textual
176,d01-024-01-01,take
176,d01-024-01-02,it
176,d01-024-01-03,for
176,d01-024-01-04,granted
176,d01-024-01-05,that
176,d01-024-01-06,the
176,d01-024-01-07,Gospel
176,d01-024-01-08,was
176,d01-024-02-00,written
176,d01-024-02-02,by
176,d01-024-02-03,one
176,d01-024-02-04,author
176,d01-024-02-05,before
176,d01-024-02-06,the
176,d01-024-03-01,took
176,d01-024-03-02,place
176,d01-024-03-03,but
176,d01-024-03-05,few
176,d01-024-03-06,leave
176,d01-024-03-07,it
176,d01-024-03-08,open
176,d01-024-04-00,to
176,d01-024-04-01,suppose
176,d01-024-04-02,that
176,d01-024-04-03,the
176,d01-024-04-05,book
176,d01-024-04-06,had
176,d01-024-04-07,been
176,d01-024-05-00,revised
176,d01-024-05-01,even
176,d01-024-05-02,before
176,d01-024-05-03,the
176,d01-024-05-06,The
176,d01-024-06-00,of
176,d01-024-06-01,the
176,d01-024-06-03,is
176,d01-024-06-05,and
176,d01-024-06-06,is
176,d01-024-06-07,the
176,d01-024-06-08,best
176,d01-024-07-01,against
176,d01-024-07-02,them
176,d01-024-08-00,Thomas
176,d01-024-08-01,Spreng
574,n03-079-00-00,When
574,n03-079-00-01,the
574,n03-079-00-02,wind
574,n03-079-00-03,was
574,n03-079-00-04,on
574,n03-079-00-06,rampage
574,n03-079-00-08,as
574,n03-079-00-09,it
574,n03-079-00-10,was
574,n03-079-01-00,now
574,n03-079-01-02,it
574,n03-079-01-03,could
574,n03-079-01-04,kick
574,n03-079-01-05,up
574,n03-079-02-00,where
574,n03-079-02-01,it
574,n03-079-02-02,had
574,n03-079-02-05,blow
574,n03-079-02-06,of
574,n03-079-02-07,eight
574,n03-079-02-08,miles
574,n03-079-03-00,down
574,n03-079-03-01,the
574,n03-079-03-02,lake
574,n03-079-03-05,Big
574,n03-079-03-06,blow
574,n03-079-03-08,Judge
574,n03-079-04-00,marked
574,n03-079-04-01,Willie
574,n03-079-04-02,Kim
574,n03-079-04-03,as
574,n03-079-04-04,the
574,n03-079-04-05,wind
574,n03-079-05-00,out
574,n03-079-05-01,and
574,n03-079-05-02,sucked
574,n03-079-05-03,in
574,n03-079-05-04,his
574,n03-079-05-05,baggy
574,n03-079-05-06,black
574,n03-079-06-00,blouse
574,n03-079-06-01,and
621,p03-069-00-00,But
621,p03-069-00-01,after
621,p03-069-00-02,that
621,p03-069-00-03,slight
621,p03-069-00-04,slip
621,p03-069-00-05,of
621,p03-069-00-06,the
621,p03-069-00-07,tongue
621,p03-069-00-08,on
621,p03-069-00-10,part
621,p03-069-00-11,she
621,p03-069-00-12,had
621,p03-069-01-01,it
621,p03-069-01-02,was
621,p03-069-01-04,enough
621,p03-069-01-05,for
621,p03-069-01-06,her
621,p03-069-01-07,to
621,p03-069-01-08,have
621,p03-069-01-11,and
621,p03-069-01-12,it
621,p03-069-02-00,was
621,p03-069-02-01,as
621,p03-069-02-02,though
621,p03-069-02-04,red
621,p03-069-02-05,mist
621,p03-069-02-06,veiled
621,p03-069-02-07,her
621,p03-069-02-08,usually
621,p03-069-02-09,clear
621,p03-069-02-10,sight
621,p03-069-02-11,and
621,p03-069-03-00,made
621,p03-069-03-01,her
621,p03-069-03-02,think
621,p03-069-03-03,there
621,p03-069-03-04,was
621,p03-069-03-05,an
621,p03-069-03-06,abyss
621,p03-069-03-08,ahead
621,p03-069-04-01,Nigel
621,p03-069-04-04,she
621,p03-069-04-05,had
621,p03-069-04-07,him
621,p03-069-04-10,you
621,p03-069-04-11,know
621,p03-069-04-12,that
621,p03-069-04-13,evening
621,p03-069-05-00,you
621,p03-069-05-01,took
621,p03-069-05-02,Luke
621,p03-069-05-04,surgery
621,p03-069-05-05,and
621,p03-069-05-06,there
621,p03-069-05-07,was
621,p03-069-05-09,woman
621,p03-069-06-00,with
621,p03-069-06-02,cyst
621,p03-069-06-03,on
621,p03-069-06-04,her
621,p03-069-06-05,ear
193,d04-081-00-00,Ben
193,d04-081-00-01,Zoma
193,d04-081-00-02,said
193,d04-081-00-05,The
193,d04-081-00-06,days
193,d04-081-00-07,of
193,d04-081-00-09,life
193,d04-081-01-00,means
193,d04-081-01-01,in
193,d04-081-01-02,the
193,d04-081-01-05,all
193,d04-081-01-06,the
193,d04-081-01-07,days
193,d04-081-01-08,of
193,d04-081-02-01,life
193,d04-081-02-02,means
193,d04-081-02-03,even
193,d04-081-02-04,at
193,d04-081-03-04,And
193,d04-081-03-05,the
193,d04-081-03-06,Rabbis
193,d04-081-03-07,thought
193,d04-081-04-00,it
193,d04-081-04-02,that
193,d04-081-04-03,when
193,d04-081-04-04,we
193,d04-081-04-05,read
193,d04-081-04-06,the
193,d04-081-05-00,Shmah
193,d04-081-05-02,to
193,d04-081-05-03,be
193,d04-081-05-04,willing
193,d04-081-05-05,to
193,d04-081-05-06,hear
193,d04-081-05-09,we
193,d04-081-06-00,should
193,d04-081-06-02,the
193,d04-081-06-03,Great
193,d04-081-07-03,and
193,d04-081-07-04,its
193,d04-081-08-00,with
193,d04-081-08-01,the
193,d04-081-08-02,fringes
193,d04-081-08-04,the
193,f04-093-00-00,At
193,f04-093-00-01,Clapham
193,f04-093-01-00,was
193,f04-093-01-01,able
193,f04-093-01-02,to
193,f04-093-01-06,of
193,f04-093-01-07,the
193,f04-093-02-00,girl
193,f04-093-02-02,and
193,f04-093-02-03,he
193,f04-093-02-04,said
193,f04-093-02-05,he
193,f04-093-02-06,had
193,f04-093-02-07,last
193,f04-093-02-08,seen
193,f04-093-02-09,her
193,f04-093-03-00,on
193,f04-093-03-02,six
193,f04-093-03-03,waiting
193,f04-093-03-04,to
193,f04-093-03-05,board
193,f04-093-04-01,train
193,f04-093-04-02,for
193,f04-093-04-03,the
193,f04-093-04-04,short
193,f04-093-04-05,run
193,f04-093-04-06,to
193,f04-093-05-02,at
193,f04-093-05-04,said
193,f04-093-05-05,he
193,f04-093-05-06,had
193,f04-093-05-07,seen
193,f04-093-06-01,young
193,f04-093-06-02,lady
193,f04-093-06-04,as
193,f04-093-06-05,near
193,f04-093-06-06,as
193,f04-093-07-00,like
193,f04-093-07-01,the
193,f04-093-07-03,shown
193,f04-093-07-04,him
193,f04-093-07-06,with
193,f04-093-08-01,man
193,f04-093-08-03,very
193,f04-093-08-04,close
193,f04-093-08-05,in
193,f04-093-08-07,and
193,f04-093-09-00,walking
193,f04-093-09-01,arm
193,f04-093-09-02,in
193,f04-093-09-03,arm
193,f04-096-00-01,guard
193,f04-096-00-03,that
193,f04-096-00-04,at
193,f04-096-00-05,East
193,f04-096-00-06,Croydon
193,f04-096-01-00,he
193,f04-096-01-01,had
193,f04-096-01-02,seen
193,f04-096-01-03,what
193,f04-096-01-04,was
193,f04-096-01-06,as
193,f04-096-01-07,the
193,f04-096-02-00,same
193,f04-096-02-01,couple
193,f04-096-02-02,sitting
193,f04-096-02-03,close
193,f04-096-02-05,in
193,f04-096-03-03,of
193,f04-096-03-04,the
193,f04-096-04-00,train
193,f04-096-04-01,from
193,f04-096-04-02,London
193,f04-096-04-03,Bridge
193,f04-096-04-04,of
193,f04-096-04-05,which
193,f04-096-05-00,he
193,f04-096-05-01,was
193,f04-096-05-02,in
193,f04-096-05-03,charge
193,f04-096-05-05,The
193,f04-096-05-06,two
193,f04-096-05-07,could
193,f04-096-06-00,have
193,f04-096-06-01,joined
193,f04-096-06-02,this
193,f04-096-06-03,train
193,f04-096-06-04,by
193,f04-096-06-05,taking
193,f04-096-07-00,one
193,f04-096-07-01,from
193,f04-096-07-03,and
193,f04-096-08-00,at
193,f04-096-08-01,East
193,f04-096-08-02,Croydon
193,f04-096-08-04,He
193,f04-096-08-05,also
193,f04-096-09-00,that
193,f04-096-09-01,they
193,f04-096-09-02,had
193,f04-096-09-03,still
193,f04-096-09-04,been
193,f04-096-09-06,at
193,f04-096-10-00,South
193,f04-096-10-01,Croydon
193,f04-096-10-03,and
193,f04-096-10-04,he
193,f04-100-00-00,Medical
193,f04-100-00-03,that
193,f04-100-00-04,Mary
193,f04-100-01-00,Money
193,f04-100-01-01,had
193,f04-100-01-02,been
193,f04-100-01-03,dead
193,f04-100-01-04,for
193,f04-100-01-05,about
193,f04-100-01-06,an
193,f04-100-02-00,hour
193,f04-100-02-01,before
193,f04-100-02-02,her
193,f04-100-02-03,body
193,f04-100-02-04,was
193,f04-100-03-00,and
193,f04-100-03-01,this
193,f04-100-03-02,matched
193,f04-100-03-04,well
193,f04-100-03-05,with
193,f04-100-04-00,the
193,f04-100-04-02,of
193,f04-100-04-03,the
193,f04-100-04-04,train
193,f04-100-04-05,in
193,f04-100-05-00,More
193,f04-100-05-03,came
193,f04-100-05-04,from
193,f04-100-06-01,at
193,f04-100-06-02,Purley
193,f04-100-06-03,Oaks
193,f04-100-06-05,who
193,f04-100-06-06,had
193,f04-100-07-00,seen
193,f04-100-07-02,as
193,f04-100-07-03,the
193,f04-100-07-04,train
193,f04-100-07-05,passed
193,f04-100-07-06,his
193,f04-100-07-07,box
193,f04-100-08-00,couple
193,f04-100-08-02,in
193,f04-100-09-02,but
193,f04-100-09-03,he
193,f04-100-09-04,seemed
193,f04-100-09-05,to
193,f04-100-09-06,have
193,f04-100-10-00,been
193,f04-100-10-01,used
193,f04-100-10-02,to
193,f04-100-10-03,seeing
193,f04-100-10-04,couples
193,f04-100-10-05,engaged
193,f04-100-10-06,in
586,n04-171-00-00,Ever
586,n04-171-00-01,been
586,n04-171-00-02,out
586,n04-171-00-03,in
586,n04-171-00-09,give
586,n04-171-01-00,you
586,n04-171-01-02,spin
586,n04-171-01-03,round
586,n04-171-01-04,one
586,n04-171-01-05,of
586,n04-171-01-06,these
586,n04-171-01-07,days
586,n04-171-01-09,if
586,n04-171-01-10,you
586,n04-171-02-00,like
586,n04-171-02-02,You
586,n04-171-02-03,could
586,n04-171-02-04,write
586,n04-171-02-05,it
586,n04-171-02-06,up
586,n04-171-02-09,Bawley
586,n04-171-02-10,made
586,n04-171-02-12,face
586,n04-171-03-01,Not
586,n04-171-03-02,in
586,n04-171-03-05,old
586,n04-171-03-06,man
586,n04-171-03-10,Why
586,n04-171-03-11,not
586,n04-171-04-01,Better
586,n04-171-04-02,ask
586,n04-171-04-03,Robbie
586,n04-171-04-04,Munyard
586,n04-171-04-08,What
586,n04-171-04-10,he
586,n04-171-04-11,been
586,n04-171-05-00,saying
586,n04-171-05-03,John
586,n04-171-05-04,was
586,n04-171-05-05,furious
586,n04-171-05-07,The
586,n04-171-05-08,little
586,n04-171-05-09,squirt
586,n04-171-06-00,To
586,n04-171-06-01,go
586,n04-171-06-02,gassing
586,n04-171-06-03,to
586,n04-171-06-06,man
586,n04-183-00-01,Look
586,n04-183-00-04,he
586,n04-183-00-05,went
586,n04-183-00-06,on
586,n04-183-00-10,You
586,n04-183-00-12,not
586,n04-183-00-13,going
586,n04-183-01-00,to
586,n04-183-01-01,write
586,n04-183-01-02,up
586,n04-183-01-04,in
586,n04-183-01-05,some
586,n04-183-01-06,way
586,n04-183-01-07,or
586,n04-183-01-08,other
586,n04-183-01-10,are
586,n04-183-02-00,you
586,n04-183-02-04,What
586,n04-183-02-05,is
586,n04-183-02-06,there
586,n04-183-02-07,to
586,n04-183-02-08,write
586,n04-183-02-09,up
586,n04-183-02-12,said
586,n04-183-03-00,Bawley
586,n04-183-03-03,There
586,n04-183-03-04,are
586,n04-183-03-07,in
586,n04-183-04-00,the
586,n04-183-04-01,Navy
586,n04-183-04-03,why
586,n04-183-04-04,should
586,n04-183-04-06,pick
586,n04-183-04-07,on
586,n04-183-05-00,John
586,n04-183-05-01,eyed
586,n04-183-05-02,him
586,n04-183-05-06,It
586,n04-183-05-08,the
586,n04-183-06-03,it
586,n04-183-06-06,he
586,n04-183-06-07,said
586,n04-183-06-08,quietly
586,n04-190-00-03,want
586,n04-190-00-04,it
586,n04-190-00-05,to
586,n04-190-00-06,happen
586,n04-190-00-07,again
586,n04-190-00-10,said
586,n04-190-00-11,Bawley
586,n04-190-01-01,more
586,n04-190-01-02,so
586,n04-190-01-03,than
586,n04-190-01-04,ever
586,n04-190-01-05,since
586,n04-190-01-07,met
586,n04-190-01-08,you
586,n04-190-02-01,What
586,n04-190-02-02,did
586,n04-190-02-03,Munyard
586,n04-190-02-04,say
586,n04-190-02-08,The
586,n04-190-02-09,Snort
586,n04-190-02-11,hull
586,n04-190-03-00,fitting
586,n04-190-03-07,was
586,n04-190-03-08,to
586,n04-190-03-09,tell
586,n04-190-03-10,you
586,n04-190-03-11,that
586,n04-190-04-00,we
586,n04-190-04-02,had
586,n04-190-04-04,entire
586,n04-190-04-05,Snort
586,n04-190-04-07,removed
586,n04-190-05-00,and
586,n04-190-05-02,and
586,n04-190-05-03,that
586,n04-190-05-04,it
586,n04-190-05-05,was
586,n04-190-05-06,as
586,n04-190-05-07,sound
586,n04-190-05-08,as
586,n04-190-05-10,bell
586,n04-190-06-00,said
586,n04-190-06-01,John
586,n04-195-00-01,Munyard
586,n04-195-00-03,tell
586,n04-195-00-04,me
586,n04-195-00-05,that
586,n04-195-00-07,But
586,n04-195-00-09,must
586,n04-195-00-10,confess
586,n04-195-01-04,But
586,n04-195-01-05,it
586,n04-195-01-06,still
586,n04-195-01-08,do
586,n04-195-01-09,away
586,n04-195-02-00,with
586,n04-195-02-01,the
586,n04-195-02-03,of
586,n04-195-02-04,faulty
586,n04-195-02-05,design
586,n04-195-02-08,He
586,n04-195-02-09,held
586,n04-195-03-00,out
586,n04-195-03-01,his
586,n04-195-03-02,hand
586,n04-195-03-05,Maybe
586,n04-195-03-07,will
586,n04-195-03-08,take
586,n04-195-03-10,trip
586,n04-195-03-11,with
586,n04-195-03-12,you
586,n04-195-04-00,one
586,n04-195-04-01,of
586,n04-195-04-02,these
586,n04-195-04-03,days
586,n04-195-04-06,he
586,n04-195-04-07,said
586,n04-195-04-10,In
586,n04-195-04-11,the
586,n04-195-05-02,tell
586,n04-195-05-03,my
586,n04-195-05-04,editor
586,n04-195-05-05,that
586,n04-195-05-06,the
586,n04-195-05-07,story
586,n04-195-05-10,dead
586,n04-195-05-11,bird
324,g04-060-00-00,The
324,g04-060-00-01,Church
324,g04-060-00-02,Army
324,g04-060-00-03,Captain
324,g04-060-00-04,had
324,g04-060-00-05,done
324,g04-060-00-06,very
324,g04-060-00-07,good
324,g04-060-00-08,work
324,g04-060-00-09,in
324,g04-060-00-10,the
324,g04-060-01-01,Road
324,g04-060-01-04,but
324,g04-060-01-06,needed
324,g04-060-01-07,more
324,g04-060-01-08,help
324,g04-060-01-09,in
324,g04-060-01-10,the
324,g04-060-02-00,church
324,g04-060-02-01,for
324,g04-060-02-02,the
324,g04-060-02-03,full
324,g04-060-02-04,rota
324,g04-060-02-05,of
324,g04-060-02-07,on
324,g04-060-02-08,Sundays
324,g04-060-02-09,and
324,g04-060-03-00,Most
324,g04-060-03-03,was
324,g04-060-03-04,able
324,g04-060-03-05,to
324,g04-060-03-06,engage
324,g04-060-03-07,the
324,g04-060-03-11,Evitt
324,g04-060-03-12,in
324,g04-060-04-01,soon
324,g04-060-04-02,after
324,g04-060-04-04,had
324,g04-060-04-05,come
324,g04-060-04-07,and
324,g04-060-04-08,he
324,g04-060-04-10,the
324,g04-060-04-11,Mission
324,g04-060-05-01,and
324,g04-060-05-02,got
324,g04-060-05-03,to
324,g04-060-05-04,know
324,g04-060-05-06,and
324,g04-060-05-07,be
324,g04-060-05-08,known
324,g04-060-05-09,by
324,g04-060-05-11,many
324,g04-060-05-12,of
324,g04-060-06-00,the
324,g04-060-06-01,people
324,g04-060-06-02,of
324,g04-060-06-03,the
324,g04-060-06-04,parish
324,g04-063-00-01,great
324,g04-063-00-02,blow
324,g04-063-00-04,all
324,g04-063-00-05,our
324,g04-063-00-06,efforts
324,g04-063-00-07,in
324,g04-063-00-08,the
324,g04-063-01-00,year
324,g04-063-01-04,when
324,g04-063-01-05,war
324,g04-063-01-06,broke
324,g04-063-01-07,out
324,g04-063-01-09,Very
324,g04-063-01-10,soon
324,g04-063-01-12,for
324,g04-063-02-00,the
324,g04-063-02-01,Forces
324,g04-063-02-02,were
324,g04-063-02-04,needed
324,g04-063-02-06,and
324,g04-063-02-08,felt
324,g04-063-02-09,clearly
324,g04-063-03-00,that
324,g04-063-03-01,one
324,g04-063-03-02,of
324,g04-063-03-03,us
324,g04-063-03-04,must
324,g04-063-03-07,The
324,g04-063-03-08,Bishop
324,g04-063-03-11,Burge
324,g04-063-03-13,did
324,g04-063-04-00,not
324,g04-063-04-01,wish
324,g04-063-04-02,me
324,g04-063-04-03,to
324,g04-063-04-04,go
324,g04-063-04-05,then
324,g04-063-04-07,as
324,g04-063-04-09,had
324,g04-063-04-10,barely
324,g04-063-04-11,been
324,g04-063-04-12,in
324,g04-063-04-13,the
324,g04-063-04-14,parish
324,g04-063-05-00,for
324,g04-063-05-02,year
324,g04-063-05-05,Evitt
324,g04-063-05-07,however
324,g04-063-05-09,was
324,g04-063-05-10,much
324,g04-063-05-11,less
324,g04-063-06-00,than
324,g04-063-06-01,his
324,g04-063-06-02,Vicar
324,g04-063-06-04,and
324,g04-063-06-05,he
324,g04-063-06-06,was
324,g04-063-06-08,at
324,g04-063-06-09,once
324,g04-063-06-10,and
324,g04-063-07-00,was
324,g04-063-07-01,very
324,g04-063-07-02,soon
324,g04-063-07-03,in
324,g04-063-07-04,France
324,g04-063-07-05,where
324,g04-063-07-06,he
324,g04-063-07-07,did
324,g04-063-08-00,work
324,g04-063-08-01,until
324,g04-063-08-02,his
324,g04-063-08-03,health
324,g04-063-08-04,broke
324,g04-063-08-05,down
324,g04-063-08-06,and
324,g04-063-08-07,he
324,g04-063-08-08,had
324,g04-063-08-10,bad
324,g04-063-09-00,attack
324,g04-063-09-01,of
324,g04-063-09-02,enteric
324,g04-063-09-03,fever
521,m02-052-00-00,The
521,m02-052-00-02,of
521,m02-052-00-03,his
521,m02-052-00-04,balance
521,m02-052-00-05,was
521,m02-052-00-06,due
521,m02-052-00-07,to
521,m02-052-00-08,the
521,m02-052-01-00,fact
521,m02-052-01-01,that
521,m02-052-01-02,he
521,m02-052-01-03,was
521,m02-052-01-04,living
521,m02-052-01-07,without
521,m02-052-02-02,with
521,m02-052-02-03,the
521,m02-052-02-04,people
521,m02-052-02-05,to
521,m02-052-02-06,whom
521,m02-052-02-07,Moke
521,m02-052-02-08,had
521,m02-052-03-00,sent
521,m02-052-03-01,him
521,m02-052-03-03,little
521,m02-052-03-04,people
521,m02-052-03-05,who
521,m02-052-03-07,him
521,m02-052-03-08,as
521,m02-052-04-00,lucky
521,m02-052-04-01,to
521,m02-052-04-02,have
521,m02-052-04-04,from
521,m02-052-04-05,such
521,m02-052-05-00,Tom
521,m02-052-05-01,Dreyfus
521,m02-052-05-02,had
521,m02-052-05-04,job
521,m02-052-05-05,on
521,m02-052-05-06,the
521,m02-052-05-08,in
521,m02-052-05-09,the
521,m02-052-06-01,Stamp
521,m02-052-06-04,while
521,m02-052-06-05,Sally
521,m02-052-06-06,sulked
521,m02-052-06-07,at
521,m02-052-06-08,home
566,n02-082a-00-01,You
566,n02-082a-00-02,talk
566,n02-082a-00-03,as
566,n02-082a-00-04,though
566,n02-082a-00-05,we
566,n02-082a-00-06,were
566,n02-082a-00-07,alone
566,n02-082a-00-08,on
566,n02-082a-00-09,Balicou
566,n02-082a-01-00,She
566,n02-082a-01-01,avoided
566,n02-082a-01-02,his
566,n02-082a-01-03,gaze
566,n02-082a-01-05,and
566,n02-082a-01-06,tried
566,n02-082a-01-07,to
566,n02-082a-01-08,ignore
566,n02-082a-01-09,that
566,n02-082a-02-00,last
566,n02-082a-02-02,remark
566,n02-082a-02-05,With
566,n02-082a-02-06,four
566,n02-082a-02-07,other
566,n02-082a-02-08,people
566,n02-082a-03-01,Whom
566,n02-082a-03-02,you
566,n02-082a-03-03,never
566,n02-082a-03-04,once
566,n02-082a-03-05,managed
566,n02-082a-03-06,to
566,n02-082a-04-00,The
566,n02-082a-04-01,mockery
566,n02-082a-04-02,in
566,n02-082a-04-03,his
566,n02-082a-04-04,voice
566,n02-082a-04-05,had
566,n02-082a-04-09,With
566,n02-082a-05-00,all
566,n02-082a-05-01,due
566,n02-082a-05-04,Miss
566,n02-082a-05-05,Deane
566,n02-082a-05-07,come
566,n02-082a-05-08,off
566,n02-082a-05-09,it
566,n02-082a-06-00,She
566,n02-082a-06-01,met
566,n02-082a-06-02,his
566,n02-082a-06-03,eyes
566,n02-082a-06-04,then
533,m02-102-00-00,At
533,m02-102-00-01,the
533,m02-102-00-02,centre
533,m02-102-00-03,of
533,m02-102-00-04,each
533,m02-102-00-05,circle
533,m02-102-00-06,stood
533,m02-102-01-01,of
533,m02-102-01-05,with
533,m02-102-02-00,and
533,m02-102-02-01,their
533,m02-102-02-02,filing
533,m02-102-02-03,clerks
533,m02-102-02-05,The
533,m02-102-02-07,had
533,m02-102-03-00,bought
533,m02-102-03-01,their
533,m02-102-03-02,college
533,m02-102-03-04,forward
533,m02-102-03-05,and
533,m02-102-04-00,were
533,m02-102-04-01,now
533,m02-102-04-02,being
533,m02-102-04-03,bought
533,m02-102-04-04,forward
533,m02-102-04-05,in
533,m02-102-04-06,their
533,m02-102-05-00,turn
533,m02-102-05-02,By
533,m02-102-06-00,with
533,m02-102-06-02,records
533,m02-102-06-04,the
533,m02-102-06-05,agents
533,m02-102-06-06,of
533,m02-102-06-07,the
533,m02-102-07-01,would
533,m02-102-07-02,pick
533,m02-102-07-03,on
533,m02-102-07-04,young
533,m02-102-07-05,men
533,m02-102-08-00,and
533,m02-102-08-01,women
533,m02-102-08-02,who
533,m02-102-08-04,them
533,m02-102-08-06,and
533,m02-102-09-00,would
533,m02-102-09-01,be
533,m02-102-09-03,at
533,m02-102-09-04,the
533,m02-102-09-05,end
533,m02-102-09-06,of
533,m02-102-10-00,the
533,m02-102-10-01,parade
604,p02-121-00-00,Hell
604,p02-121-00-03,Doc
604,p02-121-00-05,for
604,p02-121-00-06,her
604,p02-121-00-09,Just
604,p02-121-00-10,Hell
604,p02-121-00-12,Never
604,p02-121-00-13,able
604,p02-121-00-14,to
604,p02-121-01-00,trust
604,p02-121-01-01,him
604,p02-121-01-02,out
604,p02-121-01-03,of
604,p02-121-01-04,your
604,p02-121-01-05,sight
604,p02-121-01-06,and
604,p02-121-01-07,having
604,p02-121-01-08,to
604,p02-121-01-09,put
604,p02-121-01-10,on
604,p02-121-02-01,brave
604,p02-121-02-02,face
604,p02-121-02-03,and
604,p02-121-02-04,pretend
604,p02-121-02-05,that
604,p02-121-02-06,you
604,p02-121-02-08,mind
604,p02-121-03-01,he
604,p02-121-03-02,flirts
604,p02-121-03-03,with
604,p02-121-03-04,another
604,p02-121-03-05,woman
604,p02-121-03-07,He
604,p02-121-03-08,will
604,p02-121-04-00,you
604,p02-121-04-01,know
604,p02-121-04-03,always
604,p02-121-04-05,and
604,p02-121-04-06,you
604,p02-121-04-08,the
604,p02-121-04-09,type
604,p02-121-05-00,who
604,p02-121-05-01,is
604,p02-121-05-02,tough
604,p02-121-05-03,enough
604,p02-121-05-04,to
604,p02-121-05-05,change
604,p02-121-05-06,him
612,p03-004-00-00,Diana
612,p03-004-00-01,Wills
612,p03-004-00-02,often
612,p03-004-00-03,sat
612,p03-004-00-04,on
612,p03-004-00-05,the
612,p03-004-00-06,brand
612,p03-004-01-00,new
612,p03-004-01-01,seat
612,p03-004-01-02,outside
612,p03-004-01-03,the
612,p03-004-02-00,gates
612,p03-004-02-01,and
612,p03-004-02-02,thought
612,p03-004-02-03,vagrant
612,p03-004-03-02,At
612,p03-004-03-03,one
612,p03-004-03-04,time
612,p03-004-03-05,she
612,p03-004-03-06,had
612,p03-004-04-00,watched
612,p03-004-04-01,the
612,p03-004-04-02,workmen
612,p03-004-05-00,the
612,p03-004-05-03,which
612,p03-004-05-04,was
612,p03-004-06-00,to
612,p03-004-06-01,put
612,p03-004-07-00,out
612,p03-004-07-01,of
612,p03-004-07-04,in
612,p03-004-07-05,theory
612,p03-004-07-07,at
612,p03-004-08-00,least
612,p03-004-08-02,She
612,p03-004-08-03,would
612,p03-004-08-04,think
612,p03-004-08-05,of
612,p03-004-09-00,self
612,p03-004-09-01,as
612,p03-004-09-04,in
612,p03-004-09-05,these
612,p03-004-09-06,parts
612,p03-004-10-01,these
612,p03-004-10-04,Which
612,p03-004-11-00,one
612,p03-004-11-01,to
612,p03-004-11-02,take
632,p03-185-00-00,Thus
632,p03-185-00-01,had
632,p03-185-00-02,they
632,p03-185-00-03,parted
632,p03-185-00-04,the
632,p03-185-00-06,evening
632,p03-185-00-07,and
632,p03-185-00-08,now
632,p03-185-01-00,Diana
632,p03-185-01-01,was
632,p03-185-01-03,up
632,p03-185-01-04,the
632,p03-185-01-06,drive
632,p03-185-01-07,to
632,p03-185-01-08,the
632,p03-185-02-00,alone
632,p03-185-02-02,Of
632,p03-185-02-03,course
632,p03-185-02-04,one
632,p03-185-02-06,say
632,p03-185-02-07,for
632,p03-185-02-08,certain
632,p03-185-02-09,when
632,p03-185-03-00,doctor
632,p03-185-03-01,would
632,p03-185-03-02,be
632,p03-185-03-03,free
632,p03-185-03-04,during
632,p03-185-03-05,the
632,p03-185-03-06,day
632,p03-185-03-08,tea
632,p03-185-03-09,was
632,p03-185-03-10,served
632,p03-185-04-00,from
632,p03-185-04-01,four
632,p03-185-04-02,until
632,p03-185-04-04,in
632,p03-185-04-05,the
632,p03-185-05-00,room
632,p03-185-05-02,which
632,p03-185-05-03,proved
632,p03-185-05-04,the
632,p03-185-05-06,of
632,p03-185-05-07,medical
632,p03-185-06-01,had
632,p03-185-06-02,cropped
632,p03-185-06-03,up
632,p03-185-06-04,which
632,p03-185-07-00,she
632,p03-185-07-01,was
632,p03-185-07-04,or
632,p03-185-07-05,he
632,p03-185-07-06,would
632,p03-185-07-07,have
632,p03-185-07-08,granted
632,p03-185-07-09,her
632,p03-185-07-10,small
632,p03-185-07-11,request
632,p03-185-08-00,to
632,p03-185-08-01,be
632,p03-185-08-02,met
632,p03-185-08-03,at
632,p03-185-08-04,the
632,p03-185-08-05,gates
174,c06-083-00-00,It
174,c06-083-00-01,also
174,c06-083-00-02,parades
174,c06-083-00-03,Gina
174,c06-083-00-05,in
174,c06-083-00-08,of
174,c06-083-01-02,not
174,c06-083-01-03,too
174,c06-083-01-04,well
174,c06-083-01-06,for
174,c06-083-01-08,in
174,c06-083-02-00,and
174,c06-083-02-01,Rock
174,c06-083-02-02,Hudson
174,c06-083-02-03,at
174,c06-083-02-04,the
174,c06-083-02-05,wheel
174,c06-083-02-06,of
174,c06-083-02-08,shining
174,c06-083-02-09,silver
174,c06-083-03-01,Hudson
174,c06-083-03-02,is
174,c06-083-03-03,an
174,c06-083-03-06,who
174,c06-083-03-07,spends
174,c06-083-03-08,each
174,c06-083-04-01,in
174,c06-083-04-02,his
174,c06-083-04-03,Italian
174,c06-083-04-04,villa
174,c06-083-04-05,and
174,c06-083-04-06,the
174,c06-083-04-07,company
174,c06-083-04-08,of
174,c06-083-05-02,In
174,c06-083-05-03,the
174,c06-083-05-04,holiday
174,c06-083-05-06,months
174,c06-083-05-07,before
174,c06-083-05-08,and
174,c06-083-06-00,after
174,c06-083-06-01,this
174,c06-083-06-02,annual
174,c06-083-06-03,idyll
174,c06-083-06-04,his
174,c06-083-06-07,Walter
174,c06-083-06-08,Slezak
174,c06-083-07-00,at
174,c06-083-07-01,his
174,c06-083-07-02,most
174,c06-083-07-05,turns
174,c06-083-07-06,the
174,c06-083-07-07,palazzo
174,c06-083-07-08,into
174,c06-083-07-10,luxury
174,c06-083-08-00,hotel
174,d06-015-00-01,little
174,d06-015-00-02,more
174,d06-015-00-03,honesty
174,d06-015-00-05,even
174,d06-015-00-06,if
174,d06-015-00-07,one
174,d06-015-00-09,from
174,d06-015-00-10,going
174,d06-015-00-11,into
174,d06-015-01-00,too
174,d06-015-01-01,many
174,d06-015-01-02,details
174,d06-015-01-04,would
174,d06-015-01-05,help
174,d06-015-01-06,many
174,d06-015-01-08,child
174,d06-015-01-09,to
174,d06-015-01-10,make
174,d06-015-02-00,proper
174,d06-015-02-02,to
174,d06-015-02-03,life
174,d06-015-02-04,as
174,d06-015-02-05,it
174,d06-015-02-06,grows
174,d06-015-02-07,up
174,d06-015-02-09,Let
174,d06-015-02-10,us
174,d06-015-02-11,look
174,d06-015-03-00,at
174,d06-015-03-01,Jesus
174,d06-015-03-03,We
174,d06-015-03-04,do
174,d06-015-03-05,not
174,d06-015-03-08,think
174,d06-015-03-10,see
174,d06-015-03-11,there
174,d06-015-03-13,life
174,d06-015-03-14,without
174,d06-015-03-15,fear
174,d06-015-04-00,There
174,d06-015-04-01,are
174,d06-015-04-02,several
174,d06-015-04-04,where
174,d06-015-04-05,he
174,d06-015-04-06,seemed
174,d06-015-04-07,unable
174,d06-015-04-08,to
174,d06-015-04-09,go
174,d06-015-05-00,on
174,d06-030-00-00,Amen
174,d06-030-00-02,MOST
174,d06-030-00-03,people
174,d06-030-00-04,would
174,d06-030-00-06,regard
174,d06-030-00-08,as
174,d06-030-01-00,purely
174,d06-030-01-02,thing
174,d06-030-01-04,The
174,d06-030-01-05,cure
174,d06-030-01-06,for
174,d06-030-01-07,which
174,d06-030-01-08,is
174,d06-030-01-09,sleep
174,d06-030-01-11,This
174,d06-030-01-12,is
174,d06-030-01-13,only
174,d06-030-02-00,partly
174,d06-030-02-01,true
174,d06-030-02-03,Many
174,d06-030-02-04,people
174,d06-030-02-05,wake
174,d06-030-02-06,up
174,d06-030-02-07,tired
174,d06-030-02-08,of
174,d06-030-02-10,morning
174,d06-030-02-11,and
174,d06-030-02-12,no
174,d06-030-03-00,amount
174,d06-030-03-01,of
174,d06-030-03-02,rest
174,d06-030-03-03,seems
174,d06-030-03-04,to
174,d06-030-03-05,make
174,d06-030-03-06,any
174,d06-030-03-09,Sleep
174,d06-030-03-11,to
174,d06-030-03-12,be
174,d06-030-04-02,must
174,d06-030-04-03,be
174,d06-030-04-04,of
174,d06-030-04-05,that
174,d06-030-04-07,quality
174,d06-030-04-08,which
174,d06-030-04-09,comes
174,d06-030-05-00,from
174,d06-050-00-00,Nor
174,d06-050-00-01,is
174,d06-050-00-02,she
174,d06-050-00-04,being
174,d06-050-00-07,She
174,d06-050-00-08,really
174,d06-050-00-09,did
174,d06-050-00-10,feel
174,d06-050-00-11,tired
174,d06-050-01-00,until
174,d06-050-01-01,the
174,d06-050-01-02,mind
174,d06-050-01-03,got
174,d06-050-01-04,the
174,d06-050-01-07,of
174,d06-050-01-09,fresh
174,d06-050-01-11,and
174,d06-050-01-12,an
174,d06-050-02-05,has
174,d06-050-02-09,as
174,d06-050-02-10,much
174,d06-050-02-11,to
174,d06-050-02-12,do
174,d06-050-03-00,with
174,d06-050-03-01,our
174,d06-050-03-02,mental
174,d06-050-03-03,state
174,d06-050-03-04,as
174,d06-050-03-05,with
174,d06-050-03-06,our
174,d06-050-04-01,mind
174,d06-050-04-02,can
174,d06-050-04-03,bring
174,d06-050-04-04,the
174,d06-050-04-06,body
174,d06-050-04-07,to
174,d06-050-04-09,sense
174,d06-050-05-00,of
174,d06-050-05-01,fatigue
174,d06-050-05-03,They
174,d06-050-05-04,wonder
174,d06-050-05-05,why
174,d06-050-05-06,they
174,d06-050-05-07,get
174,d06-050-05-08,no
174,d06-050-05-09,rest
174,d06-050-05-10,at
174,d06-050-05-11,night
174,d06-050-06-00,even
174,d06-050-06-01,if
174,d06-050-06-02,they
174,d06-050-06-03,do
174,d06-050-06-04,sleep
174,d06-082-00-00,If
174,d06-082-00-01,we
174,d06-082-00-02,ever
174,d06-082-00-03,stopped
174,d06-082-00-04,to
174,d06-082-00-06,how
174,d06-082-00-07,much
174,d06-082-00-08,energy
174,d06-082-00-10,and
174,d06-082-00-11,time
174,d06-082-01-00,we
174,d06-082-01-01,lose
174,d06-082-01-02,this
174,d06-082-01-03,way
174,d06-082-01-04,in
174,d06-082-01-05,the
174,d06-082-01-06,course
174,d06-082-01-07,of
174,d06-082-01-09,day
174,d06-082-01-10,we
174,d06-082-01-11,would
174,d06-082-01-12,be
174,d06-082-02-02,Some
174,d06-082-02-03,of
174,d06-082-02-04,it
174,d06-082-02-05,is
174,d06-082-02-08,and
174,d06-082-02-09,we
174,d06-082-02-10,do
174,d06-082-02-11,not
174,d06-082-02-12,want
174,d06-082-02-13,to
174,d06-082-03-00,become
174,d06-082-03-01,too
174,d06-082-03-06,we
174,d06-082-03-07,could
174,d06-082-03-08,all
174,d06-082-04-00,be
174,d06-082-04-02,little
174,d06-082-04-03,more
174,d06-082-04-04,orderly
174,d06-082-04-05,for
174,d06-082-04-06,we
174,d06-082-04-07,so
174,d06-082-04-09,just
174,d06-082-04-10,muddle
174,d06-082-05-00,through
541,m03-095-00-01,had
541,m03-095-00-05,that
541,m03-095-00-06,the
541,m03-095-01-00,hut
541,m03-095-01-01,had
541,m03-095-01-03,been
541,m03-095-01-04,cleaned
541,m03-095-01-05,and
541,m03-095-02-01,for
541,m03-095-02-04,Mrs
541,m03-095-02-05,Caine
541,m03-095-02-06,said
541,m03-095-03-00,we
541,m03-095-03-01,were
541,m03-095-03-02,to
541,m03-095-03-03,go
541,m03-095-03-04,no
541,m03-095-03-05,further
541,m03-095-03-06,unless
541,m03-095-03-07,and
541,m03-095-04-00,until
541,m03-095-04-01,we
541,m03-095-04-02,were
541,m03-095-04-03,sent
541,m03-095-04-04,for
541,m03-095-05-00,another
541,m03-095-05-02,that
541,m03-095-05-03,became
541,m03-095-05-04,more
541,m03-095-06-00,and
541,m03-095-06-01,more
541,m03-095-06-04,namely
541,m03-095-06-06,that
541,m03-095-07-00,she
541,m03-095-07-01,was
541,m03-095-07-02,in
541,m03-095-07-03,touch
541,m03-095-07-04,with
541,m03-095-07-05,an
541,m03-095-08-00,sible
541,m03-095-08-01,source
541,m03-095-08-02,of
290,f07-046b-00-00,Among
290,f07-046b-00-01,the
290,f07-046b-00-02,natives
290,f07-046b-00-03,of
290,f07-046b-00-06,lizards
290,f07-046b-01-00,roasted
290,f07-046b-01-01,on
290,f07-046b-01-02,the
290,f07-046b-01-03,point
290,f07-046b-01-04,of
290,f07-046b-01-06,spear
290,f07-046b-01-07,are
290,f07-046b-02-02,while
290,f07-046b-02-04,peoples
290,f07-046b-02-05,have
290,f07-046b-03-00,high
290,f07-046b-03-01,opinion
290,f07-046b-03-02,of
290,f07-046b-03-03,the
290,f07-046b-03-04,octopus
290,f07-046b-03-05,as
290,f07-046b-03-06,an
290,f07-046b-03-07,article
290,f07-046b-03-08,of
290,f07-046b-03-09,diet
290,f07-046b-04-00,So
290,f07-046b-04-01,have
290,f07-046b-04-02,the
290,f07-046b-04-04,and
290,f07-046b-04-05,the
290,f07-046b-04-06,Chinese
290,f07-046b-04-08,The
290,f07-046b-05-02,apart
290,f07-046b-05-03,from
290,f07-046b-05-04,eating
290,f07-046b-05-05,it
290,f07-046b-05-06,fresh
290,f07-046b-05-08,squash
290,f07-046b-06-00,it
290,f07-046b-06-02,press
290,f07-046b-06-03,it
290,f07-046b-06-04,and
290,f07-046b-06-05,dry
290,f07-046b-06-06,it
290,f07-046b-06-08,in
290,f07-046b-06-09,which
290,f07-046b-06-10,form
290,f07-046b-06-12,dusted
290,f07-046b-07-00,over
290,f07-046b-07-01,with
290,f07-046b-07-02,flour
290,f07-046b-07-04,you
290,f07-046b-07-05,will
290,f07-046b-07-06,find
290,f07-046b-07-08,stack
290,f07-046b-07-09,of
290,f07-046b-07-10,it
290,f07-046b-08-00,in
290,f07-046b-08-01,almost
290,f07-046b-08-02,any
290,f07-046b-08-04,shop
625,p03-135-00-00,Her
625,p03-135-00-01,figure
625,p03-135-00-02,was
625,p03-135-00-03,small
625,p03-135-00-04,and
625,p03-135-00-07,like
625,p03-135-00-10,still
625,p03-135-00-12,and
625,p03-135-01-00,he
625,p03-135-01-01,admired
625,p03-135-01-02,her
625,p03-135-01-03,legs
625,p03-135-01-05,which
625,p03-135-01-06,the
625,p03-135-01-07,male
625,p03-135-01-08,sex
625,p03-135-01-09,were
625,p03-135-01-11,to
625,p03-135-02-00,regard
625,p03-135-02-01,first
625,p03-135-02-05,would
625,p03-135-02-06,mind
625,p03-135-02-07,if
625,p03-135-02-08,you
625,p03-135-02-11,he
625,p03-135-02-12,told
625,p03-135-02-13,her
625,p03-135-03-00,grimly
625,p03-135-03-02,and
625,p03-135-03-03,tugged
625,p03-135-03-04,her
625,p03-135-03-06,into
625,p03-135-03-07,his
625,p03-135-03-08,arms
625,p03-135-03-11,You
625,p03-135-04-00,right
625,p03-135-04-02,pet
625,p03-135-04-05,do
625,p03-135-04-06,need
625,p03-135-04-07,this
625,p03-135-04-08,leave
625,p03-135-04-13,and
625,p03-135-05-00,broody
625,p03-135-05-01,and
625,p03-135-05-02,going
625,p03-135-05-03,out
625,p03-135-05-04,with
625,p03-135-05-05,brash
625,p03-135-05-06,blondes
625,p03-135-05-10,deserve
625,p03-135-06-00,you
210,e01-014-00-00,We
210,e01-014-00-01,know
210,e01-014-00-02,from
210,e01-014-00-03,the
210,e01-014-00-04,diaries
210,e01-014-00-05,of
210,e01-014-00-06,Samuel
210,e01-014-00-07,Pepys
210,e01-014-01-00,that
210,e01-014-01-01,he
210,e01-014-01-02,was
210,e01-014-01-04,great
210,e01-014-01-05,man
210,e01-014-01-06,for
210,e01-014-01-07,lace
210,e01-014-01-09,paying
210,e01-014-02-00,as
210,e01-014-02-01,much
210,e01-014-02-02,as
210,e01-014-02-04,for
210,e01-014-02-06,lace
210,e01-014-02-07,collar
210,e01-014-02-09,But
210,e01-014-02-10,this
210,e01-014-03-01,mean
210,e01-014-03-02,he
210,e01-014-03-03,was
210,e01-014-03-05,to
210,e01-014-03-06,do
210,e01-014-03-07,as
210,e01-014-03-08,much
210,e01-014-04-00,for
210,e01-014-04-01,his
210,e01-014-04-02,lady
210,e01-014-04-04,for
210,e01-014-04-05,he
210,e01-014-04-06,records
210,e01-014-04-07,testily
210,e01-014-04-10,My
210,e01-014-04-11,wife
210,e01-014-05-00,and
210,e01-014-05-02,fell
210,e01-014-05-03,out
210,e01-014-05-04,about
210,e01-014-05-05,my
210,e01-014-05-06,not
210,e01-014-05-07,being
210,e01-014-05-08,willing
210,e01-014-06-00,to
210,e01-014-06-01,have
210,e01-014-06-02,her
210,e01-014-06-03,gown
210,e01-014-06-04,laced
210,e01-018-00-00,We
210,e01-018-00-01,read
210,e01-018-00-03,with
210,e01-018-00-06,an
210,e01-018-00-08,in
210,e01-018-00-09,the
210,e01-018-01-00,reign
210,e01-018-01-01,of
210,e01-018-01-02,Charles
210,e01-018-01-04,stating
210,e01-018-01-07,Lost
210,e01-018-01-10,lawn
210,e01-018-02-00,kercher
210,e01-018-02-01,with
210,e01-018-02-03,broad
210,e01-018-02-04,hem
210,e01-018-02-05,laced
210,e01-018-02-06,round
210,e01-018-02-07,with
210,e01-018-03-00,fine
210,e01-018-03-01,Point
210,e01-018-03-02,lace
210,e01-018-03-03,about
210,e01-018-03-04,four
210,e01-018-03-05,fingers
210,e01-018-03-06,broad
210,e01-018-03-08,and
210,e01-018-04-00,among
210,e01-018-04-01,the
210,e01-018-04-02,effects
210,e01-018-04-03,left
210,e01-018-04-04,by
210,e01-018-04-05,Nell
210,e01-018-04-06,Gwyn
210,e01-018-04-07,is
210,e01-018-04-08,an
210,e01-018-05-00,unpaid
210,e01-018-05-01,bill
210,e01-018-05-02,for
210,e01-018-05-04,scarlet
210,e01-018-05-05,satin
210,e01-018-05-06,shoes
210,e01-018-05-07,with
210,e01-018-06-00,silver
210,e01-018-06-01,lace
210,e01-018-06-04,The
210,e01-018-06-05,records
210,e01-018-06-06,of
210,e01-018-06-07,these
210,e01-018-06-08,tender
210,e01-018-06-09,trifles
210,e01-018-07-00,are
210,e01-018-07-01,very
210,e01-018-07-03,but
210,e01-018-07-04,then
210,e01-018-07-05,lace
210,e01-018-07-06,does
210,e01-018-07-07,place
210,e01-018-08-00,upon
567,n02-098-00-00,She
567,n02-098-00-01,wavered
567,n02-098-00-03,and
567,n02-098-00-04,at
567,n02-098-00-05,last
567,n02-098-00-06,said
567,n02-098-01-00,slowly
567,n02-098-01-03,If
567,n02-098-01-04,you
567,n02-098-01-05,must
567,n02-098-01-06,drag
567,n02-098-01-07,the
567,n02-098-01-08,truth
567,n02-098-02-00,out
567,n02-098-02-01,of
567,n02-098-02-02,me
567,n02-098-02-05,must
567,n02-098-02-06,ask
567,n02-098-02-07,you
567,n02-098-02-08,to
567,n02-098-02-09,regard
567,n02-098-03-00,it
567,n02-098-03-01,as
567,n02-098-03-06,My
567,n02-098-03-07,dear
567,n02-098-03-08,Beryl
567,n02-098-04-01,tell
567,n02-098-04-02,me
567,n02-098-04-05,if
567,n02-098-04-06,you
567,n02-098-04-08,rather
567,n02-098-05-00,not
567,n02-098-05-03,He
567,n02-098-05-04,was
567,n02-098-05-05,clearly
567,n02-098-05-07,by
567,n02-098-05-08,her
567,n02-098-06-00,words
567,n02-098-06-03,But
567,n02-098-06-06,it
567,n02-098-06-07,was
567,n02-098-06-08,you
567,n02-098-07-00,not
567,n02-098-07-03,who
567,n02-098-07-04,started
567,n02-098-07-05,this
567,p03-057-00-01,Neither
567,p03-057-00-02,can
567,p03-057-00-03,Nigel
567,p03-057-00-06,smiled
567,p03-057-00-07,Diana
567,p03-057-01-01,He
567,p03-057-01-03,saving
567,p03-057-01-04,up
567,p03-057-01-05,to
567,p03-057-01-06,get
567,p03-057-01-07,married
567,p03-057-02-05,quipped
567,p03-057-02-06,the
567,p03-057-03-00,meaning
567,p03-057-03-01,no
567,p03-057-03-02,offence
567,p03-057-03-05,but
567,p03-057-03-06,does
567,p03-057-03-07,he
567,p03-057-04-00,That
567,p03-057-04-01,blonde
567,p03-057-04-02,was
567,p03-057-04-07,Anybody
567,p03-057-05-01,know
567,p03-057-05-04,she
567,p03-057-05-05,smiled
567,p03-057-05-09,think
567,p03-057-05-10,so
567,p03-057-06-01,got
567,p03-057-06-03,good
567,p03-057-06-04,look
567,p03-057-06-05,at
567,p03-057-06-06,her
567,p03-057-06-08,But
567,p03-057-06-09,if
567,p03-057-06-10,Nigel
567,p03-057-07-01,there
567,p03-057-07-02,it
567,p03-057-07-06,is
567,p03-057-07-07,it
567,p03-057-08-01,No
567,p03-057-08-04,Di
567,p03-057-08-05,said
567,p03-057-08-09,It
567,p03-057-08-11,at
567,p03-057-09-00,all
567,p03-087-00-01,Oh
567,p03-087-00-03,he
567,p03-087-00-06,His
567,p03-087-00-08,had
567,p03-087-01-00,broken
567,p03-087-01-01,down
567,p03-087-01-02,outside
567,p03-087-01-03,and
567,p03-087-01-04,he
567,p03-087-01-05,noticed
567,p03-087-02-00,your
567,p03-087-02-01,car
567,p03-087-02-02,and
567,p03-087-02-03,then
567,p03-087-02-04,you
567,p03-087-02-05,dancing
567,p03-087-02-06,with
567,p03-087-03-00,this
567,p03-087-03-01,blonde
567,p03-087-03-05,Really
567,p03-087-03-08,Nigel
567,p03-087-03-09,cocked
567,p03-087-04-00,one
567,p03-087-04-01,eyebrow
567,p03-087-04-05,she
567,p03-087-04-06,was
567,p03-087-05-00,at
567,p03-087-05-01,the
567,p03-087-05-02,roots
567,p03-087-05-03,and
567,p03-087-05-05,had
567,p03-087-05-07,redhead
567,p03-087-05-08,on
567,p03-087-06-00,the
567,p03-087-06-01,other
567,p03-087-06-02,arm
567,p03-087-06-04,He
567,p03-087-06-05,would
567,p03-087-06-06,have
567,p03-087-06-07,told
567,p03-087-07-00,you
567,p03-087-07-01,this
567,p03-087-07-03,too
567,p03-087-07-07,No
567,p03-087-07-10,she
567,p03-087-07-11,laughed
567,p03-087-08-01,He
567,p03-087-08-04,see
567,p03-087-08-05,you
567,p03-087-08-07,Because
567,p03-087-09-00,it
567,p03-087-09-01,was
567,p03-087-09-02,your
567,p03-087-09-03,car
567,p03-087-09-05,suppose
567,p03-087-09-06,he
567,p03-087-10-01,it
567,p03-087-10-02,was
567,p03-087-10-03,you
567,p03-087-10-05,all
567,p03-087-10-06,dressed
567,p03-087-10-07,up
567,p03-087-10-08,in
567,p03-096-00-01,My
567,p03-096-00-02,white
567,p03-096-00-03,or
567,p03-096-00-04,my
567,p03-096-00-05,black
567,p03-096-00-08,Nigel
567,p03-096-01-01,Now
567,p03-096-01-03,wonder
567,p03-096-01-04,which
567,p03-096-01-06,wore
567,p03-096-01-07,at
567,p03-096-01-08,that
567,p03-096-02-01,surgery
567,p03-096-02-05,You
567,p03-096-02-06,are
567,p03-096-02-08,fool
567,p03-096-03-00,darling
567,p03-096-03-03,Di
567,p03-096-03-04,said
567,p03-096-03-05,happily
567,p03-096-03-09,shall
567,p03-096-03-10,take
567,p03-096-04-00,great
567,p03-096-04-02,in
567,p03-096-04-03,telling
567,p03-096-04-04,that
567,p03-096-04-05,young
567,p03-096-04-06,man
567,p03-096-05-00,exactly
567,p03-096-05-01,what
567,p03-096-05-02,you
567,p03-096-05-03,were
567,p03-096-05-04,doing
567,p03-096-05-05,that
567,p03-096-06-00,evening
567,p03-096-06-04,No
567,p03-096-06-09,he
567,p03-096-06-10,said
567,p03-096-06-12,after
567,p03-096-07-00,kissing
567,p03-096-07-01,her
567,p03-096-07-02,again
567,p03-096-07-06,rather
567,p03-096-07-07,like
567,p03-096-07-08,to
567,p03-096-07-09,have
567,p03-096-08-00,the
567,p03-096-08-02,think
567,p03-096-08-03,of
567,p03-096-08-04,me
567,p03-096-08-05,as
567,p03-096-09-01,Don
567,p03-096-09-02,Juan
567,p03-103-00-02,such
567,p03-103-00-04,dull
567,p03-103-00-05,fellow
567,p03-103-00-07,really
567,p03-103-00-11,Dull
567,p03-103-00-14,She
567,p03-103-01-01,believe
567,p03-103-01-02,it
567,p03-103-02-00,was
567,p03-103-02-01,not
567,p03-103-02-02,one
567,p03-103-02-03,of
567,p03-103-02-05,usual
567,p03-103-03-01,You
567,p03-103-03-02,need
567,p03-103-03-03,your
567,p03-103-03-04,holiday
567,p03-103-03-06,darling
567,p03-103-03-09,only
567,p03-103-04-00,wish
567,p03-103-04-02,could
567,p03-103-04-03,go
567,p03-103-04-04,with
567,p03-103-04-05,you
567,p03-103-04-09,Doctor
567,p03-103-05-00,Wills
567,p03-103-05-02,if
567,p03-103-05-03,you
567,p03-103-05-05,making
567,p03-103-06-01,It
567,p03-103-06-02,would
567,p03-103-06-03,make
567,p03-103-06-04,me
567,p03-103-06-05,more
567,p03-103-07-01,suppose
567,p03-103-07-04,she
567,p03-103-07-06,archly
567,p03-112-00-01,No
567,p03-112-00-03,it
567,p03-112-00-07,he
567,p03-112-00-08,almost
567,p03-112-00-09,snapped
567,p03-112-01-01,her
567,p03-112-01-04,You
567,p03-112-01-05,sounded
567,p03-112-01-06,like
567,p03-112-02-00,body
567,p03-112-02-01,else
567,p03-112-02-02,for
567,p03-112-02-04,moment
567,p03-112-02-05,there
567,p03-112-02-07,It
567,p03-112-03-00,become
567,p03-112-03-01,you
567,p03-112-03-02,to
567,p03-112-03-03,behave
567,p03-112-03-04,like
567,p03-112-03-08,tart
567,p03-112-03-10,Di
567,p03-112-04-01,Nigel
567,p03-112-04-05,she
567,p03-112-04-06,gasped
567,p03-112-04-11,mean
567,p03-112-04-12,to
567,p03-112-05-00,behave
567,p03-112-05-01,like
567,p03-112-05-03,of
567,p03-112-05-04,the
567,p03-112-05-05,kind
567,p03-112-06-00,was
567,p03-112-06-01,only
567,p03-112-06-02,joking
567,p03-112-06-06,Well
567,p03-112-06-10,It
567,p03-112-07-01,enough
567,p03-112-07-02,my
567,p03-112-07-03,having
567,p03-112-07-04,to
567,p03-112-07-05,take
567,p03-112-07-06,my
567,p03-112-08-00,leave
567,p03-112-08-01,in
567,p03-112-08-02,the
567,p03-112-08-03,autumn
567,p03-112-08-04,without
567,p03-112-08-05,you
567,p03-112-09-00,trying
567,p03-112-09-01,to
567,p03-112-09-02,be
567,p03-112-09-03,bright
567,p03-112-09-04,and
567,p03-112-09-05,gay
567,p03-112-09-06,about
567,p03-112-09-07,it
575,n03-082-00-01,Blow
575,n03-082-00-02,like
575,n03-082-00-03,hell
575,n03-082-00-05,Maybe
575,n03-082-00-06,by
575,n03-082-00-07,and
575,n03-082-00-08,by
575,n03-082-01-00,she
575,n03-082-01-01,blow
575,n03-082-01-02,some
575,n03-082-01-03,more
575,n03-082-01-07,Hello
575,n03-082-01-09,Willie
575,n03-082-01-11,where
575,n03-082-02-00,did
575,n03-082-02-01,you
575,n03-082-02-02,come
575,n03-082-02-03,from
575,n03-082-02-06,the
575,n03-082-02-07,judge
575,n03-082-02-08,said
575,n03-082-02-09,in
575,n03-082-03-00,mild
575,n03-082-03-06,hear
575,n03-082-03-07,you
575,n03-082-03-09,Do
575,n03-082-03-10,you
575,n03-082-04-00,see
575,n03-082-04-01,that
575,n03-082-04-02,fool
575,n03-082-04-03,boy
575,n03-082-04-04,of
575,n03-082-04-05,mine
575,n03-082-04-06,out
575,n03-082-04-07,there
575,n03-082-04-08,on
575,n03-082-05-00,the
575,n03-082-05-01,lake
575,n03-082-05-06,see
575,n03-082-05-07,him
575,n03-082-05-09,You
575,n03-082-05-11,need
575,n03-082-06-00,worry
575,n03-082-06-02,Judge
575,n03-082-06-04,Big
575,n03-082-06-05,wind
575,n03-082-06-06,like
575,n03-082-06-07,that
575,n03-082-07-00,drown
575,n03-082-07-01,good
575,n03-082-07-02,man
576,n03-091-00-00,Bill
576,n03-091-00-01,is
576,n03-091-00-02,good
576,n03-091-00-03,man
576,n03-091-00-05,and
576,n03-091-00-06,Bueno
576,n03-091-00-07,Buck
576,n03-091-00-08,is
576,n03-091-00-09,raised
576,n03-091-00-10,on
576,n03-091-00-11,lake
576,n03-091-01-00,He
576,n03-091-01-01,no
576,n03-091-01-02,drown
576,n03-091-01-04,too
576,n03-091-01-06,Him
576,n03-091-01-08,his
576,n03-091-01-09,mother
576,n03-091-01-10,throw
576,n03-091-01-11,him
576,n03-091-01-12,into
576,n03-091-02-00,water
576,n03-091-02-01,to
576,n03-091-02-02,make
576,n03-091-02-03,him
576,n03-091-02-04,swim
576,n03-091-02-05,when
576,n03-091-02-06,he
576,n03-091-02-07,is
576,n03-091-02-08,born
576,n03-091-03-00,Maybe
576,n03-091-03-01,so
576,n03-091-03-02,Bill
576,n03-091-03-04,he
576,n03-091-03-05,can
576,n03-091-03-06,swim
576,n03-091-03-07,that
576,n03-091-03-08,good
576,n03-091-03-10,too
576,n03-091-04-00,The
576,n03-091-04-01,yawl
576,n03-091-04-03,riding
576,n03-091-04-04,the
576,n03-091-04-05,high
576,n03-091-04-06,waves
576,n03-091-04-07,with
576,n03-091-04-08,an
576,n03-091-04-09,air
576,n03-091-04-10,that
576,n03-091-05-00,might
576,n03-091-05-01,have
576,n03-091-05-02,made
576,n03-091-05-03,an
576,n03-091-05-04,ocean
576,n03-091-05-05,liner
576,n03-091-05-06,envious
576,n03-091-05-08,seemed
576,n03-091-06-01,to
576,n03-091-06-02,make
576,n03-091-06-04,safe
576,n03-091-06-05,though
576,n03-091-06-06,violent
576,n03-091-06-07,landing
576,n03-091-07-00,when
576,n03-091-07-01,there
576,n03-091-07-02,came
576,n03-091-07-04,sudden
576,n03-091-07-05,gust
576,n03-091-07-06,of
576,n03-091-07-07,wind
576,n03-091-08-00,from
576,n03-091-08-01,the
576,n03-091-08-02,west
310,g03-016-00-01,In
310,g03-016-00-02,this
310,g03-016-00-03,strike
310,g03-016-00-05,as
310,g03-016-00-07,in
310,g03-016-00-08,the
310,g03-016-01-01,in
310,g03-016-01-02,March
310,g03-016-01-03,of
310,g03-016-01-04,that
310,g03-016-01-05,year
310,g03-016-02-00,men
310,g03-016-02-01,were
310,g03-016-02-02,out
310,g03-016-02-07,and
310,g03-016-02-08,solid
310,g03-016-03-00,when
310,g03-016-03-01,only
310,g03-016-03-03,per
310,g03-016-03-04,cent
310,g03-016-03-05,of
310,g03-016-03-06,them
310,g03-016-03-07,stood
310,g03-016-03-08,to
310,g03-016-03-09,gain
310,g03-016-04-01,from
310,g03-016-04-02,the
310,g03-016-04-03,strike
310,g03-016-04-04,and
310,g03-016-04-05,the
310,g03-016-04-06,other
310,g03-016-04-08,per
310,g03-016-05-00,cent
310,g03-016-05-01,made
310,g03-016-05-03,for
310,g03-016-05-04,their
310,g03-016-05-05,fellow
310,g03-016-05-06,men
310,g03-016-06-00,this
310,g03-016-06-02,strike
310,g03-016-06-03,raised
310,g03-016-06-04,the
310,g03-016-06-06,of
310,g03-016-07-00,living
310,g03-016-07-01,wage
310,g03-016-07-02,and
310,g03-016-07-03,showed
310,g03-016-07-04,the
310,g03-016-07-05,worth
310,g03-016-07-06,of
310,g03-016-07-07,the
310,g03-016-08-00,common
310,g03-016-08-01,man
192,d04-071-00-00,And
192,d04-071-00-01,we
192,d04-071-00-02,will
192,d04-071-00-03,nail
192,d04-071-00-04,the
192,d04-071-00-05,Divine
192,d04-071-00-06,Law
192,d04-071-00-07,on
192,d04-071-00-08,the
192,d04-071-01-00,door
192,d04-071-01-01,posts
192,d04-071-01-02,of
192,d04-071-01-03,the
192,d04-071-01-04,house
192,d04-071-01-05,and
192,d04-071-01-06,upon
192,d04-071-01-07,the
192,d04-071-01-08,gates
192,d04-071-02-01,That
192,d04-071-02-02,your
192,d04-071-02-03,days
192,d04-071-02-04,may
192,d04-071-02-05,be
192,d04-071-02-07,and
192,d04-071-02-08,the
192,d04-071-03-00,days
192,d04-071-03-01,of
192,d04-071-03-02,your
192,d04-071-03-04,in
192,d04-071-03-05,the
192,d04-071-03-06,land
192,d04-071-03-08,which
192,d04-071-04-00,the
192,d04-071-04-01,Lord
192,d04-071-04-02,swear
192,d04-071-04-03,unto
192,d04-071-04-04,your
192,d04-071-04-05,father
192,d04-071-04-06,to
192,d04-071-04-07,give
192,d04-071-04-08,them
192,d04-071-05-00,as
192,d04-071-05-01,days
192,d04-071-05-02,of
192,d04-071-05-03,HEAVEN
192,d04-071-05-04,ON
192,d04-071-05-05,EARTH
192,d04-071-05-07,That
192,d04-071-06-00,means
192,d04-071-06-01,the
192,d04-071-06-02,Kingdom
192,d04-071-06-03,of
192,d04-071-07-01,Talmud
192,d04-075-00-00,The
192,d04-075-00-03,which
192,d04-075-00-04,is
192,d04-075-00-05,nailed
192,d04-075-00-06,on
192,d04-075-00-07,the
192,d04-075-01-01,those
192,d04-075-01-02,two
192,d04-075-01-03,lessons
192,d04-075-01-05,The
192,d04-075-01-06,third
192,d04-075-01-07,lesson
192,d04-075-02-00,of
192,d04-075-02-01,the
192,d04-075-02-02,Shmah
192,d04-075-02-04,Numbers
192,d04-075-02-09,is
192,d04-075-03-00,called
192,d04-075-03-02,the
192,d04-075-03-04,of
192,d04-075-03-05,the
192,d04-075-03-06,land
192,d04-075-03-07,of
192,d04-075-04-00,Egypt
192,d04-075-04-03,It
192,d04-075-04-04,starts
192,d04-075-04-05,with
192,d04-075-04-06,the
192,d04-075-04-07,story
192,d04-075-04-08,of
192,d04-075-04-09,the
192,d04-075-04-10,fringes
192,d04-075-05-00,the
192,d04-075-05-05,This
192,d04-075-05-06,lesson
192,d04-075-05-07,used
192,d04-075-05-08,to
192,d04-075-05-09,be
192,d04-075-05-10,read
192,d04-075-06-00,only
192,d04-075-06-01,in
192,d04-075-06-02,the
192,d04-075-06-03,morning
192,d04-075-06-05,And
192,d04-075-06-06,the
192,d04-075-06-07,Talmud
192,d04-075-06-08,tells
192,d04-075-07-00,story
192,d04-075-07-02,which
192,d04-075-07-03,is
192,d04-075-07-04,also
192,d04-075-07-05,in
192,d04-075-07-06,the
192,d04-075-07-07,Hagadah
192,d04-075-07-08,that
192,d04-075-08-00,Rabbi
192,d04-075-08-01,Eleasar
192,d04-075-08-02,ben
192,d04-075-08-03,Assarja
192,d04-075-08-04,said
192,d04-075-08-08,am
192,d04-075-09-00,nearly
192,d04-075-09-01,seventy
192,d04-075-09-02,and
192,d04-075-09-04,had
192,d04-075-09-05,not
192,d04-075-09-07,that
278,f04-046-00-00,Even
278,f04-046-00-01,the
278,f04-046-00-02,bone
278,f04-046-00-04,found
278,f04-046-00-05,beside
278,f04-046-00-06,the
278,f04-046-00-07,body
278,f04-046-00-09,which
278,f04-046-01-00,had
278,f04-046-01-01,at
278,f04-046-01-02,first
278,f04-046-01-03,been
278,f04-046-01-05,as
278,f04-046-01-07,to
278,f04-046-01-08,the
278,f04-046-01-09,killer
278,f04-046-02-00,proved
278,f04-046-02-01,yet
278,f04-046-02-02,another
278,f04-046-02-03,red
278,f04-046-02-04,herring
278,f04-046-02-06,for
278,f04-046-02-07,it
278,f04-046-02-08,was
278,f04-046-02-09,learned
278,f04-046-02-10,that
278,f04-046-03-00,they
278,f04-046-03-01,had
278,f04-046-03-02,been
278,f04-046-03-04,by
278,f04-046-03-06,Camp
278,f04-046-03-07,from
278,f04-046-03-08,one
278,f04-046-04-00,of
278,f04-046-04-01,her
278,f04-046-04-02,sisters
278,f04-046-04-05,young
278,f04-046-04-06,man
278,f04-046-04-07,from
278,f04-046-04-08,Reading
278,f04-046-04-09,named
278,f04-046-05-00,had
278,f04-046-05-01,an
278,f04-046-05-03,time
278,f04-046-05-04,in
278,f04-046-05-05,the
278,f04-046-05-07,of
278,f04-046-05-08,the
278,f04-046-05-09,coroner
278,f04-049-00-00,This
278,f04-049-00-01,man
278,f04-049-00-02,was
278,f04-049-00-03,known
278,f04-049-00-04,to
278,f04-049-00-05,have
278,f04-049-00-06,left
278,f04-049-00-07,his
278,f04-049-00-08,home
278,f04-049-00-09,on
278,f04-049-00-13,and
278,f04-049-01-00,to
278,f04-049-01-01,have
278,f04-049-01-02,been
278,f04-049-01-03,away
278,f04-049-01-04,for
278,f04-049-01-05,four
278,f04-049-01-06,days
278,f04-049-01-08,Not
278,f04-049-01-09,in
278,f04-049-01-10,itself
278,f04-049-01-12,crime
278,f04-049-01-14,but
278,f04-049-01-16,added
278,f04-049-01-17,to
278,f04-049-02-00,the
278,f04-049-02-02,that
278,f04-049-02-03,he
278,f04-049-02-04,had
278,f04-049-02-05,gone
278,f04-049-02-07,in
278,f04-049-02-08,the
278,f04-049-02-09,town
278,f04-049-02-10,of
278,f04-049-03-00,dford
278,f04-049-03-01,for
278,f04-049-03-03,false
278,f04-049-03-06,it
278,f04-049-03-07,left
278,f04-049-03-08,him
278,f04-049-03-09,with
278,f04-049-03-11,to
278,f04-049-04-00,explain
278,f04-049-04-02,His
278,f04-049-04-03,story
278,f04-049-04-04,was
278,f04-049-04-05,that
278,f04-049-04-06,he
278,f04-049-04-07,had
278,f04-049-04-08,left
278,f04-049-04-09,home
278,f04-049-04-10,to
278,f04-049-04-11,try
278,f04-049-04-12,to
278,f04-049-05-00,join
278,f04-049-05-01,the
278,f04-049-05-02,Army
278,f04-049-05-05,feeling
278,f04-049-05-06,that
278,f04-049-05-09,might
278,f04-049-05-10,enhance
278,f04-049-06-00,his
278,f04-049-06-02,bearing
278,f04-049-06-05,and
278,f04-049-06-06,this
278,f04-049-06-07,was
544,m04-000-00-00,NO
544,m04-000-00-01,ONE
544,m04-000-00-02,has
544,m04-000-00-03,ever
544,m04-000-00-06,how
544,m04-000-01-01,Welsh
544,m04-000-01-02,bus
544,m04-000-01-03,could
544,m04-000-01-04,have
544,m04-000-01-05,got
544,m04-000-02-00,itself
544,m04-000-02-01,into
544,m04-000-02-02,orbit
544,m04-000-02-05,up
544,m04-000-02-06,over
544,m04-000-02-07,the
544,m04-000-02-08,pass
544,m04-000-02-10,bit
544,m04-000-03-00,too
544,m04-000-03-03,and
544,m04-000-04-00,Caught
544,m04-000-04-01,by
544,m04-000-04-03,sudden
544,m04-000-04-04,gust
544,m04-000-04-05,of
544,m04-000-04-06,wind
544,m04-000-05-01,of
544,m04-000-05-02,the
544,m04-000-05-03,two
544,m04-000-05-05,No
544,m04-000-05-06,one
544,m04-000-05-07,seems
544,m04-000-06-00,to
544,m04-000-06-01,know
544,m04-000-06-03,But
544,m04-000-06-04,the
544,m04-000-06-05,fact
544,m04-000-06-06,remains
544,m04-000-06-07,that
544,m04-000-06-08,get
544,m04-000-07-00,itself
544,m04-000-07-01,into
544,m04-000-07-02,orbit
544,m04-000-07-03,it
544,m04-000-07-04,did
544,m04-007-00-00,And
544,m04-007-00-02,fine
544,m04-007-00-03,old
544,m04-007-00-04,fuss
544,m04-007-00-05,there
544,m04-007-00-06,was
544,m04-007-00-07,about
544,m04-007-00-08,it
544,m04-007-00-10,too
544,m04-007-01-00,Here
544,m04-007-01-01,are
544,m04-007-01-02,the
544,m04-007-01-03,known
544,m04-007-01-04,facts
544,m04-007-01-06,On
544,m04-007-01-08,July
544,m04-007-02-00,the
544,m04-007-02-01,bus
544,m04-007-02-03,the
544,m04-007-02-05,from
544,m04-007-02-06,Dinas
544,m04-007-02-07,to
544,m04-007-03-00,left
544,m04-007-03-01,Dinas
544,m04-007-03-02,at
544,m04-007-03-04,as
544,m04-007-03-05,usual
544,m04-007-04-00,Aboard
544,m04-007-04-02,apart
544,m04-007-04-03,from
544,m04-007-04-04,the
544,m04-007-04-05,crew
544,m04-007-04-07,were
544,m04-007-04-09,Megan
544,m04-007-05-00,Thomas
544,m04-007-05-01,and
544,m04-007-05-02,her
544,m04-007-05-04,son
544,m04-007-06-00,pretty
544,m04-007-06-01,little
544,m04-007-06-02,Morfydd
544,m04-007-06-03,Owen
544,m04-007-06-06,Stanley
544,m04-007-06-07,Hayball
544,m04-007-07-00,and
544,m04-007-07-01,Miss
544,m04-007-07-02,Ethel
544,m04-007-07-03,Yates
544,m04-007-07-05,hikers
544,m04-007-07-06,from
544,m04-007-08-02,Price
544,m04-007-08-03,the
544,m04-007-08-06,and
544,m04-007-08-07,the
544,m04-007-09-01,Edwards
544,m04-012-00-00,Yes
544,m04-012-00-02,the
544,m04-012-00-03,bus
544,m04-012-00-04,set
544,m04-012-00-05,out
544,m04-012-00-06,from
544,m04-012-00-07,Dinas
544,m04-012-00-09,So
544,m04-012-00-10,much
544,m04-012-01-00,is
544,m04-012-01-03,Ifor
544,m04-012-01-04,Huw
544,m04-012-01-05,Evans
544,m04-012-02-00,watched
544,m04-012-02-01,it
544,m04-012-02-02,go
544,m04-012-02-03,from
544,m04-012-02-04,the
544,m04-012-02-05,windows
544,m04-012-02-06,of
544,m04-012-02-07,the
544,m04-012-03-00,Dinas
544,m04-012-03-01,Motor
544,m04-012-03-02,Omnibus
544,m04-012-03-04,Very
544,m04-012-04-00,Ifor
544,m04-012-04-01,was
544,m04-012-04-03,For
544,m04-012-04-04,there
544,m04-012-04-05,was
544,m04-012-04-06,his
544,m04-012-04-07,garage
544,m04-012-04-08,hand
544,m04-012-05-00,Dai
544,m04-012-05-01,Pugh
544,m04-012-05-03,taking
544,m04-012-05-05,tearful
544,m04-012-05-07,of
544,m04-012-06-00,Morfydd
544,m04-012-06-01,Owen
544,m04-012-06-03,Morfydd
544,m04-012-06-05,who
544,m04-012-06-06,had
544,m04-012-06-07,until
544,m04-012-07-01,been
544,m04-012-07-03,typist
544,m04-012-07-05,but
544,m04-012-07-06,was
544,m04-012-07-07,now
544,m04-012-08-01,to
544,m04-012-08-02,her
544,m04-012-08-03,home
544,m04-012-08-04,town
544,m04-012-08-05,as
544,m04-019-00-01,But
544,m04-019-00-04,only
544,m04-019-00-05,going
544,m04-019-00-06,fifteen
544,m04-019-00-07,miles
544,m04-019-00-08,away
544,m04-019-01-00,Morfydd
544,m04-019-01-01,was
544,m04-019-01-02,saying
544,m04-019-01-05,Not
544,m04-019-01-06,the
544,m04-019-01-07,end
544,m04-019-01-08,of
544,m04-019-02-00,the
544,m04-019-02-01,world
544,m04-019-02-03,is
544,m04-019-02-04,it
544,m04-019-02-08,For
544,m04-019-02-09,me
544,m04-019-02-10,it
544,m04-019-02-11,is
544,m04-019-02-14,Dai
544,m04-019-03-00,said
544,m04-019-03-03,wiping
544,m04-019-03-04,his
544,m04-019-03-05,hands
544,m04-019-03-06,on
544,m04-019-03-07,his
544,m04-019-04-02,to
544,m04-019-04-04,last
544,m04-019-04-05,embrace
544,m04-019-04-08,You
544,m04-019-05-00,will
544,m04-019-05-01,not
544,m04-019-05-02,be
544,m04-019-05-05,mere
544,m04-019-05-06,garage
544,m04-019-06-00,hand
544,m04-019-06-01,when
544,m04-019-06-02,you
544,m04-019-06-03,are
544,m04-019-06-04,lording
544,m04-019-06-05,it
544,m04-019-06-06,over
544,m04-019-07-00,the
544,m04-019-07-01,Mixed
544,m04-019-07-02,Infants
544,m04-019-07-03,of
544,m04-024-00-01,Silly
544,m04-024-00-02,boy
544,m04-024-00-05,said
544,m04-024-00-06,Morfydd
544,m04-024-00-08,Though
544,m04-024-00-09,she
544,m04-024-01-00,could
544,m04-024-01-01,not
544,m04-024-01-02,help
544,m04-024-01-04,whether
544,m04-024-01-06,now
544,m04-024-01-07,she
544,m04-024-02-00,had
544,m04-024-02-02,as
544,m04-024-02-06,poor
544,m04-024-03-00,little
544,m04-024-03-01,Dai
544,m04-024-03-02,was
544,m04-024-03-03,quite
544,m04-024-03-04,the
544,m04-024-03-05,man
544,m04-024-03-06,for
544,m04-024-03-07,her
544,m04-024-04-01,nice
544,m04-024-04-02,boy
544,m04-024-04-03,of
544,m04-024-04-04,course
544,m04-024-04-06,But
544,m04-024-04-07,perhaps
544,m04-024-04-08,in
544,m04-024-04-09,the
544,m04-024-05-00,new
544,m04-024-05-01,world
544,m04-024-05-02,she
544,m04-024-05-03,was
544,m04-024-05-05,there
544,m04-024-05-06,might
544,m04-024-06-00,be
544,m04-024-06-01,boys
544,m04-024-06-02,equally
544,m04-024-06-03,nice
544,m04-024-06-05,and
544,m04-024-06-06,with
544,m04-024-06-07,far
544,m04-024-06-08,more
544,m04-024-07-00,to
544,m04-024-07-01,offer
544,m04-024-07-03,The
544,m04-024-07-05,rang
544,m04-024-07-06,his
544,m04-024-07-07,bell
605,p02-127-00-00,Gay
605,p02-127-00-01,nodded
605,p02-127-00-05,know
605,p02-127-00-06,that
605,p02-127-00-07,you
605,p02-127-00-09,right
605,p02-127-00-10,Doc
605,p02-127-00-13,think
605,p02-127-01-00,now
605,p02-127-01-01,that
605,p02-127-01-03,do
605,p02-127-01-04,realise
605,p02-127-01-05,that
605,p02-127-01-07,and
605,p02-127-01-08,in
605,p02-127-01-09,any
605,p02-127-01-10,case
605,p02-127-01-13,she
605,p02-127-01-14,added
605,p02-127-02-01,little
605,p02-127-02-02,sadly
605,p02-127-02-05,if
605,p02-127-02-07,did
605,p02-127-02-08,change
605,p02-127-02-09,Gavin
605,p02-127-02-11,he
605,p02-127-03-00,be
605,p02-127-03-01,the
605,p02-127-03-02,same
605,p02-127-03-04,if
605,p02-127-03-05,you
605,p02-127-03-06,know
605,p02-127-03-07,what
605,p02-127-03-09,mean
605,p02-127-03-13,You
605,p02-127-03-14,sound
605,p02-127-04-00,like
605,p02-127-04-01,Alice
605,p02-127-04-02,in
605,p02-127-04-06,Doc
605,p02-127-04-07,gently
605,p02-127-04-08,mocked
605,p02-127-04-09,her
605,p02-127-04-12,and
605,p02-127-05-02,glad
605,p02-127-05-03,you
605,p02-127-05-06,to
605,p02-127-05-07,see
605,p02-127-05-08,that
605,p02-127-05-09,you
605,p02-127-05-11,wasting
605,p02-127-06-00,your
605,p02-127-06-01,time
605,p02-127-06-02,on
605,p02-127-06-03,that
605,p02-127-06-04,chap
626,p03-142-00-01,Darling
626,p03-142-00-04,her
626,p03-142-00-05,voiced
626,p03-142-00-07,him
626,p03-142-00-10,Moments
626,p03-142-00-11,like
626,p03-142-00-12,this
626,p03-142-01-00,make
626,p03-142-01-01,all
626,p03-142-01-02,the
626,p03-142-01-03,waiting
626,p03-142-01-04,worth
626,p03-142-01-05,while
626,p03-142-01-07,When
626,p03-142-01-08,we
626,p03-142-02-00,married
626,p03-142-02-01,we
626,p03-142-02-03,have
626,p03-142-02-04,these
626,p03-142-02-06,of
626,p03-142-02-07,emotion
626,p03-142-03-00,will
626,p03-142-03-01,we
626,p03-142-03-05,No
626,p03-142-03-08,he
626,p03-142-03-09,eyed
626,p03-142-03-10,her
626,p03-142-03-15,wish
626,p03-142-03-16,we
626,p03-142-04-00,were
626,p03-142-04-01,married
626,p03-142-04-03,Di
626,p03-142-04-05,Like
626,p03-142-04-07,patient
626,p03-142-04-08,wishes
626,p03-142-04-09,his
626,p03-142-05-00,was
626,p03-142-05-01,over
626,p03-142-05-04,Again
626,p03-142-05-05,her
626,p03-142-05-07,trilled
626,p03-142-06-01,as
626,p03-142-06-02,bad
626,p03-142-06-03,as
626,p03-142-06-04,an
626,p03-142-06-07,Nigel
628,p03-158-00-00,If
628,p03-158-00-01,it
628,p03-158-00-02,is
628,p03-158-00-05,she
628,p03-158-00-06,laughed
628,p03-158-00-10,you
628,p03-158-00-11,can
628,p03-158-00-12,have
628,p03-158-01-00,your
628,p03-158-01-01,ring
628,p03-158-01-02,back
628,p03-158-01-05,She
628,p03-158-01-07,the
628,p03-158-01-09,of
628,p03-158-02-01,on
628,p03-158-02-02,her
628,p03-158-02-03,left
628,p03-158-02-04,hand
628,p03-158-02-05,third
628,p03-158-02-06,finger
628,p03-158-02-07,and
628,p03-158-02-08,held
628,p03-158-02-09,it
628,p03-158-03-00,out
628,p03-158-03-01,to
628,p03-158-03-02,him
628,p03-158-03-04,still
628,p03-158-03-07,Without
628,p03-158-03-09,glimmer
628,p03-158-04-00,of
628,p03-158-04-02,in
628,p03-158-04-03,his
628,p03-158-04-04,own
628,p03-158-04-05,eyes
628,p03-158-04-07,however
628,p03-158-04-09,he
628,p03-158-04-10,took
628,p03-158-05-00,it
628,p03-158-05-02,looking
628,p03-158-05-03,moodily
628,p03-158-05-04,beyond
628,p03-158-05-05,her
628,p03-158-05-08,Perhaps
628,p03-158-05-09,it
628,p03-158-05-11,as
628,p03-158-06-00,well
628,p03-158-06-01,if
628,p03-158-06-02,you
628,p03-158-06-04,wear
628,p03-158-06-05,it
628,p03-158-06-06,for
628,p03-158-06-08,bit
628,p03-158-06-10,Di
628,p03-158-06-13,he
628,p03-158-07-00,told
628,p03-158-07-01,her
317,g03-058-00-00,This
317,g03-058-00-01,new
317,g03-058-00-02,party
317,g03-058-00-04,the
317,g03-058-00-05,British
317,g03-058-00-07,Party
317,g03-058-00-09,was
317,g03-058-01-00,not
317,g03-058-01-02,to
317,g03-058-01-03,accept
317,g03-058-01-04,the
317,g03-058-01-05,role
317,g03-058-01-06,of
317,g03-058-01-07,junior
317,g03-058-01-08,helper
317,g03-058-02-00,in
317,g03-058-02-01,the
317,g03-058-02-02,Labour
317,g03-058-02-05,or
317,g03-058-02-06,of
317,g03-058-02-07,only
317,g03-058-03-01,in
317,g03-058-03-02,order
317,g03-058-03-03,to
317,g03-058-03-05,the
317,g03-058-03-06,volume
317,g03-058-03-07,of
317,g03-058-04-01,thought
317,g03-058-04-02,in
317,g03-058-04-03,the
317,g03-058-04-04,city
317,g03-058-04-06,but
317,g03-058-04-07,sought
317,g03-058-04-08,to
317,g03-058-04-09,create
317,g03-058-05-00,in
317,g03-058-05-01,the
317,g03-058-05-02,Labour
317,g03-058-05-05,more
317,g03-058-06-00,capable
317,g03-058-06-01,of
317,g03-058-06-04,for
317,g03-058-06-05,the
317,g03-058-06-06,working
317,g03-058-07-00,people
171,c04-156-00-00,It
171,c04-156-00-01,was
171,c04-156-00-05,of
171,c04-156-00-06,the
171,c04-156-01-00,part
171,c04-156-01-02,The
171,c04-156-01-03,rest
171,c04-156-01-04,of
171,c04-156-01-05,the
171,c04-156-01-06,cast
171,c04-156-01-07,were
171,c04-156-01-08,well
171,c04-156-01-09,chosen
171,c04-156-02-00,with
171,c04-156-02-01,James
171,c04-156-02-02,Maxwell
171,c04-156-02-03,making
171,c04-156-02-05,fine
171,c04-156-02-06,job
171,c04-156-02-07,of
171,c04-156-02-08,the
171,c04-156-03-03,Paul
171,c04-156-03-04,Daneman
171,c04-156-03-05,gave
171,c04-156-03-06,another
171,c04-156-04-02,last
171,c04-156-04-03,night
171,c04-156-04-04,as
171,c04-156-05-00,wartime
171,c04-156-05-01,naval
171,c04-156-05-02,officer
171,c04-156-05-03,in
171,c04-156-05-04,the
171,c04-156-06-01,The
171,c04-156-06-02,Little
171,c04-156-06-03,Key
171,c04-160-00-00,The
171,c04-160-00-01,play
171,c04-160-00-02,was
171,c04-160-00-03,no
171,c04-160-00-04,more
171,c04-160-00-05,than
171,c04-160-00-07,figment
171,c04-160-00-08,of
171,c04-160-01-00,the
171,c04-160-01-02,which
171,c04-160-01-03,asked
171,c04-160-01-04,the
171,c04-160-01-05,viewer
171,c04-160-01-06,to
171,c04-160-02-00,believe
171,c04-160-02-01,in
171,c04-160-02-04,ghost
171,c04-160-02-06,It
171,c04-160-02-07,would
171,c04-160-02-08,have
171,c04-160-02-09,been
171,c04-160-03-00,an
171,c04-160-03-02,piece
171,c04-160-03-03,of
171,c04-160-03-05,but
171,c04-160-03-06,for
171,c04-160-03-07,clever
171,c04-160-04-01,by
171,c04-160-04-02,Michael
171,c04-160-04-03,Hayes
171,c04-160-04-05,He
171,c04-160-05-00,the
171,c04-160-05-02,of
171,c04-160-05-03,fog
171,c04-160-05-04,and
171,c04-160-05-05,mystery
171,c04-160-05-06,to
171,c04-160-05-07,great
171,c04-160-06-00,effect
171,c04-160-06-02,MORE
171,c04-160-06-03,than
171,c04-160-06-05,viewers
171,c04-160-06-07,to
171,c04-160-07-00,the
171,c04-160-07-02,last
171,c04-160-07-03,night
171,c04-160-07-04,that
171,c04-160-07-05,an
171,c04-160-07-07,film
171,c04-160-08-01,Britain
171,c04-160-08-03,Blood
171,c04-160-08-05,Sweat
171,c04-160-08-07,and
171,c04-160-08-08,Tears
171,c04-160-08-10,Plus
171,c04-160-09-00,Twenty
171,c04-160-09-01,Years
171,c04-160-09-04,was
258,f02-003-03-04,seek
644,r02-065-06-01,their
267,f03-169-01-12,will
268,f03-174-01-02,is
142,c02-030-07-01,his
15,a01-063x-03-05,the
146,c02-059-09-03,she
662,r03-050-00-00,His
663,r03-056-02-09,English
664,r03-065-01-08,may
27,a02-046-03-04,them
667,r03-096-05-06,we
29,a02-053-03-09,Cabinet
30,a02-057-04-03,one
160,c04-023-03-03,the
161,c04-044-06-04,also
163,c04-066-04-01,way
549,m04-209-01-00,things
301,g01-083-08-03,was
53,a03-054-05-05,of
182,d03-112-07-03,used
60,a04-043-07-00,must
68,a06-014-01-06,would
69,a06-020-02-01,that
582,n04-022-03-07,that
71,a06-036-05-02,they
72,a06-039-02-00,and
328,g04-088-08-00,stamp
595,p02-017-02-07,at
88,b01-018-05-03,had
241,e04-099-02-07,Use
243,e04-124-00-05,insert
251,f01-066-08-00,the
254,f01-081-02-04,the
